M,N,K,G,bias,dtype,outdtype,scaleAB,awqgemm,libtype,solidx,soltimes,kernelName
1,576,256,64,0,torch.bfloat16,torch.bfloat16,0.0,1.0,hsaco,3,6.0,Cijk_Ailk_Bljk_BBS_BH_UserArgs_MT16x32x32_SN_K1_PGR6_SB1_TT2_2_WG16_16_2
1,1536,256,64,0,torch.bfloat16,torch.bfloat16,0.0,1.0,hsaco,3,5.84,Cijk_Ailk_Bljk_BBS_BH_UserArgs_MT16x32x32_SN_K1_PGR6_SB1_TT2_2_WG16_16_2
1,3072,256,64,0,torch.bfloat16,torch.bfloat16,0.0,1.0,hsaco,4,8.4,Cijk_Ailk_Bljk_BBS_BH_UserArgs_MT64x32x32_SN_K1_PGR6_SB1_TT2_2_WG16_16_3
1,4096,256,64,0,torch.bfloat16,torch.bfloat16,0.0,1.0,hsaco,4,8.48,Cijk_Ailk_Bljk_BBS_BH_UserArgs_MT64x32x32_SN_K1_PGR6_SB1_TT2_2_WG16_16_3
1,4608,256,64,0,torch.bfloat16,torch.bfloat16,0.0,1.0,hsaco,4,8.4,Cijk_Ailk_Bljk_BBS_BH_UserArgs_MT64x32x32_SN_K1_PGR6_SB1_TT2_2_WG16_16_3
1,7168,256,64,0,torch.bfloat16,torch.bfloat16,0.0,1.0,hsaco,0,8.16,Cijk_Ailk_Bljk_BBS_BH_UserArgs_MT64x32x32_SN_K1_PGR6_SB1_TT2_2_WG16_16_2
1,576,512,64,0,torch.bfloat16,torch.bfloat16,0.0,1.0,hsaco,3,7.04,Cijk_Ailk_Bljk_BBS_BH_UserArgs_MT16x32x32_SN_K1_PGR6_SB1_TT2_2_WG16_16_2
1,1536,512,64,0,torch.bfloat16,torch.bfloat16,0.0,1.0,hsaco,3,6.8,Cijk_Ailk_Bljk_BBS_BH_UserArgs_MT16x32x32_SN_K1_PGR6_SB1_TT2_2_WG16_16_2
1,3072,512,64,0,torch.bfloat16,torch.bfloat16,0.0,1.0,hsaco,4,10.72,Cijk_Ailk_Bljk_BBS_BH_UserArgs_MT64x32x32_SN_K1_PGR6_SB1_TT2_2_WG16_16_3
1,4096,512,64,0,torch.bfloat16,torch.bfloat16,0.0,1.0,hsaco,4,10.64,Cijk_Ailk_Bljk_BBS_BH_UserArgs_MT64x32x32_SN_K1_PGR6_SB1_TT2_2_WG16_16_3
1,4608,512,64,0,torch.bfloat16,torch.bfloat16,0.0,1.0,hsaco,4,10.8,Cijk_Ailk_Bljk_BBS_BH_UserArgs_MT64x32x32_SN_K1_PGR6_SB1_TT2_2_WG16_16_3
1,7168,512,64,0,torch.bfloat16,torch.bfloat16,0.0,1.0,hsaco,4,11.04,Cijk_Ailk_Bljk_BBS_BH_UserArgs_MT64x32x32_SN_K1_PGR6_SB1_TT2_2_WG16_16_3
1,576,1536,64,0,torch.bfloat16,torch.bfloat16,0.0,1.0,hsaco,3,11.12,Cijk_Ailk_Bljk_BBS_BH_UserArgs_MT16x32x32_SN_K1_PGR6_SB1_TT2_2_WG16_16_2
1,1536,1536,64,0,torch.bfloat16,torch.bfloat16,0.0,1.0,hsaco,3,11.04,Cijk_Ailk_Bljk_BBS_BH_UserArgs_MT16x32x32_SN_K1_PGR6_SB1_TT2_2_WG16_16_2
1,3072,1536,64,0,torch.bfloat16,torch.bfloat16,0.0,1.0,hsaco,4,20.64,Cijk_Ailk_Bljk_BBS_BH_UserArgs_MT64x32x32_SN_K1_PGR6_SB1_TT2_2_WG16_16_3
1,4096,1536,64,0,torch.bfloat16,torch.bfloat16,0.0,1.0,hsaco,4,20.64,Cijk_Ailk_Bljk_BBS_BH_UserArgs_MT64x32x32_SN_K1_PGR6_SB1_TT2_2_WG16_16_3
1,4608,1536,64,0,torch.bfloat16,torch.bfloat16,0.0,1.0,hsaco,4,20.8,Cijk_Ailk_Bljk_BBS_BH_UserArgs_MT64x32x32_SN_K1_PGR6_SB1_TT2_2_WG16_16_3
1,7168,1536,64,0,torch.bfloat16,torch.bfloat16,0.0,1.0,hsaco,4,20.96,Cijk_Ailk_Bljk_BBS_BH_UserArgs_MT64x32x32_SN_K1_PGR6_SB1_TT2_2_WG16_16_3
1,512,2048,64,0,torch.bfloat16,torch.bfloat16,0.0,1.0,hsaco,3,13.68,Cijk_Ailk_Bljk_BBS_BH_UserArgs_MT16x32x32_SN_K1_PGR6_SB1_TT2_2_WG16_16_2
1,1536,2048,64,0,torch.bfloat16,torch.bfloat16,0.0,1.0,hsaco,3,13.28,Cijk_Ailk_Bljk_BBS_BH_UserArgs_MT16x32x32_SN_K1_PGR6_SB1_TT2_2_WG16_16_2
1,3072,2048,64,0,torch.bfloat16,torch.bfloat16,0.0,1.0,hsaco,4,25.68,Cijk_Ailk_Bljk_BBS_BH_UserArgs_MT64x32x32_SN_K1_PGR6_SB1_TT2_2_WG16_16_3
1,4096,2048,64,0,torch.bfloat16,torch.bfloat16,0.0,1.0,hsaco,4,26.24,Cijk_Ailk_Bljk_BBS_BH_UserArgs_MT64x32x32_SN_K1_PGR6_SB1_TT2_2_WG16_16_3
1,4608,2048,64,0,torch.bfloat16,torch.bfloat16,0.0,1.0,hsaco,4,25.6,Cijk_Ailk_Bljk_BBS_BH_UserArgs_MT64x32x32_SN_K1_PGR6_SB1_TT2_2_WG16_16_3
1,7168,2048,64,0,torch.bfloat16,torch.bfloat16,0.0,1.0,hsaco,4,25.6,Cijk_Ailk_Bljk_BBS_BH_UserArgs_MT64x32x32_SN_K1_PGR6_SB1_TT2_2_WG16_16_3
1,512,2304,64,0,torch.bfloat16,torch.bfloat16,0.0,1.0,hsaco,3,14.24,Cijk_Ailk_Bljk_BBS_BH_UserArgs_MT16x32x32_SN_K1_PGR6_SB1_TT2_2_WG16_16_2
1,1536,2304,64,0,torch.bfloat16,torch.bfloat16,0.0,1.0,hsaco,3,14.64,Cijk_Ailk_Bljk_BBS_BH_UserArgs_MT16x32x32_SN_K1_PGR6_SB1_TT2_2_WG16_16_2
1,3072,2304,64,0,torch.bfloat16,torch.bfloat16,0.0,1.0,hsaco,4,28.08,Cijk_Ailk_Bljk_BBS_BH_UserArgs_MT64x32x32_SN_K1_PGR6_SB1_TT2_2_WG16_16_3
1,4096,2304,64,0,torch.bfloat16,torch.bfloat16,0.0,1.0,hsaco,4,28.24,Cijk_Ailk_Bljk_BBS_BH_UserArgs_MT64x32x32_SN_K1_PGR6_SB1_TT2_2_WG16_16_3
1,4608,2304,64,0,torch.bfloat16,torch.bfloat16,0.0,1.0,hsaco,4,28.0,Cijk_Ailk_Bljk_BBS_BH_UserArgs_MT64x32x32_SN_K1_PGR6_SB1_TT2_2_WG16_16_3
1,7168,2304,64,0,torch.bfloat16,torch.bfloat16,0.0,1.0,hsaco,4,28.96,Cijk_Ailk_Bljk_BBS_BH_UserArgs_MT64x32x32_SN_K1_PGR6_SB1_TT2_2_WG16_16_3
1,512,7168,64,0,torch.bfloat16,torch.bfloat16,0.0,1.0,hsaco,3,34.32,Cijk_Ailk_Bljk_BBS_BH_UserArgs_MT16x32x32_SN_K1_PGR6_SB1_TT2_2_WG16_16_2
1,1536,7168,64,0,torch.bfloat16,torch.bfloat16,0.0,1.0,hsaco,3,35.76,Cijk_Ailk_Bljk_BBS_BH_UserArgs_MT16x32x32_SN_K1_PGR6_SB1_TT2_2_WG16_16_2
1,3072,7168,64,0,torch.bfloat16,torch.bfloat16,0.0,1.0,hsaco,3,68.48,Cijk_Ailk_Bljk_BBS_BH_UserArgs_MT16x32x32_SN_K1_PGR6_SB1_TT2_2_WG16_16_2
1,4096,7168,64,0,torch.bfloat16,torch.bfloat16,0.0,1.0,hsaco,4,76.56,Cijk_Ailk_Bljk_BBS_BH_UserArgs_MT64x32x32_SN_K1_PGR6_SB1_TT2_2_WG16_16_3
1,4608,7168,64,0,torch.bfloat16,torch.bfloat16,0.0,1.0,hsaco,4,75.2,Cijk_Ailk_Bljk_BBS_BH_UserArgs_MT64x32x32_SN_K1_PGR6_SB1_TT2_2_WG16_16_3
1,7168,7168,64,0,torch.bfloat16,torch.bfloat16,0.0,1.0,hsaco,4,76.96,Cijk_Ailk_Bljk_BBS_BH_UserArgs_MT64x32x32_SN_K1_PGR6_SB1_TT2_2_WG16_16_3
2,576,256,64,0,torch.bfloat16,torch.bfloat16,0.0,1.0,hsaco,3,5.92,Cijk_Ailk_Bljk_BBS_BH_UserArgs_MT16x32x32_SN_K1_PGR6_SB1_TT2_2_WG16_16_2
2,1536,256,64,0,torch.bfloat16,torch.bfloat16,0.0,1.0,hsaco,3,5.84,Cijk_Ailk_Bljk_BBS_BH_UserArgs_MT16x32x32_SN_K1_PGR6_SB1_TT2_2_WG16_16_2
2,3072,256,64,0,torch.bfloat16,torch.bfloat16,0.0,1.0,hsaco,4,8.4,Cijk_Ailk_Bljk_BBS_BH_UserArgs_MT64x32x32_SN_K1_PGR6_SB1_TT2_2_WG16_16_3
2,4096,256,64,0,torch.bfloat16,torch.bfloat16,0.0,1.0,hsaco,0,8.4,Cijk_Ailk_Bljk_BBS_BH_UserArgs_MT64x32x32_SN_K1_PGR6_SB1_TT2_2_WG16_16_2
2,4608,256,64,0,torch.bfloat16,torch.bfloat16,0.0,1.0,hsaco,0,8.16,Cijk_Ailk_Bljk_BBS_BH_UserArgs_MT64x32x32_SN_K1_PGR6_SB1_TT2_2_WG16_16_2
2,7168,256,64,0,torch.bfloat16,torch.bfloat16,0.0,1.0,hsaco,0,8.08,Cijk_Ailk_Bljk_BBS_BH_UserArgs_MT64x32x32_SN_K1_PGR6_SB1_TT2_2_WG16_16_2
2,576,512,64,0,torch.bfloat16,torch.bfloat16,0.0,1.0,hsaco,3,7.12,Cijk_Ailk_Bljk_BBS_BH_UserArgs_MT16x32x32_SN_K1_PGR6_SB1_TT2_2_WG16_16_2
2,1536,512,64,0,torch.bfloat16,torch.bfloat16,0.0,1.0,hsaco,3,6.88,Cijk_Ailk_Bljk_BBS_BH_UserArgs_MT16x32x32_SN_K1_PGR6_SB1_TT2_2_WG16_16_2
2,3072,512,64,0,torch.bfloat16,torch.bfloat16,0.0,1.0,hsaco,4,10.88,Cijk_Ailk_Bljk_BBS_BH_UserArgs_MT64x32x32_SN_K1_PGR6_SB1_TT2_2_WG16_16_3
2,4096,512,64,0,torch.bfloat16,torch.bfloat16,0.0,1.0,hsaco,4,10.64,Cijk_Ailk_Bljk_BBS_BH_UserArgs_MT64x32x32_SN_K1_PGR6_SB1_TT2_2_WG16_16_3
2,4608,512,64,0,torch.bfloat16,torch.bfloat16,0.0,1.0,hsaco,4,10.72,Cijk_Ailk_Bljk_BBS_BH_UserArgs_MT64x32x32_SN_K1_PGR6_SB1_TT2_2_WG16_16_3
2,7168,512,64,0,torch.bfloat16,torch.bfloat16,0.0,1.0,hsaco,4,10.8,Cijk_Ailk_Bljk_BBS_BH_UserArgs_MT64x32x32_SN_K1_PGR6_SB1_TT2_2_WG16_16_3
2,576,1536,64,0,torch.bfloat16,torch.bfloat16,0.0,1.0,hsaco,3,11.2,Cijk_Ailk_Bljk_BBS_BH_UserArgs_MT16x32x32_SN_K1_PGR6_SB1_TT2_2_WG16_16_2
2,1536,1536,64,0,torch.bfloat16,torch.bfloat16,0.0,1.0,hsaco,3,11.12,Cijk_Ailk_Bljk_BBS_BH_UserArgs_MT16x32x32_SN_K1_PGR6_SB1_TT2_2_WG16_16_2
2,3072,1536,64,0,torch.bfloat16,torch.bfloat16,0.0,1.0,hsaco,4,20.56,Cijk_Ailk_Bljk_BBS_BH_UserArgs_MT64x32x32_SN_K1_PGR6_SB1_TT2_2_WG16_16_3
2,4096,1536,64,0,torch.bfloat16,torch.bfloat16,0.0,1.0,hsaco,4,20.8,Cijk_Ailk_Bljk_BBS_BH_UserArgs_MT64x32x32_SN_K1_PGR6_SB1_TT2_2_WG16_16_3
2,4608,1536,64,0,torch.bfloat16,torch.bfloat16,0.0,1.0,hsaco,4,20.8,Cijk_Ailk_Bljk_BBS_BH_UserArgs_MT64x32x32_SN_K1_PGR6_SB1_TT2_2_WG16_16_3
2,7168,1536,64,0,torch.bfloat16,torch.bfloat16,0.0,1.0,hsaco,4,20.88,Cijk_Ailk_Bljk_BBS_BH_UserArgs_MT64x32x32_SN_K1_PGR6_SB1_TT2_2_WG16_16_3
2,512,2048,64,0,torch.bfloat16,torch.bfloat16,0.0,1.0,hsaco,3,13.44,Cijk_Ailk_Bljk_BBS_BH_UserArgs_MT16x32x32_SN_K1_PGR6_SB1_TT2_2_WG16_16_2
2,1536,2048,64,0,torch.bfloat16,torch.bfloat16,0.0,1.0,hsaco,3,13.28,Cijk_Ailk_Bljk_BBS_BH_UserArgs_MT16x32x32_SN_K1_PGR6_SB1_TT2_2_WG16_16_2
2,3072,2048,64,0,torch.bfloat16,torch.bfloat16,0.0,1.0,hsaco,4,25.28,Cijk_Ailk_Bljk_BBS_BH_UserArgs_MT64x32x32_SN_K1_PGR6_SB1_TT2_2_WG16_16_3
2,4096,2048,64,0,torch.bfloat16,torch.bfloat16,0.0,1.0,hsaco,4,26.4,Cijk_Ailk_Bljk_BBS_BH_UserArgs_MT64x32x32_SN_K1_PGR6_SB1_TT2_2_WG16_16_3
2,4608,2048,64,0,torch.bfloat16,torch.bfloat16,0.0,1.0,hsaco,4,25.52,Cijk_Ailk_Bljk_BBS_BH_UserArgs_MT64x32x32_SN_K1_PGR6_SB1_TT2_2_WG16_16_3
2,7168,2048,64,0,torch.bfloat16,torch.bfloat16,0.0,1.0,hsaco,4,25.68,Cijk_Ailk_Bljk_BBS_BH_UserArgs_MT64x32x32_SN_K1_PGR6_SB1_TT2_2_WG16_16_3
2,512,2304,64,0,torch.bfloat16,torch.bfloat16,0.0,1.0,hsaco,3,14.24,Cijk_Ailk_Bljk_BBS_BH_UserArgs_MT16x32x32_SN_K1_PGR6_SB1_TT2_2_WG16_16_2
2,1536,2304,64,0,torch.bfloat16,torch.bfloat16,0.0,1.0,hsaco,3,14.56,Cijk_Ailk_Bljk_BBS_BH_UserArgs_MT16x32x32_SN_K1_PGR6_SB1_TT2_2_WG16_16_2
2,3072,2304,64,0,torch.bfloat16,torch.bfloat16,0.0,1.0,hsaco,4,28.08,Cijk_Ailk_Bljk_BBS_BH_UserArgs_MT64x32x32_SN_K1_PGR6_SB1_TT2_2_WG16_16_3
2,4096,2304,64,0,torch.bfloat16,torch.bfloat16,0.0,1.0,hsaco,4,28.16,Cijk_Ailk_Bljk_BBS_BH_UserArgs_MT64x32x32_SN_K1_PGR6_SB1_TT2_2_WG16_16_3
2,4608,2304,64,0,torch.bfloat16,torch.bfloat16,0.0,1.0,hsaco,4,28.08,Cijk_Ailk_Bljk_BBS_BH_UserArgs_MT64x32x32_SN_K1_PGR6_SB1_TT2_2_WG16_16_3
2,7168,2304,64,0,torch.bfloat16,torch.bfloat16,0.0,1.0,hsaco,4,29.04,Cijk_Ailk_Bljk_BBS_BH_UserArgs_MT64x32x32_SN_K1_PGR6_SB1_TT2_2_WG16_16_3
2,512,7168,64,0,torch.bfloat16,torch.bfloat16,0.0,1.0,hsaco,3,34.16,Cijk_Ailk_Bljk_BBS_BH_UserArgs_MT16x32x32_SN_K1_PGR6_SB1_TT2_2_WG16_16_2
2,1536,7168,64,0,torch.bfloat16,torch.bfloat16,0.0,1.0,hsaco,3,35.76,Cijk_Ailk_Bljk_BBS_BH_UserArgs_MT16x32x32_SN_K1_PGR6_SB1_TT2_2_WG16_16_2
2,3072,7168,64,0,torch.bfloat16,torch.bfloat16,0.0,1.0,hsaco,3,70.08,Cijk_Ailk_Bljk_BBS_BH_UserArgs_MT16x32x32_SN_K1_PGR6_SB1_TT2_2_WG16_16_2
2,4096,7168,64,0,torch.bfloat16,torch.bfloat16,0.0,1.0,hsaco,4,76.4,Cijk_Ailk_Bljk_BBS_BH_UserArgs_MT64x32x32_SN_K1_PGR6_SB1_TT2_2_WG16_16_3
2,4608,7168,64,0,torch.bfloat16,torch.bfloat16,0.0,1.0,hsaco,4,75.12,Cijk_Ailk_Bljk_BBS_BH_UserArgs_MT64x32x32_SN_K1_PGR6_SB1_TT2_2_WG16_16_3
2,7168,7168,64,0,torch.bfloat16,torch.bfloat16,0.0,1.0,hsaco,4,77.52,Cijk_Ailk_Bljk_BBS_BH_UserArgs_MT64x32x32_SN_K1_PGR6_SB1_TT2_2_WG16_16_3
3,576,256,64,0,torch.bfloat16,torch.bfloat16,0.0,1.0,hsaco,3,5.92,Cijk_Ailk_Bljk_BBS_BH_UserArgs_MT16x32x32_SN_K1_PGR6_SB1_TT2_2_WG16_16_2
3,1536,256,64,0,torch.bfloat16,torch.bfloat16,0.0,1.0,hsaco,3,5.84,Cijk_Ailk_Bljk_BBS_BH_UserArgs_MT16x32x32_SN_K1_PGR6_SB1_TT2_2_WG16_16_2
3,3072,256,64,0,torch.bfloat16,torch.bfloat16,0.0,1.0,hsaco,4,8.4,Cijk_Ailk_Bljk_BBS_BH_UserArgs_MT64x32x32_SN_K1_PGR6_SB1_TT2_2_WG16_16_3
3,4096,256,64,0,torch.bfloat16,torch.bfloat16,0.0,1.0,hsaco,0,8.32,Cijk_Ailk_Bljk_BBS_BH_UserArgs_MT64x32x32_SN_K1_PGR6_SB1_TT2_2_WG16_16_2
3,4608,256,64,0,torch.bfloat16,torch.bfloat16,0.0,1.0,hsaco,4,8.48,Cijk_Ailk_Bljk_BBS_BH_UserArgs_MT64x32x32_SN_K1_PGR6_SB1_TT2_2_WG16_16_3
3,7168,256,64,0,torch.bfloat16,torch.bfloat16,0.0,1.0,hsaco,0,8.24,Cijk_Ailk_Bljk_BBS_BH_UserArgs_MT64x32x32_SN_K1_PGR6_SB1_TT2_2_WG16_16_2
3,576,512,64,0,torch.bfloat16,torch.bfloat16,0.0,1.0,hsaco,3,7.04,Cijk_Ailk_Bljk_BBS_BH_UserArgs_MT16x32x32_SN_K1_PGR6_SB1_TT2_2_WG16_16_2
3,1536,512,64,0,torch.bfloat16,torch.bfloat16,0.0,1.0,hsaco,3,6.96,Cijk_Ailk_Bljk_BBS_BH_UserArgs_MT16x32x32_SN_K1_PGR6_SB1_TT2_2_WG16_16_2
3,3072,512,64,0,torch.bfloat16,torch.bfloat16,0.0,1.0,hsaco,4,10.88,Cijk_Ailk_Bljk_BBS_BH_UserArgs_MT64x32x32_SN_K1_PGR6_SB1_TT2_2_WG16_16_3
3,4096,512,64,0,torch.bfloat16,torch.bfloat16,0.0,1.0,hsaco,4,10.72,Cijk_Ailk_Bljk_BBS_BH_UserArgs_MT64x32x32_SN_K1_PGR6_SB1_TT2_2_WG16_16_3
3,4608,512,64,0,torch.bfloat16,torch.bfloat16,0.0,1.0,hsaco,4,10.64,Cijk_Ailk_Bljk_BBS_BH_UserArgs_MT64x32x32_SN_K1_PGR6_SB1_TT2_2_WG16_16_3
3,7168,512,64,0,torch.bfloat16,torch.bfloat16,0.0,1.0,hsaco,4,10.96,Cijk_Ailk_Bljk_BBS_BH_UserArgs_MT64x32x32_SN_K1_PGR6_SB1_TT2_2_WG16_16_3
3,576,1536,64,0,torch.bfloat16,torch.bfloat16,0.0,1.0,hsaco,3,11.44,Cijk_Ailk_Bljk_BBS_BH_UserArgs_MT16x32x32_SN_K1_PGR6_SB1_TT2_2_WG16_16_2
3,1536,1536,64,0,torch.bfloat16,torch.bfloat16,0.0,1.0,hsaco,3,11.2,Cijk_Ailk_Bljk_BBS_BH_UserArgs_MT16x32x32_SN_K1_PGR6_SB1_TT2_2_WG16_16_2
3,3072,1536,64,0,torch.bfloat16,torch.bfloat16,0.0,1.0,hsaco,4,20.56,Cijk_Ailk_Bljk_BBS_BH_UserArgs_MT64x32x32_SN_K1_PGR6_SB1_TT2_2_WG16_16_3
3,4096,1536,64,0,torch.bfloat16,torch.bfloat16,0.0,1.0,hsaco,4,20.8,Cijk_Ailk_Bljk_BBS_BH_UserArgs_MT64x32x32_SN_K1_PGR6_SB1_TT2_2_WG16_16_3
3,4608,1536,64,0,torch.bfloat16,torch.bfloat16,0.0,1.0,hsaco,4,20.8,Cijk_Ailk_Bljk_BBS_BH_UserArgs_MT64x32x32_SN_K1_PGR6_SB1_TT2_2_WG16_16_3
3,7168,1536,64,0,torch.bfloat16,torch.bfloat16,0.0,1.0,hsaco,4,20.96,Cijk_Ailk_Bljk_BBS_BH_UserArgs_MT64x32x32_SN_K1_PGR6_SB1_TT2_2_WG16_16_3
3,512,2048,64,0,torch.bfloat16,torch.bfloat16,0.0,1.0,hsaco,3,13.28,Cijk_Ailk_Bljk_BBS_BH_UserArgs_MT16x32x32_SN_K1_PGR6_SB1_TT2_2_WG16_16_2
3,1536,2048,64,0,torch.bfloat16,torch.bfloat16,0.0,1.0,hsaco,3,13.28,Cijk_Ailk_Bljk_BBS_BH_UserArgs_MT16x32x32_SN_K1_PGR6_SB1_TT2_2_WG16_16_2
3,3072,2048,64,0,torch.bfloat16,torch.bfloat16,0.0,1.0,hsaco,4,25.2,Cijk_Ailk_Bljk_BBS_BH_UserArgs_MT64x32x32_SN_K1_PGR6_SB1_TT2_2_WG16_16_3
3,4096,2048,64,0,torch.bfloat16,torch.bfloat16,0.0,1.0,hsaco,4,26.48,Cijk_Ailk_Bljk_BBS_BH_UserArgs_MT64x32x32_SN_K1_PGR6_SB1_TT2_2_WG16_16_3
3,4608,2048,64,0,torch.bfloat16,torch.bfloat16,0.0,1.0,hsaco,4,25.68,Cijk_Ailk_Bljk_BBS_BH_UserArgs_MT64x32x32_SN_K1_PGR6_SB1_TT2_2_WG16_16_3
3,7168,2048,64,0,torch.bfloat16,torch.bfloat16,0.0,1.0,hsaco,4,25.76,Cijk_Ailk_Bljk_BBS_BH_UserArgs_MT64x32x32_SN_K1_PGR6_SB1_TT2_2_WG16_16_3
3,512,2304,64,0,torch.bfloat16,torch.bfloat16,0.0,1.0,hsaco,3,14.48,Cijk_Ailk_Bljk_BBS_BH_UserArgs_MT16x32x32_SN_K1_PGR6_SB1_TT2_2_WG16_16_2
3,1536,2304,64,0,torch.bfloat16,torch.bfloat16,0.0,1.0,hsaco,3,14.72,Cijk_Ailk_Bljk_BBS_BH_UserArgs_MT16x32x32_SN_K1_PGR6_SB1_TT2_2_WG16_16_2
3,3072,2304,64,0,torch.bfloat16,torch.bfloat16,0.0,1.0,hsaco,4,28.08,Cijk_Ailk_Bljk_BBS_BH_UserArgs_MT64x32x32_SN_K1_PGR6_SB1_TT2_2_WG16_16_3
3,4096,2304,64,0,torch.bfloat16,torch.bfloat16,0.0,1.0,hsaco,4,28.0,Cijk_Ailk_Bljk_BBS_BH_UserArgs_MT64x32x32_SN_K1_PGR6_SB1_TT2_2_WG16_16_3
3,4608,2304,64,0,torch.bfloat16,torch.bfloat16,0.0,1.0,hsaco,4,28.0,Cijk_Ailk_Bljk_BBS_BH_UserArgs_MT64x32x32_SN_K1_PGR6_SB1_TT2_2_WG16_16_3
3,7168,2304,64,0,torch.bfloat16,torch.bfloat16,0.0,1.0,hsaco,4,29.2,Cijk_Ailk_Bljk_BBS_BH_UserArgs_MT64x32x32_SN_K1_PGR6_SB1_TT2_2_WG16_16_3
3,512,7168,64,0,torch.bfloat16,torch.bfloat16,0.0,1.0,hsaco,3,34.88,Cijk_Ailk_Bljk_BBS_BH_UserArgs_MT16x32x32_SN_K1_PGR6_SB1_TT2_2_WG16_16_2
3,1536,7168,64,0,torch.bfloat16,torch.bfloat16,0.0,1.0,hsaco,3,35.92,Cijk_Ailk_Bljk_BBS_BH_UserArgs_MT16x32x32_SN_K1_PGR6_SB1_TT2_2_WG16_16_2
3,3072,7168,64,0,torch.bfloat16,torch.bfloat16,0.0,1.0,hsaco,4,74.88,Cijk_Ailk_Bljk_BBS_BH_UserArgs_MT64x32x32_SN_K1_PGR6_SB1_TT2_2_WG16_16_3
3,4096,7168,64,0,torch.bfloat16,torch.bfloat16,0.0,1.0,hsaco,4,76.56,Cijk_Ailk_Bljk_BBS_BH_UserArgs_MT64x32x32_SN_K1_PGR6_SB1_TT2_2_WG16_16_3
3,4608,7168,64,0,torch.bfloat16,torch.bfloat16,0.0,1.0,hsaco,4,75.44,Cijk_Ailk_Bljk_BBS_BH_UserArgs_MT64x32x32_SN_K1_PGR6_SB1_TT2_2_WG16_16_3
3,7168,7168,64,0,torch.bfloat16,torch.bfloat16,0.0,1.0,hsaco,4,77.6,Cijk_Ailk_Bljk_BBS_BH_UserArgs_MT64x32x32_SN_K1_PGR6_SB1_TT2_2_WG16_16_3
4,576,256,64,0,torch.bfloat16,torch.bfloat16,0.0,1.0,hsaco,3,5.92,Cijk_Ailk_Bljk_BBS_BH_UserArgs_MT16x32x32_SN_K1_PGR6_SB1_TT2_2_WG16_16_2
4,1536,256,64,0,torch.bfloat16,torch.bfloat16,0.0,1.0,hsaco,3,5.92,Cijk_Ailk_Bljk_BBS_BH_UserArgs_MT16x32x32_SN_K1_PGR6_SB1_TT2_2_WG16_16_2
4,3072,256,64,0,torch.bfloat16,torch.bfloat16,0.0,1.0,hsaco,4,8.4,Cijk_Ailk_Bljk_BBS_BH_UserArgs_MT64x32x32_SN_K1_PGR6_SB1_TT2_2_WG16_16_3
4,4096,256,64,0,torch.bfloat16,torch.bfloat16,0.0,1.0,hsaco,4,8.4,Cijk_Ailk_Bljk_BBS_BH_UserArgs_MT64x32x32_SN_K1_PGR6_SB1_TT2_2_WG16_16_3
4,4608,256,64,0,torch.bfloat16,torch.bfloat16,0.0,1.0,hsaco,4,8.4,Cijk_Ailk_Bljk_BBS_BH_UserArgs_MT64x32x32_SN_K1_PGR6_SB1_TT2_2_WG16_16_3
4,7168,256,64,0,torch.bfloat16,torch.bfloat16,0.0,1.0,hsaco,0,8.16,Cijk_Ailk_Bljk_BBS_BH_UserArgs_MT64x32x32_SN_K1_PGR6_SB1_TT2_2_WG16_16_2
4,576,512,64,0,torch.bfloat16,torch.bfloat16,0.0,1.0,hsaco,3,7.12,Cijk_Ailk_Bljk_BBS_BH_UserArgs_MT16x32x32_SN_K1_PGR6_SB1_TT2_2_WG16_16_2
4,1536,512,64,0,torch.bfloat16,torch.bfloat16,0.0,1.0,hsaco,3,6.88,Cijk_Ailk_Bljk_BBS_BH_UserArgs_MT16x32x32_SN_K1_PGR6_SB1_TT2_2_WG16_16_2
4,3072,512,64,0,torch.bfloat16,torch.bfloat16,0.0,1.0,hsaco,4,10.8,Cijk_Ailk_Bljk_BBS_BH_UserArgs_MT64x32x32_SN_K1_PGR6_SB1_TT2_2_WG16_16_3
4,4096,512,64,0,torch.bfloat16,torch.bfloat16,0.0,1.0,hsaco,4,10.64,Cijk_Ailk_Bljk_BBS_BH_UserArgs_MT64x32x32_SN_K1_PGR6_SB1_TT2_2_WG16_16_3
4,4608,512,64,0,torch.bfloat16,torch.bfloat16,0.0,1.0,hsaco,4,10.72,Cijk_Ailk_Bljk_BBS_BH_UserArgs_MT64x32x32_SN_K1_PGR6_SB1_TT2_2_WG16_16_3
4,7168,512,64,0,torch.bfloat16,torch.bfloat16,0.0,1.0,hsaco,4,10.96,Cijk_Ailk_Bljk_BBS_BH_UserArgs_MT64x32x32_SN_K1_PGR6_SB1_TT2_2_WG16_16_3
4,576,1536,64,0,torch.bfloat16,torch.bfloat16,0.0,1.0,hsaco,3,10.96,Cijk_Ailk_Bljk_BBS_BH_UserArgs_MT16x32x32_SN_K1_PGR6_SB1_TT2_2_WG16_16_2
4,1536,1536,64,0,torch.bfloat16,torch.bfloat16,0.0,1.0,hsaco,3,11.36,Cijk_Ailk_Bljk_BBS_BH_UserArgs_MT16x32x32_SN_K1_PGR6_SB1_TT2_2_WG16_16_2
4,3072,1536,64,0,torch.bfloat16,torch.bfloat16,0.0,1.0,hsaco,4,20.56,Cijk_Ailk_Bljk_BBS_BH_UserArgs_MT64x32x32_SN_K1_PGR6_SB1_TT2_2_WG16_16_3
4,4096,1536,64,0,torch.bfloat16,torch.bfloat16,0.0,1.0,hsaco,4,20.8,Cijk_Ailk_Bljk_BBS_BH_UserArgs_MT64x32x32_SN_K1_PGR6_SB1_TT2_2_WG16_16_3
4,4608,1536,64,0,torch.bfloat16,torch.bfloat16,0.0,1.0,hsaco,4,20.88,Cijk_Ailk_Bljk_BBS_BH_UserArgs_MT64x32x32_SN_K1_PGR6_SB1_TT2_2_WG16_16_3
4,7168,1536,64,0,torch.bfloat16,torch.bfloat16,0.0,1.0,hsaco,4,21.04,Cijk_Ailk_Bljk_BBS_BH_UserArgs_MT64x32x32_SN_K1_PGR6_SB1_TT2_2_WG16_16_3
4,512,2048,64,0,torch.bfloat16,torch.bfloat16,0.0,1.0,hsaco,3,13.52,Cijk_Ailk_Bljk_BBS_BH_UserArgs_MT16x32x32_SN_K1_PGR6_SB1_TT2_2_WG16_16_2
4,1536,2048,64,0,torch.bfloat16,torch.bfloat16,0.0,1.0,hsaco,3,13.36,Cijk_Ailk_Bljk_BBS_BH_UserArgs_MT16x32x32_SN_K1_PGR6_SB1_TT2_2_WG16_16_2
4,3072,2048,64,0,torch.bfloat16,torch.bfloat16,0.0,1.0,hsaco,4,25.76,Cijk_Ailk_Bljk_BBS_BH_UserArgs_MT64x32x32_SN_K1_PGR6_SB1_TT2_2_WG16_16_3
4,4096,2048,64,0,torch.bfloat16,torch.bfloat16,0.0,1.0,hsaco,4,26.4,Cijk_Ailk_Bljk_BBS_BH_UserArgs_MT64x32x32_SN_K1_PGR6_SB1_TT2_2_WG16_16_3
4,4608,2048,64,0,torch.bfloat16,torch.bfloat16,0.0,1.0,hsaco,4,25.6,Cijk_Ailk_Bljk_BBS_BH_UserArgs_MT64x32x32_SN_K1_PGR6_SB1_TT2_2_WG16_16_3
4,7168,2048,64,0,torch.bfloat16,torch.bfloat16,0.0,1.0,hsaco,4,25.76,Cijk_Ailk_Bljk_BBS_BH_UserArgs_MT64x32x32_SN_K1_PGR6_SB1_TT2_2_WG16_16_3
4,512,2304,64,0,torch.bfloat16,torch.bfloat16,0.0,1.0,hsaco,3,14.48,Cijk_Ailk_Bljk_BBS_BH_UserArgs_MT16x32x32_SN_K1_PGR6_SB1_TT2_2_WG16_16_2
4,1536,2304,64,0,torch.bfloat16,torch.bfloat16,0.0,1.0,hsaco,3,14.64,Cijk_Ailk_Bljk_BBS_BH_UserArgs_MT16x32x32_SN_K1_PGR6_SB1_TT2_2_WG16_16_2
4,3072,2304,64,0,torch.bfloat16,torch.bfloat16,0.0,1.0,hsaco,4,27.84,Cijk_Ailk_Bljk_BBS_BH_UserArgs_MT64x32x32_SN_K1_PGR6_SB1_TT2_2_WG16_16_3
4,4096,2304,64,0,torch.bfloat16,torch.bfloat16,0.0,1.0,hsaco,4,28.16,Cijk_Ailk_Bljk_BBS_BH_UserArgs_MT64x32x32_SN_K1_PGR6_SB1_TT2_2_WG16_16_3
4,4608,2304,64,0,torch.bfloat16,torch.bfloat16,0.0,1.0,hsaco,4,28.16,Cijk_Ailk_Bljk_BBS_BH_UserArgs_MT64x32x32_SN_K1_PGR6_SB1_TT2_2_WG16_16_3
4,7168,2304,64,0,torch.bfloat16,torch.bfloat16,0.0,1.0,hsaco,4,29.04,Cijk_Ailk_Bljk_BBS_BH_UserArgs_MT64x32x32_SN_K1_PGR6_SB1_TT2_2_WG16_16_3
4,512,7168,64,0,torch.bfloat16,torch.bfloat16,0.0,1.0,hsaco,3,34.56,Cijk_Ailk_Bljk_BBS_BH_UserArgs_MT16x32x32_SN_K1_PGR6_SB1_TT2_2_WG16_16_2
4,1536,7168,64,0,torch.bfloat16,torch.bfloat16,0.0,1.0,hsaco,3,36.24,Cijk_Ailk_Bljk_BBS_BH_UserArgs_MT16x32x32_SN_K1_PGR6_SB1_TT2_2_WG16_16_2
4,3072,7168,64,0,torch.bfloat16,torch.bfloat16,0.0,1.0,hsaco,4,75.6,Cijk_Ailk_Bljk_BBS_BH_UserArgs_MT64x32x32_SN_K1_PGR6_SB1_TT2_2_WG16_16_3
4,4096,7168,64,0,torch.bfloat16,torch.bfloat16,0.0,1.0,hsaco,4,76.4,Cijk_Ailk_Bljk_BBS_BH_UserArgs_MT64x32x32_SN_K1_PGR6_SB1_TT2_2_WG16_16_3
4,4608,7168,64,0,torch.bfloat16,torch.bfloat16,0.0,1.0,hsaco,4,75.2,Cijk_Ailk_Bljk_BBS_BH_UserArgs_MT64x32x32_SN_K1_PGR6_SB1_TT2_2_WG16_16_3
4,7168,7168,64,0,torch.bfloat16,torch.bfloat16,0.0,1.0,hsaco,4,77.52,Cijk_Ailk_Bljk_BBS_BH_UserArgs_MT64x32x32_SN_K1_PGR6_SB1_TT2_2_WG16_16_3
5,576,256,64,0,torch.bfloat16,torch.bfloat16,0.0,1.0,hsaco,3,5.92,Cijk_Ailk_Bljk_BBS_BH_UserArgs_MT16x32x32_SN_K1_PGR6_SB1_TT2_2_WG16_16_2
5,1536,256,64,0,torch.bfloat16,torch.bfloat16,0.0,1.0,hsaco,3,5.84,Cijk_Ailk_Bljk_BBS_BH_UserArgs_MT16x32x32_SN_K1_PGR6_SB1_TT2_2_WG16_16_2
5,3072,256,64,0,torch.bfloat16,torch.bfloat16,0.0,1.0,hsaco,4,8.56,Cijk_Ailk_Bljk_BBS_BH_UserArgs_MT64x32x32_SN_K1_PGR6_SB1_TT2_2_WG16_16_3
5,4096,256,64,0,torch.bfloat16,torch.bfloat16,0.0,1.0,hsaco,0,8.4,Cijk_Ailk_Bljk_BBS_BH_UserArgs_MT64x32x32_SN_K1_PGR6_SB1_TT2_2_WG16_16_2
5,4608,256,64,0,torch.bfloat16,torch.bfloat16,0.0,1.0,hsaco,4,8.4,Cijk_Ailk_Bljk_BBS_BH_UserArgs_MT64x32x32_SN_K1_PGR6_SB1_TT2_2_WG16_16_3
5,7168,256,64,0,torch.bfloat16,torch.bfloat16,0.0,1.0,hsaco,0,8.16,Cijk_Ailk_Bljk_BBS_BH_UserArgs_MT64x32x32_SN_K1_PGR6_SB1_TT2_2_WG16_16_2
5,576,512,64,0,torch.bfloat16,torch.bfloat16,0.0,1.0,hsaco,3,7.12,Cijk_Ailk_Bljk_BBS_BH_UserArgs_MT16x32x32_SN_K1_PGR6_SB1_TT2_2_WG16_16_2
5,1536,512,64,0,torch.bfloat16,torch.bfloat16,0.0,1.0,hsaco,3,6.8,Cijk_Ailk_Bljk_BBS_BH_UserArgs_MT16x32x32_SN_K1_PGR6_SB1_TT2_2_WG16_16_2
5,3072,512,64,0,torch.bfloat16,torch.bfloat16,0.0,1.0,hsaco,4,10.8,Cijk_Ailk_Bljk_BBS_BH_UserArgs_MT64x32x32_SN_K1_PGR6_SB1_TT2_2_WG16_16_3
5,4096,512,64,0,torch.bfloat16,torch.bfloat16,0.0,1.0,hsaco,4,10.8,Cijk_Ailk_Bljk_BBS_BH_UserArgs_MT64x32x32_SN_K1_PGR6_SB1_TT2_2_WG16_16_3
5,4608,512,64,0,torch.bfloat16,torch.bfloat16,0.0,1.0,hsaco,4,10.72,Cijk_Ailk_Bljk_BBS_BH_UserArgs_MT64x32x32_SN_K1_PGR6_SB1_TT2_2_WG16_16_3
5,7168,512,64,0,torch.bfloat16,torch.bfloat16,0.0,1.0,hsaco,4,10.88,Cijk_Ailk_Bljk_BBS_BH_UserArgs_MT64x32x32_SN_K1_PGR6_SB1_TT2_2_WG16_16_3
5,576,1536,64,0,torch.bfloat16,torch.bfloat16,0.0,1.0,hsaco,3,11.36,Cijk_Ailk_Bljk_BBS_BH_UserArgs_MT16x32x32_SN_K1_PGR6_SB1_TT2_2_WG16_16_2
5,1536,1536,64,0,torch.bfloat16,torch.bfloat16,0.0,1.0,hsaco,3,11.2,Cijk_Ailk_Bljk_BBS_BH_UserArgs_MT16x32x32_SN_K1_PGR6_SB1_TT2_2_WG16_16_2
5,3072,1536,64,0,torch.bfloat16,torch.bfloat16,0.0,1.0,hsaco,4,20.48,Cijk_Ailk_Bljk_BBS_BH_UserArgs_MT64x32x32_SN_K1_PGR6_SB1_TT2_2_WG16_16_3
5,4096,1536,64,0,torch.bfloat16,torch.bfloat16,0.0,1.0,hsaco,4,20.88,Cijk_Ailk_Bljk_BBS_BH_UserArgs_MT64x32x32_SN_K1_PGR6_SB1_TT2_2_WG16_16_3
5,4608,1536,64,0,torch.bfloat16,torch.bfloat16,0.0,1.0,hsaco,4,20.8,Cijk_Ailk_Bljk_BBS_BH_UserArgs_MT64x32x32_SN_K1_PGR6_SB1_TT2_2_WG16_16_3
5,7168,1536,64,0,torch.bfloat16,torch.bfloat16,0.0,1.0,hsaco,4,20.8,Cijk_Ailk_Bljk_BBS_BH_UserArgs_MT64x32x32_SN_K1_PGR6_SB1_TT2_2_WG16_16_3
5,512,2048,64,0,torch.bfloat16,torch.bfloat16,0.0,1.0,hsaco,3,13.6,Cijk_Ailk_Bljk_BBS_BH_UserArgs_MT16x32x32_SN_K1_PGR6_SB1_TT2_2_WG16_16_2
5,1536,2048,64,0,torch.bfloat16,torch.bfloat16,0.0,1.0,hsaco,3,13.52,Cijk_Ailk_Bljk_BBS_BH_UserArgs_MT16x32x32_SN_K1_PGR6_SB1_TT2_2_WG16_16_2
5,3072,2048,64,0,torch.bfloat16,torch.bfloat16,0.0,1.0,hsaco,4,25.36,Cijk_Ailk_Bljk_BBS_BH_UserArgs_MT64x32x32_SN_K1_PGR6_SB1_TT2_2_WG16_16_3
5,4096,2048,64,0,torch.bfloat16,torch.bfloat16,0.0,1.0,hsaco,4,26.24,Cijk_Ailk_Bljk_BBS_BH_UserArgs_MT64x32x32_SN_K1_PGR6_SB1_TT2_2_WG16_16_3
5,4608,2048,64,0,torch.bfloat16,torch.bfloat16,0.0,1.0,hsaco,4,25.68,Cijk_Ailk_Bljk_BBS_BH_UserArgs_MT64x32x32_SN_K1_PGR6_SB1_TT2_2_WG16_16_3
5,7168,2048,64,0,torch.bfloat16,torch.bfloat16,0.0,1.0,hsaco,4,25.6,Cijk_Ailk_Bljk_BBS_BH_UserArgs_MT64x32x32_SN_K1_PGR6_SB1_TT2_2_WG16_16_3
5,512,2304,64,0,torch.bfloat16,torch.bfloat16,0.0,1.0,hsaco,3,14.24,Cijk_Ailk_Bljk_BBS_BH_UserArgs_MT16x32x32_SN_K1_PGR6_SB1_TT2_2_WG16_16_2
5,1536,2304,64,0,torch.bfloat16,torch.bfloat16,0.0,1.0,hsaco,3,14.64,Cijk_Ailk_Bljk_BBS_BH_UserArgs_MT16x32x32_SN_K1_PGR6_SB1_TT2_2_WG16_16_2
5,3072,2304,64,0,torch.bfloat16,torch.bfloat16,0.0,1.0,hsaco,4,28.0,Cijk_Ailk_Bljk_BBS_BH_UserArgs_MT64x32x32_SN_K1_PGR6_SB1_TT2_2_WG16_16_3
5,4096,2304,64,0,torch.bfloat16,torch.bfloat16,0.0,1.0,hsaco,4,28.24,Cijk_Ailk_Bljk_BBS_BH_UserArgs_MT64x32x32_SN_K1_PGR6_SB1_TT2_2_WG16_16_3
5,4608,2304,64,0,torch.bfloat16,torch.bfloat16,0.0,1.0,hsaco,4,28.16,Cijk_Ailk_Bljk_BBS_BH_UserArgs_MT64x32x32_SN_K1_PGR6_SB1_TT2_2_WG16_16_3
5,7168,2304,64,0,torch.bfloat16,torch.bfloat16,0.0,1.0,hsaco,4,29.04,Cijk_Ailk_Bljk_BBS_BH_UserArgs_MT64x32x32_SN_K1_PGR6_SB1_TT2_2_WG16_16_3
5,512,7168,64,0,torch.bfloat16,torch.bfloat16,0.0,1.0,hsaco,3,35.04,Cijk_Ailk_Bljk_BBS_BH_UserArgs_MT16x32x32_SN_K1_PGR6_SB1_TT2_2_WG16_16_2
5,1536,7168,64,0,torch.bfloat16,torch.bfloat16,0.0,1.0,hsaco,3,36.32,Cijk_Ailk_Bljk_BBS_BH_UserArgs_MT16x32x32_SN_K1_PGR6_SB1_TT2_2_WG16_16_2
5,3072,7168,64,0,torch.bfloat16,torch.bfloat16,0.0,1.0,hsaco,4,75.52,Cijk_Ailk_Bljk_BBS_BH_UserArgs_MT64x32x32_SN_K1_PGR6_SB1_TT2_2_WG16_16_3
5,4096,7168,64,0,torch.bfloat16,torch.bfloat16,0.0,1.0,hsaco,4,76.72,Cijk_Ailk_Bljk_BBS_BH_UserArgs_MT64x32x32_SN_K1_PGR6_SB1_TT2_2_WG16_16_3
5,4608,7168,64,0,torch.bfloat16,torch.bfloat16,0.0,1.0,hsaco,4,75.44,Cijk_Ailk_Bljk_BBS_BH_UserArgs_MT64x32x32_SN_K1_PGR6_SB1_TT2_2_WG16_16_3
5,7168,7168,64,0,torch.bfloat16,torch.bfloat16,0.0,1.0,hsaco,4,77.52,Cijk_Ailk_Bljk_BBS_BH_UserArgs_MT64x32x32_SN_K1_PGR6_SB1_TT2_2_WG16_16_3
6,576,256,64,0,torch.bfloat16,torch.bfloat16,0.0,1.0,hsaco,3,5.92,Cijk_Ailk_Bljk_BBS_BH_UserArgs_MT16x32x32_SN_K1_PGR6_SB1_TT2_2_WG16_16_2
6,1536,256,64,0,torch.bfloat16,torch.bfloat16,0.0,1.0,hsaco,3,5.92,Cijk_Ailk_Bljk_BBS_BH_UserArgs_MT16x32x32_SN_K1_PGR6_SB1_TT2_2_WG16_16_2
6,3072,256,64,0,torch.bfloat16,torch.bfloat16,0.0,1.0,hsaco,4,8.56,Cijk_Ailk_Bljk_BBS_BH_UserArgs_MT64x32x32_SN_K1_PGR6_SB1_TT2_2_WG16_16_3
6,4096,256,64,0,torch.bfloat16,torch.bfloat16,0.0,1.0,hsaco,4,8.4,Cijk_Ailk_Bljk_BBS_BH_UserArgs_MT64x32x32_SN_K1_PGR6_SB1_TT2_2_WG16_16_3
6,4608,256,64,0,torch.bfloat16,torch.bfloat16,0.0,1.0,hsaco,4,8.48,Cijk_Ailk_Bljk_BBS_BH_UserArgs_MT64x32x32_SN_K1_PGR6_SB1_TT2_2_WG16_16_3
6,7168,256,64,0,torch.bfloat16,torch.bfloat16,0.0,1.0,hsaco,0,8.4,Cijk_Ailk_Bljk_BBS_BH_UserArgs_MT64x32x32_SN_K1_PGR6_SB1_TT2_2_WG16_16_2
6,576,512,64,0,torch.bfloat16,torch.bfloat16,0.0,1.0,hsaco,3,7.12,Cijk_Ailk_Bljk_BBS_BH_UserArgs_MT16x32x32_SN_K1_PGR6_SB1_TT2_2_WG16_16_2
6,1536,512,64,0,torch.bfloat16,torch.bfloat16,0.0,1.0,hsaco,3,6.88,Cijk_Ailk_Bljk_BBS_BH_UserArgs_MT16x32x32_SN_K1_PGR6_SB1_TT2_2_WG16_16_2
6,3072,512,64,0,torch.bfloat16,torch.bfloat16,0.0,1.0,hsaco,4,10.72,Cijk_Ailk_Bljk_BBS_BH_UserArgs_MT64x32x32_SN_K1_PGR6_SB1_TT2_2_WG16_16_3
6,4096,512,64,0,torch.bfloat16,torch.bfloat16,0.0,1.0,hsaco,4,10.72,Cijk_Ailk_Bljk_BBS_BH_UserArgs_MT64x32x32_SN_K1_PGR6_SB1_TT2_2_WG16_16_3
6,4608,512,64,0,torch.bfloat16,torch.bfloat16,0.0,1.0,hsaco,4,10.96,Cijk_Ailk_Bljk_BBS_BH_UserArgs_MT64x32x32_SN_K1_PGR6_SB1_TT2_2_WG16_16_3
6,7168,512,64,0,torch.bfloat16,torch.bfloat16,0.0,1.0,hsaco,4,11.04,Cijk_Ailk_Bljk_BBS_BH_UserArgs_MT64x32x32_SN_K1_PGR6_SB1_TT2_2_WG16_16_3
6,576,1536,64,0,torch.bfloat16,torch.bfloat16,0.0,1.0,hsaco,3,11.2,Cijk_Ailk_Bljk_BBS_BH_UserArgs_MT16x32x32_SN_K1_PGR6_SB1_TT2_2_WG16_16_2
6,1536,1536,64,0,torch.bfloat16,torch.bfloat16,0.0,1.0,hsaco,3,11.44,Cijk_Ailk_Bljk_BBS_BH_UserArgs_MT16x32x32_SN_K1_PGR6_SB1_TT2_2_WG16_16_2
6,3072,1536,64,0,torch.bfloat16,torch.bfloat16,0.0,1.0,hsaco,4,20.72,Cijk_Ailk_Bljk_BBS_BH_UserArgs_MT64x32x32_SN_K1_PGR6_SB1_TT2_2_WG16_16_3
6,4096,1536,64,0,torch.bfloat16,torch.bfloat16,0.0,1.0,hsaco,4,20.64,Cijk_Ailk_Bljk_BBS_BH_UserArgs_MT64x32x32_SN_K1_PGR6_SB1_TT2_2_WG16_16_3
6,4608,1536,64,0,torch.bfloat16,torch.bfloat16,0.0,1.0,hsaco,4,20.72,Cijk_Ailk_Bljk_BBS_BH_UserArgs_MT64x32x32_SN_K1_PGR6_SB1_TT2_2_WG16_16_3
6,7168,1536,64,0,torch.bfloat16,torch.bfloat16,0.0,1.0,hsaco,4,20.8,Cijk_Ailk_Bljk_BBS_BH_UserArgs_MT64x32x32_SN_K1_PGR6_SB1_TT2_2_WG16_16_3
6,512,2048,64,0,torch.bfloat16,torch.bfloat16,0.0,1.0,hsaco,3,13.6,Cijk_Ailk_Bljk_BBS_BH_UserArgs_MT16x32x32_SN_K1_PGR6_SB1_TT2_2_WG16_16_2
6,1536,2048,64,0,torch.bfloat16,torch.bfloat16,0.0,1.0,hsaco,3,13.44,Cijk_Ailk_Bljk_BBS_BH_UserArgs_MT16x32x32_SN_K1_PGR6_SB1_TT2_2_WG16_16_2
6,3072,2048,64,0,torch.bfloat16,torch.bfloat16,0.0,1.0,hsaco,4,25.68,Cijk_Ailk_Bljk_BBS_BH_UserArgs_MT64x32x32_SN_K1_PGR6_SB1_TT2_2_WG16_16_3
6,4096,2048,64,0,torch.bfloat16,torch.bfloat16,0.0,1.0,hsaco,4,26.4,Cijk_Ailk_Bljk_BBS_BH_UserArgs_MT64x32x32_SN_K1_PGR6_SB1_TT2_2_WG16_16_3
6,4608,2048,64,0,torch.bfloat16,torch.bfloat16,0.0,1.0,hsaco,4,25.68,Cijk_Ailk_Bljk_BBS_BH_UserArgs_MT64x32x32_SN_K1_PGR6_SB1_TT2_2_WG16_16_3
6,7168,2048,64,0,torch.bfloat16,torch.bfloat16,0.0,1.0,hsaco,4,25.68,Cijk_Ailk_Bljk_BBS_BH_UserArgs_MT64x32x32_SN_K1_PGR6_SB1_TT2_2_WG16_16_3
6,512,2304,64,0,torch.bfloat16,torch.bfloat16,0.0,1.0,hsaco,3,14.4,Cijk_Ailk_Bljk_BBS_BH_UserArgs_MT16x32x32_SN_K1_PGR6_SB1_TT2_2_WG16_16_2
6,1536,2304,64,0,torch.bfloat16,torch.bfloat16,0.0,1.0,hsaco,3,14.88,Cijk_Ailk_Bljk_BBS_BH_UserArgs_MT16x32x32_SN_K1_PGR6_SB1_TT2_2_WG16_16_2
6,3072,2304,64,0,torch.bfloat16,torch.bfloat16,0.0,1.0,hsaco,4,27.92,Cijk_Ailk_Bljk_BBS_BH_UserArgs_MT64x32x32_SN_K1_PGR6_SB1_TT2_2_WG16_16_3
6,4096,2304,64,0,torch.bfloat16,torch.bfloat16,0.0,1.0,hsaco,4,28.08,Cijk_Ailk_Bljk_BBS_BH_UserArgs_MT64x32x32_SN_K1_PGR6_SB1_TT2_2_WG16_16_3
6,4608,2304,64,0,torch.bfloat16,torch.bfloat16,0.0,1.0,hsaco,4,28.08,Cijk_Ailk_Bljk_BBS_BH_UserArgs_MT64x32x32_SN_K1_PGR6_SB1_TT2_2_WG16_16_3
6,7168,2304,64,0,torch.bfloat16,torch.bfloat16,0.0,1.0,hsaco,4,29.12,Cijk_Ailk_Bljk_BBS_BH_UserArgs_MT64x32x32_SN_K1_PGR6_SB1_TT2_2_WG16_16_3
6,512,7168,64,0,torch.bfloat16,torch.bfloat16,0.0,1.0,hsaco,3,34.96,Cijk_Ailk_Bljk_BBS_BH_UserArgs_MT16x32x32_SN_K1_PGR6_SB1_TT2_2_WG16_16_2
6,1536,7168,64,0,torch.bfloat16,torch.bfloat16,0.0,1.0,hsaco,3,36.4,Cijk_Ailk_Bljk_BBS_BH_UserArgs_MT16x32x32_SN_K1_PGR6_SB1_TT2_2_WG16_16_2
6,3072,7168,64,0,torch.bfloat16,torch.bfloat16,0.0,1.0,hsaco,4,75.36,Cijk_Ailk_Bljk_BBS_BH_UserArgs_MT64x32x32_SN_K1_PGR6_SB1_TT2_2_WG16_16_3
6,4096,7168,64,0,torch.bfloat16,torch.bfloat16,0.0,1.0,hsaco,4,76.88,Cijk_Ailk_Bljk_BBS_BH_UserArgs_MT64x32x32_SN_K1_PGR6_SB1_TT2_2_WG16_16_3
6,4608,7168,64,0,torch.bfloat16,torch.bfloat16,0.0,1.0,hsaco,4,75.36,Cijk_Ailk_Bljk_BBS_BH_UserArgs_MT64x32x32_SN_K1_PGR6_SB1_TT2_2_WG16_16_3
6,7168,7168,64,0,torch.bfloat16,torch.bfloat16,0.0,1.0,hsaco,4,77.6,Cijk_Ailk_Bljk_BBS_BH_UserArgs_MT64x32x32_SN_K1_PGR6_SB1_TT2_2_WG16_16_3
7,576,256,64,0,torch.bfloat16,torch.bfloat16,0.0,1.0,hsaco,3,6.0,Cijk_Ailk_Bljk_BBS_BH_UserArgs_MT16x32x32_SN_K1_PGR6_SB1_TT2_2_WG16_16_2
7,1536,256,64,0,torch.bfloat16,torch.bfloat16,0.0,1.0,hsaco,3,5.92,Cijk_Ailk_Bljk_BBS_BH_UserArgs_MT16x32x32_SN_K1_PGR6_SB1_TT2_2_WG16_16_2
7,3072,256,64,0,torch.bfloat16,torch.bfloat16,0.0,1.0,hsaco,4,8.64,Cijk_Ailk_Bljk_BBS_BH_UserArgs_MT64x32x32_SN_K1_PGR6_SB1_TT2_2_WG16_16_3
7,4096,256,64,0,torch.bfloat16,torch.bfloat16,0.0,1.0,hsaco,4,8.4,Cijk_Ailk_Bljk_BBS_BH_UserArgs_MT64x32x32_SN_K1_PGR6_SB1_TT2_2_WG16_16_3
7,4608,256,64,0,torch.bfloat16,torch.bfloat16,0.0,1.0,hsaco,0,8.4,Cijk_Ailk_Bljk_BBS_BH_UserArgs_MT64x32x32_SN_K1_PGR6_SB1_TT2_2_WG16_16_2
7,7168,256,64,0,torch.bfloat16,torch.bfloat16,0.0,1.0,hsaco,0,9.36,Cijk_Ailk_Bljk_BBS_BH_UserArgs_MT64x32x32_SN_K1_PGR6_SB1_TT2_2_WG16_16_2
7,576,512,64,0,torch.bfloat16,torch.bfloat16,0.0,1.0,hsaco,3,7.04,Cijk_Ailk_Bljk_BBS_BH_UserArgs_MT16x32x32_SN_K1_PGR6_SB1_TT2_2_WG16_16_2
7,1536,512,64,0,torch.bfloat16,torch.bfloat16,0.0,1.0,hsaco,3,6.96,Cijk_Ailk_Bljk_BBS_BH_UserArgs_MT16x32x32_SN_K1_PGR6_SB1_TT2_2_WG16_16_2
7,3072,512,64,0,torch.bfloat16,torch.bfloat16,0.0,1.0,hsaco,4,10.72,Cijk_Ailk_Bljk_BBS_BH_UserArgs_MT64x32x32_SN_K1_PGR6_SB1_TT2_2_WG16_16_3
7,4096,512,64,0,torch.bfloat16,torch.bfloat16,0.0,1.0,hsaco,4,10.64,Cijk_Ailk_Bljk_BBS_BH_UserArgs_MT64x32x32_SN_K1_PGR6_SB1_TT2_2_WG16_16_3
7,4608,512,64,0,torch.bfloat16,torch.bfloat16,0.0,1.0,hsaco,4,10.72,Cijk_Ailk_Bljk_BBS_BH_UserArgs_MT64x32x32_SN_K1_PGR6_SB1_TT2_2_WG16_16_3
7,7168,512,64,0,torch.bfloat16,torch.bfloat16,0.0,1.0,hsaco,4,10.96,Cijk_Ailk_Bljk_BBS_BH_UserArgs_MT64x32x32_SN_K1_PGR6_SB1_TT2_2_WG16_16_3
7,576,1536,64,0,torch.bfloat16,torch.bfloat16,0.0,1.0,hsaco,3,11.44,Cijk_Ailk_Bljk_BBS_BH_UserArgs_MT16x32x32_SN_K1_PGR6_SB1_TT2_2_WG16_16_2
7,1536,1536,64,0,torch.bfloat16,torch.bfloat16,0.0,1.0,hsaco,3,11.36,Cijk_Ailk_Bljk_BBS_BH_UserArgs_MT16x32x32_SN_K1_PGR6_SB1_TT2_2_WG16_16_2
7,3072,1536,64,0,torch.bfloat16,torch.bfloat16,0.0,1.0,hsaco,4,20.56,Cijk_Ailk_Bljk_BBS_BH_UserArgs_MT64x32x32_SN_K1_PGR6_SB1_TT2_2_WG16_16_3
7,4096,1536,64,0,torch.bfloat16,torch.bfloat16,0.0,1.0,hsaco,4,20.72,Cijk_Ailk_Bljk_BBS_BH_UserArgs_MT64x32x32_SN_K1_PGR6_SB1_TT2_2_WG16_16_3
7,4608,1536,64,0,torch.bfloat16,torch.bfloat16,0.0,1.0,hsaco,4,20.72,Cijk_Ailk_Bljk_BBS_BH_UserArgs_MT64x32x32_SN_K1_PGR6_SB1_TT2_2_WG16_16_3
7,7168,1536,64,0,torch.bfloat16,torch.bfloat16,0.0,1.0,hsaco,4,21.2,Cijk_Ailk_Bljk_BBS_BH_UserArgs_MT64x32x32_SN_K1_PGR6_SB1_TT2_2_WG16_16_3
7,512,2048,64,0,torch.bfloat16,torch.bfloat16,0.0,1.0,hsaco,3,13.44,Cijk_Ailk_Bljk_BBS_BH_UserArgs_MT16x32x32_SN_K1_PGR6_SB1_TT2_2_WG16_16_2
7,1536,2048,64,0,torch.bfloat16,torch.bfloat16,0.0,1.0,hsaco,3,13.6,Cijk_Ailk_Bljk_BBS_BH_UserArgs_MT16x32x32_SN_K1_PGR6_SB1_TT2_2_WG16_16_2
7,3072,2048,64,0,torch.bfloat16,torch.bfloat16,0.0,1.0,hsaco,4,25.52,Cijk_Ailk_Bljk_BBS_BH_UserArgs_MT64x32x32_SN_K1_PGR6_SB1_TT2_2_WG16_16_3
7,4096,2048,64,0,torch.bfloat16,torch.bfloat16,0.0,1.0,hsaco,4,26.32,Cijk_Ailk_Bljk_BBS_BH_UserArgs_MT64x32x32_SN_K1_PGR6_SB1_TT2_2_WG16_16_3
7,4608,2048,64,0,torch.bfloat16,torch.bfloat16,0.0,1.0,hsaco,4,25.6,Cijk_Ailk_Bljk_BBS_BH_UserArgs_MT64x32x32_SN_K1_PGR6_SB1_TT2_2_WG16_16_3
7,7168,2048,64,0,torch.bfloat16,torch.bfloat16,0.0,1.0,hsaco,4,25.76,Cijk_Ailk_Bljk_BBS_BH_UserArgs_MT64x32x32_SN_K1_PGR6_SB1_TT2_2_WG16_16_3
7,512,2304,64,0,torch.bfloat16,torch.bfloat16,0.0,1.0,hsaco,3,14.56,Cijk_Ailk_Bljk_BBS_BH_UserArgs_MT16x32x32_SN_K1_PGR6_SB1_TT2_2_WG16_16_2
7,1536,2304,64,0,torch.bfloat16,torch.bfloat16,0.0,1.0,hsaco,3,15.04,Cijk_Ailk_Bljk_BBS_BH_UserArgs_MT16x32x32_SN_K1_PGR6_SB1_TT2_2_WG16_16_2
7,3072,2304,64,0,torch.bfloat16,torch.bfloat16,0.0,1.0,hsaco,4,28.08,Cijk_Ailk_Bljk_BBS_BH_UserArgs_MT64x32x32_SN_K1_PGR6_SB1_TT2_2_WG16_16_3
7,4096,2304,64,0,torch.bfloat16,torch.bfloat16,0.0,1.0,hsaco,4,28.32,Cijk_Ailk_Bljk_BBS_BH_UserArgs_MT64x32x32_SN_K1_PGR6_SB1_TT2_2_WG16_16_3
7,4608,2304,64,0,torch.bfloat16,torch.bfloat16,0.0,1.0,hsaco,4,28.08,Cijk_Ailk_Bljk_BBS_BH_UserArgs_MT64x32x32_SN_K1_PGR6_SB1_TT2_2_WG16_16_3
7,7168,2304,64,0,torch.bfloat16,torch.bfloat16,0.0,1.0,hsaco,4,29.28,Cijk_Ailk_Bljk_BBS_BH_UserArgs_MT64x32x32_SN_K1_PGR6_SB1_TT2_2_WG16_16_3
7,512,7168,64,0,torch.bfloat16,torch.bfloat16,0.0,1.0,hsaco,3,34.8,Cijk_Ailk_Bljk_BBS_BH_UserArgs_MT16x32x32_SN_K1_PGR6_SB1_TT2_2_WG16_16_2
7,1536,7168,64,0,torch.bfloat16,torch.bfloat16,0.0,1.0,hsaco,3,36.32,Cijk_Ailk_Bljk_BBS_BH_UserArgs_MT16x32x32_SN_K1_PGR6_SB1_TT2_2_WG16_16_2
7,3072,7168,64,0,torch.bfloat16,torch.bfloat16,0.0,1.0,hsaco,4,75.76,Cijk_Ailk_Bljk_BBS_BH_UserArgs_MT64x32x32_SN_K1_PGR6_SB1_TT2_2_WG16_16_3
7,4096,7168,64,0,torch.bfloat16,torch.bfloat16,0.0,1.0,hsaco,4,76.64,Cijk_Ailk_Bljk_BBS_BH_UserArgs_MT64x32x32_SN_K1_PGR6_SB1_TT2_2_WG16_16_3
7,4608,7168,64,0,torch.bfloat16,torch.bfloat16,0.0,1.0,hsaco,4,75.2,Cijk_Ailk_Bljk_BBS_BH_UserArgs_MT64x32x32_SN_K1_PGR6_SB1_TT2_2_WG16_16_3
7,7168,7168,64,0,torch.bfloat16,torch.bfloat16,0.0,1.0,hsaco,4,77.44,Cijk_Ailk_Bljk_BBS_BH_UserArgs_MT64x32x32_SN_K1_PGR6_SB1_TT2_2_WG16_16_3
8,576,256,64,0,torch.bfloat16,torch.bfloat16,0.0,1.0,hsaco,3,6.08,Cijk_Ailk_Bljk_BBS_BH_UserArgs_MT16x32x32_SN_K1_PGR6_SB1_TT2_2_WG16_16_2
8,1536,256,64,0,torch.bfloat16,torch.bfloat16,0.0,1.0,hsaco,3,6.0,Cijk_Ailk_Bljk_BBS_BH_UserArgs_MT16x32x32_SN_K1_PGR6_SB1_TT2_2_WG16_16_2
8,3072,256,64,0,torch.bfloat16,torch.bfloat16,0.0,1.0,hsaco,4,8.4,Cijk_Ailk_Bljk_BBS_BH_UserArgs_MT64x32x32_SN_K1_PGR6_SB1_TT2_2_WG16_16_3
8,4096,256,64,0,torch.bfloat16,torch.bfloat16,0.0,1.0,hsaco,0,8.4,Cijk_Ailk_Bljk_BBS_BH_UserArgs_MT64x32x32_SN_K1_PGR6_SB1_TT2_2_WG16_16_2
8,4608,256,64,0,torch.bfloat16,torch.bfloat16,0.0,1.0,hsaco,4,8.4,Cijk_Ailk_Bljk_BBS_BH_UserArgs_MT64x32x32_SN_K1_PGR6_SB1_TT2_2_WG16_16_3
8,7168,256,64,0,torch.bfloat16,torch.bfloat16,0.0,1.0,hsaco,0,9.2,Cijk_Ailk_Bljk_BBS_BH_UserArgs_MT64x32x32_SN_K1_PGR6_SB1_TT2_2_WG16_16_2
8,576,512,64,0,torch.bfloat16,torch.bfloat16,0.0,1.0,hsaco,3,7.2,Cijk_Ailk_Bljk_BBS_BH_UserArgs_MT16x32x32_SN_K1_PGR6_SB1_TT2_2_WG16_16_2
8,1536,512,64,0,torch.bfloat16,torch.bfloat16,0.0,1.0,hsaco,3,6.96,Cijk_Ailk_Bljk_BBS_BH_UserArgs_MT16x32x32_SN_K1_PGR6_SB1_TT2_2_WG16_16_2
8,3072,512,64,0,torch.bfloat16,torch.bfloat16,0.0,1.0,hsaco,4,10.88,Cijk_Ailk_Bljk_BBS_BH_UserArgs_MT64x32x32_SN_K1_PGR6_SB1_TT2_2_WG16_16_3
8,4096,512,64,0,torch.bfloat16,torch.bfloat16,0.0,1.0,hsaco,4,10.64,Cijk_Ailk_Bljk_BBS_BH_UserArgs_MT64x32x32_SN_K1_PGR6_SB1_TT2_2_WG16_16_3
8,4608,512,64,0,torch.bfloat16,torch.bfloat16,0.0,1.0,hsaco,4,10.8,Cijk_Ailk_Bljk_BBS_BH_UserArgs_MT64x32x32_SN_K1_PGR6_SB1_TT2_2_WG16_16_3
8,7168,512,64,0,torch.bfloat16,torch.bfloat16,0.0,1.0,hsaco,4,10.8,Cijk_Ailk_Bljk_BBS_BH_UserArgs_MT64x32x32_SN_K1_PGR6_SB1_TT2_2_WG16_16_3
8,576,1536,64,0,torch.bfloat16,torch.bfloat16,0.0,1.0,hsaco,3,11.36,Cijk_Ailk_Bljk_BBS_BH_UserArgs_MT16x32x32_SN_K1_PGR6_SB1_TT2_2_WG16_16_2
8,1536,1536,64,0,torch.bfloat16,torch.bfloat16,0.0,1.0,hsaco,3,11.36,Cijk_Ailk_Bljk_BBS_BH_UserArgs_MT16x32x32_SN_K1_PGR6_SB1_TT2_2_WG16_16_2
8,3072,1536,64,0,torch.bfloat16,torch.bfloat16,0.0,1.0,hsaco,4,20.8,Cijk_Ailk_Bljk_BBS_BH_UserArgs_MT64x32x32_SN_K1_PGR6_SB1_TT2_2_WG16_16_3
8,4096,1536,64,0,torch.bfloat16,torch.bfloat16,0.0,1.0,hsaco,4,20.8,Cijk_Ailk_Bljk_BBS_BH_UserArgs_MT64x32x32_SN_K1_PGR6_SB1_TT2_2_WG16_16_3
8,4608,1536,64,0,torch.bfloat16,torch.bfloat16,0.0,1.0,hsaco,4,20.88,Cijk_Ailk_Bljk_BBS_BH_UserArgs_MT64x32x32_SN_K1_PGR6_SB1_TT2_2_WG16_16_3
8,7168,1536,64,0,torch.bfloat16,torch.bfloat16,0.0,1.0,hsaco,4,20.96,Cijk_Ailk_Bljk_BBS_BH_UserArgs_MT64x32x32_SN_K1_PGR6_SB1_TT2_2_WG16_16_3
8,512,2048,64,0,torch.bfloat16,torch.bfloat16,0.0,1.0,hsaco,3,13.44,Cijk_Ailk_Bljk_BBS_BH_UserArgs_MT16x32x32_SN_K1_PGR6_SB1_TT2_2_WG16_16_2
8,1536,2048,64,0,torch.bfloat16,torch.bfloat16,0.0,1.0,hsaco,3,13.6,Cijk_Ailk_Bljk_BBS_BH_UserArgs_MT16x32x32_SN_K1_PGR6_SB1_TT2_2_WG16_16_2
8,3072,2048,64,0,torch.bfloat16,torch.bfloat16,0.0,1.0,hsaco,4,25.6,Cijk_Ailk_Bljk_BBS_BH_UserArgs_MT64x32x32_SN_K1_PGR6_SB1_TT2_2_WG16_16_3
8,4096,2048,64,0,torch.bfloat16,torch.bfloat16,0.0,1.0,hsaco,4,26.48,Cijk_Ailk_Bljk_BBS_BH_UserArgs_MT64x32x32_SN_K1_PGR6_SB1_TT2_2_WG16_16_3
8,4608,2048,64,0,torch.bfloat16,torch.bfloat16,0.0,1.0,hsaco,4,25.6,Cijk_Ailk_Bljk_BBS_BH_UserArgs_MT64x32x32_SN_K1_PGR6_SB1_TT2_2_WG16_16_3
8,7168,2048,64,0,torch.bfloat16,torch.bfloat16,0.0,1.0,hsaco,4,25.84,Cijk_Ailk_Bljk_BBS_BH_UserArgs_MT64x32x32_SN_K1_PGR6_SB1_TT2_2_WG16_16_3
8,512,2304,64,0,torch.bfloat16,torch.bfloat16,0.0,1.0,hsaco,3,14.56,Cijk_Ailk_Bljk_BBS_BH_UserArgs_MT16x32x32_SN_K1_PGR6_SB1_TT2_2_WG16_16_2
8,1536,2304,64,0,torch.bfloat16,torch.bfloat16,0.0,1.0,hsaco,3,14.96,Cijk_Ailk_Bljk_BBS_BH_UserArgs_MT16x32x32_SN_K1_PGR6_SB1_TT2_2_WG16_16_2
8,3072,2304,64,0,torch.bfloat16,torch.bfloat16,0.0,1.0,hsaco,4,28.32,Cijk_Ailk_Bljk_BBS_BH_UserArgs_MT64x32x32_SN_K1_PGR6_SB1_TT2_2_WG16_16_3
8,4096,2304,64,0,torch.bfloat16,torch.bfloat16,0.0,1.0,hsaco,4,28.16,Cijk_Ailk_Bljk_BBS_BH_UserArgs_MT64x32x32_SN_K1_PGR6_SB1_TT2_2_WG16_16_3
8,4608,2304,64,0,torch.bfloat16,torch.bfloat16,0.0,1.0,hsaco,4,28.16,Cijk_Ailk_Bljk_BBS_BH_UserArgs_MT64x32x32_SN_K1_PGR6_SB1_TT2_2_WG16_16_3
8,7168,2304,64,0,torch.bfloat16,torch.bfloat16,0.0,1.0,hsaco,4,29.36,Cijk_Ailk_Bljk_BBS_BH_UserArgs_MT64x32x32_SN_K1_PGR6_SB1_TT2_2_WG16_16_3
8,512,7168,64,0,torch.bfloat16,torch.bfloat16,0.0,1.0,hsaco,3,34.72,Cijk_Ailk_Bljk_BBS_BH_UserArgs_MT16x32x32_SN_K1_PGR6_SB1_TT2_2_WG16_16_2
8,1536,7168,64,0,torch.bfloat16,torch.bfloat16,0.0,1.0,hsaco,3,36.88,Cijk_Ailk_Bljk_BBS_BH_UserArgs_MT16x32x32_SN_K1_PGR6_SB1_TT2_2_WG16_16_2
8,3072,7168,64,0,torch.bfloat16,torch.bfloat16,0.0,1.0,hsaco,4,75.44,Cijk_Ailk_Bljk_BBS_BH_UserArgs_MT64x32x32_SN_K1_PGR6_SB1_TT2_2_WG16_16_3
8,4096,7168,64,0,torch.bfloat16,torch.bfloat16,0.0,1.0,hsaco,4,76.8,Cijk_Ailk_Bljk_BBS_BH_UserArgs_MT64x32x32_SN_K1_PGR6_SB1_TT2_2_WG16_16_3
8,4608,7168,64,0,torch.bfloat16,torch.bfloat16,0.0,1.0,hsaco,4,75.68,Cijk_Ailk_Bljk_BBS_BH_UserArgs_MT64x32x32_SN_K1_PGR6_SB1_TT2_2_WG16_16_3
8,7168,7168,64,0,torch.bfloat16,torch.bfloat16,0.0,1.0,hsaco,4,77.6,Cijk_Ailk_Bljk_BBS_BH_UserArgs_MT64x32x32_SN_K1_PGR6_SB1_TT2_2_WG16_16_3
9,576,256,64,0,torch.bfloat16,torch.bfloat16,0.0,1.0,hsaco,3,5.92,Cijk_Ailk_Bljk_BBS_BH_UserArgs_MT16x32x32_SN_K1_PGR6_SB1_TT2_2_WG16_16_2
9,1536,256,64,0,torch.bfloat16,torch.bfloat16,0.0,1.0,hsaco,3,6.0,Cijk_Ailk_Bljk_BBS_BH_UserArgs_MT16x32x32_SN_K1_PGR6_SB1_TT2_2_WG16_16_2
9,3072,256,64,0,torch.bfloat16,torch.bfloat16,0.0,1.0,hsaco,4,8.48,Cijk_Ailk_Bljk_BBS_BH_UserArgs_MT64x32x32_SN_K1_PGR6_SB1_TT2_2_WG16_16_3
9,4096,256,64,0,torch.bfloat16,torch.bfloat16,0.0,1.0,hsaco,4,8.48,Cijk_Ailk_Bljk_BBS_BH_UserArgs_MT64x32x32_SN_K1_PGR6_SB1_TT2_2_WG16_16_3
9,4608,256,64,0,torch.bfloat16,torch.bfloat16,0.0,1.0,hsaco,0,8.16,Cijk_Ailk_Bljk_BBS_BH_UserArgs_MT64x32x32_SN_K1_PGR6_SB1_TT2_2_WG16_16_2
9,7168,256,64,0,torch.bfloat16,torch.bfloat16,0.0,1.0,hsaco,0,9.44,Cijk_Ailk_Bljk_BBS_BH_UserArgs_MT64x32x32_SN_K1_PGR6_SB1_TT2_2_WG16_16_2
9,576,512,64,0,torch.bfloat16,torch.bfloat16,0.0,1.0,hsaco,3,7.12,Cijk_Ailk_Bljk_BBS_BH_UserArgs_MT16x32x32_SN_K1_PGR6_SB1_TT2_2_WG16_16_2
9,1536,512,64,0,torch.bfloat16,torch.bfloat16,0.0,1.0,hsaco,3,6.88,Cijk_Ailk_Bljk_BBS_BH_UserArgs_MT16x32x32_SN_K1_PGR6_SB1_TT2_2_WG16_16_2
9,3072,512,64,0,torch.bfloat16,torch.bfloat16,0.0,1.0,hsaco,4,10.8,Cijk_Ailk_Bljk_BBS_BH_UserArgs_MT64x32x32_SN_K1_PGR6_SB1_TT2_2_WG16_16_3
9,4096,512,64,0,torch.bfloat16,torch.bfloat16,0.0,1.0,hsaco,4,10.64,Cijk_Ailk_Bljk_BBS_BH_UserArgs_MT64x32x32_SN_K1_PGR6_SB1_TT2_2_WG16_16_3
9,4608,512,64,0,torch.bfloat16,torch.bfloat16,0.0,1.0,hsaco,4,10.64,Cijk_Ailk_Bljk_BBS_BH_UserArgs_MT64x32x32_SN_K1_PGR6_SB1_TT2_2_WG16_16_3
9,7168,512,64,0,torch.bfloat16,torch.bfloat16,0.0,1.0,hsaco,4,11.04,Cijk_Ailk_Bljk_BBS_BH_UserArgs_MT64x32x32_SN_K1_PGR6_SB1_TT2_2_WG16_16_3
9,576,1536,64,0,torch.bfloat16,torch.bfloat16,0.0,1.0,hsaco,3,11.28,Cijk_Ailk_Bljk_BBS_BH_UserArgs_MT16x32x32_SN_K1_PGR6_SB1_TT2_2_WG16_16_2
9,1536,1536,64,0,torch.bfloat16,torch.bfloat16,0.0,1.0,hsaco,3,11.44,Cijk_Ailk_Bljk_BBS_BH_UserArgs_MT16x32x32_SN_K1_PGR6_SB1_TT2_2_WG16_16_2
9,3072,1536,64,0,torch.bfloat16,torch.bfloat16,0.0,1.0,hsaco,4,20.8,Cijk_Ailk_Bljk_BBS_BH_UserArgs_MT64x32x32_SN_K1_PGR6_SB1_TT2_2_WG16_16_3
9,4096,1536,64,0,torch.bfloat16,torch.bfloat16,0.0,1.0,hsaco,4,20.96,Cijk_Ailk_Bljk_BBS_BH_UserArgs_MT64x32x32_SN_K1_PGR6_SB1_TT2_2_WG16_16_3
9,4608,1536,64,0,torch.bfloat16,torch.bfloat16,0.0,1.0,hsaco,4,20.72,Cijk_Ailk_Bljk_BBS_BH_UserArgs_MT64x32x32_SN_K1_PGR6_SB1_TT2_2_WG16_16_3
9,7168,1536,64,0,torch.bfloat16,torch.bfloat16,0.0,1.0,hsaco,4,20.96,Cijk_Ailk_Bljk_BBS_BH_UserArgs_MT64x32x32_SN_K1_PGR6_SB1_TT2_2_WG16_16_3
9,512,2048,64,0,torch.bfloat16,torch.bfloat16,0.0,1.0,hsaco,3,13.52,Cijk_Ailk_Bljk_BBS_BH_UserArgs_MT16x32x32_SN_K1_PGR6_SB1_TT2_2_WG16_16_2
9,1536,2048,64,0,torch.bfloat16,torch.bfloat16,0.0,1.0,hsaco,3,13.6,Cijk_Ailk_Bljk_BBS_BH_UserArgs_MT16x32x32_SN_K1_PGR6_SB1_TT2_2_WG16_16_2
9,3072,2048,64,0,torch.bfloat16,torch.bfloat16,0.0,1.0,hsaco,4,25.52,Cijk_Ailk_Bljk_BBS_BH_UserArgs_MT64x32x32_SN_K1_PGR6_SB1_TT2_2_WG16_16_3
9,4096,2048,64,0,torch.bfloat16,torch.bfloat16,0.0,1.0,hsaco,4,26.32,Cijk_Ailk_Bljk_BBS_BH_UserArgs_MT64x32x32_SN_K1_PGR6_SB1_TT2_2_WG16_16_3
9,4608,2048,64,0,torch.bfloat16,torch.bfloat16,0.0,1.0,hsaco,4,25.6,Cijk_Ailk_Bljk_BBS_BH_UserArgs_MT64x32x32_SN_K1_PGR6_SB1_TT2_2_WG16_16_3
9,7168,2048,64,0,torch.bfloat16,torch.bfloat16,0.0,1.0,hsaco,4,26.0,Cijk_Ailk_Bljk_BBS_BH_UserArgs_MT64x32x32_SN_K1_PGR6_SB1_TT2_2_WG16_16_3
9,512,2304,64,0,torch.bfloat16,torch.bfloat16,0.0,1.0,hsaco,3,14.64,Cijk_Ailk_Bljk_BBS_BH_UserArgs_MT16x32x32_SN_K1_PGR6_SB1_TT2_2_WG16_16_2
9,1536,2304,64,0,torch.bfloat16,torch.bfloat16,0.0,1.0,hsaco,3,15.04,Cijk_Ailk_Bljk_BBS_BH_UserArgs_MT16x32x32_SN_K1_PGR6_SB1_TT2_2_WG16_16_2
9,3072,2304,64,0,torch.bfloat16,torch.bfloat16,0.0,1.0,hsaco,4,28.0,Cijk_Ailk_Bljk_BBS_BH_UserArgs_MT64x32x32_SN_K1_PGR6_SB1_TT2_2_WG16_16_3
9,4096,2304,64,0,torch.bfloat16,torch.bfloat16,0.0,1.0,hsaco,4,28.24,Cijk_Ailk_Bljk_BBS_BH_UserArgs_MT64x32x32_SN_K1_PGR6_SB1_TT2_2_WG16_16_3
9,4608,2304,64,0,torch.bfloat16,torch.bfloat16,0.0,1.0,hsaco,4,28.16,Cijk_Ailk_Bljk_BBS_BH_UserArgs_MT64x32x32_SN_K1_PGR6_SB1_TT2_2_WG16_16_3
9,7168,2304,64,0,torch.bfloat16,torch.bfloat16,0.0,1.0,hsaco,4,29.2,Cijk_Ailk_Bljk_BBS_BH_UserArgs_MT64x32x32_SN_K1_PGR6_SB1_TT2_2_WG16_16_3
9,512,7168,64,0,torch.bfloat16,torch.bfloat16,0.0,1.0,hsaco,3,35.2,Cijk_Ailk_Bljk_BBS_BH_UserArgs_MT16x32x32_SN_K1_PGR6_SB1_TT2_2_WG16_16_2
9,1536,7168,64,0,torch.bfloat16,torch.bfloat16,0.0,1.0,hsaco,3,36.96,Cijk_Ailk_Bljk_BBS_BH_UserArgs_MT16x32x32_SN_K1_PGR6_SB1_TT2_2_WG16_16_2
9,3072,7168,64,0,torch.bfloat16,torch.bfloat16,0.0,1.0,hsaco,4,76.4,Cijk_Ailk_Bljk_BBS_BH_UserArgs_MT64x32x32_SN_K1_PGR6_SB1_TT2_2_WG16_16_3
9,4096,7168,64,0,torch.bfloat16,torch.bfloat16,0.0,1.0,hsaco,4,76.64,Cijk_Ailk_Bljk_BBS_BH_UserArgs_MT64x32x32_SN_K1_PGR6_SB1_TT2_2_WG16_16_3
9,4608,7168,64,0,torch.bfloat16,torch.bfloat16,0.0,1.0,hsaco,4,75.52,Cijk_Ailk_Bljk_BBS_BH_UserArgs_MT64x32x32_SN_K1_PGR6_SB1_TT2_2_WG16_16_3
9,7168,7168,64,0,torch.bfloat16,torch.bfloat16,0.0,1.0,hsaco,4,77.6,Cijk_Ailk_Bljk_BBS_BH_UserArgs_MT64x32x32_SN_K1_PGR6_SB1_TT2_2_WG16_16_3
10,576,256,64,0,torch.bfloat16,torch.bfloat16,0.0,1.0,hsaco,3,6.08,Cijk_Ailk_Bljk_BBS_BH_UserArgs_MT16x32x32_SN_K1_PGR6_SB1_TT2_2_WG16_16_2
10,1536,256,64,0,torch.bfloat16,torch.bfloat16,0.0,1.0,hsaco,3,5.92,Cijk_Ailk_Bljk_BBS_BH_UserArgs_MT16x32x32_SN_K1_PGR6_SB1_TT2_2_WG16_16_2
10,3072,256,64,0,torch.bfloat16,torch.bfloat16,0.0,1.0,hsaco,4,8.4,Cijk_Ailk_Bljk_BBS_BH_UserArgs_MT64x32x32_SN_K1_PGR6_SB1_TT2_2_WG16_16_3
10,4096,256,64,0,torch.bfloat16,torch.bfloat16,0.0,1.0,hsaco,0,8.4,Cijk_Ailk_Bljk_BBS_BH_UserArgs_MT64x32x32_SN_K1_PGR6_SB1_TT2_2_WG16_16_2
10,4608,256,64,0,torch.bfloat16,torch.bfloat16,0.0,1.0,hsaco,4,8.4,Cijk_Ailk_Bljk_BBS_BH_UserArgs_MT64x32x32_SN_K1_PGR6_SB1_TT2_2_WG16_16_3
10,7168,256,64,0,torch.bfloat16,torch.bfloat16,0.0,1.0,hsaco,0,9.2,Cijk_Ailk_Bljk_BBS_BH_UserArgs_MT64x32x32_SN_K1_PGR6_SB1_TT2_2_WG16_16_2
10,576,512,64,0,torch.bfloat16,torch.bfloat16,0.0,1.0,hsaco,3,7.12,Cijk_Ailk_Bljk_BBS_BH_UserArgs_MT16x32x32_SN_K1_PGR6_SB1_TT2_2_WG16_16_2
10,1536,512,64,0,torch.bfloat16,torch.bfloat16,0.0,1.0,hsaco,3,6.88,Cijk_Ailk_Bljk_BBS_BH_UserArgs_MT16x32x32_SN_K1_PGR6_SB1_TT2_2_WG16_16_2
10,3072,512,64,0,torch.bfloat16,torch.bfloat16,0.0,1.0,hsaco,4,10.88,Cijk_Ailk_Bljk_BBS_BH_UserArgs_MT64x32x32_SN_K1_PGR6_SB1_TT2_2_WG16_16_3
10,4096,512,64,0,torch.bfloat16,torch.bfloat16,0.0,1.0,hsaco,4,10.56,Cijk_Ailk_Bljk_BBS_BH_UserArgs_MT64x32x32_SN_K1_PGR6_SB1_TT2_2_WG16_16_3
10,4608,512,64,0,torch.bfloat16,torch.bfloat16,0.0,1.0,hsaco,4,10.8,Cijk_Ailk_Bljk_BBS_BH_UserArgs_MT64x32x32_SN_K1_PGR6_SB1_TT2_2_WG16_16_3
10,7168,512,64,0,torch.bfloat16,torch.bfloat16,0.0,1.0,hsaco,4,11.04,Cijk_Ailk_Bljk_BBS_BH_UserArgs_MT64x32x32_SN_K1_PGR6_SB1_TT2_2_WG16_16_3
10,576,1536,64,0,torch.bfloat16,torch.bfloat16,0.0,1.0,hsaco,3,11.2,Cijk_Ailk_Bljk_BBS_BH_UserArgs_MT16x32x32_SN_K1_PGR6_SB1_TT2_2_WG16_16_2
10,1536,1536,64,0,torch.bfloat16,torch.bfloat16,0.0,1.0,hsaco,3,11.6,Cijk_Ailk_Bljk_BBS_BH_UserArgs_MT16x32x32_SN_K1_PGR6_SB1_TT2_2_WG16_16_2
10,3072,1536,64,0,torch.bfloat16,torch.bfloat16,0.0,1.0,hsaco,4,20.56,Cijk_Ailk_Bljk_BBS_BH_UserArgs_MT64x32x32_SN_K1_PGR6_SB1_TT2_2_WG16_16_3
10,4096,1536,64,0,torch.bfloat16,torch.bfloat16,0.0,1.0,hsaco,4,20.88,Cijk_Ailk_Bljk_BBS_BH_UserArgs_MT64x32x32_SN_K1_PGR6_SB1_TT2_2_WG16_16_3
10,4608,1536,64,0,torch.bfloat16,torch.bfloat16,0.0,1.0,hsaco,4,20.96,Cijk_Ailk_Bljk_BBS_BH_UserArgs_MT64x32x32_SN_K1_PGR6_SB1_TT2_2_WG16_16_3
10,7168,1536,64,0,torch.bfloat16,torch.bfloat16,0.0,1.0,hsaco,4,20.8,Cijk_Ailk_Bljk_BBS_BH_UserArgs_MT64x32x32_SN_K1_PGR6_SB1_TT2_2_WG16_16_3
10,512,2048,64,0,torch.bfloat16,torch.bfloat16,0.0,1.0,hsaco,3,13.36,Cijk_Ailk_Bljk_BBS_BH_UserArgs_MT16x32x32_SN_K1_PGR6_SB1_TT2_2_WG16_16_2
10,1536,2048,64,0,torch.bfloat16,torch.bfloat16,0.0,1.0,hsaco,3,13.52,Cijk_Ailk_Bljk_BBS_BH_UserArgs_MT16x32x32_SN_K1_PGR6_SB1_TT2_2_WG16_16_2
10,3072,2048,64,0,torch.bfloat16,torch.bfloat16,0.0,1.0,hsaco,4,25.36,Cijk_Ailk_Bljk_BBS_BH_UserArgs_MT64x32x32_SN_K1_PGR6_SB1_TT2_2_WG16_16_3
10,4096,2048,64,0,torch.bfloat16,torch.bfloat16,0.0,1.0,hsaco,4,26.32,Cijk_Ailk_Bljk_BBS_BH_UserArgs_MT64x32x32_SN_K1_PGR6_SB1_TT2_2_WG16_16_3
10,4608,2048,64,0,torch.bfloat16,torch.bfloat16,0.0,1.0,hsaco,4,25.6,Cijk_Ailk_Bljk_BBS_BH_UserArgs_MT64x32x32_SN_K1_PGR6_SB1_TT2_2_WG16_16_3
10,7168,2048,64,0,torch.bfloat16,torch.bfloat16,0.0,1.0,hsaco,4,26.0,Cijk_Ailk_Bljk_BBS_BH_UserArgs_MT64x32x32_SN_K1_PGR6_SB1_TT2_2_WG16_16_3
10,512,2304,64,0,torch.bfloat16,torch.bfloat16,0.0,1.0,hsaco,3,14.64,Cijk_Ailk_Bljk_BBS_BH_UserArgs_MT16x32x32_SN_K1_PGR6_SB1_TT2_2_WG16_16_2
10,1536,2304,64,0,torch.bfloat16,torch.bfloat16,0.0,1.0,hsaco,3,15.04,Cijk_Ailk_Bljk_BBS_BH_UserArgs_MT16x32x32_SN_K1_PGR6_SB1_TT2_2_WG16_16_2
10,3072,2304,64,0,torch.bfloat16,torch.bfloat16,0.0,1.0,hsaco,4,28.0,Cijk_Ailk_Bljk_BBS_BH_UserArgs_MT64x32x32_SN_K1_PGR6_SB1_TT2_2_WG16_16_3
10,4096,2304,64,0,torch.bfloat16,torch.bfloat16,0.0,1.0,hsaco,4,28.08,Cijk_Ailk_Bljk_BBS_BH_UserArgs_MT64x32x32_SN_K1_PGR6_SB1_TT2_2_WG16_16_3
10,4608,2304,64,0,torch.bfloat16,torch.bfloat16,0.0,1.0,hsaco,4,28.0,Cijk_Ailk_Bljk_BBS_BH_UserArgs_MT64x32x32_SN_K1_PGR6_SB1_TT2_2_WG16_16_3
10,7168,2304,64,0,torch.bfloat16,torch.bfloat16,0.0,1.0,hsaco,4,29.28,Cijk_Ailk_Bljk_BBS_BH_UserArgs_MT64x32x32_SN_K1_PGR6_SB1_TT2_2_WG16_16_3
10,512,7168,64,0,torch.bfloat16,torch.bfloat16,0.0,1.0,hsaco,3,35.36,Cijk_Ailk_Bljk_BBS_BH_UserArgs_MT16x32x32_SN_K1_PGR6_SB1_TT2_2_WG16_16_2
10,1536,7168,64,0,torch.bfloat16,torch.bfloat16,0.0,1.0,hsaco,3,37.52,Cijk_Ailk_Bljk_BBS_BH_UserArgs_MT16x32x32_SN_K1_PGR6_SB1_TT2_2_WG16_16_2
10,3072,7168,64,0,torch.bfloat16,torch.bfloat16,0.0,1.0,hsaco,4,75.36,Cijk_Ailk_Bljk_BBS_BH_UserArgs_MT64x32x32_SN_K1_PGR6_SB1_TT2_2_WG16_16_3
10,4096,7168,64,0,torch.bfloat16,torch.bfloat16,0.0,1.0,hsaco,4,76.48,Cijk_Ailk_Bljk_BBS_BH_UserArgs_MT64x32x32_SN_K1_PGR6_SB1_TT2_2_WG16_16_3
10,4608,7168,64,0,torch.bfloat16,torch.bfloat16,0.0,1.0,hsaco,4,75.52,Cijk_Ailk_Bljk_BBS_BH_UserArgs_MT64x32x32_SN_K1_PGR6_SB1_TT2_2_WG16_16_3
10,7168,7168,64,0,torch.bfloat16,torch.bfloat16,0.0,1.0,hsaco,4,77.76,Cijk_Ailk_Bljk_BBS_BH_UserArgs_MT64x32x32_SN_K1_PGR6_SB1_TT2_2_WG16_16_3
11,576,256,64,0,torch.bfloat16,torch.bfloat16,0.0,1.0,hsaco,3,6.0,Cijk_Ailk_Bljk_BBS_BH_UserArgs_MT16x32x32_SN_K1_PGR6_SB1_TT2_2_WG16_16_2
11,1536,256,64,0,torch.bfloat16,torch.bfloat16,0.0,1.0,hsaco,3,6.0,Cijk_Ailk_Bljk_BBS_BH_UserArgs_MT16x32x32_SN_K1_PGR6_SB1_TT2_2_WG16_16_2
11,3072,256,64,0,torch.bfloat16,torch.bfloat16,0.0,1.0,hsaco,4,8.48,Cijk_Ailk_Bljk_BBS_BH_UserArgs_MT64x32x32_SN_K1_PGR6_SB1_TT2_2_WG16_16_3
11,4096,256,64,0,torch.bfloat16,torch.bfloat16,0.0,1.0,hsaco,0,8.4,Cijk_Ailk_Bljk_BBS_BH_UserArgs_MT64x32x32_SN_K1_PGR6_SB1_TT2_2_WG16_16_2
11,4608,256,64,0,torch.bfloat16,torch.bfloat16,0.0,1.0,hsaco,4,8.4,Cijk_Ailk_Bljk_BBS_BH_UserArgs_MT64x32x32_SN_K1_PGR6_SB1_TT2_2_WG16_16_3
11,7168,256,64,0,torch.bfloat16,torch.bfloat16,0.0,1.0,hsaco,0,9.04,Cijk_Ailk_Bljk_BBS_BH_UserArgs_MT64x32x32_SN_K1_PGR6_SB1_TT2_2_WG16_16_2
11,576,512,64,0,torch.bfloat16,torch.bfloat16,0.0,1.0,hsaco,3,7.04,Cijk_Ailk_Bljk_BBS_BH_UserArgs_MT16x32x32_SN_K1_PGR6_SB1_TT2_2_WG16_16_2
11,1536,512,64,0,torch.bfloat16,torch.bfloat16,0.0,1.0,hsaco,3,6.88,Cijk_Ailk_Bljk_BBS_BH_UserArgs_MT16x32x32_SN_K1_PGR6_SB1_TT2_2_WG16_16_2
11,3072,512,64,0,torch.bfloat16,torch.bfloat16,0.0,1.0,hsaco,4,10.64,Cijk_Ailk_Bljk_BBS_BH_UserArgs_MT64x32x32_SN_K1_PGR6_SB1_TT2_2_WG16_16_3
11,4096,512,64,0,torch.bfloat16,torch.bfloat16,0.0,1.0,hsaco,4,10.8,Cijk_Ailk_Bljk_BBS_BH_UserArgs_MT64x32x32_SN_K1_PGR6_SB1_TT2_2_WG16_16_3
11,4608,512,64,0,torch.bfloat16,torch.bfloat16,0.0,1.0,hsaco,4,10.72,Cijk_Ailk_Bljk_BBS_BH_UserArgs_MT64x32x32_SN_K1_PGR6_SB1_TT2_2_WG16_16_3
11,7168,512,64,0,torch.bfloat16,torch.bfloat16,0.0,1.0,hsaco,4,10.96,Cijk_Ailk_Bljk_BBS_BH_UserArgs_MT64x32x32_SN_K1_PGR6_SB1_TT2_2_WG16_16_3
11,576,1536,64,0,torch.bfloat16,torch.bfloat16,0.0,1.0,hsaco,3,11.28,Cijk_Ailk_Bljk_BBS_BH_UserArgs_MT16x32x32_SN_K1_PGR6_SB1_TT2_2_WG16_16_2
11,1536,1536,64,0,torch.bfloat16,torch.bfloat16,0.0,1.0,hsaco,3,11.52,Cijk_Ailk_Bljk_BBS_BH_UserArgs_MT16x32x32_SN_K1_PGR6_SB1_TT2_2_WG16_16_2
11,3072,1536,64,0,torch.bfloat16,torch.bfloat16,0.0,1.0,hsaco,4,20.56,Cijk_Ailk_Bljk_BBS_BH_UserArgs_MT64x32x32_SN_K1_PGR6_SB1_TT2_2_WG16_16_3
11,4096,1536,64,0,torch.bfloat16,torch.bfloat16,0.0,1.0,hsaco,4,20.96,Cijk_Ailk_Bljk_BBS_BH_UserArgs_MT64x32x32_SN_K1_PGR6_SB1_TT2_2_WG16_16_3
11,4608,1536,64,0,torch.bfloat16,torch.bfloat16,0.0,1.0,hsaco,4,20.8,Cijk_Ailk_Bljk_BBS_BH_UserArgs_MT64x32x32_SN_K1_PGR6_SB1_TT2_2_WG16_16_3
11,7168,1536,64,0,torch.bfloat16,torch.bfloat16,0.0,1.0,hsaco,4,21.04,Cijk_Ailk_Bljk_BBS_BH_UserArgs_MT64x32x32_SN_K1_PGR6_SB1_TT2_2_WG16_16_3
11,512,2048,64,0,torch.bfloat16,torch.bfloat16,0.0,1.0,hsaco,3,13.6,Cijk_Ailk_Bljk_BBS_BH_UserArgs_MT16x32x32_SN_K1_PGR6_SB1_TT2_2_WG16_16_2
11,1536,2048,64,0,torch.bfloat16,torch.bfloat16,0.0,1.0,hsaco,3,13.68,Cijk_Ailk_Bljk_BBS_BH_UserArgs_MT16x32x32_SN_K1_PGR6_SB1_TT2_2_WG16_16_2
11,3072,2048,64,0,torch.bfloat16,torch.bfloat16,0.0,1.0,hsaco,4,25.44,Cijk_Ailk_Bljk_BBS_BH_UserArgs_MT64x32x32_SN_K1_PGR6_SB1_TT2_2_WG16_16_3
11,4096,2048,64,0,torch.bfloat16,torch.bfloat16,0.0,1.0,hsaco,4,26.32,Cijk_Ailk_Bljk_BBS_BH_UserArgs_MT64x32x32_SN_K1_PGR6_SB1_TT2_2_WG16_16_3
11,4608,2048,64,0,torch.bfloat16,torch.bfloat16,0.0,1.0,hsaco,4,25.68,Cijk_Ailk_Bljk_BBS_BH_UserArgs_MT64x32x32_SN_K1_PGR6_SB1_TT2_2_WG16_16_3
11,7168,2048,64,0,torch.bfloat16,torch.bfloat16,0.0,1.0,hsaco,4,25.76,Cijk_Ailk_Bljk_BBS_BH_UserArgs_MT64x32x32_SN_K1_PGR6_SB1_TT2_2_WG16_16_3
11,512,2304,64,0,torch.bfloat16,torch.bfloat16,0.0,1.0,hsaco,3,14.56,Cijk_Ailk_Bljk_BBS_BH_UserArgs_MT16x32x32_SN_K1_PGR6_SB1_TT2_2_WG16_16_2
11,1536,2304,64,0,torch.bfloat16,torch.bfloat16,0.0,1.0,hsaco,3,15.12,Cijk_Ailk_Bljk_BBS_BH_UserArgs_MT16x32x32_SN_K1_PGR6_SB1_TT2_2_WG16_16_2
11,3072,2304,64,0,torch.bfloat16,torch.bfloat16,0.0,1.0,hsaco,4,28.0,Cijk_Ailk_Bljk_BBS_BH_UserArgs_MT64x32x32_SN_K1_PGR6_SB1_TT2_2_WG16_16_3
11,4096,2304,64,0,torch.bfloat16,torch.bfloat16,0.0,1.0,hsaco,4,28.16,Cijk_Ailk_Bljk_BBS_BH_UserArgs_MT64x32x32_SN_K1_PGR6_SB1_TT2_2_WG16_16_3
11,4608,2304,64,0,torch.bfloat16,torch.bfloat16,0.0,1.0,hsaco,4,28.08,Cijk_Ailk_Bljk_BBS_BH_UserArgs_MT64x32x32_SN_K1_PGR6_SB1_TT2_2_WG16_16_3
11,7168,2304,64,0,torch.bfloat16,torch.bfloat16,0.0,1.0,hsaco,4,29.12,Cijk_Ailk_Bljk_BBS_BH_UserArgs_MT64x32x32_SN_K1_PGR6_SB1_TT2_2_WG16_16_3
11,512,7168,64,0,torch.bfloat16,torch.bfloat16,0.0,1.0,hsaco,3,35.28,Cijk_Ailk_Bljk_BBS_BH_UserArgs_MT16x32x32_SN_K1_PGR6_SB1_TT2_2_WG16_16_2
11,1536,7168,64,0,torch.bfloat16,torch.bfloat16,0.0,1.0,hsaco,3,37.68,Cijk_Ailk_Bljk_BBS_BH_UserArgs_MT16x32x32_SN_K1_PGR6_SB1_TT2_2_WG16_16_2
11,3072,7168,64,0,torch.bfloat16,torch.bfloat16,0.0,1.0,hsaco,4,74.48,Cijk_Ailk_Bljk_BBS_BH_UserArgs_MT64x32x32_SN_K1_PGR6_SB1_TT2_2_WG16_16_3
11,4096,7168,64,0,torch.bfloat16,torch.bfloat16,0.0,1.0,hsaco,4,76.88,Cijk_Ailk_Bljk_BBS_BH_UserArgs_MT64x32x32_SN_K1_PGR6_SB1_TT2_2_WG16_16_3
11,4608,7168,64,0,torch.bfloat16,torch.bfloat16,0.0,1.0,hsaco,4,75.2,Cijk_Ailk_Bljk_BBS_BH_UserArgs_MT64x32x32_SN_K1_PGR6_SB1_TT2_2_WG16_16_3
11,7168,7168,64,0,torch.bfloat16,torch.bfloat16,0.0,1.0,hsaco,4,77.36,Cijk_Ailk_Bljk_BBS_BH_UserArgs_MT64x32x32_SN_K1_PGR6_SB1_TT2_2_WG16_16_3
12,576,256,64,0,torch.bfloat16,torch.bfloat16,0.0,1.0,hsaco,3,6.0,Cijk_Ailk_Bljk_BBS_BH_UserArgs_MT16x32x32_SN_K1_PGR6_SB1_TT2_2_WG16_16_2
12,1536,256,64,0,torch.bfloat16,torch.bfloat16,0.0,1.0,hsaco,3,6.0,Cijk_Ailk_Bljk_BBS_BH_UserArgs_MT16x32x32_SN_K1_PGR6_SB1_TT2_2_WG16_16_2
12,3072,256,64,0,torch.bfloat16,torch.bfloat16,0.0,1.0,hsaco,4,8.4,Cijk_Ailk_Bljk_BBS_BH_UserArgs_MT64x32x32_SN_K1_PGR6_SB1_TT2_2_WG16_16_3
12,4096,256,64,0,torch.bfloat16,torch.bfloat16,0.0,1.0,hsaco,4,8.48,Cijk_Ailk_Bljk_BBS_BH_UserArgs_MT64x32x32_SN_K1_PGR6_SB1_TT2_2_WG16_16_3
12,4608,256,64,0,torch.bfloat16,torch.bfloat16,0.0,1.0,hsaco,4,8.48,Cijk_Ailk_Bljk_BBS_BH_UserArgs_MT64x32x32_SN_K1_PGR6_SB1_TT2_2_WG16_16_3
12,7168,256,64,0,torch.bfloat16,torch.bfloat16,0.0,1.0,hsaco,0,9.28,Cijk_Ailk_Bljk_BBS_BH_UserArgs_MT64x32x32_SN_K1_PGR6_SB1_TT2_2_WG16_16_2
12,576,512,64,0,torch.bfloat16,torch.bfloat16,0.0,1.0,hsaco,3,7.04,Cijk_Ailk_Bljk_BBS_BH_UserArgs_MT16x32x32_SN_K1_PGR6_SB1_TT2_2_WG16_16_2
12,1536,512,64,0,torch.bfloat16,torch.bfloat16,0.0,1.0,hsaco,3,7.04,Cijk_Ailk_Bljk_BBS_BH_UserArgs_MT16x32x32_SN_K1_PGR6_SB1_TT2_2_WG16_16_2
12,3072,512,64,0,torch.bfloat16,torch.bfloat16,0.0,1.0,hsaco,4,10.8,Cijk_Ailk_Bljk_BBS_BH_UserArgs_MT64x32x32_SN_K1_PGR6_SB1_TT2_2_WG16_16_3
12,4096,512,64,0,torch.bfloat16,torch.bfloat16,0.0,1.0,hsaco,4,10.64,Cijk_Ailk_Bljk_BBS_BH_UserArgs_MT64x32x32_SN_K1_PGR6_SB1_TT2_2_WG16_16_3
12,4608,512,64,0,torch.bfloat16,torch.bfloat16,0.0,1.0,hsaco,4,10.72,Cijk_Ailk_Bljk_BBS_BH_UserArgs_MT64x32x32_SN_K1_PGR6_SB1_TT2_2_WG16_16_3
12,7168,512,64,0,torch.bfloat16,torch.bfloat16,0.0,1.0,hsaco,4,10.88,Cijk_Ailk_Bljk_BBS_BH_UserArgs_MT64x32x32_SN_K1_PGR6_SB1_TT2_2_WG16_16_3
12,576,1536,64,0,torch.bfloat16,torch.bfloat16,0.0,1.0,hsaco,3,10.88,Cijk_Ailk_Bljk_BBS_BH_UserArgs_MT16x32x32_SN_K1_PGR6_SB1_TT2_2_WG16_16_2
12,1536,1536,64,0,torch.bfloat16,torch.bfloat16,0.0,1.0,hsaco,3,11.52,Cijk_Ailk_Bljk_BBS_BH_UserArgs_MT16x32x32_SN_K1_PGR6_SB1_TT2_2_WG16_16_2
12,3072,1536,64,0,torch.bfloat16,torch.bfloat16,0.0,1.0,hsaco,4,20.56,Cijk_Ailk_Bljk_BBS_BH_UserArgs_MT64x32x32_SN_K1_PGR6_SB1_TT2_2_WG16_16_3
12,4096,1536,64,0,torch.bfloat16,torch.bfloat16,0.0,1.0,hsaco,4,20.8,Cijk_Ailk_Bljk_BBS_BH_UserArgs_MT64x32x32_SN_K1_PGR6_SB1_TT2_2_WG16_16_3
12,4608,1536,64,0,torch.bfloat16,torch.bfloat16,0.0,1.0,hsaco,4,20.96,Cijk_Ailk_Bljk_BBS_BH_UserArgs_MT64x32x32_SN_K1_PGR6_SB1_TT2_2_WG16_16_3
12,7168,1536,64,0,torch.bfloat16,torch.bfloat16,0.0,1.0,hsaco,4,20.96,Cijk_Ailk_Bljk_BBS_BH_UserArgs_MT64x32x32_SN_K1_PGR6_SB1_TT2_2_WG16_16_3
12,512,2048,64,0,torch.bfloat16,torch.bfloat16,0.0,1.0,hsaco,3,13.44,Cijk_Ailk_Bljk_BBS_BH_UserArgs_MT16x32x32_SN_K1_PGR6_SB1_TT2_2_WG16_16_2
12,1536,2048,64,0,torch.bfloat16,torch.bfloat16,0.0,1.0,hsaco,3,13.68,Cijk_Ailk_Bljk_BBS_BH_UserArgs_MT16x32x32_SN_K1_PGR6_SB1_TT2_2_WG16_16_2
12,3072,2048,64,0,torch.bfloat16,torch.bfloat16,0.0,1.0,hsaco,4,25.52,Cijk_Ailk_Bljk_BBS_BH_UserArgs_MT64x32x32_SN_K1_PGR6_SB1_TT2_2_WG16_16_3
12,4096,2048,64,0,torch.bfloat16,torch.bfloat16,0.0,1.0,hsaco,4,26.32,Cijk_Ailk_Bljk_BBS_BH_UserArgs_MT64x32x32_SN_K1_PGR6_SB1_TT2_2_WG16_16_3
12,4608,2048,64,0,torch.bfloat16,torch.bfloat16,0.0,1.0,hsaco,4,25.76,Cijk_Ailk_Bljk_BBS_BH_UserArgs_MT64x32x32_SN_K1_PGR6_SB1_TT2_2_WG16_16_3
12,7168,2048,64,0,torch.bfloat16,torch.bfloat16,0.0,1.0,hsaco,4,25.92,Cijk_Ailk_Bljk_BBS_BH_UserArgs_MT64x32x32_SN_K1_PGR6_SB1_TT2_2_WG16_16_3
12,512,2304,64,0,torch.bfloat16,torch.bfloat16,0.0,1.0,hsaco,3,14.72,Cijk_Ailk_Bljk_BBS_BH_UserArgs_MT16x32x32_SN_K1_PGR6_SB1_TT2_2_WG16_16_2
12,1536,2304,64,0,torch.bfloat16,torch.bfloat16,0.0,1.0,hsaco,3,15.28,Cijk_Ailk_Bljk_BBS_BH_UserArgs_MT16x32x32_SN_K1_PGR6_SB1_TT2_2_WG16_16_2
12,3072,2304,64,0,torch.bfloat16,torch.bfloat16,0.0,1.0,hsaco,4,28.4,Cijk_Ailk_Bljk_BBS_BH_UserArgs_MT64x32x32_SN_K1_PGR6_SB1_TT2_2_WG16_16_3
12,4096,2304,64,0,torch.bfloat16,torch.bfloat16,0.0,1.0,hsaco,4,28.24,Cijk_Ailk_Bljk_BBS_BH_UserArgs_MT64x32x32_SN_K1_PGR6_SB1_TT2_2_WG16_16_3
12,4608,2304,64,0,torch.bfloat16,torch.bfloat16,0.0,1.0,hsaco,4,28.24,Cijk_Ailk_Bljk_BBS_BH_UserArgs_MT64x32x32_SN_K1_PGR6_SB1_TT2_2_WG16_16_3
12,7168,2304,64,0,torch.bfloat16,torch.bfloat16,0.0,1.0,hsaco,4,28.96,Cijk_Ailk_Bljk_BBS_BH_UserArgs_MT64x32x32_SN_K1_PGR6_SB1_TT2_2_WG16_16_3
12,512,7168,64,0,torch.bfloat16,torch.bfloat16,0.0,1.0,hsaco,3,35.6,Cijk_Ailk_Bljk_BBS_BH_UserArgs_MT16x32x32_SN_K1_PGR6_SB1_TT2_2_WG16_16_2
12,1536,7168,64,0,torch.bfloat16,torch.bfloat16,0.0,1.0,hsaco,3,37.76,Cijk_Ailk_Bljk_BBS_BH_UserArgs_MT16x32x32_SN_K1_PGR6_SB1_TT2_2_WG16_16_2
12,3072,7168,64,0,torch.bfloat16,torch.bfloat16,0.0,1.0,hsaco,4,75.12,Cijk_Ailk_Bljk_BBS_BH_UserArgs_MT64x32x32_SN_K1_PGR6_SB1_TT2_2_WG16_16_3
12,4096,7168,64,0,torch.bfloat16,torch.bfloat16,0.0,1.0,hsaco,4,76.72,Cijk_Ailk_Bljk_BBS_BH_UserArgs_MT64x32x32_SN_K1_PGR6_SB1_TT2_2_WG16_16_3
12,4608,7168,64,0,torch.bfloat16,torch.bfloat16,0.0,1.0,hsaco,4,75.52,Cijk_Ailk_Bljk_BBS_BH_UserArgs_MT64x32x32_SN_K1_PGR6_SB1_TT2_2_WG16_16_3
12,7168,7168,64,0,torch.bfloat16,torch.bfloat16,0.0,1.0,hsaco,4,77.68,Cijk_Ailk_Bljk_BBS_BH_UserArgs_MT64x32x32_SN_K1_PGR6_SB1_TT2_2_WG16_16_3
13,576,256,64,0,torch.bfloat16,torch.bfloat16,0.0,1.0,hsaco,3,5.92,Cijk_Ailk_Bljk_BBS_BH_UserArgs_MT16x32x32_SN_K1_PGR6_SB1_TT2_2_WG16_16_2
13,1536,256,64,0,torch.bfloat16,torch.bfloat16,0.0,1.0,hsaco,3,6.0,Cijk_Ailk_Bljk_BBS_BH_UserArgs_MT16x32x32_SN_K1_PGR6_SB1_TT2_2_WG16_16_2
13,3072,256,64,0,torch.bfloat16,torch.bfloat16,0.0,1.0,hsaco,4,8.4,Cijk_Ailk_Bljk_BBS_BH_UserArgs_MT64x32x32_SN_K1_PGR6_SB1_TT2_2_WG16_16_3
13,4096,256,64,0,torch.bfloat16,torch.bfloat16,0.0,1.0,hsaco,4,8.4,Cijk_Ailk_Bljk_BBS_BH_UserArgs_MT64x32x32_SN_K1_PGR6_SB1_TT2_2_WG16_16_3
13,4608,256,64,0,torch.bfloat16,torch.bfloat16,0.0,1.0,hsaco,4,8.4,Cijk_Ailk_Bljk_BBS_BH_UserArgs_MT64x32x32_SN_K1_PGR6_SB1_TT2_2_WG16_16_3
13,7168,256,64,0,torch.bfloat16,torch.bfloat16,0.0,1.0,hsaco,0,9.36,Cijk_Ailk_Bljk_BBS_BH_UserArgs_MT64x32x32_SN_K1_PGR6_SB1_TT2_2_WG16_16_2
13,576,512,64,0,torch.bfloat16,torch.bfloat16,0.0,1.0,hsaco,3,6.88,Cijk_Ailk_Bljk_BBS_BH_UserArgs_MT16x32x32_SN_K1_PGR6_SB1_TT2_2_WG16_16_2
13,1536,512,64,0,torch.bfloat16,torch.bfloat16,0.0,1.0,hsaco,3,6.96,Cijk_Ailk_Bljk_BBS_BH_UserArgs_MT16x32x32_SN_K1_PGR6_SB1_TT2_2_WG16_16_2
13,3072,512,64,0,torch.bfloat16,torch.bfloat16,0.0,1.0,hsaco,4,10.72,Cijk_Ailk_Bljk_BBS_BH_UserArgs_MT64x32x32_SN_K1_PGR6_SB1_TT2_2_WG16_16_3
13,4096,512,64,0,torch.bfloat16,torch.bfloat16,0.0,1.0,hsaco,4,10.8,Cijk_Ailk_Bljk_BBS_BH_UserArgs_MT64x32x32_SN_K1_PGR6_SB1_TT2_2_WG16_16_3
13,4608,512,64,0,torch.bfloat16,torch.bfloat16,0.0,1.0,hsaco,4,10.72,Cijk_Ailk_Bljk_BBS_BH_UserArgs_MT64x32x32_SN_K1_PGR6_SB1_TT2_2_WG16_16_3
13,7168,512,64,0,torch.bfloat16,torch.bfloat16,0.0,1.0,hsaco,4,10.96,Cijk_Ailk_Bljk_BBS_BH_UserArgs_MT64x32x32_SN_K1_PGR6_SB1_TT2_2_WG16_16_3
13,576,1536,64,0,torch.bfloat16,torch.bfloat16,0.0,1.0,hsaco,3,11.2,Cijk_Ailk_Bljk_BBS_BH_UserArgs_MT16x32x32_SN_K1_PGR6_SB1_TT2_2_WG16_16_2
13,1536,1536,64,0,torch.bfloat16,torch.bfloat16,0.0,1.0,hsaco,3,11.6,Cijk_Ailk_Bljk_BBS_BH_UserArgs_MT16x32x32_SN_K1_PGR6_SB1_TT2_2_WG16_16_2
13,3072,1536,64,0,torch.bfloat16,torch.bfloat16,0.0,1.0,hsaco,4,20.56,Cijk_Ailk_Bljk_BBS_BH_UserArgs_MT64x32x32_SN_K1_PGR6_SB1_TT2_2_WG16_16_3
13,4096,1536,64,0,torch.bfloat16,torch.bfloat16,0.0,1.0,hsaco,4,20.88,Cijk_Ailk_Bljk_BBS_BH_UserArgs_MT64x32x32_SN_K1_PGR6_SB1_TT2_2_WG16_16_3
13,4608,1536,64,0,torch.bfloat16,torch.bfloat16,0.0,1.0,hsaco,4,20.8,Cijk_Ailk_Bljk_BBS_BH_UserArgs_MT64x32x32_SN_K1_PGR6_SB1_TT2_2_WG16_16_3
13,7168,1536,64,0,torch.bfloat16,torch.bfloat16,0.0,1.0,hsaco,4,21.04,Cijk_Ailk_Bljk_BBS_BH_UserArgs_MT64x32x32_SN_K1_PGR6_SB1_TT2_2_WG16_16_3
13,512,2048,64,0,torch.bfloat16,torch.bfloat16,0.0,1.0,hsaco,3,13.6,Cijk_Ailk_Bljk_BBS_BH_UserArgs_MT16x32x32_SN_K1_PGR6_SB1_TT2_2_WG16_16_2
13,1536,2048,64,0,torch.bfloat16,torch.bfloat16,0.0,1.0,hsaco,3,13.68,Cijk_Ailk_Bljk_BBS_BH_UserArgs_MT16x32x32_SN_K1_PGR6_SB1_TT2_2_WG16_16_2
13,3072,2048,64,0,torch.bfloat16,torch.bfloat16,0.0,1.0,hsaco,4,25.6,Cijk_Ailk_Bljk_BBS_BH_UserArgs_MT64x32x32_SN_K1_PGR6_SB1_TT2_2_WG16_16_3
13,4096,2048,64,0,torch.bfloat16,torch.bfloat16,0.0,1.0,hsaco,4,26.48,Cijk_Ailk_Bljk_BBS_BH_UserArgs_MT64x32x32_SN_K1_PGR6_SB1_TT2_2_WG16_16_3
13,4608,2048,64,0,torch.bfloat16,torch.bfloat16,0.0,1.0,hsaco,4,25.6,Cijk_Ailk_Bljk_BBS_BH_UserArgs_MT64x32x32_SN_K1_PGR6_SB1_TT2_2_WG16_16_3
13,7168,2048,64,0,torch.bfloat16,torch.bfloat16,0.0,1.0,hsaco,4,26.0,Cijk_Ailk_Bljk_BBS_BH_UserArgs_MT64x32x32_SN_K1_PGR6_SB1_TT2_2_WG16_16_3
13,512,2304,64,0,torch.bfloat16,torch.bfloat16,0.0,1.0,hsaco,3,14.64,Cijk_Ailk_Bljk_BBS_BH_UserArgs_MT16x32x32_SN_K1_PGR6_SB1_TT2_2_WG16_16_2
13,1536,2304,64,0,torch.bfloat16,torch.bfloat16,0.0,1.0,hsaco,3,15.28,Cijk_Ailk_Bljk_BBS_BH_UserArgs_MT16x32x32_SN_K1_PGR6_SB1_TT2_2_WG16_16_2
13,3072,2304,64,0,torch.bfloat16,torch.bfloat16,0.0,1.0,hsaco,4,28.08,Cijk_Ailk_Bljk_BBS_BH_UserArgs_MT64x32x32_SN_K1_PGR6_SB1_TT2_2_WG16_16_3
13,4096,2304,64,0,torch.bfloat16,torch.bfloat16,0.0,1.0,hsaco,4,28.08,Cijk_Ailk_Bljk_BBS_BH_UserArgs_MT64x32x32_SN_K1_PGR6_SB1_TT2_2_WG16_16_3
13,4608,2304,64,0,torch.bfloat16,torch.bfloat16,0.0,1.0,hsaco,4,28.32,Cijk_Ailk_Bljk_BBS_BH_UserArgs_MT64x32x32_SN_K1_PGR6_SB1_TT2_2_WG16_16_3
13,7168,2304,64,0,torch.bfloat16,torch.bfloat16,0.0,1.0,hsaco,4,29.12,Cijk_Ailk_Bljk_BBS_BH_UserArgs_MT64x32x32_SN_K1_PGR6_SB1_TT2_2_WG16_16_3
13,512,7168,64,0,torch.bfloat16,torch.bfloat16,0.0,1.0,hsaco,3,36.16,Cijk_Ailk_Bljk_BBS_BH_UserArgs_MT16x32x32_SN_K1_PGR6_SB1_TT2_2_WG16_16_2
13,1536,7168,64,0,torch.bfloat16,torch.bfloat16,0.0,1.0,hsaco,3,38.08,Cijk_Ailk_Bljk_BBS_BH_UserArgs_MT16x32x32_SN_K1_PGR6_SB1_TT2_2_WG16_16_2
13,3072,7168,64,0,torch.bfloat16,torch.bfloat16,0.0,1.0,hsaco,4,76.4,Cijk_Ailk_Bljk_BBS_BH_UserArgs_MT64x32x32_SN_K1_PGR6_SB1_TT2_2_WG16_16_3
13,4096,7168,64,0,torch.bfloat16,torch.bfloat16,0.0,1.0,hsaco,4,76.72,Cijk_Ailk_Bljk_BBS_BH_UserArgs_MT64x32x32_SN_K1_PGR6_SB1_TT2_2_WG16_16_3
13,4608,7168,64,0,torch.bfloat16,torch.bfloat16,0.0,1.0,hsaco,4,75.76,Cijk_Ailk_Bljk_BBS_BH_UserArgs_MT64x32x32_SN_K1_PGR6_SB1_TT2_2_WG16_16_3
13,7168,7168,64,0,torch.bfloat16,torch.bfloat16,0.0,1.0,hsaco,4,78.0,Cijk_Ailk_Bljk_BBS_BH_UserArgs_MT64x32x32_SN_K1_PGR6_SB1_TT2_2_WG16_16_3
14,576,256,64,0,torch.bfloat16,torch.bfloat16,0.0,1.0,hsaco,3,6.0,Cijk_Ailk_Bljk_BBS_BH_UserArgs_MT16x32x32_SN_K1_PGR6_SB1_TT2_2_WG16_16_2
14,1536,256,64,0,torch.bfloat16,torch.bfloat16,0.0,1.0,hsaco,3,5.92,Cijk_Ailk_Bljk_BBS_BH_UserArgs_MT16x32x32_SN_K1_PGR6_SB1_TT2_2_WG16_16_2
14,3072,256,64,0,torch.bfloat16,torch.bfloat16,0.0,1.0,hsaco,4,8.48,Cijk_Ailk_Bljk_BBS_BH_UserArgs_MT64x32x32_SN_K1_PGR6_SB1_TT2_2_WG16_16_3
14,4096,256,64,0,torch.bfloat16,torch.bfloat16,0.0,1.0,hsaco,4,8.4,Cijk_Ailk_Bljk_BBS_BH_UserArgs_MT64x32x32_SN_K1_PGR6_SB1_TT2_2_WG16_16_3
14,4608,256,64,0,torch.bfloat16,torch.bfloat16,0.0,1.0,hsaco,4,8.4,Cijk_Ailk_Bljk_BBS_BH_UserArgs_MT64x32x32_SN_K1_PGR6_SB1_TT2_2_WG16_16_3
14,7168,256,64,0,torch.bfloat16,torch.bfloat16,0.0,1.0,hsaco,0,9.2,Cijk_Ailk_Bljk_BBS_BH_UserArgs_MT64x32x32_SN_K1_PGR6_SB1_TT2_2_WG16_16_2
14,576,512,64,0,torch.bfloat16,torch.bfloat16,0.0,1.0,hsaco,3,6.96,Cijk_Ailk_Bljk_BBS_BH_UserArgs_MT16x32x32_SN_K1_PGR6_SB1_TT2_2_WG16_16_2
14,1536,512,64,0,torch.bfloat16,torch.bfloat16,0.0,1.0,hsaco,3,6.88,Cijk_Ailk_Bljk_BBS_BH_UserArgs_MT16x32x32_SN_K1_PGR6_SB1_TT2_2_WG16_16_2
14,3072,512,64,0,torch.bfloat16,torch.bfloat16,0.0,1.0,hsaco,4,10.72,Cijk_Ailk_Bljk_BBS_BH_UserArgs_MT64x32x32_SN_K1_PGR6_SB1_TT2_2_WG16_16_3
14,4096,512,64,0,torch.bfloat16,torch.bfloat16,0.0,1.0,hsaco,4,10.72,Cijk_Ailk_Bljk_BBS_BH_UserArgs_MT64x32x32_SN_K1_PGR6_SB1_TT2_2_WG16_16_3
14,4608,512,64,0,torch.bfloat16,torch.bfloat16,0.0,1.0,hsaco,4,10.8,Cijk_Ailk_Bljk_BBS_BH_UserArgs_MT64x32x32_SN_K1_PGR6_SB1_TT2_2_WG16_16_3
14,7168,512,64,0,torch.bfloat16,torch.bfloat16,0.0,1.0,hsaco,4,10.96,Cijk_Ailk_Bljk_BBS_BH_UserArgs_MT64x32x32_SN_K1_PGR6_SB1_TT2_2_WG16_16_3
14,576,1536,64,0,torch.bfloat16,torch.bfloat16,0.0,1.0,hsaco,3,11.28,Cijk_Ailk_Bljk_BBS_BH_UserArgs_MT16x32x32_SN_K1_PGR6_SB1_TT2_2_WG16_16_2
14,1536,1536,64,0,torch.bfloat16,torch.bfloat16,0.0,1.0,hsaco,3,11.52,Cijk_Ailk_Bljk_BBS_BH_UserArgs_MT16x32x32_SN_K1_PGR6_SB1_TT2_2_WG16_16_2
14,3072,1536,64,0,torch.bfloat16,torch.bfloat16,0.0,1.0,hsaco,4,20.8,Cijk_Ailk_Bljk_BBS_BH_UserArgs_MT64x32x32_SN_K1_PGR6_SB1_TT2_2_WG16_16_3
14,4096,1536,64,0,torch.bfloat16,torch.bfloat16,0.0,1.0,hsaco,4,20.8,Cijk_Ailk_Bljk_BBS_BH_UserArgs_MT64x32x32_SN_K1_PGR6_SB1_TT2_2_WG16_16_3
14,4608,1536,64,0,torch.bfloat16,torch.bfloat16,0.0,1.0,hsaco,4,20.96,Cijk_Ailk_Bljk_BBS_BH_UserArgs_MT64x32x32_SN_K1_PGR6_SB1_TT2_2_WG16_16_3
14,7168,1536,64,0,torch.bfloat16,torch.bfloat16,0.0,1.0,hsaco,4,21.2,Cijk_Ailk_Bljk_BBS_BH_UserArgs_MT64x32x32_SN_K1_PGR6_SB1_TT2_2_WG16_16_3
14,512,2048,64,0,torch.bfloat16,torch.bfloat16,0.0,1.0,hsaco,3,13.6,Cijk_Ailk_Bljk_BBS_BH_UserArgs_MT16x32x32_SN_K1_PGR6_SB1_TT2_2_WG16_16_2
14,1536,2048,64,0,torch.bfloat16,torch.bfloat16,0.0,1.0,hsaco,3,13.68,Cijk_Ailk_Bljk_BBS_BH_UserArgs_MT16x32x32_SN_K1_PGR6_SB1_TT2_2_WG16_16_2
14,3072,2048,64,0,torch.bfloat16,torch.bfloat16,0.0,1.0,hsaco,4,25.6,Cijk_Ailk_Bljk_BBS_BH_UserArgs_MT64x32x32_SN_K1_PGR6_SB1_TT2_2_WG16_16_3
14,4096,2048,64,0,torch.bfloat16,torch.bfloat16,0.0,1.0,hsaco,4,26.56,Cijk_Ailk_Bljk_BBS_BH_UserArgs_MT64x32x32_SN_K1_PGR6_SB1_TT2_2_WG16_16_3
14,4608,2048,64,0,torch.bfloat16,torch.bfloat16,0.0,1.0,hsaco,4,25.52,Cijk_Ailk_Bljk_BBS_BH_UserArgs_MT64x32x32_SN_K1_PGR6_SB1_TT2_2_WG16_16_3
14,7168,2048,64,0,torch.bfloat16,torch.bfloat16,0.0,1.0,hsaco,4,25.76,Cijk_Ailk_Bljk_BBS_BH_UserArgs_MT64x32x32_SN_K1_PGR6_SB1_TT2_2_WG16_16_3
14,512,2304,64,0,torch.bfloat16,torch.bfloat16,0.0,1.0,hsaco,3,14.56,Cijk_Ailk_Bljk_BBS_BH_UserArgs_MT16x32x32_SN_K1_PGR6_SB1_TT2_2_WG16_16_2
14,1536,2304,64,0,torch.bfloat16,torch.bfloat16,0.0,1.0,hsaco,3,15.52,Cijk_Ailk_Bljk_BBS_BH_UserArgs_MT16x32x32_SN_K1_PGR6_SB1_TT2_2_WG16_16_2
14,3072,2304,64,0,torch.bfloat16,torch.bfloat16,0.0,1.0,hsaco,4,28.0,Cijk_Ailk_Bljk_BBS_BH_UserArgs_MT64x32x32_SN_K1_PGR6_SB1_TT2_2_WG16_16_3
14,4096,2304,64,0,torch.bfloat16,torch.bfloat16,0.0,1.0,hsaco,4,28.08,Cijk_Ailk_Bljk_BBS_BH_UserArgs_MT64x32x32_SN_K1_PGR6_SB1_TT2_2_WG16_16_3
14,4608,2304,64,0,torch.bfloat16,torch.bfloat16,0.0,1.0,hsaco,4,28.32,Cijk_Ailk_Bljk_BBS_BH_UserArgs_MT64x32x32_SN_K1_PGR6_SB1_TT2_2_WG16_16_3
14,7168,2304,64,0,torch.bfloat16,torch.bfloat16,0.0,1.0,hsaco,4,29.36,Cijk_Ailk_Bljk_BBS_BH_UserArgs_MT64x32x32_SN_K1_PGR6_SB1_TT2_2_WG16_16_3
14,512,7168,64,0,torch.bfloat16,torch.bfloat16,0.0,1.0,hsaco,3,36.08,Cijk_Ailk_Bljk_BBS_BH_UserArgs_MT16x32x32_SN_K1_PGR6_SB1_TT2_2_WG16_16_2
14,1536,7168,64,0,torch.bfloat16,torch.bfloat16,0.0,1.0,hsaco,3,38.4,Cijk_Ailk_Bljk_BBS_BH_UserArgs_MT16x32x32_SN_K1_PGR6_SB1_TT2_2_WG16_16_2
14,3072,7168,64,0,torch.bfloat16,torch.bfloat16,0.0,1.0,hsaco,4,75.52,Cijk_Ailk_Bljk_BBS_BH_UserArgs_MT64x32x32_SN_K1_PGR6_SB1_TT2_2_WG16_16_3
14,4096,7168,64,0,torch.bfloat16,torch.bfloat16,0.0,1.0,hsaco,4,76.88,Cijk_Ailk_Bljk_BBS_BH_UserArgs_MT64x32x32_SN_K1_PGR6_SB1_TT2_2_WG16_16_3
14,4608,7168,64,0,torch.bfloat16,torch.bfloat16,0.0,1.0,hsaco,4,76.16,Cijk_Ailk_Bljk_BBS_BH_UserArgs_MT64x32x32_SN_K1_PGR6_SB1_TT2_2_WG16_16_3
14,7168,7168,64,0,torch.bfloat16,torch.bfloat16,0.0,1.0,hsaco,4,77.76,Cijk_Ailk_Bljk_BBS_BH_UserArgs_MT64x32x32_SN_K1_PGR6_SB1_TT2_2_WG16_16_3
15,576,256,64,0,torch.bfloat16,torch.bfloat16,0.0,1.0,hsaco,3,6.0,Cijk_Ailk_Bljk_BBS_BH_UserArgs_MT16x32x32_SN_K1_PGR6_SB1_TT2_2_WG16_16_2
15,1536,256,64,0,torch.bfloat16,torch.bfloat16,0.0,1.0,hsaco,3,5.92,Cijk_Ailk_Bljk_BBS_BH_UserArgs_MT16x32x32_SN_K1_PGR6_SB1_TT2_2_WG16_16_2
15,3072,256,64,0,torch.bfloat16,torch.bfloat16,0.0,1.0,hsaco,4,8.64,Cijk_Ailk_Bljk_BBS_BH_UserArgs_MT64x32x32_SN_K1_PGR6_SB1_TT2_2_WG16_16_3
15,4096,256,64,0,torch.bfloat16,torch.bfloat16,0.0,1.0,hsaco,0,8.32,Cijk_Ailk_Bljk_BBS_BH_UserArgs_MT64x32x32_SN_K1_PGR6_SB1_TT2_2_WG16_16_2
15,4608,256,64,0,torch.bfloat16,torch.bfloat16,0.0,1.0,hsaco,0,8.32,Cijk_Ailk_Bljk_BBS_BH_UserArgs_MT64x32x32_SN_K1_PGR6_SB1_TT2_2_WG16_16_2
15,7168,256,64,0,torch.bfloat16,torch.bfloat16,0.0,1.0,hsaco,0,9.2,Cijk_Ailk_Bljk_BBS_BH_UserArgs_MT64x32x32_SN_K1_PGR6_SB1_TT2_2_WG16_16_2
15,576,512,64,0,torch.bfloat16,torch.bfloat16,0.0,1.0,hsaco,3,6.96,Cijk_Ailk_Bljk_BBS_BH_UserArgs_MT16x32x32_SN_K1_PGR6_SB1_TT2_2_WG16_16_2
15,1536,512,64,0,torch.bfloat16,torch.bfloat16,0.0,1.0,hsaco,3,6.88,Cijk_Ailk_Bljk_BBS_BH_UserArgs_MT16x32x32_SN_K1_PGR6_SB1_TT2_2_WG16_16_2
15,3072,512,64,0,torch.bfloat16,torch.bfloat16,0.0,1.0,hsaco,4,10.8,Cijk_Ailk_Bljk_BBS_BH_UserArgs_MT64x32x32_SN_K1_PGR6_SB1_TT2_2_WG16_16_3
15,4096,512,64,0,torch.bfloat16,torch.bfloat16,0.0,1.0,hsaco,4,10.72,Cijk_Ailk_Bljk_BBS_BH_UserArgs_MT64x32x32_SN_K1_PGR6_SB1_TT2_2_WG16_16_3
15,4608,512,64,0,torch.bfloat16,torch.bfloat16,0.0,1.0,hsaco,4,10.72,Cijk_Ailk_Bljk_BBS_BH_UserArgs_MT64x32x32_SN_K1_PGR6_SB1_TT2_2_WG16_16_3
15,7168,512,64,0,torch.bfloat16,torch.bfloat16,0.0,1.0,hsaco,4,10.88,Cijk_Ailk_Bljk_BBS_BH_UserArgs_MT64x32x32_SN_K1_PGR6_SB1_TT2_2_WG16_16_3
15,576,1536,64,0,torch.bfloat16,torch.bfloat16,0.0,1.0,hsaco,3,11.28,Cijk_Ailk_Bljk_BBS_BH_UserArgs_MT16x32x32_SN_K1_PGR6_SB1_TT2_2_WG16_16_2
15,1536,1536,64,0,torch.bfloat16,torch.bfloat16,0.0,1.0,hsaco,3,11.76,Cijk_Ailk_Bljk_BBS_BH_UserArgs_MT16x32x32_SN_K1_PGR6_SB1_TT2_2_WG16_16_2
15,3072,1536,64,0,torch.bfloat16,torch.bfloat16,0.0,1.0,hsaco,4,20.56,Cijk_Ailk_Bljk_BBS_BH_UserArgs_MT64x32x32_SN_K1_PGR6_SB1_TT2_2_WG16_16_3
15,4096,1536,64,0,torch.bfloat16,torch.bfloat16,0.0,1.0,hsaco,4,20.8,Cijk_Ailk_Bljk_BBS_BH_UserArgs_MT64x32x32_SN_K1_PGR6_SB1_TT2_2_WG16_16_3
15,4608,1536,64,0,torch.bfloat16,torch.bfloat16,0.0,1.0,hsaco,4,20.8,Cijk_Ailk_Bljk_BBS_BH_UserArgs_MT64x32x32_SN_K1_PGR6_SB1_TT2_2_WG16_16_3
15,7168,1536,64,0,torch.bfloat16,torch.bfloat16,0.0,1.0,hsaco,4,21.2,Cijk_Ailk_Bljk_BBS_BH_UserArgs_MT64x32x32_SN_K1_PGR6_SB1_TT2_2_WG16_16_3
15,512,2048,64,0,torch.bfloat16,torch.bfloat16,0.0,1.0,hsaco,3,13.52,Cijk_Ailk_Bljk_BBS_BH_UserArgs_MT16x32x32_SN_K1_PGR6_SB1_TT2_2_WG16_16_2
15,1536,2048,64,0,torch.bfloat16,torch.bfloat16,0.0,1.0,hsaco,3,13.76,Cijk_Ailk_Bljk_BBS_BH_UserArgs_MT16x32x32_SN_K1_PGR6_SB1_TT2_2_WG16_16_2
15,3072,2048,64,0,torch.bfloat16,torch.bfloat16,0.0,1.0,hsaco,4,25.52,Cijk_Ailk_Bljk_BBS_BH_UserArgs_MT64x32x32_SN_K1_PGR6_SB1_TT2_2_WG16_16_3
15,4096,2048,64,0,torch.bfloat16,torch.bfloat16,0.0,1.0,hsaco,4,26.48,Cijk_Ailk_Bljk_BBS_BH_UserArgs_MT64x32x32_SN_K1_PGR6_SB1_TT2_2_WG16_16_3
15,4608,2048,64,0,torch.bfloat16,torch.bfloat16,0.0,1.0,hsaco,4,25.6,Cijk_Ailk_Bljk_BBS_BH_UserArgs_MT64x32x32_SN_K1_PGR6_SB1_TT2_2_WG16_16_3
15,7168,2048,64,0,torch.bfloat16,torch.bfloat16,0.0,1.0,hsaco,4,25.84,Cijk_Ailk_Bljk_BBS_BH_UserArgs_MT64x32x32_SN_K1_PGR6_SB1_TT2_2_WG16_16_3
15,512,2304,64,0,torch.bfloat16,torch.bfloat16,0.0,1.0,hsaco,3,14.72,Cijk_Ailk_Bljk_BBS_BH_UserArgs_MT16x32x32_SN_K1_PGR6_SB1_TT2_2_WG16_16_2
15,1536,2304,64,0,torch.bfloat16,torch.bfloat16,0.0,1.0,hsaco,3,15.52,Cijk_Ailk_Bljk_BBS_BH_UserArgs_MT16x32x32_SN_K1_PGR6_SB1_TT2_2_WG16_16_2
15,3072,2304,64,0,torch.bfloat16,torch.bfloat16,0.0,1.0,hsaco,4,28.0,Cijk_Ailk_Bljk_BBS_BH_UserArgs_MT64x32x32_SN_K1_PGR6_SB1_TT2_2_WG16_16_3
15,4096,2304,64,0,torch.bfloat16,torch.bfloat16,0.0,1.0,hsaco,4,28.16,Cijk_Ailk_Bljk_BBS_BH_UserArgs_MT64x32x32_SN_K1_PGR6_SB1_TT2_2_WG16_16_3
15,4608,2304,64,0,torch.bfloat16,torch.bfloat16,0.0,1.0,hsaco,4,28.16,Cijk_Ailk_Bljk_BBS_BH_UserArgs_MT64x32x32_SN_K1_PGR6_SB1_TT2_2_WG16_16_3
15,7168,2304,64,0,torch.bfloat16,torch.bfloat16,0.0,1.0,hsaco,4,29.36,Cijk_Ailk_Bljk_BBS_BH_UserArgs_MT64x32x32_SN_K1_PGR6_SB1_TT2_2_WG16_16_3
15,512,7168,64,0,torch.bfloat16,torch.bfloat16,0.0,1.0,hsaco,3,36.08,Cijk_Ailk_Bljk_BBS_BH_UserArgs_MT16x32x32_SN_K1_PGR6_SB1_TT2_2_WG16_16_2
15,1536,7168,64,0,torch.bfloat16,torch.bfloat16,0.0,1.0,hsaco,3,38.88,Cijk_Ailk_Bljk_BBS_BH_UserArgs_MT16x32x32_SN_K1_PGR6_SB1_TT2_2_WG16_16_2
15,3072,7168,64,0,torch.bfloat16,torch.bfloat16,0.0,1.0,hsaco,4,76.48,Cijk_Ailk_Bljk_BBS_BH_UserArgs_MT64x32x32_SN_K1_PGR6_SB1_TT2_2_WG16_16_3
15,4096,7168,64,0,torch.bfloat16,torch.bfloat16,0.0,1.0,hsaco,4,76.88,Cijk_Ailk_Bljk_BBS_BH_UserArgs_MT64x32x32_SN_K1_PGR6_SB1_TT2_2_WG16_16_3
15,4608,7168,64,0,torch.bfloat16,torch.bfloat16,0.0,1.0,hsaco,4,75.76,Cijk_Ailk_Bljk_BBS_BH_UserArgs_MT64x32x32_SN_K1_PGR6_SB1_TT2_2_WG16_16_3
15,7168,7168,64,0,torch.bfloat16,torch.bfloat16,0.0,1.0,hsaco,4,77.76,Cijk_Ailk_Bljk_BBS_BH_UserArgs_MT64x32x32_SN_K1_PGR6_SB1_TT2_2_WG16_16_3
16,576,256,64,0,torch.bfloat16,torch.bfloat16,0.0,1.0,hsaco,3,6.08,Cijk_Ailk_Bljk_BBS_BH_UserArgs_MT16x32x32_SN_K1_PGR6_SB1_TT2_2_WG16_16_2
16,1536,256,64,0,torch.bfloat16,torch.bfloat16,0.0,1.0,hsaco,3,6.0,Cijk_Ailk_Bljk_BBS_BH_UserArgs_MT16x32x32_SN_K1_PGR6_SB1_TT2_2_WG16_16_2
16,3072,256,64,0,torch.bfloat16,torch.bfloat16,0.0,1.0,hsaco,4,8.56,Cijk_Ailk_Bljk_BBS_BH_UserArgs_MT64x32x32_SN_K1_PGR6_SB1_TT2_2_WG16_16_3
16,4096,256,64,0,torch.bfloat16,torch.bfloat16,0.0,1.0,hsaco,4,8.4,Cijk_Ailk_Bljk_BBS_BH_UserArgs_MT64x32x32_SN_K1_PGR6_SB1_TT2_2_WG16_16_3
16,4608,256,64,0,torch.bfloat16,torch.bfloat16,0.0,1.0,hsaco,0,8.16,Cijk_Ailk_Bljk_BBS_BH_UserArgs_MT64x32x32_SN_K1_PGR6_SB1_TT2_2_WG16_16_2
16,7168,256,64,0,torch.bfloat16,torch.bfloat16,0.0,1.0,hsaco,0,9.36,Cijk_Ailk_Bljk_BBS_BH_UserArgs_MT64x32x32_SN_K1_PGR6_SB1_TT2_2_WG16_16_2
16,576,512,64,0,torch.bfloat16,torch.bfloat16,0.0,1.0,hsaco,3,7.12,Cijk_Ailk_Bljk_BBS_BH_UserArgs_MT16x32x32_SN_K1_PGR6_SB1_TT2_2_WG16_16_2
16,1536,512,64,0,torch.bfloat16,torch.bfloat16,0.0,1.0,hsaco,3,6.96,Cijk_Ailk_Bljk_BBS_BH_UserArgs_MT16x32x32_SN_K1_PGR6_SB1_TT2_2_WG16_16_2
16,3072,512,64,0,torch.bfloat16,torch.bfloat16,0.0,1.0,hsaco,4,10.72,Cijk_Ailk_Bljk_BBS_BH_UserArgs_MT64x32x32_SN_K1_PGR6_SB1_TT2_2_WG16_16_3
16,4096,512,64,0,torch.bfloat16,torch.bfloat16,0.0,1.0,hsaco,4,11.04,Cijk_Ailk_Bljk_BBS_BH_UserArgs_MT64x32x32_SN_K1_PGR6_SB1_TT2_2_WG16_16_3
16,4608,512,64,0,torch.bfloat16,torch.bfloat16,0.0,1.0,hsaco,4,10.8,Cijk_Ailk_Bljk_BBS_BH_UserArgs_MT64x32x32_SN_K1_PGR6_SB1_TT2_2_WG16_16_3
16,7168,512,64,0,torch.bfloat16,torch.bfloat16,0.0,1.0,hsaco,4,11.04,Cijk_Ailk_Bljk_BBS_BH_UserArgs_MT64x32x32_SN_K1_PGR6_SB1_TT2_2_WG16_16_3
16,576,1536,64,0,torch.bfloat16,torch.bfloat16,0.0,1.0,hsaco,3,10.88,Cijk_Ailk_Bljk_BBS_BH_UserArgs_MT16x32x32_SN_K1_PGR6_SB1_TT2_2_WG16_16_2
16,1536,1536,64,0,torch.bfloat16,torch.bfloat16,0.0,1.0,hsaco,3,11.76,Cijk_Ailk_Bljk_BBS_BH_UserArgs_MT16x32x32_SN_K1_PGR6_SB1_TT2_2_WG16_16_2
16,3072,1536,64,0,torch.bfloat16,torch.bfloat16,0.0,1.0,hsaco,4,20.56,Cijk_Ailk_Bljk_BBS_BH_UserArgs_MT64x32x32_SN_K1_PGR6_SB1_TT2_2_WG16_16_3
16,4096,1536,64,0,torch.bfloat16,torch.bfloat16,0.0,1.0,hsaco,4,20.96,Cijk_Ailk_Bljk_BBS_BH_UserArgs_MT64x32x32_SN_K1_PGR6_SB1_TT2_2_WG16_16_3
16,4608,1536,64,0,torch.bfloat16,torch.bfloat16,0.0,1.0,hsaco,4,20.88,Cijk_Ailk_Bljk_BBS_BH_UserArgs_MT64x32x32_SN_K1_PGR6_SB1_TT2_2_WG16_16_3
16,7168,1536,64,0,torch.bfloat16,torch.bfloat16,0.0,1.0,hsaco,4,21.2,Cijk_Ailk_Bljk_BBS_BH_UserArgs_MT64x32x32_SN_K1_PGR6_SB1_TT2_2_WG16_16_3
16,512,2048,64,0,torch.bfloat16,torch.bfloat16,0.0,1.0,hsaco,3,13.52,Cijk_Ailk_Bljk_BBS_BH_UserArgs_MT16x32x32_SN_K1_PGR6_SB1_TT2_2_WG16_16_2
16,1536,2048,64,0,torch.bfloat16,torch.bfloat16,0.0,1.0,hsaco,3,13.92,Cijk_Ailk_Bljk_BBS_BH_UserArgs_MT16x32x32_SN_K1_PGR6_SB1_TT2_2_WG16_16_2
16,3072,2048,64,0,torch.bfloat16,torch.bfloat16,0.0,1.0,hsaco,4,25.44,Cijk_Ailk_Bljk_BBS_BH_UserArgs_MT64x32x32_SN_K1_PGR6_SB1_TT2_2_WG16_16_3
16,4096,2048,64,0,torch.bfloat16,torch.bfloat16,0.0,1.0,hsaco,4,26.48,Cijk_Ailk_Bljk_BBS_BH_UserArgs_MT64x32x32_SN_K1_PGR6_SB1_TT2_2_WG16_16_3
16,4608,2048,64,0,torch.bfloat16,torch.bfloat16,0.0,1.0,hsaco,4,25.6,Cijk_Ailk_Bljk_BBS_BH_UserArgs_MT64x32x32_SN_K1_PGR6_SB1_TT2_2_WG16_16_3
16,7168,2048,64,0,torch.bfloat16,torch.bfloat16,0.0,1.0,hsaco,4,25.76,Cijk_Ailk_Bljk_BBS_BH_UserArgs_MT64x32x32_SN_K1_PGR6_SB1_TT2_2_WG16_16_3
16,512,2304,64,0,torch.bfloat16,torch.bfloat16,0.0,1.0,hsaco,3,14.88,Cijk_Ailk_Bljk_BBS_BH_UserArgs_MT16x32x32_SN_K1_PGR6_SB1_TT2_2_WG16_16_2
16,1536,2304,64,0,torch.bfloat16,torch.bfloat16,0.0,1.0,hsaco,3,15.68,Cijk_Ailk_Bljk_BBS_BH_UserArgs_MT16x32x32_SN_K1_PGR6_SB1_TT2_2_WG16_16_2
16,3072,2304,64,0,torch.bfloat16,torch.bfloat16,0.0,1.0,hsaco,4,28.08,Cijk_Ailk_Bljk_BBS_BH_UserArgs_MT64x32x32_SN_K1_PGR6_SB1_TT2_2_WG16_16_3
16,4096,2304,64,0,torch.bfloat16,torch.bfloat16,0.0,1.0,hsaco,4,28.32,Cijk_Ailk_Bljk_BBS_BH_UserArgs_MT64x32x32_SN_K1_PGR6_SB1_TT2_2_WG16_16_3
16,4608,2304,64,0,torch.bfloat16,torch.bfloat16,0.0,1.0,hsaco,4,28.24,Cijk_Ailk_Bljk_BBS_BH_UserArgs_MT64x32x32_SN_K1_PGR6_SB1_TT2_2_WG16_16_3
16,7168,2304,64,0,torch.bfloat16,torch.bfloat16,0.0,1.0,hsaco,4,29.52,Cijk_Ailk_Bljk_BBS_BH_UserArgs_MT64x32x32_SN_K1_PGR6_SB1_TT2_2_WG16_16_3
16,512,7168,64,0,torch.bfloat16,torch.bfloat16,0.0,1.0,hsaco,3,36.48,Cijk_Ailk_Bljk_BBS_BH_UserArgs_MT16x32x32_SN_K1_PGR6_SB1_TT2_2_WG16_16_2
16,1536,7168,64,0,torch.bfloat16,torch.bfloat16,0.0,1.0,hsaco,3,39.2,Cijk_Ailk_Bljk_BBS_BH_UserArgs_MT16x32x32_SN_K1_PGR6_SB1_TT2_2_WG16_16_2
16,3072,7168,64,0,torch.bfloat16,torch.bfloat16,0.0,1.0,hsaco,4,74.4,Cijk_Ailk_Bljk_BBS_BH_UserArgs_MT64x32x32_SN_K1_PGR6_SB1_TT2_2_WG16_16_3
16,4096,7168,64,0,torch.bfloat16,torch.bfloat16,0.0,1.0,hsaco,4,76.88,Cijk_Ailk_Bljk_BBS_BH_UserArgs_MT64x32x32_SN_K1_PGR6_SB1_TT2_2_WG16_16_3
16,4608,7168,64,0,torch.bfloat16,torch.bfloat16,0.0,1.0,hsaco,4,75.52,Cijk_Ailk_Bljk_BBS_BH_UserArgs_MT64x32x32_SN_K1_PGR6_SB1_TT2_2_WG16_16_3
16,7168,7168,64,0,torch.bfloat16,torch.bfloat16,0.0,1.0,hsaco,4,78.08,Cijk_Ailk_Bljk_BBS_BH_UserArgs_MT64x32x32_SN_K1_PGR6_SB1_TT2_2_WG16_16_3
17,576,256,64,0,torch.bfloat16,torch.bfloat16,0.0,1.0,hsaco,3,6.0,Cijk_Ailk_Bljk_BBS_BH_UserArgs_MT16x32x32_SN_K1_PGR6_SB1_TT2_2_WG16_16_2
17,1536,256,64,0,torch.bfloat16,torch.bfloat16,0.0,1.0,hsaco,3,6.0,Cijk_Ailk_Bljk_BBS_BH_UserArgs_MT16x32x32_SN_K1_PGR6_SB1_TT2_2_WG16_16_2
17,3072,256,64,0,torch.bfloat16,torch.bfloat16,0.0,1.0,hsaco,4,8.4,Cijk_Ailk_Bljk_BBS_BH_UserArgs_MT64x32x32_SN_K1_PGR6_SB1_TT2_2_WG16_16_3
17,4096,256,64,0,torch.bfloat16,torch.bfloat16,0.0,1.0,hsaco,4,8.4,Cijk_Ailk_Bljk_BBS_BH_UserArgs_MT64x32x32_SN_K1_PGR6_SB1_TT2_2_WG16_16_3
17,4608,256,64,0,torch.bfloat16,torch.bfloat16,0.0,1.0,hsaco,4,8.4,Cijk_Ailk_Bljk_BBS_BH_UserArgs_MT64x32x32_SN_K1_PGR6_SB1_TT2_2_WG16_16_3
17,7168,256,64,0,torch.bfloat16,torch.bfloat16,0.0,1.0,hsaco,0,9.28,Cijk_Ailk_Bljk_BBS_BH_UserArgs_MT64x32x32_SN_K1_PGR6_SB1_TT2_2_WG16_16_2
17,576,512,64,0,torch.bfloat16,torch.bfloat16,0.0,1.0,hsaco,3,6.8,Cijk_Ailk_Bljk_BBS_BH_UserArgs_MT16x32x32_SN_K1_PGR6_SB1_TT2_2_WG16_16_2
17,1536,512,64,0,torch.bfloat16,torch.bfloat16,0.0,1.0,hsaco,3,6.96,Cijk_Ailk_Bljk_BBS_BH_UserArgs_MT16x32x32_SN_K1_PGR6_SB1_TT2_2_WG16_16_2
17,3072,512,64,0,torch.bfloat16,torch.bfloat16,0.0,1.0,hsaco,4,10.96,Cijk_Ailk_Bljk_BBS_BH_UserArgs_MT64x32x32_SN_K1_PGR6_SB1_TT2_2_WG16_16_3
17,4096,512,64,0,torch.bfloat16,torch.bfloat16,0.0,1.0,hsaco,4,10.72,Cijk_Ailk_Bljk_BBS_BH_UserArgs_MT64x32x32_SN_K1_PGR6_SB1_TT2_2_WG16_16_3
17,4608,512,64,0,torch.bfloat16,torch.bfloat16,0.0,1.0,hsaco,4,10.72,Cijk_Ailk_Bljk_BBS_BH_UserArgs_MT64x32x32_SN_K1_PGR6_SB1_TT2_2_WG16_16_3
17,7168,512,64,0,torch.bfloat16,torch.bfloat16,0.0,1.0,hsaco,4,10.96,Cijk_Ailk_Bljk_BBS_BH_UserArgs_MT64x32x32_SN_K1_PGR6_SB1_TT2_2_WG16_16_3
17,576,1536,64,0,torch.bfloat16,torch.bfloat16,0.0,1.0,hsaco,3,11.28,Cijk_Ailk_Bljk_BBS_BH_UserArgs_MT16x32x32_SN_K1_PGR6_SB1_TT2_2_WG16_16_2
17,1536,1536,64,0,torch.bfloat16,torch.bfloat16,0.0,1.0,hsaco,3,11.6,Cijk_Ailk_Bljk_BBS_BH_UserArgs_MT16x32x32_SN_K1_PGR6_SB1_TT2_2_WG16_16_2
17,3072,1536,64,0,torch.bfloat16,torch.bfloat16,0.0,1.0,hsaco,4,20.64,Cijk_Ailk_Bljk_BBS_BH_UserArgs_MT64x32x32_SN_K1_PGR6_SB1_TT2_2_WG16_16_3
17,4096,1536,64,0,torch.bfloat16,torch.bfloat16,0.0,1.0,hsaco,4,20.8,Cijk_Ailk_Bljk_BBS_BH_UserArgs_MT64x32x32_SN_K1_PGR6_SB1_TT2_2_WG16_16_3
17,4608,1536,64,0,torch.bfloat16,torch.bfloat16,0.0,1.0,hsaco,4,20.96,Cijk_Ailk_Bljk_BBS_BH_UserArgs_MT64x32x32_SN_K1_PGR6_SB1_TT2_2_WG16_16_3
17,7168,1536,64,0,torch.bfloat16,torch.bfloat16,0.0,1.0,hsaco,4,21.12,Cijk_Ailk_Bljk_BBS_BH_UserArgs_MT64x32x32_SN_K1_PGR6_SB1_TT2_2_WG16_16_3
17,512,2048,64,0,torch.bfloat16,torch.bfloat16,0.0,1.0,hsaco,3,13.44,Cijk_Ailk_Bljk_BBS_BH_UserArgs_MT16x32x32_SN_K1_PGR6_SB1_TT2_2_WG16_16_2
17,1536,2048,64,0,torch.bfloat16,torch.bfloat16,0.0,1.0,hsaco,3,13.92,Cijk_Ailk_Bljk_BBS_BH_UserArgs_MT16x32x32_SN_K1_PGR6_SB1_TT2_2_WG16_16_2
17,3072,2048,64,0,torch.bfloat16,torch.bfloat16,0.0,1.0,hsaco,4,25.36,Cijk_Ailk_Bljk_BBS_BH_UserArgs_MT64x32x32_SN_K1_PGR6_SB1_TT2_2_WG16_16_3
17,4096,2048,64,0,torch.bfloat16,torch.bfloat16,0.0,1.0,hsaco,4,26.48,Cijk_Ailk_Bljk_BBS_BH_UserArgs_MT64x32x32_SN_K1_PGR6_SB1_TT2_2_WG16_16_3
17,4608,2048,64,0,torch.bfloat16,torch.bfloat16,0.0,1.0,hsaco,4,25.6,Cijk_Ailk_Bljk_BBS_BH_UserArgs_MT64x32x32_SN_K1_PGR6_SB1_TT2_2_WG16_16_3
17,7168,2048,64,0,torch.bfloat16,torch.bfloat16,0.0,1.0,hsaco,4,26.08,Cijk_Ailk_Bljk_BBS_BH_UserArgs_MT64x32x32_SN_K1_PGR6_SB1_TT2_2_WG16_16_3
17,512,2304,64,0,torch.bfloat16,torch.bfloat16,0.0,1.0,hsaco,3,14.8,Cijk_Ailk_Bljk_BBS_BH_UserArgs_MT16x32x32_SN_K1_PGR6_SB1_TT2_2_WG16_16_2
17,1536,2304,64,0,torch.bfloat16,torch.bfloat16,0.0,1.0,hsaco,3,15.76,Cijk_Ailk_Bljk_BBS_BH_UserArgs_MT16x32x32_SN_K1_PGR6_SB1_TT2_2_WG16_16_2
17,3072,2304,64,0,torch.bfloat16,torch.bfloat16,0.0,1.0,hsaco,4,28.0,Cijk_Ailk_Bljk_BBS_BH_UserArgs_MT64x32x32_SN_K1_PGR6_SB1_TT2_2_WG16_16_3
17,4096,2304,64,0,torch.bfloat16,torch.bfloat16,0.0,1.0,hsaco,4,28.08,Cijk_Ailk_Bljk_BBS_BH_UserArgs_MT64x32x32_SN_K1_PGR6_SB1_TT2_2_WG16_16_3
17,4608,2304,64,0,torch.bfloat16,torch.bfloat16,0.0,1.0,hsaco,4,28.48,Cijk_Ailk_Bljk_BBS_BH_UserArgs_MT64x32x32_SN_K1_PGR6_SB1_TT2_2_WG16_16_3
17,7168,2304,64,0,torch.bfloat16,torch.bfloat16,0.0,1.0,hsaco,4,29.2,Cijk_Ailk_Bljk_BBS_BH_UserArgs_MT64x32x32_SN_K1_PGR6_SB1_TT2_2_WG16_16_3
17,512,7168,64,0,torch.bfloat16,torch.bfloat16,0.0,1.0,hsaco,3,36.32,Cijk_Ailk_Bljk_BBS_BH_UserArgs_MT16x32x32_SN_K1_PGR6_SB1_TT2_2_WG16_16_2
17,1536,7168,64,0,torch.bfloat16,torch.bfloat16,0.0,1.0,hsaco,3,39.44,Cijk_Ailk_Bljk_BBS_BH_UserArgs_MT16x32x32_SN_K1_PGR6_SB1_TT2_2_WG16_16_2
17,3072,7168,64,0,torch.bfloat16,torch.bfloat16,0.0,1.0,hsaco,4,75.84,Cijk_Ailk_Bljk_BBS_BH_UserArgs_MT64x32x32_SN_K1_PGR6_SB1_TT2_2_WG16_16_3
17,4096,7168,64,0,torch.bfloat16,torch.bfloat16,0.0,1.0,hsaco,4,77.04,Cijk_Ailk_Bljk_BBS_BH_UserArgs_MT64x32x32_SN_K1_PGR6_SB1_TT2_2_WG16_16_3
17,4608,7168,64,0,torch.bfloat16,torch.bfloat16,0.0,1.0,hsaco,4,76.24,Cijk_Ailk_Bljk_BBS_BH_UserArgs_MT64x32x32_SN_K1_PGR6_SB1_TT2_2_WG16_16_3
17,7168,7168,64,0,torch.bfloat16,torch.bfloat16,0.0,1.0,hsaco,4,77.92,Cijk_Ailk_Bljk_BBS_BH_UserArgs_MT64x32x32_SN_K1_PGR6_SB1_TT2_2_WG16_16_3
18,576,256,64,0,torch.bfloat16,torch.bfloat16,0.0,1.0,hsaco,3,6.08,Cijk_Ailk_Bljk_BBS_BH_UserArgs_MT16x32x32_SN_K1_PGR6_SB1_TT2_2_WG16_16_2
18,1536,256,64,0,torch.bfloat16,torch.bfloat16,0.0,1.0,hsaco,3,6.08,Cijk_Ailk_Bljk_BBS_BH_UserArgs_MT16x32x32_SN_K1_PGR6_SB1_TT2_2_WG16_16_2
18,3072,256,64,0,torch.bfloat16,torch.bfloat16,0.0,1.0,hsaco,4,8.56,Cijk_Ailk_Bljk_BBS_BH_UserArgs_MT64x32x32_SN_K1_PGR6_SB1_TT2_2_WG16_16_3
18,4096,256,64,0,torch.bfloat16,torch.bfloat16,0.0,1.0,hsaco,0,8.4,Cijk_Ailk_Bljk_BBS_BH_UserArgs_MT64x32x32_SN_K1_PGR6_SB1_TT2_2_WG16_16_2
18,4608,256,64,0,torch.bfloat16,torch.bfloat16,0.0,1.0,hsaco,4,8.48,Cijk_Ailk_Bljk_BBS_BH_UserArgs_MT64x32x32_SN_K1_PGR6_SB1_TT2_2_WG16_16_3
18,7168,256,64,0,torch.bfloat16,torch.bfloat16,0.0,1.0,hsaco,0,9.28,Cijk_Ailk_Bljk_BBS_BH_UserArgs_MT64x32x32_SN_K1_PGR6_SB1_TT2_2_WG16_16_2
18,576,512,64,0,torch.bfloat16,torch.bfloat16,0.0,1.0,hsaco,3,7.12,Cijk_Ailk_Bljk_BBS_BH_UserArgs_MT16x32x32_SN_K1_PGR6_SB1_TT2_2_WG16_16_2
18,1536,512,64,0,torch.bfloat16,torch.bfloat16,0.0,1.0,hsaco,3,6.88,Cijk_Ailk_Bljk_BBS_BH_UserArgs_MT16x32x32_SN_K1_PGR6_SB1_TT2_2_WG16_16_2
18,3072,512,64,0,torch.bfloat16,torch.bfloat16,0.0,1.0,hsaco,4,10.64,Cijk_Ailk_Bljk_BBS_BH_UserArgs_MT64x32x32_SN_K1_PGR6_SB1_TT2_2_WG16_16_3
18,4096,512,64,0,torch.bfloat16,torch.bfloat16,0.0,1.0,hsaco,4,10.72,Cijk_Ailk_Bljk_BBS_BH_UserArgs_MT64x32x32_SN_K1_PGR6_SB1_TT2_2_WG16_16_3
18,4608,512,64,0,torch.bfloat16,torch.bfloat16,0.0,1.0,hsaco,4,10.96,Cijk_Ailk_Bljk_BBS_BH_UserArgs_MT64x32x32_SN_K1_PGR6_SB1_TT2_2_WG16_16_3
18,7168,512,64,0,torch.bfloat16,torch.bfloat16,0.0,1.0,hsaco,4,11.04,Cijk_Ailk_Bljk_BBS_BH_UserArgs_MT64x32x32_SN_K1_PGR6_SB1_TT2_2_WG16_16_3
18,576,1536,64,0,torch.bfloat16,torch.bfloat16,0.0,1.0,hsaco,3,11.28,Cijk_Ailk_Bljk_BBS_BH_UserArgs_MT16x32x32_SN_K1_PGR6_SB1_TT2_2_WG16_16_2
18,1536,1536,64,0,torch.bfloat16,torch.bfloat16,0.0,1.0,hsaco,3,11.92,Cijk_Ailk_Bljk_BBS_BH_UserArgs_MT16x32x32_SN_K1_PGR6_SB1_TT2_2_WG16_16_2
18,3072,1536,64,0,torch.bfloat16,torch.bfloat16,0.0,1.0,hsaco,4,20.64,Cijk_Ailk_Bljk_BBS_BH_UserArgs_MT64x32x32_SN_K1_PGR6_SB1_TT2_2_WG16_16_3
18,4096,1536,64,0,torch.bfloat16,torch.bfloat16,0.0,1.0,hsaco,4,20.72,Cijk_Ailk_Bljk_BBS_BH_UserArgs_MT64x32x32_SN_K1_PGR6_SB1_TT2_2_WG16_16_3
18,4608,1536,64,0,torch.bfloat16,torch.bfloat16,0.0,1.0,hsaco,4,21.04,Cijk_Ailk_Bljk_BBS_BH_UserArgs_MT64x32x32_SN_K1_PGR6_SB1_TT2_2_WG16_16_3
18,7168,1536,64,0,torch.bfloat16,torch.bfloat16,0.0,1.0,hsaco,4,21.04,Cijk_Ailk_Bljk_BBS_BH_UserArgs_MT64x32x32_SN_K1_PGR6_SB1_TT2_2_WG16_16_3
18,512,2048,64,0,torch.bfloat16,torch.bfloat16,0.0,1.0,hsaco,3,13.44,Cijk_Ailk_Bljk_BBS_BH_UserArgs_MT16x32x32_SN_K1_PGR6_SB1_TT2_2_WG16_16_2
18,1536,2048,64,0,torch.bfloat16,torch.bfloat16,0.0,1.0,hsaco,3,13.92,Cijk_Ailk_Bljk_BBS_BH_UserArgs_MT16x32x32_SN_K1_PGR6_SB1_TT2_2_WG16_16_2
18,3072,2048,64,0,torch.bfloat16,torch.bfloat16,0.0,1.0,hsaco,4,25.52,Cijk_Ailk_Bljk_BBS_BH_UserArgs_MT64x32x32_SN_K1_PGR6_SB1_TT2_2_WG16_16_3
18,4096,2048,64,0,torch.bfloat16,torch.bfloat16,0.0,1.0,hsaco,4,26.4,Cijk_Ailk_Bljk_BBS_BH_UserArgs_MT64x32x32_SN_K1_PGR6_SB1_TT2_2_WG16_16_3
18,4608,2048,64,0,torch.bfloat16,torch.bfloat16,0.0,1.0,hsaco,4,25.68,Cijk_Ailk_Bljk_BBS_BH_UserArgs_MT64x32x32_SN_K1_PGR6_SB1_TT2_2_WG16_16_3
18,7168,2048,64,0,torch.bfloat16,torch.bfloat16,0.0,1.0,hsaco,4,25.92,Cijk_Ailk_Bljk_BBS_BH_UserArgs_MT64x32x32_SN_K1_PGR6_SB1_TT2_2_WG16_16_3
18,512,2304,64,0,torch.bfloat16,torch.bfloat16,0.0,1.0,hsaco,3,14.64,Cijk_Ailk_Bljk_BBS_BH_UserArgs_MT16x32x32_SN_K1_PGR6_SB1_TT2_2_WG16_16_2
18,1536,2304,64,0,torch.bfloat16,torch.bfloat16,0.0,1.0,hsaco,3,15.68,Cijk_Ailk_Bljk_BBS_BH_UserArgs_MT16x32x32_SN_K1_PGR6_SB1_TT2_2_WG16_16_2
18,3072,2304,64,0,torch.bfloat16,torch.bfloat16,0.0,1.0,hsaco,4,28.0,Cijk_Ailk_Bljk_BBS_BH_UserArgs_MT64x32x32_SN_K1_PGR6_SB1_TT2_2_WG16_16_3
18,4096,2304,64,0,torch.bfloat16,torch.bfloat16,0.0,1.0,hsaco,4,28.32,Cijk_Ailk_Bljk_BBS_BH_UserArgs_MT64x32x32_SN_K1_PGR6_SB1_TT2_2_WG16_16_3
18,4608,2304,64,0,torch.bfloat16,torch.bfloat16,0.0,1.0,hsaco,4,28.24,Cijk_Ailk_Bljk_BBS_BH_UserArgs_MT64x32x32_SN_K1_PGR6_SB1_TT2_2_WG16_16_3
18,7168,2304,64,0,torch.bfloat16,torch.bfloat16,0.0,1.0,hsaco,4,29.44,Cijk_Ailk_Bljk_BBS_BH_UserArgs_MT64x32x32_SN_K1_PGR6_SB1_TT2_2_WG16_16_3
18,512,7168,64,0,torch.bfloat16,torch.bfloat16,0.0,1.0,hsaco,3,36.88,Cijk_Ailk_Bljk_BBS_BH_UserArgs_MT16x32x32_SN_K1_PGR6_SB1_TT2_2_WG16_16_2
18,1536,7168,64,0,torch.bfloat16,torch.bfloat16,0.0,1.0,hsaco,3,39.76,Cijk_Ailk_Bljk_BBS_BH_UserArgs_MT16x32x32_SN_K1_PGR6_SB1_TT2_2_WG16_16_2
18,3072,7168,64,0,torch.bfloat16,torch.bfloat16,0.0,1.0,hsaco,4,75.36,Cijk_Ailk_Bljk_BBS_BH_UserArgs_MT64x32x32_SN_K1_PGR6_SB1_TT2_2_WG16_16_3
18,4096,7168,64,0,torch.bfloat16,torch.bfloat16,0.0,1.0,hsaco,4,77.04,Cijk_Ailk_Bljk_BBS_BH_UserArgs_MT64x32x32_SN_K1_PGR6_SB1_TT2_2_WG16_16_3
18,4608,7168,64,0,torch.bfloat16,torch.bfloat16,0.0,1.0,hsaco,4,75.84,Cijk_Ailk_Bljk_BBS_BH_UserArgs_MT64x32x32_SN_K1_PGR6_SB1_TT2_2_WG16_16_3
18,7168,7168,64,0,torch.bfloat16,torch.bfloat16,0.0,1.0,hsaco,4,78.0,Cijk_Ailk_Bljk_BBS_BH_UserArgs_MT64x32x32_SN_K1_PGR6_SB1_TT2_2_WG16_16_3
19,576,256,64,0,torch.bfloat16,torch.bfloat16,0.0,1.0,hsaco,3,6.0,Cijk_Ailk_Bljk_BBS_BH_UserArgs_MT16x32x32_SN_K1_PGR6_SB1_TT2_2_WG16_16_2
19,1536,256,64,0,torch.bfloat16,torch.bfloat16,0.0,1.0,hsaco,3,6.08,Cijk_Ailk_Bljk_BBS_BH_UserArgs_MT16x32x32_SN_K1_PGR6_SB1_TT2_2_WG16_16_2
19,3072,256,64,0,torch.bfloat16,torch.bfloat16,0.0,1.0,hsaco,4,8.56,Cijk_Ailk_Bljk_BBS_BH_UserArgs_MT64x32x32_SN_K1_PGR6_SB1_TT2_2_WG16_16_3
19,4096,256,64,0,torch.bfloat16,torch.bfloat16,0.0,1.0,hsaco,4,8.48,Cijk_Ailk_Bljk_BBS_BH_UserArgs_MT64x32x32_SN_K1_PGR6_SB1_TT2_2_WG16_16_3
19,4608,256,64,0,torch.bfloat16,torch.bfloat16,0.0,1.0,hsaco,4,8.48,Cijk_Ailk_Bljk_BBS_BH_UserArgs_MT64x32x32_SN_K1_PGR6_SB1_TT2_2_WG16_16_3
19,7168,256,64,0,torch.bfloat16,torch.bfloat16,0.0,1.0,hsaco,0,9.52,Cijk_Ailk_Bljk_BBS_BH_UserArgs_MT64x32x32_SN_K1_PGR6_SB1_TT2_2_WG16_16_2
19,576,512,64,0,torch.bfloat16,torch.bfloat16,0.0,1.0,hsaco,3,7.2,Cijk_Ailk_Bljk_BBS_BH_UserArgs_MT16x32x32_SN_K1_PGR6_SB1_TT2_2_WG16_16_2
19,1536,512,64,0,torch.bfloat16,torch.bfloat16,0.0,1.0,hsaco,3,6.96,Cijk_Ailk_Bljk_BBS_BH_UserArgs_MT16x32x32_SN_K1_PGR6_SB1_TT2_2_WG16_16_2
19,3072,512,64,0,torch.bfloat16,torch.bfloat16,0.0,1.0,hsaco,4,10.72,Cijk_Ailk_Bljk_BBS_BH_UserArgs_MT64x32x32_SN_K1_PGR6_SB1_TT2_2_WG16_16_3
19,4096,512,64,0,torch.bfloat16,torch.bfloat16,0.0,1.0,hsaco,4,10.64,Cijk_Ailk_Bljk_BBS_BH_UserArgs_MT64x32x32_SN_K1_PGR6_SB1_TT2_2_WG16_16_3
19,4608,512,64,0,torch.bfloat16,torch.bfloat16,0.0,1.0,hsaco,4,10.8,Cijk_Ailk_Bljk_BBS_BH_UserArgs_MT64x32x32_SN_K1_PGR6_SB1_TT2_2_WG16_16_3
19,7168,512,64,0,torch.bfloat16,torch.bfloat16,0.0,1.0,hsaco,4,11.12,Cijk_Ailk_Bljk_BBS_BH_UserArgs_MT64x32x32_SN_K1_PGR6_SB1_TT2_2_WG16_16_3
19,576,1536,64,0,torch.bfloat16,torch.bfloat16,0.0,1.0,hsaco,3,11.2,Cijk_Ailk_Bljk_BBS_BH_UserArgs_MT16x32x32_SN_K1_PGR6_SB1_TT2_2_WG16_16_2
19,1536,1536,64,0,torch.bfloat16,torch.bfloat16,0.0,1.0,hsaco,3,11.76,Cijk_Ailk_Bljk_BBS_BH_UserArgs_MT16x32x32_SN_K1_PGR6_SB1_TT2_2_WG16_16_2
19,3072,1536,64,0,torch.bfloat16,torch.bfloat16,0.0,1.0,hsaco,4,20.56,Cijk_Ailk_Bljk_BBS_BH_UserArgs_MT64x32x32_SN_K1_PGR6_SB1_TT2_2_WG16_16_3
19,4096,1536,64,0,torch.bfloat16,torch.bfloat16,0.0,1.0,hsaco,4,20.88,Cijk_Ailk_Bljk_BBS_BH_UserArgs_MT64x32x32_SN_K1_PGR6_SB1_TT2_2_WG16_16_3
19,4608,1536,64,0,torch.bfloat16,torch.bfloat16,0.0,1.0,hsaco,4,20.8,Cijk_Ailk_Bljk_BBS_BH_UserArgs_MT64x32x32_SN_K1_PGR6_SB1_TT2_2_WG16_16_3
19,7168,1536,64,0,torch.bfloat16,torch.bfloat16,0.0,1.0,hsaco,4,21.28,Cijk_Ailk_Bljk_BBS_BH_UserArgs_MT64x32x32_SN_K1_PGR6_SB1_TT2_2_WG16_16_3
19,512,2048,64,0,torch.bfloat16,torch.bfloat16,0.0,1.0,hsaco,3,13.6,Cijk_Ailk_Bljk_BBS_BH_UserArgs_MT16x32x32_SN_K1_PGR6_SB1_TT2_2_WG16_16_2
19,1536,2048,64,0,torch.bfloat16,torch.bfloat16,0.0,1.0,hsaco,3,13.84,Cijk_Ailk_Bljk_BBS_BH_UserArgs_MT16x32x32_SN_K1_PGR6_SB1_TT2_2_WG16_16_2
19,3072,2048,64,0,torch.bfloat16,torch.bfloat16,0.0,1.0,hsaco,4,25.6,Cijk_Ailk_Bljk_BBS_BH_UserArgs_MT64x32x32_SN_K1_PGR6_SB1_TT2_2_WG16_16_3
19,4096,2048,64,0,torch.bfloat16,torch.bfloat16,0.0,1.0,hsaco,4,26.48,Cijk_Ailk_Bljk_BBS_BH_UserArgs_MT64x32x32_SN_K1_PGR6_SB1_TT2_2_WG16_16_3
19,4608,2048,64,0,torch.bfloat16,torch.bfloat16,0.0,1.0,hsaco,4,25.76,Cijk_Ailk_Bljk_BBS_BH_UserArgs_MT64x32x32_SN_K1_PGR6_SB1_TT2_2_WG16_16_3
19,7168,2048,64,0,torch.bfloat16,torch.bfloat16,0.0,1.0,hsaco,4,25.92,Cijk_Ailk_Bljk_BBS_BH_UserArgs_MT64x32x32_SN_K1_PGR6_SB1_TT2_2_WG16_16_3
19,512,2304,64,0,torch.bfloat16,torch.bfloat16,0.0,1.0,hsaco,3,14.56,Cijk_Ailk_Bljk_BBS_BH_UserArgs_MT16x32x32_SN_K1_PGR6_SB1_TT2_2_WG16_16_2
19,1536,2304,64,0,torch.bfloat16,torch.bfloat16,0.0,1.0,hsaco,3,15.68,Cijk_Ailk_Bljk_BBS_BH_UserArgs_MT16x32x32_SN_K1_PGR6_SB1_TT2_2_WG16_16_2
19,3072,2304,64,0,torch.bfloat16,torch.bfloat16,0.0,1.0,hsaco,4,28.16,Cijk_Ailk_Bljk_BBS_BH_UserArgs_MT64x32x32_SN_K1_PGR6_SB1_TT2_2_WG16_16_3
19,4096,2304,64,0,torch.bfloat16,torch.bfloat16,0.0,1.0,hsaco,4,28.24,Cijk_Ailk_Bljk_BBS_BH_UserArgs_MT64x32x32_SN_K1_PGR6_SB1_TT2_2_WG16_16_3
19,4608,2304,64,0,torch.bfloat16,torch.bfloat16,0.0,1.0,hsaco,4,28.32,Cijk_Ailk_Bljk_BBS_BH_UserArgs_MT64x32x32_SN_K1_PGR6_SB1_TT2_2_WG16_16_3
19,7168,2304,64,0,torch.bfloat16,torch.bfloat16,0.0,1.0,hsaco,4,29.36,Cijk_Ailk_Bljk_BBS_BH_UserArgs_MT64x32x32_SN_K1_PGR6_SB1_TT2_2_WG16_16_3
19,512,7168,64,0,torch.bfloat16,torch.bfloat16,0.0,1.0,hsaco,3,36.48,Cijk_Ailk_Bljk_BBS_BH_UserArgs_MT16x32x32_SN_K1_PGR6_SB1_TT2_2_WG16_16_2
19,1536,7168,64,0,torch.bfloat16,torch.bfloat16,0.0,1.0,hsaco,3,39.52,Cijk_Ailk_Bljk_BBS_BH_UserArgs_MT16x32x32_SN_K1_PGR6_SB1_TT2_2_WG16_16_2
19,3072,7168,64,0,torch.bfloat16,torch.bfloat16,0.0,1.0,hsaco,4,76.48,Cijk_Ailk_Bljk_BBS_BH_UserArgs_MT64x32x32_SN_K1_PGR6_SB1_TT2_2_WG16_16_3
19,4096,7168,64,0,torch.bfloat16,torch.bfloat16,0.0,1.0,hsaco,4,76.88,Cijk_Ailk_Bljk_BBS_BH_UserArgs_MT64x32x32_SN_K1_PGR6_SB1_TT2_2_WG16_16_3
19,4608,7168,64,0,torch.bfloat16,torch.bfloat16,0.0,1.0,hsaco,4,75.68,Cijk_Ailk_Bljk_BBS_BH_UserArgs_MT64x32x32_SN_K1_PGR6_SB1_TT2_2_WG16_16_3
19,7168,7168,64,0,torch.bfloat16,torch.bfloat16,0.0,1.0,hsaco,4,79.2,Cijk_Ailk_Bljk_BBS_BH_UserArgs_MT64x32x32_SN_K1_PGR6_SB1_TT2_2_WG16_16_3
20,576,256,64,0,torch.bfloat16,torch.bfloat16,0.0,1.0,hsaco,3,6.0,Cijk_Ailk_Bljk_BBS_BH_UserArgs_MT16x32x32_SN_K1_PGR6_SB1_TT2_2_WG16_16_2
20,1536,256,64,0,torch.bfloat16,torch.bfloat16,0.0,1.0,hsaco,3,5.92,Cijk_Ailk_Bljk_BBS_BH_UserArgs_MT16x32x32_SN_K1_PGR6_SB1_TT2_2_WG16_16_2
20,3072,256,64,0,torch.bfloat16,torch.bfloat16,0.0,1.0,hsaco,4,8.56,Cijk_Ailk_Bljk_BBS_BH_UserArgs_MT64x32x32_SN_K1_PGR6_SB1_TT2_2_WG16_16_3
20,4096,256,64,0,torch.bfloat16,torch.bfloat16,0.0,1.0,hsaco,4,8.4,Cijk_Ailk_Bljk_BBS_BH_UserArgs_MT64x32x32_SN_K1_PGR6_SB1_TT2_2_WG16_16_3
20,4608,256,64,0,torch.bfloat16,torch.bfloat16,0.0,1.0,hsaco,0,8.4,Cijk_Ailk_Bljk_BBS_BH_UserArgs_MT64x32x32_SN_K1_PGR6_SB1_TT2_2_WG16_16_2
20,7168,256,64,0,torch.bfloat16,torch.bfloat16,0.0,1.0,hsaco,0,9.28,Cijk_Ailk_Bljk_BBS_BH_UserArgs_MT64x32x32_SN_K1_PGR6_SB1_TT2_2_WG16_16_2
20,576,512,64,0,torch.bfloat16,torch.bfloat16,0.0,1.0,hsaco,3,7.2,Cijk_Ailk_Bljk_BBS_BH_UserArgs_MT16x32x32_SN_K1_PGR6_SB1_TT2_2_WG16_16_2
20,1536,512,64,0,torch.bfloat16,torch.bfloat16,0.0,1.0,hsaco,3,6.96,Cijk_Ailk_Bljk_BBS_BH_UserArgs_MT16x32x32_SN_K1_PGR6_SB1_TT2_2_WG16_16_2
20,3072,512,64,0,torch.bfloat16,torch.bfloat16,0.0,1.0,hsaco,4,10.64,Cijk_Ailk_Bljk_BBS_BH_UserArgs_MT64x32x32_SN_K1_PGR6_SB1_TT2_2_WG16_16_3
20,4096,512,64,0,torch.bfloat16,torch.bfloat16,0.0,1.0,hsaco,4,10.72,Cijk_Ailk_Bljk_BBS_BH_UserArgs_MT64x32x32_SN_K1_PGR6_SB1_TT2_2_WG16_16_3
20,4608,512,64,0,torch.bfloat16,torch.bfloat16,0.0,1.0,hsaco,4,10.8,Cijk_Ailk_Bljk_BBS_BH_UserArgs_MT64x32x32_SN_K1_PGR6_SB1_TT2_2_WG16_16_3
20,7168,512,64,0,torch.bfloat16,torch.bfloat16,0.0,1.0,hsaco,4,11.04,Cijk_Ailk_Bljk_BBS_BH_UserArgs_MT64x32x32_SN_K1_PGR6_SB1_TT2_2_WG16_16_3
20,576,1536,64,0,torch.bfloat16,torch.bfloat16,0.0,1.0,hsaco,3,11.44,Cijk_Ailk_Bljk_BBS_BH_UserArgs_MT16x32x32_SN_K1_PGR6_SB1_TT2_2_WG16_16_2
20,1536,1536,64,0,torch.bfloat16,torch.bfloat16,0.0,1.0,hsaco,3,11.76,Cijk_Ailk_Bljk_BBS_BH_UserArgs_MT16x32x32_SN_K1_PGR6_SB1_TT2_2_WG16_16_2
20,3072,1536,64,0,torch.bfloat16,torch.bfloat16,0.0,1.0,hsaco,4,20.64,Cijk_Ailk_Bljk_BBS_BH_UserArgs_MT64x32x32_SN_K1_PGR6_SB1_TT2_2_WG16_16_3
20,4096,1536,64,0,torch.bfloat16,torch.bfloat16,0.0,1.0,hsaco,4,20.8,Cijk_Ailk_Bljk_BBS_BH_UserArgs_MT64x32x32_SN_K1_PGR6_SB1_TT2_2_WG16_16_3
20,4608,1536,64,0,torch.bfloat16,torch.bfloat16,0.0,1.0,hsaco,4,20.8,Cijk_Ailk_Bljk_BBS_BH_UserArgs_MT64x32x32_SN_K1_PGR6_SB1_TT2_2_WG16_16_3
20,7168,1536,64,0,torch.bfloat16,torch.bfloat16,0.0,1.0,hsaco,4,21.12,Cijk_Ailk_Bljk_BBS_BH_UserArgs_MT64x32x32_SN_K1_PGR6_SB1_TT2_2_WG16_16_3
20,512,2048,64,0,torch.bfloat16,torch.bfloat16,0.0,1.0,hsaco,3,13.68,Cijk_Ailk_Bljk_BBS_BH_UserArgs_MT16x32x32_SN_K1_PGR6_SB1_TT2_2_WG16_16_2
20,1536,2048,64,0,torch.bfloat16,torch.bfloat16,0.0,1.0,hsaco,3,13.92,Cijk_Ailk_Bljk_BBS_BH_UserArgs_MT16x32x32_SN_K1_PGR6_SB1_TT2_2_WG16_16_2
20,3072,2048,64,0,torch.bfloat16,torch.bfloat16,0.0,1.0,hsaco,4,25.36,Cijk_Ailk_Bljk_BBS_BH_UserArgs_MT64x32x32_SN_K1_PGR6_SB1_TT2_2_WG16_16_3
20,4096,2048,64,0,torch.bfloat16,torch.bfloat16,0.0,1.0,hsaco,4,26.32,Cijk_Ailk_Bljk_BBS_BH_UserArgs_MT64x32x32_SN_K1_PGR6_SB1_TT2_2_WG16_16_3
20,4608,2048,64,0,torch.bfloat16,torch.bfloat16,0.0,1.0,hsaco,4,25.84,Cijk_Ailk_Bljk_BBS_BH_UserArgs_MT64x32x32_SN_K1_PGR6_SB1_TT2_2_WG16_16_3
20,7168,2048,64,0,torch.bfloat16,torch.bfloat16,0.0,1.0,hsaco,4,26.0,Cijk_Ailk_Bljk_BBS_BH_UserArgs_MT64x32x32_SN_K1_PGR6_SB1_TT2_2_WG16_16_3
20,512,2304,64,0,torch.bfloat16,torch.bfloat16,0.0,1.0,hsaco,3,14.72,Cijk_Ailk_Bljk_BBS_BH_UserArgs_MT16x32x32_SN_K1_PGR6_SB1_TT2_2_WG16_16_2
20,1536,2304,64,0,torch.bfloat16,torch.bfloat16,0.0,1.0,hsaco,3,15.84,Cijk_Ailk_Bljk_BBS_BH_UserArgs_MT16x32x32_SN_K1_PGR6_SB1_TT2_2_WG16_16_2
20,3072,2304,64,0,torch.bfloat16,torch.bfloat16,0.0,1.0,hsaco,4,28.08,Cijk_Ailk_Bljk_BBS_BH_UserArgs_MT64x32x32_SN_K1_PGR6_SB1_TT2_2_WG16_16_3
20,4096,2304,64,0,torch.bfloat16,torch.bfloat16,0.0,1.0,hsaco,4,28.4,Cijk_Ailk_Bljk_BBS_BH_UserArgs_MT64x32x32_SN_K1_PGR6_SB1_TT2_2_WG16_16_3
20,4608,2304,64,0,torch.bfloat16,torch.bfloat16,0.0,1.0,hsaco,4,28.48,Cijk_Ailk_Bljk_BBS_BH_UserArgs_MT64x32x32_SN_K1_PGR6_SB1_TT2_2_WG16_16_3
20,7168,2304,64,0,torch.bfloat16,torch.bfloat16,0.0,1.0,hsaco,4,29.52,Cijk_Ailk_Bljk_BBS_BH_UserArgs_MT64x32x32_SN_K1_PGR6_SB1_TT2_2_WG16_16_3
20,512,7168,64,0,torch.bfloat16,torch.bfloat16,0.0,1.0,hsaco,3,36.4,Cijk_Ailk_Bljk_BBS_BH_UserArgs_MT16x32x32_SN_K1_PGR6_SB1_TT2_2_WG16_16_2
20,1536,7168,64,0,torch.bfloat16,torch.bfloat16,0.0,1.0,hsaco,3,39.92,Cijk_Ailk_Bljk_BBS_BH_UserArgs_MT16x32x32_SN_K1_PGR6_SB1_TT2_2_WG16_16_2
20,3072,7168,64,0,torch.bfloat16,torch.bfloat16,0.0,1.0,hsaco,4,75.52,Cijk_Ailk_Bljk_BBS_BH_UserArgs_MT64x32x32_SN_K1_PGR6_SB1_TT2_2_WG16_16_3
20,4096,7168,64,0,torch.bfloat16,torch.bfloat16,0.0,1.0,hsaco,4,76.72,Cijk_Ailk_Bljk_BBS_BH_UserArgs_MT64x32x32_SN_K1_PGR6_SB1_TT2_2_WG16_16_3
20,4608,7168,64,0,torch.bfloat16,torch.bfloat16,0.0,1.0,hsaco,4,75.76,Cijk_Ailk_Bljk_BBS_BH_UserArgs_MT64x32x32_SN_K1_PGR6_SB1_TT2_2_WG16_16_3
20,7168,7168,64,0,torch.bfloat16,torch.bfloat16,0.0,1.0,hsaco,4,78.32,Cijk_Ailk_Bljk_BBS_BH_UserArgs_MT64x32x32_SN_K1_PGR6_SB1_TT2_2_WG16_16_3
21,576,256,64,0,torch.bfloat16,torch.bfloat16,0.0,1.0,hsaco,3,6.08,Cijk_Ailk_Bljk_BBS_BH_UserArgs_MT16x32x32_SN_K1_PGR6_SB1_TT2_2_WG16_16_2
21,1536,256,64,0,torch.bfloat16,torch.bfloat16,0.0,1.0,hsaco,3,6.08,Cijk_Ailk_Bljk_BBS_BH_UserArgs_MT16x32x32_SN_K1_PGR6_SB1_TT2_2_WG16_16_2
21,3072,256,64,0,torch.bfloat16,torch.bfloat16,0.0,1.0,hsaco,4,8.4,Cijk_Ailk_Bljk_BBS_BH_UserArgs_MT64x32x32_SN_K1_PGR6_SB1_TT2_2_WG16_16_3
21,4096,256,64,0,torch.bfloat16,torch.bfloat16,0.0,1.0,hsaco,4,8.48,Cijk_Ailk_Bljk_BBS_BH_UserArgs_MT64x32x32_SN_K1_PGR6_SB1_TT2_2_WG16_16_3
21,4608,256,64,0,torch.bfloat16,torch.bfloat16,0.0,1.0,hsaco,4,8.4,Cijk_Ailk_Bljk_BBS_BH_UserArgs_MT64x32x32_SN_K1_PGR6_SB1_TT2_2_WG16_16_3
21,7168,256,64,0,torch.bfloat16,torch.bfloat16,0.0,1.0,hsaco,0,9.28,Cijk_Ailk_Bljk_BBS_BH_UserArgs_MT64x32x32_SN_K1_PGR6_SB1_TT2_2_WG16_16_2
21,576,512,64,0,torch.bfloat16,torch.bfloat16,0.0,1.0,hsaco,3,6.88,Cijk_Ailk_Bljk_BBS_BH_UserArgs_MT16x32x32_SN_K1_PGR6_SB1_TT2_2_WG16_16_2
21,1536,512,64,0,torch.bfloat16,torch.bfloat16,0.0,1.0,hsaco,3,6.96,Cijk_Ailk_Bljk_BBS_BH_UserArgs_MT16x32x32_SN_K1_PGR6_SB1_TT2_2_WG16_16_2
21,3072,512,64,0,torch.bfloat16,torch.bfloat16,0.0,1.0,hsaco,4,10.64,Cijk_Ailk_Bljk_BBS_BH_UserArgs_MT64x32x32_SN_K1_PGR6_SB1_TT2_2_WG16_16_3
21,4096,512,64,0,torch.bfloat16,torch.bfloat16,0.0,1.0,hsaco,4,10.72,Cijk_Ailk_Bljk_BBS_BH_UserArgs_MT64x32x32_SN_K1_PGR6_SB1_TT2_2_WG16_16_3
21,4608,512,64,0,torch.bfloat16,torch.bfloat16,0.0,1.0,hsaco,4,10.88,Cijk_Ailk_Bljk_BBS_BH_UserArgs_MT64x32x32_SN_K1_PGR6_SB1_TT2_2_WG16_16_3
21,7168,512,64,0,torch.bfloat16,torch.bfloat16,0.0,1.0,hsaco,4,11.04,Cijk_Ailk_Bljk_BBS_BH_UserArgs_MT64x32x32_SN_K1_PGR6_SB1_TT2_2_WG16_16_3
21,576,1536,64,0,torch.bfloat16,torch.bfloat16,0.0,1.0,hsaco,3,11.28,Cijk_Ailk_Bljk_BBS_BH_UserArgs_MT16x32x32_SN_K1_PGR6_SB1_TT2_2_WG16_16_2
21,1536,1536,64,0,torch.bfloat16,torch.bfloat16,0.0,1.0,hsaco,3,11.84,Cijk_Ailk_Bljk_BBS_BH_UserArgs_MT16x32x32_SN_K1_PGR6_SB1_TT2_2_WG16_16_2
21,3072,1536,64,0,torch.bfloat16,torch.bfloat16,0.0,1.0,hsaco,4,20.48,Cijk_Ailk_Bljk_BBS_BH_UserArgs_MT64x32x32_SN_K1_PGR6_SB1_TT2_2_WG16_16_3
21,4096,1536,64,0,torch.bfloat16,torch.bfloat16,0.0,1.0,hsaco,4,20.96,Cijk_Ailk_Bljk_BBS_BH_UserArgs_MT64x32x32_SN_K1_PGR6_SB1_TT2_2_WG16_16_3
21,4608,1536,64,0,torch.bfloat16,torch.bfloat16,0.0,1.0,hsaco,4,21.12,Cijk_Ailk_Bljk_BBS_BH_UserArgs_MT64x32x32_SN_K1_PGR6_SB1_TT2_2_WG16_16_3
21,7168,1536,64,0,torch.bfloat16,torch.bfloat16,0.0,1.0,hsaco,4,21.36,Cijk_Ailk_Bljk_BBS_BH_UserArgs_MT64x32x32_SN_K1_PGR6_SB1_TT2_2_WG16_16_3
21,512,2048,64,0,torch.bfloat16,torch.bfloat16,0.0,1.0,hsaco,3,13.52,Cijk_Ailk_Bljk_BBS_BH_UserArgs_MT16x32x32_SN_K1_PGR6_SB1_TT2_2_WG16_16_2
21,1536,2048,64,0,torch.bfloat16,torch.bfloat16,0.0,1.0,hsaco,3,13.84,Cijk_Ailk_Bljk_BBS_BH_UserArgs_MT16x32x32_SN_K1_PGR6_SB1_TT2_2_WG16_16_2
21,3072,2048,64,0,torch.bfloat16,torch.bfloat16,0.0,1.0,hsaco,4,25.68,Cijk_Ailk_Bljk_BBS_BH_UserArgs_MT64x32x32_SN_K1_PGR6_SB1_TT2_2_WG16_16_3
21,4096,2048,64,0,torch.bfloat16,torch.bfloat16,0.0,1.0,hsaco,4,26.4,Cijk_Ailk_Bljk_BBS_BH_UserArgs_MT64x32x32_SN_K1_PGR6_SB1_TT2_2_WG16_16_3
21,4608,2048,64,0,torch.bfloat16,torch.bfloat16,0.0,1.0,hsaco,4,25.68,Cijk_Ailk_Bljk_BBS_BH_UserArgs_MT64x32x32_SN_K1_PGR6_SB1_TT2_2_WG16_16_3
21,7168,2048,64,0,torch.bfloat16,torch.bfloat16,0.0,1.0,hsaco,4,25.92,Cijk_Ailk_Bljk_BBS_BH_UserArgs_MT64x32x32_SN_K1_PGR6_SB1_TT2_2_WG16_16_3
21,512,2304,64,0,torch.bfloat16,torch.bfloat16,0.0,1.0,hsaco,3,14.72,Cijk_Ailk_Bljk_BBS_BH_UserArgs_MT16x32x32_SN_K1_PGR6_SB1_TT2_2_WG16_16_2
21,1536,2304,64,0,torch.bfloat16,torch.bfloat16,0.0,1.0,hsaco,3,15.84,Cijk_Ailk_Bljk_BBS_BH_UserArgs_MT16x32x32_SN_K1_PGR6_SB1_TT2_2_WG16_16_2
21,3072,2304,64,0,torch.bfloat16,torch.bfloat16,0.0,1.0,hsaco,4,28.08,Cijk_Ailk_Bljk_BBS_BH_UserArgs_MT64x32x32_SN_K1_PGR6_SB1_TT2_2_WG16_16_3
21,4096,2304,64,0,torch.bfloat16,torch.bfloat16,0.0,1.0,hsaco,4,28.56,Cijk_Ailk_Bljk_BBS_BH_UserArgs_MT64x32x32_SN_K1_PGR6_SB1_TT2_2_WG16_16_3
21,4608,2304,64,0,torch.bfloat16,torch.bfloat16,0.0,1.0,hsaco,4,28.24,Cijk_Ailk_Bljk_BBS_BH_UserArgs_MT64x32x32_SN_K1_PGR6_SB1_TT2_2_WG16_16_3
21,7168,2304,64,0,torch.bfloat16,torch.bfloat16,0.0,1.0,hsaco,4,29.6,Cijk_Ailk_Bljk_BBS_BH_UserArgs_MT64x32x32_SN_K1_PGR6_SB1_TT2_2_WG16_16_3
21,512,7168,64,0,torch.bfloat16,torch.bfloat16,0.0,1.0,hsaco,3,36.64,Cijk_Ailk_Bljk_BBS_BH_UserArgs_MT16x32x32_SN_K1_PGR6_SB1_TT2_2_WG16_16_2
21,1536,7168,64,0,torch.bfloat16,torch.bfloat16,0.0,1.0,hsaco,3,40.08,Cijk_Ailk_Bljk_BBS_BH_UserArgs_MT16x32x32_SN_K1_PGR6_SB1_TT2_2_WG16_16_2
21,3072,7168,64,0,torch.bfloat16,torch.bfloat16,0.0,1.0,hsaco,4,76.4,Cijk_Ailk_Bljk_BBS_BH_UserArgs_MT64x32x32_SN_K1_PGR6_SB1_TT2_2_WG16_16_3
21,4096,7168,64,0,torch.bfloat16,torch.bfloat16,0.0,1.0,hsaco,4,76.88,Cijk_Ailk_Bljk_BBS_BH_UserArgs_MT64x32x32_SN_K1_PGR6_SB1_TT2_2_WG16_16_3
21,4608,7168,64,0,torch.bfloat16,torch.bfloat16,0.0,1.0,hsaco,4,76.0,Cijk_Ailk_Bljk_BBS_BH_UserArgs_MT64x32x32_SN_K1_PGR6_SB1_TT2_2_WG16_16_3
21,7168,7168,64,0,torch.bfloat16,torch.bfloat16,0.0,1.0,hsaco,4,78.48,Cijk_Ailk_Bljk_BBS_BH_UserArgs_MT64x32x32_SN_K1_PGR6_SB1_TT2_2_WG16_16_3
22,576,256,64,0,torch.bfloat16,torch.bfloat16,0.0,1.0,hsaco,3,6.0,Cijk_Ailk_Bljk_BBS_BH_UserArgs_MT16x32x32_SN_K1_PGR6_SB1_TT2_2_WG16_16_2
22,1536,256,64,0,torch.bfloat16,torch.bfloat16,0.0,1.0,hsaco,3,6.0,Cijk_Ailk_Bljk_BBS_BH_UserArgs_MT16x32x32_SN_K1_PGR6_SB1_TT2_2_WG16_16_2
22,3072,256,64,0,torch.bfloat16,torch.bfloat16,0.0,1.0,hsaco,4,8.48,Cijk_Ailk_Bljk_BBS_BH_UserArgs_MT64x32x32_SN_K1_PGR6_SB1_TT2_2_WG16_16_3
22,4096,256,64,0,torch.bfloat16,torch.bfloat16,0.0,1.0,hsaco,4,8.4,Cijk_Ailk_Bljk_BBS_BH_UserArgs_MT64x32x32_SN_K1_PGR6_SB1_TT2_2_WG16_16_3
22,4608,256,64,0,torch.bfloat16,torch.bfloat16,0.0,1.0,hsaco,4,8.48,Cijk_Ailk_Bljk_BBS_BH_UserArgs_MT64x32x32_SN_K1_PGR6_SB1_TT2_2_WG16_16_3
22,7168,256,64,0,torch.bfloat16,torch.bfloat16,0.0,1.0,hsaco,0,9.28,Cijk_Ailk_Bljk_BBS_BH_UserArgs_MT64x32x32_SN_K1_PGR6_SB1_TT2_2_WG16_16_2
22,576,512,64,0,torch.bfloat16,torch.bfloat16,0.0,1.0,hsaco,3,7.2,Cijk_Ailk_Bljk_BBS_BH_UserArgs_MT16x32x32_SN_K1_PGR6_SB1_TT2_2_WG16_16_2
22,1536,512,64,0,torch.bfloat16,torch.bfloat16,0.0,1.0,hsaco,3,6.88,Cijk_Ailk_Bljk_BBS_BH_UserArgs_MT16x32x32_SN_K1_PGR6_SB1_TT2_2_WG16_16_2
22,3072,512,64,0,torch.bfloat16,torch.bfloat16,0.0,1.0,hsaco,4,11.04,Cijk_Ailk_Bljk_BBS_BH_UserArgs_MT64x32x32_SN_K1_PGR6_SB1_TT2_2_WG16_16_3
22,4096,512,64,0,torch.bfloat16,torch.bfloat16,0.0,1.0,hsaco,4,10.8,Cijk_Ailk_Bljk_BBS_BH_UserArgs_MT64x32x32_SN_K1_PGR6_SB1_TT2_2_WG16_16_3
22,4608,512,64,0,torch.bfloat16,torch.bfloat16,0.0,1.0,hsaco,4,10.88,Cijk_Ailk_Bljk_BBS_BH_UserArgs_MT64x32x32_SN_K1_PGR6_SB1_TT2_2_WG16_16_3
22,7168,512,64,0,torch.bfloat16,torch.bfloat16,0.0,1.0,hsaco,4,10.96,Cijk_Ailk_Bljk_BBS_BH_UserArgs_MT64x32x32_SN_K1_PGR6_SB1_TT2_2_WG16_16_3
22,576,1536,64,0,torch.bfloat16,torch.bfloat16,0.0,1.0,hsaco,3,11.28,Cijk_Ailk_Bljk_BBS_BH_UserArgs_MT16x32x32_SN_K1_PGR6_SB1_TT2_2_WG16_16_2
22,1536,1536,64,0,torch.bfloat16,torch.bfloat16,0.0,1.0,hsaco,3,11.84,Cijk_Ailk_Bljk_BBS_BH_UserArgs_MT16x32x32_SN_K1_PGR6_SB1_TT2_2_WG16_16_2
22,3072,1536,64,0,torch.bfloat16,torch.bfloat16,0.0,1.0,hsaco,4,20.88,Cijk_Ailk_Bljk_BBS_BH_UserArgs_MT64x32x32_SN_K1_PGR6_SB1_TT2_2_WG16_16_3
22,4096,1536,64,0,torch.bfloat16,torch.bfloat16,0.0,1.0,hsaco,4,20.64,Cijk_Ailk_Bljk_BBS_BH_UserArgs_MT64x32x32_SN_K1_PGR6_SB1_TT2_2_WG16_16_3
22,4608,1536,64,0,torch.bfloat16,torch.bfloat16,0.0,1.0,hsaco,4,20.88,Cijk_Ailk_Bljk_BBS_BH_UserArgs_MT64x32x32_SN_K1_PGR6_SB1_TT2_2_WG16_16_3
22,7168,1536,64,0,torch.bfloat16,torch.bfloat16,0.0,1.0,hsaco,4,21.12,Cijk_Ailk_Bljk_BBS_BH_UserArgs_MT64x32x32_SN_K1_PGR6_SB1_TT2_2_WG16_16_3
22,512,2048,64,0,torch.bfloat16,torch.bfloat16,0.0,1.0,hsaco,3,13.6,Cijk_Ailk_Bljk_BBS_BH_UserArgs_MT16x32x32_SN_K1_PGR6_SB1_TT2_2_WG16_16_2
22,1536,2048,64,0,torch.bfloat16,torch.bfloat16,0.0,1.0,hsaco,3,14.0,Cijk_Ailk_Bljk_BBS_BH_UserArgs_MT16x32x32_SN_K1_PGR6_SB1_TT2_2_WG16_16_2
22,3072,2048,64,0,torch.bfloat16,torch.bfloat16,0.0,1.0,hsaco,4,25.68,Cijk_Ailk_Bljk_BBS_BH_UserArgs_MT64x32x32_SN_K1_PGR6_SB1_TT2_2_WG16_16_3
22,4096,2048,64,0,torch.bfloat16,torch.bfloat16,0.0,1.0,hsaco,4,26.4,Cijk_Ailk_Bljk_BBS_BH_UserArgs_MT64x32x32_SN_K1_PGR6_SB1_TT2_2_WG16_16_3
22,4608,2048,64,0,torch.bfloat16,torch.bfloat16,0.0,1.0,hsaco,4,25.76,Cijk_Ailk_Bljk_BBS_BH_UserArgs_MT64x32x32_SN_K1_PGR6_SB1_TT2_2_WG16_16_3
22,7168,2048,64,0,torch.bfloat16,torch.bfloat16,0.0,1.0,hsaco,4,26.08,Cijk_Ailk_Bljk_BBS_BH_UserArgs_MT64x32x32_SN_K1_PGR6_SB1_TT2_2_WG16_16_3
22,512,2304,64,0,torch.bfloat16,torch.bfloat16,0.0,1.0,hsaco,3,14.8,Cijk_Ailk_Bljk_BBS_BH_UserArgs_MT16x32x32_SN_K1_PGR6_SB1_TT2_2_WG16_16_2
22,1536,2304,64,0,torch.bfloat16,torch.bfloat16,0.0,1.0,hsaco,3,16.0,Cijk_Ailk_Bljk_BBS_BH_UserArgs_MT16x32x32_SN_K1_PGR6_SB1_TT2_2_WG16_16_2
22,3072,2304,64,0,torch.bfloat16,torch.bfloat16,0.0,1.0,hsaco,4,28.08,Cijk_Ailk_Bljk_BBS_BH_UserArgs_MT64x32x32_SN_K1_PGR6_SB1_TT2_2_WG16_16_3
22,4096,2304,64,0,torch.bfloat16,torch.bfloat16,0.0,1.0,hsaco,4,28.4,Cijk_Ailk_Bljk_BBS_BH_UserArgs_MT64x32x32_SN_K1_PGR6_SB1_TT2_2_WG16_16_3
22,4608,2304,64,0,torch.bfloat16,torch.bfloat16,0.0,1.0,hsaco,4,28.48,Cijk_Ailk_Bljk_BBS_BH_UserArgs_MT64x32x32_SN_K1_PGR6_SB1_TT2_2_WG16_16_3
22,7168,2304,64,0,torch.bfloat16,torch.bfloat16,0.0,1.0,hsaco,4,29.68,Cijk_Ailk_Bljk_BBS_BH_UserArgs_MT64x32x32_SN_K1_PGR6_SB1_TT2_2_WG16_16_3
22,512,7168,64,0,torch.bfloat16,torch.bfloat16,0.0,1.0,hsaco,3,36.48,Cijk_Ailk_Bljk_BBS_BH_UserArgs_MT16x32x32_SN_K1_PGR6_SB1_TT2_2_WG16_16_2
22,1536,7168,64,0,torch.bfloat16,torch.bfloat16,0.0,1.0,hsaco,3,40.0,Cijk_Ailk_Bljk_BBS_BH_UserArgs_MT16x32x32_SN_K1_PGR6_SB1_TT2_2_WG16_16_2
22,3072,7168,64,0,torch.bfloat16,torch.bfloat16,0.0,1.0,hsaco,4,76.4,Cijk_Ailk_Bljk_BBS_BH_UserArgs_MT64x32x32_SN_K1_PGR6_SB1_TT2_2_WG16_16_3
22,4096,7168,64,0,torch.bfloat16,torch.bfloat16,0.0,1.0,hsaco,4,77.12,Cijk_Ailk_Bljk_BBS_BH_UserArgs_MT64x32x32_SN_K1_PGR6_SB1_TT2_2_WG16_16_3
22,4608,7168,64,0,torch.bfloat16,torch.bfloat16,0.0,1.0,hsaco,4,76.16,Cijk_Ailk_Bljk_BBS_BH_UserArgs_MT64x32x32_SN_K1_PGR6_SB1_TT2_2_WG16_16_3
22,7168,7168,64,0,torch.bfloat16,torch.bfloat16,0.0,1.0,hsaco,4,78.48,Cijk_Ailk_Bljk_BBS_BH_UserArgs_MT64x32x32_SN_K1_PGR6_SB1_TT2_2_WG16_16_3
23,576,256,64,0,torch.bfloat16,torch.bfloat16,0.0,1.0,hsaco,3,6.0,Cijk_Ailk_Bljk_BBS_BH_UserArgs_MT16x32x32_SN_K1_PGR6_SB1_TT2_2_WG16_16_2
23,1536,256,64,0,torch.bfloat16,torch.bfloat16,0.0,1.0,hsaco,3,6.0,Cijk_Ailk_Bljk_BBS_BH_UserArgs_MT16x32x32_SN_K1_PGR6_SB1_TT2_2_WG16_16_2
23,3072,256,64,0,torch.bfloat16,torch.bfloat16,0.0,1.0,hsaco,4,8.56,Cijk_Ailk_Bljk_BBS_BH_UserArgs_MT64x32x32_SN_K1_PGR6_SB1_TT2_2_WG16_16_3
23,4096,256,64,0,torch.bfloat16,torch.bfloat16,0.0,1.0,hsaco,4,8.4,Cijk_Ailk_Bljk_BBS_BH_UserArgs_MT64x32x32_SN_K1_PGR6_SB1_TT2_2_WG16_16_3
23,4608,256,64,0,torch.bfloat16,torch.bfloat16,0.0,1.0,hsaco,4,8.48,Cijk_Ailk_Bljk_BBS_BH_UserArgs_MT64x32x32_SN_K1_PGR6_SB1_TT2_2_WG16_16_3
23,7168,256,64,0,torch.bfloat16,torch.bfloat16,0.0,1.0,hsaco,0,9.36,Cijk_Ailk_Bljk_BBS_BH_UserArgs_MT64x32x32_SN_K1_PGR6_SB1_TT2_2_WG16_16_2
23,576,512,64,0,torch.bfloat16,torch.bfloat16,0.0,1.0,hsaco,3,6.96,Cijk_Ailk_Bljk_BBS_BH_UserArgs_MT16x32x32_SN_K1_PGR6_SB1_TT2_2_WG16_16_2
23,1536,512,64,0,torch.bfloat16,torch.bfloat16,0.0,1.0,hsaco,3,6.88,Cijk_Ailk_Bljk_BBS_BH_UserArgs_MT16x32x32_SN_K1_PGR6_SB1_TT2_2_WG16_16_2
23,3072,512,64,0,torch.bfloat16,torch.bfloat16,0.0,1.0,hsaco,4,10.64,Cijk_Ailk_Bljk_BBS_BH_UserArgs_MT64x32x32_SN_K1_PGR6_SB1_TT2_2_WG16_16_3
23,4096,512,64,0,torch.bfloat16,torch.bfloat16,0.0,1.0,hsaco,4,10.72,Cijk_Ailk_Bljk_BBS_BH_UserArgs_MT64x32x32_SN_K1_PGR6_SB1_TT2_2_WG16_16_3
23,4608,512,64,0,torch.bfloat16,torch.bfloat16,0.0,1.0,hsaco,4,10.88,Cijk_Ailk_Bljk_BBS_BH_UserArgs_MT64x32x32_SN_K1_PGR6_SB1_TT2_2_WG16_16_3
23,7168,512,64,0,torch.bfloat16,torch.bfloat16,0.0,1.0,hsaco,4,11.12,Cijk_Ailk_Bljk_BBS_BH_UserArgs_MT64x32x32_SN_K1_PGR6_SB1_TT2_2_WG16_16_3
23,576,1536,64,0,torch.bfloat16,torch.bfloat16,0.0,1.0,hsaco,3,11.44,Cijk_Ailk_Bljk_BBS_BH_UserArgs_MT16x32x32_SN_K1_PGR6_SB1_TT2_2_WG16_16_2
23,1536,1536,64,0,torch.bfloat16,torch.bfloat16,0.0,1.0,hsaco,3,11.84,Cijk_Ailk_Bljk_BBS_BH_UserArgs_MT16x32x32_SN_K1_PGR6_SB1_TT2_2_WG16_16_2
23,3072,1536,64,0,torch.bfloat16,torch.bfloat16,0.0,1.0,hsaco,4,20.8,Cijk_Ailk_Bljk_BBS_BH_UserArgs_MT64x32x32_SN_K1_PGR6_SB1_TT2_2_WG16_16_3
23,4096,1536,64,0,torch.bfloat16,torch.bfloat16,0.0,1.0,hsaco,4,20.8,Cijk_Ailk_Bljk_BBS_BH_UserArgs_MT64x32x32_SN_K1_PGR6_SB1_TT2_2_WG16_16_3
23,4608,1536,64,0,torch.bfloat16,torch.bfloat16,0.0,1.0,hsaco,4,20.96,Cijk_Ailk_Bljk_BBS_BH_UserArgs_MT64x32x32_SN_K1_PGR6_SB1_TT2_2_WG16_16_3
23,7168,1536,64,0,torch.bfloat16,torch.bfloat16,0.0,1.0,hsaco,4,21.28,Cijk_Ailk_Bljk_BBS_BH_UserArgs_MT64x32x32_SN_K1_PGR6_SB1_TT2_2_WG16_16_3
23,512,2048,64,0,torch.bfloat16,torch.bfloat16,0.0,1.0,hsaco,3,13.6,Cijk_Ailk_Bljk_BBS_BH_UserArgs_MT16x32x32_SN_K1_PGR6_SB1_TT2_2_WG16_16_2
23,1536,2048,64,0,torch.bfloat16,torch.bfloat16,0.0,1.0,hsaco,3,13.84,Cijk_Ailk_Bljk_BBS_BH_UserArgs_MT16x32x32_SN_K1_PGR6_SB1_TT2_2_WG16_16_2
23,3072,2048,64,0,torch.bfloat16,torch.bfloat16,0.0,1.0,hsaco,4,25.68,Cijk_Ailk_Bljk_BBS_BH_UserArgs_MT64x32x32_SN_K1_PGR6_SB1_TT2_2_WG16_16_3
23,4096,2048,64,0,torch.bfloat16,torch.bfloat16,0.0,1.0,hsaco,4,26.48,Cijk_Ailk_Bljk_BBS_BH_UserArgs_MT64x32x32_SN_K1_PGR6_SB1_TT2_2_WG16_16_3
23,4608,2048,64,0,torch.bfloat16,torch.bfloat16,0.0,1.0,hsaco,4,25.84,Cijk_Ailk_Bljk_BBS_BH_UserArgs_MT64x32x32_SN_K1_PGR6_SB1_TT2_2_WG16_16_3
23,7168,2048,64,0,torch.bfloat16,torch.bfloat16,0.0,1.0,hsaco,4,26.08,Cijk_Ailk_Bljk_BBS_BH_UserArgs_MT64x32x32_SN_K1_PGR6_SB1_TT2_2_WG16_16_3
23,512,2304,64,0,torch.bfloat16,torch.bfloat16,0.0,1.0,hsaco,3,14.72,Cijk_Ailk_Bljk_BBS_BH_UserArgs_MT16x32x32_SN_K1_PGR6_SB1_TT2_2_WG16_16_2
23,1536,2304,64,0,torch.bfloat16,torch.bfloat16,0.0,1.0,hsaco,3,16.08,Cijk_Ailk_Bljk_BBS_BH_UserArgs_MT16x32x32_SN_K1_PGR6_SB1_TT2_2_WG16_16_2
23,3072,2304,64,0,torch.bfloat16,torch.bfloat16,0.0,1.0,hsaco,4,28.0,Cijk_Ailk_Bljk_BBS_BH_UserArgs_MT64x32x32_SN_K1_PGR6_SB1_TT2_2_WG16_16_3
23,4096,2304,64,0,torch.bfloat16,torch.bfloat16,0.0,1.0,hsaco,4,28.24,Cijk_Ailk_Bljk_BBS_BH_UserArgs_MT64x32x32_SN_K1_PGR6_SB1_TT2_2_WG16_16_3
23,4608,2304,64,0,torch.bfloat16,torch.bfloat16,0.0,1.0,hsaco,4,28.32,Cijk_Ailk_Bljk_BBS_BH_UserArgs_MT64x32x32_SN_K1_PGR6_SB1_TT2_2_WG16_16_3
23,7168,2304,64,0,torch.bfloat16,torch.bfloat16,0.0,1.0,hsaco,4,29.6,Cijk_Ailk_Bljk_BBS_BH_UserArgs_MT64x32x32_SN_K1_PGR6_SB1_TT2_2_WG16_16_3
23,512,7168,64,0,torch.bfloat16,torch.bfloat16,0.0,1.0,hsaco,3,36.56,Cijk_Ailk_Bljk_BBS_BH_UserArgs_MT16x32x32_SN_K1_PGR6_SB1_TT2_2_WG16_16_2
23,1536,7168,64,0,torch.bfloat16,torch.bfloat16,0.0,1.0,hsaco,3,40.08,Cijk_Ailk_Bljk_BBS_BH_UserArgs_MT16x32x32_SN_K1_PGR6_SB1_TT2_2_WG16_16_2
23,3072,7168,64,0,torch.bfloat16,torch.bfloat16,0.0,1.0,hsaco,4,76.24,Cijk_Ailk_Bljk_BBS_BH_UserArgs_MT64x32x32_SN_K1_PGR6_SB1_TT2_2_WG16_16_3
23,4096,7168,64,0,torch.bfloat16,torch.bfloat16,0.0,1.0,hsaco,4,76.96,Cijk_Ailk_Bljk_BBS_BH_UserArgs_MT64x32x32_SN_K1_PGR6_SB1_TT2_2_WG16_16_3
23,4608,7168,64,0,torch.bfloat16,torch.bfloat16,0.0,1.0,hsaco,4,76.24,Cijk_Ailk_Bljk_BBS_BH_UserArgs_MT64x32x32_SN_K1_PGR6_SB1_TT2_2_WG16_16_3
23,7168,7168,64,0,torch.bfloat16,torch.bfloat16,0.0,1.0,hsaco,4,80.08,Cijk_Ailk_Bljk_BBS_BH_UserArgs_MT64x32x32_SN_K1_PGR6_SB1_TT2_2_WG16_16_3
24,576,256,64,0,torch.bfloat16,torch.bfloat16,0.0,1.0,hsaco,3,6.08,Cijk_Ailk_Bljk_BBS_BH_UserArgs_MT16x32x32_SN_K1_PGR6_SB1_TT2_2_WG16_16_2
24,1536,256,64,0,torch.bfloat16,torch.bfloat16,0.0,1.0,hsaco,3,6.08,Cijk_Ailk_Bljk_BBS_BH_UserArgs_MT16x32x32_SN_K1_PGR6_SB1_TT2_2_WG16_16_2
24,3072,256,64,0,torch.bfloat16,torch.bfloat16,0.0,1.0,hsaco,4,8.48,Cijk_Ailk_Bljk_BBS_BH_UserArgs_MT64x32x32_SN_K1_PGR6_SB1_TT2_2_WG16_16_3
24,4096,256,64,0,torch.bfloat16,torch.bfloat16,0.0,1.0,hsaco,4,8.32,Cijk_Ailk_Bljk_BBS_BH_UserArgs_MT64x32x32_SN_K1_PGR6_SB1_TT2_2_WG16_16_3
24,4608,256,64,0,torch.bfloat16,torch.bfloat16,0.0,1.0,hsaco,4,8.48,Cijk_Ailk_Bljk_BBS_BH_UserArgs_MT64x32x32_SN_K1_PGR6_SB1_TT2_2_WG16_16_3
24,7168,256,64,0,torch.bfloat16,torch.bfloat16,0.0,1.0,hsaco,0,9.28,Cijk_Ailk_Bljk_BBS_BH_UserArgs_MT64x32x32_SN_K1_PGR6_SB1_TT2_2_WG16_16_2
24,576,512,64,0,torch.bfloat16,torch.bfloat16,0.0,1.0,hsaco,3,7.2,Cijk_Ailk_Bljk_BBS_BH_UserArgs_MT16x32x32_SN_K1_PGR6_SB1_TT2_2_WG16_16_2
24,1536,512,64,0,torch.bfloat16,torch.bfloat16,0.0,1.0,hsaco,3,6.96,Cijk_Ailk_Bljk_BBS_BH_UserArgs_MT16x32x32_SN_K1_PGR6_SB1_TT2_2_WG16_16_2
24,3072,512,64,0,torch.bfloat16,torch.bfloat16,0.0,1.0,hsaco,4,10.88,Cijk_Ailk_Bljk_BBS_BH_UserArgs_MT64x32x32_SN_K1_PGR6_SB1_TT2_2_WG16_16_3
24,4096,512,64,0,torch.bfloat16,torch.bfloat16,0.0,1.0,hsaco,4,10.88,Cijk_Ailk_Bljk_BBS_BH_UserArgs_MT64x32x32_SN_K1_PGR6_SB1_TT2_2_WG16_16_3
24,4608,512,64,0,torch.bfloat16,torch.bfloat16,0.0,1.0,hsaco,4,10.96,Cijk_Ailk_Bljk_BBS_BH_UserArgs_MT64x32x32_SN_K1_PGR6_SB1_TT2_2_WG16_16_3
24,7168,512,64,0,torch.bfloat16,torch.bfloat16,0.0,1.0,hsaco,4,11.04,Cijk_Ailk_Bljk_BBS_BH_UserArgs_MT64x32x32_SN_K1_PGR6_SB1_TT2_2_WG16_16_3
24,576,1536,64,0,torch.bfloat16,torch.bfloat16,0.0,1.0,hsaco,3,11.12,Cijk_Ailk_Bljk_BBS_BH_UserArgs_MT16x32x32_SN_K1_PGR6_SB1_TT2_2_WG16_16_2
24,1536,1536,64,0,torch.bfloat16,torch.bfloat16,0.0,1.0,hsaco,3,12.16,Cijk_Ailk_Bljk_BBS_BH_UserArgs_MT16x32x32_SN_K1_PGR6_SB1_TT2_2_WG16_16_2
24,3072,1536,64,0,torch.bfloat16,torch.bfloat16,0.0,1.0,hsaco,4,20.64,Cijk_Ailk_Bljk_BBS_BH_UserArgs_MT64x32x32_SN_K1_PGR6_SB1_TT2_2_WG16_16_3
24,4096,1536,64,0,torch.bfloat16,torch.bfloat16,0.0,1.0,hsaco,4,21.04,Cijk_Ailk_Bljk_BBS_BH_UserArgs_MT64x32x32_SN_K1_PGR6_SB1_TT2_2_WG16_16_3
24,4608,1536,64,0,torch.bfloat16,torch.bfloat16,0.0,1.0,hsaco,4,20.8,Cijk_Ailk_Bljk_BBS_BH_UserArgs_MT64x32x32_SN_K1_PGR6_SB1_TT2_2_WG16_16_3
24,7168,1536,64,0,torch.bfloat16,torch.bfloat16,0.0,1.0,hsaco,4,21.28,Cijk_Ailk_Bljk_BBS_BH_UserArgs_MT64x32x32_SN_K1_PGR6_SB1_TT2_2_WG16_16_3
24,512,2048,64,0,torch.bfloat16,torch.bfloat16,0.0,1.0,hsaco,3,13.76,Cijk_Ailk_Bljk_BBS_BH_UserArgs_MT16x32x32_SN_K1_PGR6_SB1_TT2_2_WG16_16_2
24,1536,2048,64,0,torch.bfloat16,torch.bfloat16,0.0,1.0,hsaco,3,14.0,Cijk_Ailk_Bljk_BBS_BH_UserArgs_MT16x32x32_SN_K1_PGR6_SB1_TT2_2_WG16_16_2
24,3072,2048,64,0,torch.bfloat16,torch.bfloat16,0.0,1.0,hsaco,4,25.44,Cijk_Ailk_Bljk_BBS_BH_UserArgs_MT64x32x32_SN_K1_PGR6_SB1_TT2_2_WG16_16_3
24,4096,2048,64,0,torch.bfloat16,torch.bfloat16,0.0,1.0,hsaco,4,26.4,Cijk_Ailk_Bljk_BBS_BH_UserArgs_MT64x32x32_SN_K1_PGR6_SB1_TT2_2_WG16_16_3
24,4608,2048,64,0,torch.bfloat16,torch.bfloat16,0.0,1.0,hsaco,4,26.08,Cijk_Ailk_Bljk_BBS_BH_UserArgs_MT64x32x32_SN_K1_PGR6_SB1_TT2_2_WG16_16_3
24,7168,2048,64,0,torch.bfloat16,torch.bfloat16,0.0,1.0,hsaco,4,26.08,Cijk_Ailk_Bljk_BBS_BH_UserArgs_MT64x32x32_SN_K1_PGR6_SB1_TT2_2_WG16_16_3
24,512,2304,64,0,torch.bfloat16,torch.bfloat16,0.0,1.0,hsaco,3,14.64,Cijk_Ailk_Bljk_BBS_BH_UserArgs_MT16x32x32_SN_K1_PGR6_SB1_TT2_2_WG16_16_2
24,1536,2304,64,0,torch.bfloat16,torch.bfloat16,0.0,1.0,hsaco,3,16.08,Cijk_Ailk_Bljk_BBS_BH_UserArgs_MT16x32x32_SN_K1_PGR6_SB1_TT2_2_WG16_16_2
24,3072,2304,64,0,torch.bfloat16,torch.bfloat16,0.0,1.0,hsaco,4,28.08,Cijk_Ailk_Bljk_BBS_BH_UserArgs_MT64x32x32_SN_K1_PGR6_SB1_TT2_2_WG16_16_3
24,4096,2304,64,0,torch.bfloat16,torch.bfloat16,0.0,1.0,hsaco,4,28.32,Cijk_Ailk_Bljk_BBS_BH_UserArgs_MT64x32x32_SN_K1_PGR6_SB1_TT2_2_WG16_16_3
24,4608,2304,64,0,torch.bfloat16,torch.bfloat16,0.0,1.0,hsaco,4,28.48,Cijk_Ailk_Bljk_BBS_BH_UserArgs_MT64x32x32_SN_K1_PGR6_SB1_TT2_2_WG16_16_3
24,7168,2304,64,0,torch.bfloat16,torch.bfloat16,0.0,1.0,hsaco,4,29.6,Cijk_Ailk_Bljk_BBS_BH_UserArgs_MT64x32x32_SN_K1_PGR6_SB1_TT2_2_WG16_16_3
24,512,7168,64,0,torch.bfloat16,torch.bfloat16,0.0,1.0,hsaco,3,36.88,Cijk_Ailk_Bljk_BBS_BH_UserArgs_MT16x32x32_SN_K1_PGR6_SB1_TT2_2_WG16_16_2
24,1536,7168,64,0,torch.bfloat16,torch.bfloat16,0.0,1.0,hsaco,3,40.72,Cijk_Ailk_Bljk_BBS_BH_UserArgs_MT16x32x32_SN_K1_PGR6_SB1_TT2_2_WG16_16_2
24,3072,7168,64,0,torch.bfloat16,torch.bfloat16,0.0,1.0,hsaco,4,74.48,Cijk_Ailk_Bljk_BBS_BH_UserArgs_MT64x32x32_SN_K1_PGR6_SB1_TT2_2_WG16_16_3
24,4096,7168,64,0,torch.bfloat16,torch.bfloat16,0.0,1.0,hsaco,4,77.04,Cijk_Ailk_Bljk_BBS_BH_UserArgs_MT64x32x32_SN_K1_PGR6_SB1_TT2_2_WG16_16_3
24,4608,7168,64,0,torch.bfloat16,torch.bfloat16,0.0,1.0,hsaco,4,76.16,Cijk_Ailk_Bljk_BBS_BH_UserArgs_MT64x32x32_SN_K1_PGR6_SB1_TT2_2_WG16_16_3
24,7168,7168,64,0,torch.bfloat16,torch.bfloat16,0.0,1.0,hsaco,4,78.56,Cijk_Ailk_Bljk_BBS_BH_UserArgs_MT64x32x32_SN_K1_PGR6_SB1_TT2_2_WG16_16_3
25,576,256,64,0,torch.bfloat16,torch.bfloat16,0.0,1.0,hsaco,3,6.08,Cijk_Ailk_Bljk_BBS_BH_UserArgs_MT16x32x32_SN_K1_PGR6_SB1_TT2_2_WG16_16_2
25,1536,256,64,0,torch.bfloat16,torch.bfloat16,0.0,1.0,hsaco,3,6.0,Cijk_Ailk_Bljk_BBS_BH_UserArgs_MT16x32x32_SN_K1_PGR6_SB1_TT2_2_WG16_16_2
25,3072,256,64,0,torch.bfloat16,torch.bfloat16,0.0,1.0,hsaco,4,8.56,Cijk_Ailk_Bljk_BBS_BH_UserArgs_MT64x32x32_SN_K1_PGR6_SB1_TT2_2_WG16_16_3
25,4096,256,64,0,torch.bfloat16,torch.bfloat16,0.0,1.0,hsaco,4,8.4,Cijk_Ailk_Bljk_BBS_BH_UserArgs_MT64x32x32_SN_K1_PGR6_SB1_TT2_2_WG16_16_3
25,4608,256,64,0,torch.bfloat16,torch.bfloat16,0.0,1.0,hsaco,0,8.48,Cijk_Ailk_Bljk_BBS_BH_UserArgs_MT64x32x32_SN_K1_PGR6_SB1_TT2_2_WG16_16_2
25,7168,256,64,0,torch.bfloat16,torch.bfloat16,0.0,1.0,hsaco,0,9.36,Cijk_Ailk_Bljk_BBS_BH_UserArgs_MT64x32x32_SN_K1_PGR6_SB1_TT2_2_WG16_16_2
25,576,512,64,0,torch.bfloat16,torch.bfloat16,0.0,1.0,hsaco,3,6.96,Cijk_Ailk_Bljk_BBS_BH_UserArgs_MT16x32x32_SN_K1_PGR6_SB1_TT2_2_WG16_16_2
25,1536,512,64,0,torch.bfloat16,torch.bfloat16,0.0,1.0,hsaco,3,6.96,Cijk_Ailk_Bljk_BBS_BH_UserArgs_MT16x32x32_SN_K1_PGR6_SB1_TT2_2_WG16_16_2
25,3072,512,64,0,torch.bfloat16,torch.bfloat16,0.0,1.0,hsaco,4,10.72,Cijk_Ailk_Bljk_BBS_BH_UserArgs_MT64x32x32_SN_K1_PGR6_SB1_TT2_2_WG16_16_3
25,4096,512,64,0,torch.bfloat16,torch.bfloat16,0.0,1.0,hsaco,4,10.8,Cijk_Ailk_Bljk_BBS_BH_UserArgs_MT64x32x32_SN_K1_PGR6_SB1_TT2_2_WG16_16_3
25,4608,512,64,0,torch.bfloat16,torch.bfloat16,0.0,1.0,hsaco,4,10.88,Cijk_Ailk_Bljk_BBS_BH_UserArgs_MT64x32x32_SN_K1_PGR6_SB1_TT2_2_WG16_16_3
25,7168,512,64,0,torch.bfloat16,torch.bfloat16,0.0,1.0,hsaco,4,11.04,Cijk_Ailk_Bljk_BBS_BH_UserArgs_MT64x32x32_SN_K1_PGR6_SB1_TT2_2_WG16_16_3
25,576,1536,64,0,torch.bfloat16,torch.bfloat16,0.0,1.0,hsaco,3,11.36,Cijk_Ailk_Bljk_BBS_BH_UserArgs_MT16x32x32_SN_K1_PGR6_SB1_TT2_2_WG16_16_2
25,1536,1536,64,0,torch.bfloat16,torch.bfloat16,0.0,1.0,hsaco,3,12.08,Cijk_Ailk_Bljk_BBS_BH_UserArgs_MT16x32x32_SN_K1_PGR6_SB1_TT2_2_WG16_16_2
25,3072,1536,64,0,torch.bfloat16,torch.bfloat16,0.0,1.0,hsaco,4,20.8,Cijk_Ailk_Bljk_BBS_BH_UserArgs_MT64x32x32_SN_K1_PGR6_SB1_TT2_2_WG16_16_3
25,4096,1536,64,0,torch.bfloat16,torch.bfloat16,0.0,1.0,hsaco,4,20.96,Cijk_Ailk_Bljk_BBS_BH_UserArgs_MT64x32x32_SN_K1_PGR6_SB1_TT2_2_WG16_16_3
25,4608,1536,64,0,torch.bfloat16,torch.bfloat16,0.0,1.0,hsaco,4,20.96,Cijk_Ailk_Bljk_BBS_BH_UserArgs_MT64x32x32_SN_K1_PGR6_SB1_TT2_2_WG16_16_3
25,7168,1536,64,0,torch.bfloat16,torch.bfloat16,0.0,1.0,hsaco,4,21.28,Cijk_Ailk_Bljk_BBS_BH_UserArgs_MT64x32x32_SN_K1_PGR6_SB1_TT2_2_WG16_16_3
25,512,2048,64,0,torch.bfloat16,torch.bfloat16,0.0,1.0,hsaco,3,13.6,Cijk_Ailk_Bljk_BBS_BH_UserArgs_MT16x32x32_SN_K1_PGR6_SB1_TT2_2_WG16_16_2
25,1536,2048,64,0,torch.bfloat16,torch.bfloat16,0.0,1.0,hsaco,3,14.24,Cijk_Ailk_Bljk_BBS_BH_UserArgs_MT16x32x32_SN_K1_PGR6_SB1_TT2_2_WG16_16_2
25,3072,2048,64,0,torch.bfloat16,torch.bfloat16,0.0,1.0,hsaco,4,25.6,Cijk_Ailk_Bljk_BBS_BH_UserArgs_MT64x32x32_SN_K1_PGR6_SB1_TT2_2_WG16_16_3
25,4096,2048,64,0,torch.bfloat16,torch.bfloat16,0.0,1.0,hsaco,4,26.64,Cijk_Ailk_Bljk_BBS_BH_UserArgs_MT64x32x32_SN_K1_PGR6_SB1_TT2_2_WG16_16_3
25,4608,2048,64,0,torch.bfloat16,torch.bfloat16,0.0,1.0,hsaco,4,25.92,Cijk_Ailk_Bljk_BBS_BH_UserArgs_MT64x32x32_SN_K1_PGR6_SB1_TT2_2_WG16_16_3
25,7168,2048,64,0,torch.bfloat16,torch.bfloat16,0.0,1.0,hsaco,4,26.32,Cijk_Ailk_Bljk_BBS_BH_UserArgs_MT64x32x32_SN_K1_PGR6_SB1_TT2_2_WG16_16_3
25,512,2304,64,0,torch.bfloat16,torch.bfloat16,0.0,1.0,hsaco,3,14.88,Cijk_Ailk_Bljk_BBS_BH_UserArgs_MT16x32x32_SN_K1_PGR6_SB1_TT2_2_WG16_16_2
25,1536,2304,64,0,torch.bfloat16,torch.bfloat16,0.0,1.0,hsaco,3,16.4,Cijk_Ailk_Bljk_BBS_BH_UserArgs_MT16x32x32_SN_K1_PGR6_SB1_TT2_2_WG16_16_2
25,3072,2304,64,0,torch.bfloat16,torch.bfloat16,0.0,1.0,hsaco,4,28.4,Cijk_Ailk_Bljk_BBS_BH_UserArgs_MT64x32x32_SN_K1_PGR6_SB1_TT2_2_WG16_16_3
25,4096,2304,64,0,torch.bfloat16,torch.bfloat16,0.0,1.0,hsaco,4,28.4,Cijk_Ailk_Bljk_BBS_BH_UserArgs_MT64x32x32_SN_K1_PGR6_SB1_TT2_2_WG16_16_3
25,4608,2304,64,0,torch.bfloat16,torch.bfloat16,0.0,1.0,hsaco,4,28.64,Cijk_Ailk_Bljk_BBS_BH_UserArgs_MT64x32x32_SN_K1_PGR6_SB1_TT2_2_WG16_16_3
25,7168,2304,64,0,torch.bfloat16,torch.bfloat16,0.0,1.0,hsaco,4,29.52,Cijk_Ailk_Bljk_BBS_BH_UserArgs_MT64x32x32_SN_K1_PGR6_SB1_TT2_2_WG16_16_3
25,512,7168,64,0,torch.bfloat16,torch.bfloat16,0.0,1.0,hsaco,3,36.88,Cijk_Ailk_Bljk_BBS_BH_UserArgs_MT16x32x32_SN_K1_PGR6_SB1_TT2_2_WG16_16_2
25,1536,7168,64,0,torch.bfloat16,torch.bfloat16,0.0,1.0,hsaco,3,41.44,Cijk_Ailk_Bljk_BBS_BH_UserArgs_MT16x32x32_SN_K1_PGR6_SB1_TT2_2_WG16_16_2
25,3072,7168,64,0,torch.bfloat16,torch.bfloat16,0.0,1.0,hsaco,4,74.72,Cijk_Ailk_Bljk_BBS_BH_UserArgs_MT64x32x32_SN_K1_PGR6_SB1_TT2_2_WG16_16_3
25,4096,7168,64,0,torch.bfloat16,torch.bfloat16,0.0,1.0,hsaco,4,77.52,Cijk_Ailk_Bljk_BBS_BH_UserArgs_MT64x32x32_SN_K1_PGR6_SB1_TT2_2_WG16_16_3
25,4608,7168,64,0,torch.bfloat16,torch.bfloat16,0.0,1.0,hsaco,4,75.92,Cijk_Ailk_Bljk_BBS_BH_UserArgs_MT64x32x32_SN_K1_PGR6_SB1_TT2_2_WG16_16_3
25,7168,7168,64,0,torch.bfloat16,torch.bfloat16,0.0,1.0,hsaco,4,78.48,Cijk_Ailk_Bljk_BBS_BH_UserArgs_MT64x32x32_SN_K1_PGR6_SB1_TT2_2_WG16_16_3
26,576,256,64,0,torch.bfloat16,torch.bfloat16,0.0,1.0,hsaco,3,6.0,Cijk_Ailk_Bljk_BBS_BH_UserArgs_MT16x32x32_SN_K1_PGR6_SB1_TT2_2_WG16_16_2
26,1536,256,64,0,torch.bfloat16,torch.bfloat16,0.0,1.0,hsaco,3,6.08,Cijk_Ailk_Bljk_BBS_BH_UserArgs_MT16x32x32_SN_K1_PGR6_SB1_TT2_2_WG16_16_2
26,3072,256,64,0,torch.bfloat16,torch.bfloat16,0.0,1.0,hsaco,4,8.48,Cijk_Ailk_Bljk_BBS_BH_UserArgs_MT64x32x32_SN_K1_PGR6_SB1_TT2_2_WG16_16_3
26,4096,256,64,0,torch.bfloat16,torch.bfloat16,0.0,1.0,hsaco,4,8.48,Cijk_Ailk_Bljk_BBS_BH_UserArgs_MT64x32x32_SN_K1_PGR6_SB1_TT2_2_WG16_16_3
26,4608,256,64,0,torch.bfloat16,torch.bfloat16,0.0,1.0,hsaco,4,8.4,Cijk_Ailk_Bljk_BBS_BH_UserArgs_MT64x32x32_SN_K1_PGR6_SB1_TT2_2_WG16_16_3
26,7168,256,64,0,torch.bfloat16,torch.bfloat16,0.0,1.0,hsaco,0,9.52,Cijk_Ailk_Bljk_BBS_BH_UserArgs_MT64x32x32_SN_K1_PGR6_SB1_TT2_2_WG16_16_2
26,576,512,64,0,torch.bfloat16,torch.bfloat16,0.0,1.0,hsaco,3,7.12,Cijk_Ailk_Bljk_BBS_BH_UserArgs_MT16x32x32_SN_K1_PGR6_SB1_TT2_2_WG16_16_2
26,1536,512,64,0,torch.bfloat16,torch.bfloat16,0.0,1.0,hsaco,3,7.12,Cijk_Ailk_Bljk_BBS_BH_UserArgs_MT16x32x32_SN_K1_PGR6_SB1_TT2_2_WG16_16_2
26,3072,512,64,0,torch.bfloat16,torch.bfloat16,0.0,1.0,hsaco,4,10.88,Cijk_Ailk_Bljk_BBS_BH_UserArgs_MT64x32x32_SN_K1_PGR6_SB1_TT2_2_WG16_16_3
26,4096,512,64,0,torch.bfloat16,torch.bfloat16,0.0,1.0,hsaco,4,10.8,Cijk_Ailk_Bljk_BBS_BH_UserArgs_MT64x32x32_SN_K1_PGR6_SB1_TT2_2_WG16_16_3
26,4608,512,64,0,torch.bfloat16,torch.bfloat16,0.0,1.0,hsaco,4,10.88,Cijk_Ailk_Bljk_BBS_BH_UserArgs_MT64x32x32_SN_K1_PGR6_SB1_TT2_2_WG16_16_3
26,7168,512,64,0,torch.bfloat16,torch.bfloat16,0.0,1.0,hsaco,4,11.04,Cijk_Ailk_Bljk_BBS_BH_UserArgs_MT64x32x32_SN_K1_PGR6_SB1_TT2_2_WG16_16_3
26,576,1536,64,0,torch.bfloat16,torch.bfloat16,0.0,1.0,hsaco,3,11.44,Cijk_Ailk_Bljk_BBS_BH_UserArgs_MT16x32x32_SN_K1_PGR6_SB1_TT2_2_WG16_16_2
26,1536,1536,64,0,torch.bfloat16,torch.bfloat16,0.0,1.0,hsaco,3,12.16,Cijk_Ailk_Bljk_BBS_BH_UserArgs_MT16x32x32_SN_K1_PGR6_SB1_TT2_2_WG16_16_2
26,3072,1536,64,0,torch.bfloat16,torch.bfloat16,0.0,1.0,hsaco,4,20.96,Cijk_Ailk_Bljk_BBS_BH_UserArgs_MT64x32x32_SN_K1_PGR6_SB1_TT2_2_WG16_16_3
26,4096,1536,64,0,torch.bfloat16,torch.bfloat16,0.0,1.0,hsaco,4,20.88,Cijk_Ailk_Bljk_BBS_BH_UserArgs_MT64x32x32_SN_K1_PGR6_SB1_TT2_2_WG16_16_3
26,4608,1536,64,0,torch.bfloat16,torch.bfloat16,0.0,1.0,hsaco,4,20.96,Cijk_Ailk_Bljk_BBS_BH_UserArgs_MT64x32x32_SN_K1_PGR6_SB1_TT2_2_WG16_16_3
26,7168,1536,64,0,torch.bfloat16,torch.bfloat16,0.0,1.0,hsaco,4,21.44,Cijk_Ailk_Bljk_BBS_BH_UserArgs_MT64x32x32_SN_K1_PGR6_SB1_TT2_2_WG16_16_3
26,512,2048,64,0,torch.bfloat16,torch.bfloat16,0.0,1.0,hsaco,3,13.68,Cijk_Ailk_Bljk_BBS_BH_UserArgs_MT16x32x32_SN_K1_PGR6_SB1_TT2_2_WG16_16_2
26,1536,2048,64,0,torch.bfloat16,torch.bfloat16,0.0,1.0,hsaco,3,14.24,Cijk_Ailk_Bljk_BBS_BH_UserArgs_MT16x32x32_SN_K1_PGR6_SB1_TT2_2_WG16_16_2
26,3072,2048,64,0,torch.bfloat16,torch.bfloat16,0.0,1.0,hsaco,4,25.6,Cijk_Ailk_Bljk_BBS_BH_UserArgs_MT64x32x32_SN_K1_PGR6_SB1_TT2_2_WG16_16_3
26,4096,2048,64,0,torch.bfloat16,torch.bfloat16,0.0,1.0,hsaco,4,26.4,Cijk_Ailk_Bljk_BBS_BH_UserArgs_MT64x32x32_SN_K1_PGR6_SB1_TT2_2_WG16_16_3
26,4608,2048,64,0,torch.bfloat16,torch.bfloat16,0.0,1.0,hsaco,4,25.76,Cijk_Ailk_Bljk_BBS_BH_UserArgs_MT64x32x32_SN_K1_PGR6_SB1_TT2_2_WG16_16_3
26,7168,2048,64,0,torch.bfloat16,torch.bfloat16,0.0,1.0,hsaco,4,26.4,Cijk_Ailk_Bljk_BBS_BH_UserArgs_MT64x32x32_SN_K1_PGR6_SB1_TT2_2_WG16_16_3
26,512,2304,64,0,torch.bfloat16,torch.bfloat16,0.0,1.0,hsaco,3,14.8,Cijk_Ailk_Bljk_BBS_BH_UserArgs_MT16x32x32_SN_K1_PGR6_SB1_TT2_2_WG16_16_2
26,1536,2304,64,0,torch.bfloat16,torch.bfloat16,0.0,1.0,hsaco,3,16.24,Cijk_Ailk_Bljk_BBS_BH_UserArgs_MT16x32x32_SN_K1_PGR6_SB1_TT2_2_WG16_16_2
26,3072,2304,64,0,torch.bfloat16,torch.bfloat16,0.0,1.0,hsaco,4,28.24,Cijk_Ailk_Bljk_BBS_BH_UserArgs_MT64x32x32_SN_K1_PGR6_SB1_TT2_2_WG16_16_3
26,4096,2304,64,0,torch.bfloat16,torch.bfloat16,0.0,1.0,hsaco,4,28.4,Cijk_Ailk_Bljk_BBS_BH_UserArgs_MT64x32x32_SN_K1_PGR6_SB1_TT2_2_WG16_16_3
26,4608,2304,64,0,torch.bfloat16,torch.bfloat16,0.0,1.0,hsaco,4,28.56,Cijk_Ailk_Bljk_BBS_BH_UserArgs_MT64x32x32_SN_K1_PGR6_SB1_TT2_2_WG16_16_3
26,7168,2304,64,0,torch.bfloat16,torch.bfloat16,0.0,1.0,hsaco,4,29.44,Cijk_Ailk_Bljk_BBS_BH_UserArgs_MT64x32x32_SN_K1_PGR6_SB1_TT2_2_WG16_16_3
26,512,7168,64,0,torch.bfloat16,torch.bfloat16,0.0,1.0,hsaco,3,37.12,Cijk_Ailk_Bljk_BBS_BH_UserArgs_MT16x32x32_SN_K1_PGR6_SB1_TT2_2_WG16_16_2
26,1536,7168,64,0,torch.bfloat16,torch.bfloat16,0.0,1.0,hsaco,3,41.44,Cijk_Ailk_Bljk_BBS_BH_UserArgs_MT16x32x32_SN_K1_PGR6_SB1_TT2_2_WG16_16_2
26,3072,7168,64,0,torch.bfloat16,torch.bfloat16,0.0,1.0,hsaco,4,74.8,Cijk_Ailk_Bljk_BBS_BH_UserArgs_MT64x32x32_SN_K1_PGR6_SB1_TT2_2_WG16_16_3
26,4096,7168,64,0,torch.bfloat16,torch.bfloat16,0.0,1.0,hsaco,4,77.28,Cijk_Ailk_Bljk_BBS_BH_UserArgs_MT64x32x32_SN_K1_PGR6_SB1_TT2_2_WG16_16_3
26,4608,7168,64,0,torch.bfloat16,torch.bfloat16,0.0,1.0,hsaco,4,76.32,Cijk_Ailk_Bljk_BBS_BH_UserArgs_MT64x32x32_SN_K1_PGR6_SB1_TT2_2_WG16_16_3
26,7168,7168,64,0,torch.bfloat16,torch.bfloat16,0.0,1.0,hsaco,4,78.96,Cijk_Ailk_Bljk_BBS_BH_UserArgs_MT64x32x32_SN_K1_PGR6_SB1_TT2_2_WG16_16_3
27,576,256,64,0,torch.bfloat16,torch.bfloat16,0.0,1.0,hsaco,3,6.16,Cijk_Ailk_Bljk_BBS_BH_UserArgs_MT16x32x32_SN_K1_PGR6_SB1_TT2_2_WG16_16_2
27,1536,256,64,0,torch.bfloat16,torch.bfloat16,0.0,1.0,hsaco,3,6.08,Cijk_Ailk_Bljk_BBS_BH_UserArgs_MT16x32x32_SN_K1_PGR6_SB1_TT2_2_WG16_16_2
27,3072,256,64,0,torch.bfloat16,torch.bfloat16,0.0,1.0,hsaco,4,8.4,Cijk_Ailk_Bljk_BBS_BH_UserArgs_MT64x32x32_SN_K1_PGR6_SB1_TT2_2_WG16_16_3
27,4096,256,64,0,torch.bfloat16,torch.bfloat16,0.0,1.0,hsaco,0,8.48,Cijk_Ailk_Bljk_BBS_BH_UserArgs_MT64x32x32_SN_K1_PGR6_SB1_TT2_2_WG16_16_2
27,4608,256,64,0,torch.bfloat16,torch.bfloat16,0.0,1.0,hsaco,0,8.48,Cijk_Ailk_Bljk_BBS_BH_UserArgs_MT64x32x32_SN_K1_PGR6_SB1_TT2_2_WG16_16_2
27,7168,256,64,0,torch.bfloat16,torch.bfloat16,0.0,1.0,hsaco,0,9.44,Cijk_Ailk_Bljk_BBS_BH_UserArgs_MT64x32x32_SN_K1_PGR6_SB1_TT2_2_WG16_16_2
27,576,512,64,0,torch.bfloat16,torch.bfloat16,0.0,1.0,hsaco,3,7.2,Cijk_Ailk_Bljk_BBS_BH_UserArgs_MT16x32x32_SN_K1_PGR6_SB1_TT2_2_WG16_16_2
27,1536,512,64,0,torch.bfloat16,torch.bfloat16,0.0,1.0,hsaco,3,7.04,Cijk_Ailk_Bljk_BBS_BH_UserArgs_MT16x32x32_SN_K1_PGR6_SB1_TT2_2_WG16_16_2
27,3072,512,64,0,torch.bfloat16,torch.bfloat16,0.0,1.0,hsaco,4,10.88,Cijk_Ailk_Bljk_BBS_BH_UserArgs_MT64x32x32_SN_K1_PGR6_SB1_TT2_2_WG16_16_3
27,4096,512,64,0,torch.bfloat16,torch.bfloat16,0.0,1.0,hsaco,4,10.8,Cijk_Ailk_Bljk_BBS_BH_UserArgs_MT64x32x32_SN_K1_PGR6_SB1_TT2_2_WG16_16_3
27,4608,512,64,0,torch.bfloat16,torch.bfloat16,0.0,1.0,hsaco,4,10.8,Cijk_Ailk_Bljk_BBS_BH_UserArgs_MT64x32x32_SN_K1_PGR6_SB1_TT2_2_WG16_16_3
27,7168,512,64,0,torch.bfloat16,torch.bfloat16,0.0,1.0,hsaco,4,10.96,Cijk_Ailk_Bljk_BBS_BH_UserArgs_MT64x32x32_SN_K1_PGR6_SB1_TT2_2_WG16_16_3
27,576,1536,64,0,torch.bfloat16,torch.bfloat16,0.0,1.0,hsaco,3,11.36,Cijk_Ailk_Bljk_BBS_BH_UserArgs_MT16x32x32_SN_K1_PGR6_SB1_TT2_2_WG16_16_2
27,1536,1536,64,0,torch.bfloat16,torch.bfloat16,0.0,1.0,hsaco,3,12.16,Cijk_Ailk_Bljk_BBS_BH_UserArgs_MT16x32x32_SN_K1_PGR6_SB1_TT2_2_WG16_16_2
27,3072,1536,64,0,torch.bfloat16,torch.bfloat16,0.0,1.0,hsaco,4,20.8,Cijk_Ailk_Bljk_BBS_BH_UserArgs_MT64x32x32_SN_K1_PGR6_SB1_TT2_2_WG16_16_3
27,4096,1536,64,0,torch.bfloat16,torch.bfloat16,0.0,1.0,hsaco,4,20.88,Cijk_Ailk_Bljk_BBS_BH_UserArgs_MT64x32x32_SN_K1_PGR6_SB1_TT2_2_WG16_16_3
27,4608,1536,64,0,torch.bfloat16,torch.bfloat16,0.0,1.0,hsaco,4,21.04,Cijk_Ailk_Bljk_BBS_BH_UserArgs_MT64x32x32_SN_K1_PGR6_SB1_TT2_2_WG16_16_3
27,7168,1536,64,0,torch.bfloat16,torch.bfloat16,0.0,1.0,hsaco,4,21.28,Cijk_Ailk_Bljk_BBS_BH_UserArgs_MT64x32x32_SN_K1_PGR6_SB1_TT2_2_WG16_16_3
27,512,2048,64,0,torch.bfloat16,torch.bfloat16,0.0,1.0,hsaco,3,13.68,Cijk_Ailk_Bljk_BBS_BH_UserArgs_MT16x32x32_SN_K1_PGR6_SB1_TT2_2_WG16_16_2
27,1536,2048,64,0,torch.bfloat16,torch.bfloat16,0.0,1.0,hsaco,3,14.0,Cijk_Ailk_Bljk_BBS_BH_UserArgs_MT16x32x32_SN_K1_PGR6_SB1_TT2_2_WG16_16_2
27,3072,2048,64,0,torch.bfloat16,torch.bfloat16,0.0,1.0,hsaco,4,25.44,Cijk_Ailk_Bljk_BBS_BH_UserArgs_MT64x32x32_SN_K1_PGR6_SB1_TT2_2_WG16_16_3
27,4096,2048,64,0,torch.bfloat16,torch.bfloat16,0.0,1.0,hsaco,4,26.56,Cijk_Ailk_Bljk_BBS_BH_UserArgs_MT64x32x32_SN_K1_PGR6_SB1_TT2_2_WG16_16_3
27,4608,2048,64,0,torch.bfloat16,torch.bfloat16,0.0,1.0,hsaco,4,25.76,Cijk_Ailk_Bljk_BBS_BH_UserArgs_MT64x32x32_SN_K1_PGR6_SB1_TT2_2_WG16_16_3
27,7168,2048,64,0,torch.bfloat16,torch.bfloat16,0.0,1.0,hsaco,4,26.32,Cijk_Ailk_Bljk_BBS_BH_UserArgs_MT64x32x32_SN_K1_PGR6_SB1_TT2_2_WG16_16_3
27,512,2304,64,0,torch.bfloat16,torch.bfloat16,0.0,1.0,hsaco,3,14.88,Cijk_Ailk_Bljk_BBS_BH_UserArgs_MT16x32x32_SN_K1_PGR6_SB1_TT2_2_WG16_16_2
27,1536,2304,64,0,torch.bfloat16,torch.bfloat16,0.0,1.0,hsaco,3,16.4,Cijk_Ailk_Bljk_BBS_BH_UserArgs_MT16x32x32_SN_K1_PGR6_SB1_TT2_2_WG16_16_2
27,3072,2304,64,0,torch.bfloat16,torch.bfloat16,0.0,1.0,hsaco,4,28.0,Cijk_Ailk_Bljk_BBS_BH_UserArgs_MT64x32x32_SN_K1_PGR6_SB1_TT2_2_WG16_16_3
27,4096,2304,64,0,torch.bfloat16,torch.bfloat16,0.0,1.0,hsaco,4,28.48,Cijk_Ailk_Bljk_BBS_BH_UserArgs_MT64x32x32_SN_K1_PGR6_SB1_TT2_2_WG16_16_3
27,4608,2304,64,0,torch.bfloat16,torch.bfloat16,0.0,1.0,hsaco,4,28.64,Cijk_Ailk_Bljk_BBS_BH_UserArgs_MT64x32x32_SN_K1_PGR6_SB1_TT2_2_WG16_16_3
27,7168,2304,64,0,torch.bfloat16,torch.bfloat16,0.0,1.0,hsaco,4,29.6,Cijk_Ailk_Bljk_BBS_BH_UserArgs_MT64x32x32_SN_K1_PGR6_SB1_TT2_2_WG16_16_3
27,512,7168,64,0,torch.bfloat16,torch.bfloat16,0.0,1.0,hsaco,3,36.96,Cijk_Ailk_Bljk_BBS_BH_UserArgs_MT16x32x32_SN_K1_PGR6_SB1_TT2_2_WG16_16_2
27,1536,7168,64,0,torch.bfloat16,torch.bfloat16,0.0,1.0,hsaco,3,41.84,Cijk_Ailk_Bljk_BBS_BH_UserArgs_MT16x32x32_SN_K1_PGR6_SB1_TT2_2_WG16_16_2
27,3072,7168,64,0,torch.bfloat16,torch.bfloat16,0.0,1.0,hsaco,4,76.0,Cijk_Ailk_Bljk_BBS_BH_UserArgs_MT64x32x32_SN_K1_PGR6_SB1_TT2_2_WG16_16_3
27,4096,7168,64,0,torch.bfloat16,torch.bfloat16,0.0,1.0,hsaco,4,77.44,Cijk_Ailk_Bljk_BBS_BH_UserArgs_MT64x32x32_SN_K1_PGR6_SB1_TT2_2_WG16_16_3
27,4608,7168,64,0,torch.bfloat16,torch.bfloat16,0.0,1.0,hsaco,4,76.4,Cijk_Ailk_Bljk_BBS_BH_UserArgs_MT64x32x32_SN_K1_PGR6_SB1_TT2_2_WG16_16_3
27,7168,7168,64,0,torch.bfloat16,torch.bfloat16,0.0,1.0,hsaco,4,78.56,Cijk_Ailk_Bljk_BBS_BH_UserArgs_MT64x32x32_SN_K1_PGR6_SB1_TT2_2_WG16_16_3
28,576,256,64,0,torch.bfloat16,torch.bfloat16,0.0,1.0,hsaco,3,5.84,Cijk_Ailk_Bljk_BBS_BH_UserArgs_MT16x32x32_SN_K1_PGR6_SB1_TT2_2_WG16_16_2
28,1536,256,64,0,torch.bfloat16,torch.bfloat16,0.0,1.0,hsaco,3,6.0,Cijk_Ailk_Bljk_BBS_BH_UserArgs_MT16x32x32_SN_K1_PGR6_SB1_TT2_2_WG16_16_2
28,3072,256,64,0,torch.bfloat16,torch.bfloat16,0.0,1.0,hsaco,4,8.48,Cijk_Ailk_Bljk_BBS_BH_UserArgs_MT64x32x32_SN_K1_PGR6_SB1_TT2_2_WG16_16_3
28,4096,256,64,0,torch.bfloat16,torch.bfloat16,0.0,1.0,hsaco,4,8.48,Cijk_Ailk_Bljk_BBS_BH_UserArgs_MT64x32x32_SN_K1_PGR6_SB1_TT2_2_WG16_16_3
28,4608,256,64,0,torch.bfloat16,torch.bfloat16,0.0,1.0,hsaco,0,8.32,Cijk_Ailk_Bljk_BBS_BH_UserArgs_MT64x32x32_SN_K1_PGR6_SB1_TT2_2_WG16_16_2
28,7168,256,64,0,torch.bfloat16,torch.bfloat16,0.0,1.0,hsaco,0,9.36,Cijk_Ailk_Bljk_BBS_BH_UserArgs_MT64x32x32_SN_K1_PGR6_SB1_TT2_2_WG16_16_2
28,576,512,64,0,torch.bfloat16,torch.bfloat16,0.0,1.0,hsaco,3,7.12,Cijk_Ailk_Bljk_BBS_BH_UserArgs_MT16x32x32_SN_K1_PGR6_SB1_TT2_2_WG16_16_2
28,1536,512,64,0,torch.bfloat16,torch.bfloat16,0.0,1.0,hsaco,3,7.04,Cijk_Ailk_Bljk_BBS_BH_UserArgs_MT16x32x32_SN_K1_PGR6_SB1_TT2_2_WG16_16_2
28,3072,512,64,0,torch.bfloat16,torch.bfloat16,0.0,1.0,hsaco,4,10.8,Cijk_Ailk_Bljk_BBS_BH_UserArgs_MT64x32x32_SN_K1_PGR6_SB1_TT2_2_WG16_16_3
28,4096,512,64,0,torch.bfloat16,torch.bfloat16,0.0,1.0,hsaco,4,10.8,Cijk_Ailk_Bljk_BBS_BH_UserArgs_MT64x32x32_SN_K1_PGR6_SB1_TT2_2_WG16_16_3
28,4608,512,64,0,torch.bfloat16,torch.bfloat16,0.0,1.0,hsaco,4,10.96,Cijk_Ailk_Bljk_BBS_BH_UserArgs_MT64x32x32_SN_K1_PGR6_SB1_TT2_2_WG16_16_3
28,7168,512,64,0,torch.bfloat16,torch.bfloat16,0.0,1.0,hsaco,4,11.12,Cijk_Ailk_Bljk_BBS_BH_UserArgs_MT64x32x32_SN_K1_PGR6_SB1_TT2_2_WG16_16_3
28,576,1536,64,0,torch.bfloat16,torch.bfloat16,0.0,1.0,hsaco,3,11.44,Cijk_Ailk_Bljk_BBS_BH_UserArgs_MT16x32x32_SN_K1_PGR6_SB1_TT2_2_WG16_16_2
28,1536,1536,64,0,torch.bfloat16,torch.bfloat16,0.0,1.0,hsaco,3,12.08,Cijk_Ailk_Bljk_BBS_BH_UserArgs_MT16x32x32_SN_K1_PGR6_SB1_TT2_2_WG16_16_2
28,3072,1536,64,0,torch.bfloat16,torch.bfloat16,0.0,1.0,hsaco,4,20.64,Cijk_Ailk_Bljk_BBS_BH_UserArgs_MT64x32x32_SN_K1_PGR6_SB1_TT2_2_WG16_16_3
28,4096,1536,64,0,torch.bfloat16,torch.bfloat16,0.0,1.0,hsaco,4,21.2,Cijk_Ailk_Bljk_BBS_BH_UserArgs_MT64x32x32_SN_K1_PGR6_SB1_TT2_2_WG16_16_3
28,4608,1536,64,0,torch.bfloat16,torch.bfloat16,0.0,1.0,hsaco,4,20.96,Cijk_Ailk_Bljk_BBS_BH_UserArgs_MT64x32x32_SN_K1_PGR6_SB1_TT2_2_WG16_16_3
28,7168,1536,64,0,torch.bfloat16,torch.bfloat16,0.0,1.0,hsaco,4,21.44,Cijk_Ailk_Bljk_BBS_BH_UserArgs_MT64x32x32_SN_K1_PGR6_SB1_TT2_2_WG16_16_3
28,512,2048,64,0,torch.bfloat16,torch.bfloat16,0.0,1.0,hsaco,3,13.76,Cijk_Ailk_Bljk_BBS_BH_UserArgs_MT16x32x32_SN_K1_PGR6_SB1_TT2_2_WG16_16_2
28,1536,2048,64,0,torch.bfloat16,torch.bfloat16,0.0,1.0,hsaco,3,14.08,Cijk_Ailk_Bljk_BBS_BH_UserArgs_MT16x32x32_SN_K1_PGR6_SB1_TT2_2_WG16_16_2
28,3072,2048,64,0,torch.bfloat16,torch.bfloat16,0.0,1.0,hsaco,4,25.76,Cijk_Ailk_Bljk_BBS_BH_UserArgs_MT64x32x32_SN_K1_PGR6_SB1_TT2_2_WG16_16_3
28,4096,2048,64,0,torch.bfloat16,torch.bfloat16,0.0,1.0,hsaco,4,26.64,Cijk_Ailk_Bljk_BBS_BH_UserArgs_MT64x32x32_SN_K1_PGR6_SB1_TT2_2_WG16_16_3
28,4608,2048,64,0,torch.bfloat16,torch.bfloat16,0.0,1.0,hsaco,4,25.84,Cijk_Ailk_Bljk_BBS_BH_UserArgs_MT64x32x32_SN_K1_PGR6_SB1_TT2_2_WG16_16_3
28,7168,2048,64,0,torch.bfloat16,torch.bfloat16,0.0,1.0,hsaco,4,26.16,Cijk_Ailk_Bljk_BBS_BH_UserArgs_MT64x32x32_SN_K1_PGR6_SB1_TT2_2_WG16_16_3
28,512,2304,64,0,torch.bfloat16,torch.bfloat16,0.0,1.0,hsaco,3,14.8,Cijk_Ailk_Bljk_BBS_BH_UserArgs_MT16x32x32_SN_K1_PGR6_SB1_TT2_2_WG16_16_2
28,1536,2304,64,0,torch.bfloat16,torch.bfloat16,0.0,1.0,hsaco,3,16.48,Cijk_Ailk_Bljk_BBS_BH_UserArgs_MT16x32x32_SN_K1_PGR6_SB1_TT2_2_WG16_16_2
28,3072,2304,64,0,torch.bfloat16,torch.bfloat16,0.0,1.0,hsaco,4,28.24,Cijk_Ailk_Bljk_BBS_BH_UserArgs_MT64x32x32_SN_K1_PGR6_SB1_TT2_2_WG16_16_3
28,4096,2304,64,0,torch.bfloat16,torch.bfloat16,0.0,1.0,hsaco,4,28.56,Cijk_Ailk_Bljk_BBS_BH_UserArgs_MT64x32x32_SN_K1_PGR6_SB1_TT2_2_WG16_16_3
28,4608,2304,64,0,torch.bfloat16,torch.bfloat16,0.0,1.0,hsaco,4,28.72,Cijk_Ailk_Bljk_BBS_BH_UserArgs_MT64x32x32_SN_K1_PGR6_SB1_TT2_2_WG16_16_3
28,7168,2304,64,0,torch.bfloat16,torch.bfloat16,0.0,1.0,hsaco,4,29.6,Cijk_Ailk_Bljk_BBS_BH_UserArgs_MT64x32x32_SN_K1_PGR6_SB1_TT2_2_WG16_16_3
28,512,7168,64,0,torch.bfloat16,torch.bfloat16,0.0,1.0,hsaco,3,36.96,Cijk_Ailk_Bljk_BBS_BH_UserArgs_MT16x32x32_SN_K1_PGR6_SB1_TT2_2_WG16_16_2
28,1536,7168,64,0,torch.bfloat16,torch.bfloat16,0.0,1.0,hsaco,3,42.08,Cijk_Ailk_Bljk_BBS_BH_UserArgs_MT16x32x32_SN_K1_PGR6_SB1_TT2_2_WG16_16_2
28,3072,7168,64,0,torch.bfloat16,torch.bfloat16,0.0,1.0,hsaco,4,76.48,Cijk_Ailk_Bljk_BBS_BH_UserArgs_MT64x32x32_SN_K1_PGR6_SB1_TT2_2_WG16_16_3
28,4096,7168,64,0,torch.bfloat16,torch.bfloat16,0.0,1.0,hsaco,4,77.12,Cijk_Ailk_Bljk_BBS_BH_UserArgs_MT64x32x32_SN_K1_PGR6_SB1_TT2_2_WG16_16_3
28,4608,7168,64,0,torch.bfloat16,torch.bfloat16,0.0,1.0,hsaco,4,75.68,Cijk_Ailk_Bljk_BBS_BH_UserArgs_MT64x32x32_SN_K1_PGR6_SB1_TT2_2_WG16_16_3
28,7168,7168,64,0,torch.bfloat16,torch.bfloat16,0.0,1.0,hsaco,4,78.72,Cijk_Ailk_Bljk_BBS_BH_UserArgs_MT64x32x32_SN_K1_PGR6_SB1_TT2_2_WG16_16_3
29,576,256,64,0,torch.bfloat16,torch.bfloat16,0.0,1.0,hsaco,3,6.16,Cijk_Ailk_Bljk_BBS_BH_UserArgs_MT16x32x32_SN_K1_PGR6_SB1_TT2_2_WG16_16_2
29,1536,256,64,0,torch.bfloat16,torch.bfloat16,0.0,1.0,hsaco,3,6.08,Cijk_Ailk_Bljk_BBS_BH_UserArgs_MT16x32x32_SN_K1_PGR6_SB1_TT2_2_WG16_16_2
29,3072,256,64,0,torch.bfloat16,torch.bfloat16,0.0,1.0,hsaco,4,8.56,Cijk_Ailk_Bljk_BBS_BH_UserArgs_MT64x32x32_SN_K1_PGR6_SB1_TT2_2_WG16_16_3
29,4096,256,64,0,torch.bfloat16,torch.bfloat16,0.0,1.0,hsaco,4,8.56,Cijk_Ailk_Bljk_BBS_BH_UserArgs_MT64x32x32_SN_K1_PGR6_SB1_TT2_2_WG16_16_3
29,4608,256,64,0,torch.bfloat16,torch.bfloat16,0.0,1.0,hsaco,0,8.48,Cijk_Ailk_Bljk_BBS_BH_UserArgs_MT64x32x32_SN_K1_PGR6_SB1_TT2_2_WG16_16_2
29,7168,256,64,0,torch.bfloat16,torch.bfloat16,0.0,1.0,hsaco,0,9.44,Cijk_Ailk_Bljk_BBS_BH_UserArgs_MT64x32x32_SN_K1_PGR6_SB1_TT2_2_WG16_16_2
29,576,512,64,0,torch.bfloat16,torch.bfloat16,0.0,1.0,hsaco,3,7.2,Cijk_Ailk_Bljk_BBS_BH_UserArgs_MT16x32x32_SN_K1_PGR6_SB1_TT2_2_WG16_16_2
29,1536,512,64,0,torch.bfloat16,torch.bfloat16,0.0,1.0,hsaco,3,6.96,Cijk_Ailk_Bljk_BBS_BH_UserArgs_MT16x32x32_SN_K1_PGR6_SB1_TT2_2_WG16_16_2
29,3072,512,64,0,torch.bfloat16,torch.bfloat16,0.0,1.0,hsaco,4,10.8,Cijk_Ailk_Bljk_BBS_BH_UserArgs_MT64x32x32_SN_K1_PGR6_SB1_TT2_2_WG16_16_3
29,4096,512,64,0,torch.bfloat16,torch.bfloat16,0.0,1.0,hsaco,4,11.04,Cijk_Ailk_Bljk_BBS_BH_UserArgs_MT64x32x32_SN_K1_PGR6_SB1_TT2_2_WG16_16_3
29,4608,512,64,0,torch.bfloat16,torch.bfloat16,0.0,1.0,hsaco,4,10.88,Cijk_Ailk_Bljk_BBS_BH_UserArgs_MT64x32x32_SN_K1_PGR6_SB1_TT2_2_WG16_16_3
29,7168,512,64,0,torch.bfloat16,torch.bfloat16,0.0,1.0,hsaco,4,11.2,Cijk_Ailk_Bljk_BBS_BH_UserArgs_MT64x32x32_SN_K1_PGR6_SB1_TT2_2_WG16_16_3
29,576,1536,64,0,torch.bfloat16,torch.bfloat16,0.0,1.0,hsaco,3,11.28,Cijk_Ailk_Bljk_BBS_BH_UserArgs_MT16x32x32_SN_K1_PGR6_SB1_TT2_2_WG16_16_2
29,1536,1536,64,0,torch.bfloat16,torch.bfloat16,0.0,1.0,hsaco,3,12.0,Cijk_Ailk_Bljk_BBS_BH_UserArgs_MT16x32x32_SN_K1_PGR6_SB1_TT2_2_WG16_16_2
29,3072,1536,64,0,torch.bfloat16,torch.bfloat16,0.0,1.0,hsaco,4,20.8,Cijk_Ailk_Bljk_BBS_BH_UserArgs_MT64x32x32_SN_K1_PGR6_SB1_TT2_2_WG16_16_3
29,4096,1536,64,0,torch.bfloat16,torch.bfloat16,0.0,1.0,hsaco,4,20.96,Cijk_Ailk_Bljk_BBS_BH_UserArgs_MT64x32x32_SN_K1_PGR6_SB1_TT2_2_WG16_16_3
29,4608,1536,64,0,torch.bfloat16,torch.bfloat16,0.0,1.0,hsaco,4,21.04,Cijk_Ailk_Bljk_BBS_BH_UserArgs_MT64x32x32_SN_K1_PGR6_SB1_TT2_2_WG16_16_3
29,7168,1536,64,0,torch.bfloat16,torch.bfloat16,0.0,1.0,hsaco,4,21.44,Cijk_Ailk_Bljk_BBS_BH_UserArgs_MT64x32x32_SN_K1_PGR6_SB1_TT2_2_WG16_16_3
29,512,2048,64,0,torch.bfloat16,torch.bfloat16,0.0,1.0,hsaco,3,13.6,Cijk_Ailk_Bljk_BBS_BH_UserArgs_MT16x32x32_SN_K1_PGR6_SB1_TT2_2_WG16_16_2
29,1536,2048,64,0,torch.bfloat16,torch.bfloat16,0.0,1.0,hsaco,3,14.24,Cijk_Ailk_Bljk_BBS_BH_UserArgs_MT16x32x32_SN_K1_PGR6_SB1_TT2_2_WG16_16_2
29,3072,2048,64,0,torch.bfloat16,torch.bfloat16,0.0,1.0,hsaco,4,25.92,Cijk_Ailk_Bljk_BBS_BH_UserArgs_MT64x32x32_SN_K1_PGR6_SB1_TT2_2_WG16_16_3
29,4096,2048,64,0,torch.bfloat16,torch.bfloat16,0.0,1.0,hsaco,4,26.64,Cijk_Ailk_Bljk_BBS_BH_UserArgs_MT64x32x32_SN_K1_PGR6_SB1_TT2_2_WG16_16_3
29,4608,2048,64,0,torch.bfloat16,torch.bfloat16,0.0,1.0,hsaco,4,25.84,Cijk_Ailk_Bljk_BBS_BH_UserArgs_MT64x32x32_SN_K1_PGR6_SB1_TT2_2_WG16_16_3
29,7168,2048,64,0,torch.bfloat16,torch.bfloat16,0.0,1.0,hsaco,4,26.24,Cijk_Ailk_Bljk_BBS_BH_UserArgs_MT64x32x32_SN_K1_PGR6_SB1_TT2_2_WG16_16_3
29,512,2304,64,0,torch.bfloat16,torch.bfloat16,0.0,1.0,hsaco,3,14.8,Cijk_Ailk_Bljk_BBS_BH_UserArgs_MT16x32x32_SN_K1_PGR6_SB1_TT2_2_WG16_16_2
29,1536,2304,64,0,torch.bfloat16,torch.bfloat16,0.0,1.0,hsaco,3,16.48,Cijk_Ailk_Bljk_BBS_BH_UserArgs_MT16x32x32_SN_K1_PGR6_SB1_TT2_2_WG16_16_2
29,3072,2304,64,0,torch.bfloat16,torch.bfloat16,0.0,1.0,hsaco,4,28.48,Cijk_Ailk_Bljk_BBS_BH_UserArgs_MT64x32x32_SN_K1_PGR6_SB1_TT2_2_WG16_16_3
29,4096,2304,64,0,torch.bfloat16,torch.bfloat16,0.0,1.0,hsaco,4,28.56,Cijk_Ailk_Bljk_BBS_BH_UserArgs_MT64x32x32_SN_K1_PGR6_SB1_TT2_2_WG16_16_3
29,4608,2304,64,0,torch.bfloat16,torch.bfloat16,0.0,1.0,hsaco,4,28.8,Cijk_Ailk_Bljk_BBS_BH_UserArgs_MT64x32x32_SN_K1_PGR6_SB1_TT2_2_WG16_16_3
29,7168,2304,64,0,torch.bfloat16,torch.bfloat16,0.0,1.0,hsaco,4,29.6,Cijk_Ailk_Bljk_BBS_BH_UserArgs_MT64x32x32_SN_K1_PGR6_SB1_TT2_2_WG16_16_3
29,512,7168,64,0,torch.bfloat16,torch.bfloat16,0.0,1.0,hsaco,3,36.96,Cijk_Ailk_Bljk_BBS_BH_UserArgs_MT16x32x32_SN_K1_PGR6_SB1_TT2_2_WG16_16_2
29,1536,7168,64,0,torch.bfloat16,torch.bfloat16,0.0,1.0,hsaco,3,42.16,Cijk_Ailk_Bljk_BBS_BH_UserArgs_MT16x32x32_SN_K1_PGR6_SB1_TT2_2_WG16_16_2
29,3072,7168,64,0,torch.bfloat16,torch.bfloat16,0.0,1.0,hsaco,4,75.92,Cijk_Ailk_Bljk_BBS_BH_UserArgs_MT64x32x32_SN_K1_PGR6_SB1_TT2_2_WG16_16_3
29,4096,7168,64,0,torch.bfloat16,torch.bfloat16,0.0,1.0,hsaco,4,77.36,Cijk_Ailk_Bljk_BBS_BH_UserArgs_MT64x32x32_SN_K1_PGR6_SB1_TT2_2_WG16_16_3
29,4608,7168,64,0,torch.bfloat16,torch.bfloat16,0.0,1.0,hsaco,4,76.24,Cijk_Ailk_Bljk_BBS_BH_UserArgs_MT64x32x32_SN_K1_PGR6_SB1_TT2_2_WG16_16_3
29,7168,7168,64,0,torch.bfloat16,torch.bfloat16,0.0,1.0,hsaco,4,78.48,Cijk_Ailk_Bljk_BBS_BH_UserArgs_MT64x32x32_SN_K1_PGR6_SB1_TT2_2_WG16_16_3
30,576,256,64,0,torch.bfloat16,torch.bfloat16,0.0,1.0,hsaco,3,6.08,Cijk_Ailk_Bljk_BBS_BH_UserArgs_MT16x32x32_SN_K1_PGR6_SB1_TT2_2_WG16_16_2
30,1536,256,64,0,torch.bfloat16,torch.bfloat16,0.0,1.0,hsaco,3,6.08,Cijk_Ailk_Bljk_BBS_BH_UserArgs_MT16x32x32_SN_K1_PGR6_SB1_TT2_2_WG16_16_2
30,3072,256,64,0,torch.bfloat16,torch.bfloat16,0.0,1.0,hsaco,4,8.48,Cijk_Ailk_Bljk_BBS_BH_UserArgs_MT64x32x32_SN_K1_PGR6_SB1_TT2_2_WG16_16_3
30,4096,256,64,0,torch.bfloat16,torch.bfloat16,0.0,1.0,hsaco,4,8.56,Cijk_Ailk_Bljk_BBS_BH_UserArgs_MT64x32x32_SN_K1_PGR6_SB1_TT2_2_WG16_16_3
30,4608,256,64,0,torch.bfloat16,torch.bfloat16,0.0,1.0,hsaco,4,8.56,Cijk_Ailk_Bljk_BBS_BH_UserArgs_MT64x32x32_SN_K1_PGR6_SB1_TT2_2_WG16_16_3
30,7168,256,64,0,torch.bfloat16,torch.bfloat16,0.0,1.0,hsaco,0,9.52,Cijk_Ailk_Bljk_BBS_BH_UserArgs_MT64x32x32_SN_K1_PGR6_SB1_TT2_2_WG16_16_2
30,576,512,64,0,torch.bfloat16,torch.bfloat16,0.0,1.0,hsaco,3,7.04,Cijk_Ailk_Bljk_BBS_BH_UserArgs_MT16x32x32_SN_K1_PGR6_SB1_TT2_2_WG16_16_2
30,1536,512,64,0,torch.bfloat16,torch.bfloat16,0.0,1.0,hsaco,3,7.12,Cijk_Ailk_Bljk_BBS_BH_UserArgs_MT16x32x32_SN_K1_PGR6_SB1_TT2_2_WG16_16_2
30,3072,512,64,0,torch.bfloat16,torch.bfloat16,0.0,1.0,hsaco,4,10.96,Cijk_Ailk_Bljk_BBS_BH_UserArgs_MT64x32x32_SN_K1_PGR6_SB1_TT2_2_WG16_16_3
30,4096,512,64,0,torch.bfloat16,torch.bfloat16,0.0,1.0,hsaco,4,10.88,Cijk_Ailk_Bljk_BBS_BH_UserArgs_MT64x32x32_SN_K1_PGR6_SB1_TT2_2_WG16_16_3
30,4608,512,64,0,torch.bfloat16,torch.bfloat16,0.0,1.0,hsaco,4,11.04,Cijk_Ailk_Bljk_BBS_BH_UserArgs_MT64x32x32_SN_K1_PGR6_SB1_TT2_2_WG16_16_3
30,7168,512,64,0,torch.bfloat16,torch.bfloat16,0.0,1.0,hsaco,4,11.36,Cijk_Ailk_Bljk_BBS_BH_UserArgs_MT64x32x32_SN_K1_PGR6_SB1_TT2_2_WG16_16_3
30,576,1536,64,0,torch.bfloat16,torch.bfloat16,0.0,1.0,hsaco,3,11.2,Cijk_Ailk_Bljk_BBS_BH_UserArgs_MT16x32x32_SN_K1_PGR6_SB1_TT2_2_WG16_16_2
30,1536,1536,64,0,torch.bfloat16,torch.bfloat16,0.0,1.0,hsaco,3,12.08,Cijk_Ailk_Bljk_BBS_BH_UserArgs_MT16x32x32_SN_K1_PGR6_SB1_TT2_2_WG16_16_2
30,3072,1536,64,0,torch.bfloat16,torch.bfloat16,0.0,1.0,hsaco,4,20.96,Cijk_Ailk_Bljk_BBS_BH_UserArgs_MT64x32x32_SN_K1_PGR6_SB1_TT2_2_WG16_16_3
30,4096,1536,64,0,torch.bfloat16,torch.bfloat16,0.0,1.0,hsaco,4,21.04,Cijk_Ailk_Bljk_BBS_BH_UserArgs_MT64x32x32_SN_K1_PGR6_SB1_TT2_2_WG16_16_3
30,4608,1536,64,0,torch.bfloat16,torch.bfloat16,0.0,1.0,hsaco,4,20.96,Cijk_Ailk_Bljk_BBS_BH_UserArgs_MT64x32x32_SN_K1_PGR6_SB1_TT2_2_WG16_16_3
30,7168,1536,64,0,torch.bfloat16,torch.bfloat16,0.0,1.0,hsaco,4,21.6,Cijk_Ailk_Bljk_BBS_BH_UserArgs_MT64x32x32_SN_K1_PGR6_SB1_TT2_2_WG16_16_3
30,512,2048,64,0,torch.bfloat16,torch.bfloat16,0.0,1.0,hsaco,3,13.6,Cijk_Ailk_Bljk_BBS_BH_UserArgs_MT16x32x32_SN_K1_PGR6_SB1_TT2_2_WG16_16_2
30,1536,2048,64,0,torch.bfloat16,torch.bfloat16,0.0,1.0,hsaco,3,14.08,Cijk_Ailk_Bljk_BBS_BH_UserArgs_MT16x32x32_SN_K1_PGR6_SB1_TT2_2_WG16_16_2
30,3072,2048,64,0,torch.bfloat16,torch.bfloat16,0.0,1.0,hsaco,4,25.76,Cijk_Ailk_Bljk_BBS_BH_UserArgs_MT64x32x32_SN_K1_PGR6_SB1_TT2_2_WG16_16_3
30,4096,2048,64,0,torch.bfloat16,torch.bfloat16,0.0,1.0,hsaco,4,26.64,Cijk_Ailk_Bljk_BBS_BH_UserArgs_MT64x32x32_SN_K1_PGR6_SB1_TT2_2_WG16_16_3
30,4608,2048,64,0,torch.bfloat16,torch.bfloat16,0.0,1.0,hsaco,4,25.84,Cijk_Ailk_Bljk_BBS_BH_UserArgs_MT64x32x32_SN_K1_PGR6_SB1_TT2_2_WG16_16_3
30,7168,2048,64,0,torch.bfloat16,torch.bfloat16,0.0,1.0,hsaco,4,26.32,Cijk_Ailk_Bljk_BBS_BH_UserArgs_MT64x32x32_SN_K1_PGR6_SB1_TT2_2_WG16_16_3
30,512,2304,64,0,torch.bfloat16,torch.bfloat16,0.0,1.0,hsaco,3,14.72,Cijk_Ailk_Bljk_BBS_BH_UserArgs_MT16x32x32_SN_K1_PGR6_SB1_TT2_2_WG16_16_2
30,1536,2304,64,0,torch.bfloat16,torch.bfloat16,0.0,1.0,hsaco,3,16.64,Cijk_Ailk_Bljk_BBS_BH_UserArgs_MT16x32x32_SN_K1_PGR6_SB1_TT2_2_WG16_16_2
30,3072,2304,64,0,torch.bfloat16,torch.bfloat16,0.0,1.0,hsaco,4,28.32,Cijk_Ailk_Bljk_BBS_BH_UserArgs_MT64x32x32_SN_K1_PGR6_SB1_TT2_2_WG16_16_3
30,4096,2304,64,0,torch.bfloat16,torch.bfloat16,0.0,1.0,hsaco,4,28.48,Cijk_Ailk_Bljk_BBS_BH_UserArgs_MT64x32x32_SN_K1_PGR6_SB1_TT2_2_WG16_16_3
30,4608,2304,64,0,torch.bfloat16,torch.bfloat16,0.0,1.0,hsaco,4,28.72,Cijk_Ailk_Bljk_BBS_BH_UserArgs_MT64x32x32_SN_K1_PGR6_SB1_TT2_2_WG16_16_3
30,7168,2304,64,0,torch.bfloat16,torch.bfloat16,0.0,1.0,hsaco,4,29.84,Cijk_Ailk_Bljk_BBS_BH_UserArgs_MT64x32x32_SN_K1_PGR6_SB1_TT2_2_WG16_16_3
30,512,7168,64,0,torch.bfloat16,torch.bfloat16,0.0,1.0,hsaco,3,36.88,Cijk_Ailk_Bljk_BBS_BH_UserArgs_MT16x32x32_SN_K1_PGR6_SB1_TT2_2_WG16_16_2
30,1536,7168,64,0,torch.bfloat16,torch.bfloat16,0.0,1.0,hsaco,3,42.32,Cijk_Ailk_Bljk_BBS_BH_UserArgs_MT16x32x32_SN_K1_PGR6_SB1_TT2_2_WG16_16_2
30,3072,7168,64,0,torch.bfloat16,torch.bfloat16,0.0,1.0,hsaco,4,76.4,Cijk_Ailk_Bljk_BBS_BH_UserArgs_MT64x32x32_SN_K1_PGR6_SB1_TT2_2_WG16_16_3
30,4096,7168,64,0,torch.bfloat16,torch.bfloat16,0.0,1.0,hsaco,4,77.28,Cijk_Ailk_Bljk_BBS_BH_UserArgs_MT64x32x32_SN_K1_PGR6_SB1_TT2_2_WG16_16_3
30,4608,7168,64,0,torch.bfloat16,torch.bfloat16,0.0,1.0,hsaco,4,76.72,Cijk_Ailk_Bljk_BBS_BH_UserArgs_MT64x32x32_SN_K1_PGR6_SB1_TT2_2_WG16_16_3
30,7168,7168,64,0,torch.bfloat16,torch.bfloat16,0.0,1.0,hsaco,4,79.36,Cijk_Ailk_Bljk_BBS_BH_UserArgs_MT64x32x32_SN_K1_PGR6_SB1_TT2_2_WG16_16_3
31,576,256,64,0,torch.bfloat16,torch.bfloat16,0.0,1.0,hsaco,3,6.0,Cijk_Ailk_Bljk_BBS_BH_UserArgs_MT16x32x32_SN_K1_PGR6_SB1_TT2_2_WG16_16_2
31,1536,256,64,0,torch.bfloat16,torch.bfloat16,0.0,1.0,hsaco,3,6.24,Cijk_Ailk_Bljk_BBS_BH_UserArgs_MT16x32x32_SN_K1_PGR6_SB1_TT2_2_WG16_16_2
31,3072,256,64,0,torch.bfloat16,torch.bfloat16,0.0,1.0,hsaco,4,8.48,Cijk_Ailk_Bljk_BBS_BH_UserArgs_MT64x32x32_SN_K1_PGR6_SB1_TT2_2_WG16_16_3
31,4096,256,64,0,torch.bfloat16,torch.bfloat16,0.0,1.0,hsaco,4,8.56,Cijk_Ailk_Bljk_BBS_BH_UserArgs_MT64x32x32_SN_K1_PGR6_SB1_TT2_2_WG16_16_3
31,4608,256,64,0,torch.bfloat16,torch.bfloat16,0.0,1.0,hsaco,4,8.56,Cijk_Ailk_Bljk_BBS_BH_UserArgs_MT64x32x32_SN_K1_PGR6_SB1_TT2_2_WG16_16_3
31,7168,256,64,0,torch.bfloat16,torch.bfloat16,0.0,1.0,hsaco,0,9.52,Cijk_Ailk_Bljk_BBS_BH_UserArgs_MT64x32x32_SN_K1_PGR6_SB1_TT2_2_WG16_16_2
31,576,512,64,0,torch.bfloat16,torch.bfloat16,0.0,1.0,hsaco,3,7.04,Cijk_Ailk_Bljk_BBS_BH_UserArgs_MT16x32x32_SN_K1_PGR6_SB1_TT2_2_WG16_16_2
31,1536,512,64,0,torch.bfloat16,torch.bfloat16,0.0,1.0,hsaco,3,7.12,Cijk_Ailk_Bljk_BBS_BH_UserArgs_MT16x32x32_SN_K1_PGR6_SB1_TT2_2_WG16_16_2
31,3072,512,64,0,torch.bfloat16,torch.bfloat16,0.0,1.0,hsaco,4,10.96,Cijk_Ailk_Bljk_BBS_BH_UserArgs_MT64x32x32_SN_K1_PGR6_SB1_TT2_2_WG16_16_3
31,4096,512,64,0,torch.bfloat16,torch.bfloat16,0.0,1.0,hsaco,4,10.8,Cijk_Ailk_Bljk_BBS_BH_UserArgs_MT64x32x32_SN_K1_PGR6_SB1_TT2_2_WG16_16_3
31,4608,512,64,0,torch.bfloat16,torch.bfloat16,0.0,1.0,hsaco,4,10.96,Cijk_Ailk_Bljk_BBS_BH_UserArgs_MT64x32x32_SN_K1_PGR6_SB1_TT2_2_WG16_16_3
31,7168,512,64,0,torch.bfloat16,torch.bfloat16,0.0,1.0,hsaco,4,11.12,Cijk_Ailk_Bljk_BBS_BH_UserArgs_MT64x32x32_SN_K1_PGR6_SB1_TT2_2_WG16_16_3
31,576,1536,64,0,torch.bfloat16,torch.bfloat16,0.0,1.0,hsaco,3,11.44,Cijk_Ailk_Bljk_BBS_BH_UserArgs_MT16x32x32_SN_K1_PGR6_SB1_TT2_2_WG16_16_2
31,1536,1536,64,0,torch.bfloat16,torch.bfloat16,0.0,1.0,hsaco,3,12.0,Cijk_Ailk_Bljk_BBS_BH_UserArgs_MT16x32x32_SN_K1_PGR6_SB1_TT2_2_WG16_16_2
31,3072,1536,64,0,torch.bfloat16,torch.bfloat16,0.0,1.0,hsaco,4,20.96,Cijk_Ailk_Bljk_BBS_BH_UserArgs_MT64x32x32_SN_K1_PGR6_SB1_TT2_2_WG16_16_3
31,4096,1536,64,0,torch.bfloat16,torch.bfloat16,0.0,1.0,hsaco,4,21.2,Cijk_Ailk_Bljk_BBS_BH_UserArgs_MT64x32x32_SN_K1_PGR6_SB1_TT2_2_WG16_16_3
31,4608,1536,64,0,torch.bfloat16,torch.bfloat16,0.0,1.0,hsaco,4,21.2,Cijk_Ailk_Bljk_BBS_BH_UserArgs_MT64x32x32_SN_K1_PGR6_SB1_TT2_2_WG16_16_3
31,7168,1536,64,0,torch.bfloat16,torch.bfloat16,0.0,1.0,hsaco,4,21.6,Cijk_Ailk_Bljk_BBS_BH_UserArgs_MT64x32x32_SN_K1_PGR6_SB1_TT2_2_WG16_16_3
31,512,2048,64,0,torch.bfloat16,torch.bfloat16,0.0,1.0,hsaco,3,13.76,Cijk_Ailk_Bljk_BBS_BH_UserArgs_MT16x32x32_SN_K1_PGR6_SB1_TT2_2_WG16_16_2
31,1536,2048,64,0,torch.bfloat16,torch.bfloat16,0.0,1.0,hsaco,3,14.4,Cijk_Ailk_Bljk_BBS_BH_UserArgs_MT16x32x32_SN_K1_PGR6_SB1_TT2_2_WG16_16_2
31,3072,2048,64,0,torch.bfloat16,torch.bfloat16,0.0,1.0,hsaco,4,25.76,Cijk_Ailk_Bljk_BBS_BH_UserArgs_MT64x32x32_SN_K1_PGR6_SB1_TT2_2_WG16_16_3
31,4096,2048,64,0,torch.bfloat16,torch.bfloat16,0.0,1.0,hsaco,4,26.64,Cijk_Ailk_Bljk_BBS_BH_UserArgs_MT64x32x32_SN_K1_PGR6_SB1_TT2_2_WG16_16_3
31,4608,2048,64,0,torch.bfloat16,torch.bfloat16,0.0,1.0,hsaco,4,25.92,Cijk_Ailk_Bljk_BBS_BH_UserArgs_MT64x32x32_SN_K1_PGR6_SB1_TT2_2_WG16_16_3
31,7168,2048,64,0,torch.bfloat16,torch.bfloat16,0.0,1.0,hsaco,4,26.32,Cijk_Ailk_Bljk_BBS_BH_UserArgs_MT64x32x32_SN_K1_PGR6_SB1_TT2_2_WG16_16_3
31,512,2304,64,0,torch.bfloat16,torch.bfloat16,0.0,1.0,hsaco,3,14.8,Cijk_Ailk_Bljk_BBS_BH_UserArgs_MT16x32x32_SN_K1_PGR6_SB1_TT2_2_WG16_16_2
31,1536,2304,64,0,torch.bfloat16,torch.bfloat16,0.0,1.0,hsaco,3,16.8,Cijk_Ailk_Bljk_BBS_BH_UserArgs_MT16x32x32_SN_K1_PGR6_SB1_TT2_2_WG16_16_2
31,3072,2304,64,0,torch.bfloat16,torch.bfloat16,0.0,1.0,hsaco,4,28.32,Cijk_Ailk_Bljk_BBS_BH_UserArgs_MT64x32x32_SN_K1_PGR6_SB1_TT2_2_WG16_16_3
31,4096,2304,64,0,torch.bfloat16,torch.bfloat16,0.0,1.0,hsaco,4,28.48,Cijk_Ailk_Bljk_BBS_BH_UserArgs_MT64x32x32_SN_K1_PGR6_SB1_TT2_2_WG16_16_3
31,4608,2304,64,0,torch.bfloat16,torch.bfloat16,0.0,1.0,hsaco,4,28.8,Cijk_Ailk_Bljk_BBS_BH_UserArgs_MT64x32x32_SN_K1_PGR6_SB1_TT2_2_WG16_16_3
31,7168,2304,64,0,torch.bfloat16,torch.bfloat16,0.0,1.0,hsaco,4,29.76,Cijk_Ailk_Bljk_BBS_BH_UserArgs_MT64x32x32_SN_K1_PGR6_SB1_TT2_2_WG16_16_3
31,512,7168,64,0,torch.bfloat16,torch.bfloat16,0.0,1.0,hsaco,3,36.88,Cijk_Ailk_Bljk_BBS_BH_UserArgs_MT16x32x32_SN_K1_PGR6_SB1_TT2_2_WG16_16_2
31,1536,7168,64,0,torch.bfloat16,torch.bfloat16,0.0,1.0,hsaco,3,42.48,Cijk_Ailk_Bljk_BBS_BH_UserArgs_MT16x32x32_SN_K1_PGR6_SB1_TT2_2_WG16_16_2
31,3072,7168,64,0,torch.bfloat16,torch.bfloat16,0.0,1.0,hsaco,4,74.88,Cijk_Ailk_Bljk_BBS_BH_UserArgs_MT64x32x32_SN_K1_PGR6_SB1_TT2_2_WG16_16_3
31,4096,7168,64,0,torch.bfloat16,torch.bfloat16,0.0,1.0,hsaco,4,77.44,Cijk_Ailk_Bljk_BBS_BH_UserArgs_MT64x32x32_SN_K1_PGR6_SB1_TT2_2_WG16_16_3
31,4608,7168,64,0,torch.bfloat16,torch.bfloat16,0.0,1.0,hsaco,4,75.76,Cijk_Ailk_Bljk_BBS_BH_UserArgs_MT64x32x32_SN_K1_PGR6_SB1_TT2_2_WG16_16_3
31,7168,7168,64,0,torch.bfloat16,torch.bfloat16,0.0,1.0,hsaco,4,78.72,Cijk_Ailk_Bljk_BBS_BH_UserArgs_MT64x32x32_SN_K1_PGR6_SB1_TT2_2_WG16_16_3
32,576,256,64,0,torch.bfloat16,torch.bfloat16,0.0,1.0,hsaco,3,5.68,Cijk_Ailk_Bljk_BBS_BH_UserArgs_MT16x32x32_SN_K1_PGR6_SB1_TT2_2_WG16_16_2
32,1536,256,64,0,torch.bfloat16,torch.bfloat16,0.0,1.0,hsaco,3,6.16,Cijk_Ailk_Bljk_BBS_BH_UserArgs_MT16x32x32_SN_K1_PGR6_SB1_TT2_2_WG16_16_2
32,3072,256,64,0,torch.bfloat16,torch.bfloat16,0.0,1.0,hsaco,4,8.56,Cijk_Ailk_Bljk_BBS_BH_UserArgs_MT64x32x32_SN_K1_PGR6_SB1_TT2_2_WG16_16_3
32,4096,256,64,0,torch.bfloat16,torch.bfloat16,0.0,1.0,hsaco,4,8.56,Cijk_Ailk_Bljk_BBS_BH_UserArgs_MT64x32x32_SN_K1_PGR6_SB1_TT2_2_WG16_16_3
32,4608,256,64,0,torch.bfloat16,torch.bfloat16,0.0,1.0,hsaco,4,8.56,Cijk_Ailk_Bljk_BBS_BH_UserArgs_MT64x32x32_SN_K1_PGR6_SB1_TT2_2_WG16_16_3
32,7168,256,64,0,torch.bfloat16,torch.bfloat16,0.0,1.0,hsaco,0,9.6,Cijk_Ailk_Bljk_BBS_BH_UserArgs_MT64x32x32_SN_K1_PGR6_SB1_TT2_2_WG16_16_2
32,576,512,64,0,torch.bfloat16,torch.bfloat16,0.0,1.0,hsaco,3,7.2,Cijk_Ailk_Bljk_BBS_BH_UserArgs_MT16x32x32_SN_K1_PGR6_SB1_TT2_2_WG16_16_2
32,1536,512,64,0,torch.bfloat16,torch.bfloat16,0.0,1.0,hsaco,3,6.96,Cijk_Ailk_Bljk_BBS_BH_UserArgs_MT16x32x32_SN_K1_PGR6_SB1_TT2_2_WG16_16_2
32,3072,512,64,0,torch.bfloat16,torch.bfloat16,0.0,1.0,hsaco,4,11.04,Cijk_Ailk_Bljk_BBS_BH_UserArgs_MT64x32x32_SN_K1_PGR6_SB1_TT2_2_WG16_16_3
32,4096,512,64,0,torch.bfloat16,torch.bfloat16,0.0,1.0,hsaco,4,10.8,Cijk_Ailk_Bljk_BBS_BH_UserArgs_MT64x32x32_SN_K1_PGR6_SB1_TT2_2_WG16_16_3
32,4608,512,64,0,torch.bfloat16,torch.bfloat16,0.0,1.0,hsaco,4,11.2,Cijk_Ailk_Bljk_BBS_BH_UserArgs_MT64x32x32_SN_K1_PGR6_SB1_TT2_2_WG16_16_3
32,7168,512,64,0,torch.bfloat16,torch.bfloat16,0.0,1.0,hsaco,4,11.2,Cijk_Ailk_Bljk_BBS_BH_UserArgs_MT64x32x32_SN_K1_PGR6_SB1_TT2_2_WG16_16_3
32,576,1536,64,0,torch.bfloat16,torch.bfloat16,0.0,1.0,hsaco,3,11.2,Cijk_Ailk_Bljk_BBS_BH_UserArgs_MT16x32x32_SN_K1_PGR6_SB1_TT2_2_WG16_16_2
32,1536,1536,64,0,torch.bfloat16,torch.bfloat16,0.0,1.0,hsaco,3,12.16,Cijk_Ailk_Bljk_BBS_BH_UserArgs_MT16x32x32_SN_K1_PGR6_SB1_TT2_2_WG16_16_2
32,3072,1536,64,0,torch.bfloat16,torch.bfloat16,0.0,1.0,hsaco,4,20.96,Cijk_Ailk_Bljk_BBS_BH_UserArgs_MT64x32x32_SN_K1_PGR6_SB1_TT2_2_WG16_16_3
32,4096,1536,64,0,torch.bfloat16,torch.bfloat16,0.0,1.0,hsaco,4,21.04,Cijk_Ailk_Bljk_BBS_BH_UserArgs_MT64x32x32_SN_K1_PGR6_SB1_TT2_2_WG16_16_3
32,4608,1536,64,0,torch.bfloat16,torch.bfloat16,0.0,1.0,hsaco,4,21.2,Cijk_Ailk_Bljk_BBS_BH_UserArgs_MT64x32x32_SN_K1_PGR6_SB1_TT2_2_WG16_16_3
32,7168,1536,64,0,torch.bfloat16,torch.bfloat16,0.0,1.0,hsaco,4,21.52,Cijk_Ailk_Bljk_BBS_BH_UserArgs_MT64x32x32_SN_K1_PGR6_SB1_TT2_2_WG16_16_3
32,512,2048,64,0,torch.bfloat16,torch.bfloat16,0.0,1.0,hsaco,3,13.76,Cijk_Ailk_Bljk_BBS_BH_UserArgs_MT16x32x32_SN_K1_PGR6_SB1_TT2_2_WG16_16_2
32,1536,2048,64,0,torch.bfloat16,torch.bfloat16,0.0,1.0,hsaco,3,14.32,Cijk_Ailk_Bljk_BBS_BH_UserArgs_MT16x32x32_SN_K1_PGR6_SB1_TT2_2_WG16_16_2
32,3072,2048,64,0,torch.bfloat16,torch.bfloat16,0.0,1.0,hsaco,4,26.08,Cijk_Ailk_Bljk_BBS_BH_UserArgs_MT64x32x32_SN_K1_PGR6_SB1_TT2_2_WG16_16_3
32,4096,2048,64,0,torch.bfloat16,torch.bfloat16,0.0,1.0,hsaco,4,26.48,Cijk_Ailk_Bljk_BBS_BH_UserArgs_MT64x32x32_SN_K1_PGR6_SB1_TT2_2_WG16_16_3
32,4608,2048,64,0,torch.bfloat16,torch.bfloat16,0.0,1.0,hsaco,4,26.08,Cijk_Ailk_Bljk_BBS_BH_UserArgs_MT64x32x32_SN_K1_PGR6_SB1_TT2_2_WG16_16_3
32,7168,2048,64,0,torch.bfloat16,torch.bfloat16,0.0,1.0,hsaco,4,26.4,Cijk_Ailk_Bljk_BBS_BH_UserArgs_MT64x32x32_SN_K1_PGR6_SB1_TT2_2_WG16_16_3
32,512,2304,64,0,torch.bfloat16,torch.bfloat16,0.0,1.0,hsaco,3,14.8,Cijk_Ailk_Bljk_BBS_BH_UserArgs_MT16x32x32_SN_K1_PGR6_SB1_TT2_2_WG16_16_2
32,1536,2304,64,0,torch.bfloat16,torch.bfloat16,0.0,1.0,hsaco,3,17.04,Cijk_Ailk_Bljk_BBS_BH_UserArgs_MT16x32x32_SN_K1_PGR6_SB1_TT2_2_WG16_16_2
32,3072,2304,64,0,torch.bfloat16,torch.bfloat16,0.0,1.0,hsaco,4,28.64,Cijk_Ailk_Bljk_BBS_BH_UserArgs_MT64x32x32_SN_K1_PGR6_SB1_TT2_2_WG16_16_3
32,4096,2304,64,0,torch.bfloat16,torch.bfloat16,0.0,1.0,hsaco,4,28.56,Cijk_Ailk_Bljk_BBS_BH_UserArgs_MT64x32x32_SN_K1_PGR6_SB1_TT2_2_WG16_16_3
32,4608,2304,64,0,torch.bfloat16,torch.bfloat16,0.0,1.0,hsaco,4,28.8,Cijk_Ailk_Bljk_BBS_BH_UserArgs_MT64x32x32_SN_K1_PGR6_SB1_TT2_2_WG16_16_3
32,7168,2304,64,0,torch.bfloat16,torch.bfloat16,0.0,1.0,hsaco,4,29.6,Cijk_Ailk_Bljk_BBS_BH_UserArgs_MT64x32x32_SN_K1_PGR6_SB1_TT2_2_WG16_16_3
32,512,7168,64,0,torch.bfloat16,torch.bfloat16,0.0,1.0,hsaco,3,37.2,Cijk_Ailk_Bljk_BBS_BH_UserArgs_MT16x32x32_SN_K1_PGR6_SB1_TT2_2_WG16_16_2
32,1536,7168,64,0,torch.bfloat16,torch.bfloat16,0.0,1.0,hsaco,3,42.8,Cijk_Ailk_Bljk_BBS_BH_UserArgs_MT16x32x32_SN_K1_PGR6_SB1_TT2_2_WG16_16_2
32,3072,7168,64,0,torch.bfloat16,torch.bfloat16,0.0,1.0,hsaco,4,76.24,Cijk_Ailk_Bljk_BBS_BH_UserArgs_MT64x32x32_SN_K1_PGR6_SB1_TT2_2_WG16_16_3
32,4096,7168,64,0,torch.bfloat16,torch.bfloat16,0.0,1.0,hsaco,4,77.36,Cijk_Ailk_Bljk_BBS_BH_UserArgs_MT64x32x32_SN_K1_PGR6_SB1_TT2_2_WG16_16_3
32,4608,7168,64,0,torch.bfloat16,torch.bfloat16,0.0,1.0,hsaco,4,76.32,Cijk_Ailk_Bljk_BBS_BH_UserArgs_MT64x32x32_SN_K1_PGR6_SB1_TT2_2_WG16_16_3
32,7168,7168,64,0,torch.bfloat16,torch.bfloat16,0.0,1.0,hsaco,4,78.4,Cijk_Ailk_Bljk_BBS_BH_UserArgs_MT64x32x32_SN_K1_PGR6_SB1_TT2_2_WG16_16_3
33,576,256,64,0,torch.bfloat16,torch.bfloat16,0.0,1.0,hsaco,3,5.84,Cijk_Ailk_Bljk_BBS_BH_UserArgs_MT16x32x32_SN_K1_PGR6_SB1_TT2_2_WG16_16_2
33,1536,256,64,0,torch.bfloat16,torch.bfloat16,0.0,1.0,hsaco,4,8.48,Cijk_Ailk_Bljk_BBS_BH_UserArgs_MT64x32x32_SN_K1_PGR6_SB1_TT2_2_WG16_16_3
33,3072,256,64,0,torch.bfloat16,torch.bfloat16,0.0,1.0,hsaco,0,8.24,Cijk_Ailk_Bljk_BBS_BH_UserArgs_MT64x32x32_SN_K1_PGR6_SB1_TT2_2_WG16_16_2
33,4096,256,64,0,torch.bfloat16,torch.bfloat16,0.0,1.0,hsaco,0,8.32,Cijk_Ailk_Bljk_BBS_BH_UserArgs_MT64x32x32_SN_K1_PGR6_SB1_TT2_2_WG16_16_2
33,4608,256,64,0,torch.bfloat16,torch.bfloat16,0.0,1.0,hsaco,0,8.24,Cijk_Ailk_Bljk_BBS_BH_UserArgs_MT64x32x32_SN_K1_PGR6_SB1_TT2_2_WG16_16_2
33,7168,256,64,0,torch.bfloat16,torch.bfloat16,0.0,1.0,hsaco,1,10.32,Cijk_Ailk_Bljk_BBS_BH_UserArgs_MT64x64x32_SN_K1_PGR6_SB1_TT2_2_WG16_16_2
33,576,512,64,0,torch.bfloat16,torch.bfloat16,0.0,1.0,hsaco,3,6.72,Cijk_Ailk_Bljk_BBS_BH_UserArgs_MT16x32x32_SN_K1_PGR6_SB1_TT2_2_WG16_16_2
33,1536,512,64,0,torch.bfloat16,torch.bfloat16,0.0,1.0,hsaco,4,10.88,Cijk_Ailk_Bljk_BBS_BH_UserArgs_MT64x32x32_SN_K1_PGR6_SB1_TT2_2_WG16_16_3
33,3072,512,64,0,torch.bfloat16,torch.bfloat16,0.0,1.0,hsaco,4,10.96,Cijk_Ailk_Bljk_BBS_BH_UserArgs_MT64x32x32_SN_K1_PGR6_SB1_TT2_2_WG16_16_3
33,4096,512,64,0,torch.bfloat16,torch.bfloat16,0.0,1.0,hsaco,4,11.28,Cijk_Ailk_Bljk_BBS_BH_UserArgs_MT64x32x32_SN_K1_PGR6_SB1_TT2_2_WG16_16_3
33,4608,512,64,0,torch.bfloat16,torch.bfloat16,0.0,1.0,hsaco,4,10.88,Cijk_Ailk_Bljk_BBS_BH_UserArgs_MT64x32x32_SN_K1_PGR6_SB1_TT2_2_WG16_16_3
33,7168,512,64,0,torch.bfloat16,torch.bfloat16,0.0,1.0,hsaco,5,12.56,Cijk_Ailk_Bljk_BBS_BH_UserArgs_MT64x64x32_SN_K1_PGR6_SB1_TT2_2_WG16_16_3
33,576,1536,64,0,torch.bfloat16,torch.bfloat16,0.0,1.0,hsaco,3,10.72,Cijk_Ailk_Bljk_BBS_BH_UserArgs_MT16x32x32_SN_K1_PGR6_SB1_TT2_2_WG16_16_2
33,1536,1536,64,0,torch.bfloat16,torch.bfloat16,0.0,1.0,hsaco,3,20.24,Cijk_Ailk_Bljk_BBS_BH_UserArgs_MT16x32x32_SN_K1_PGR6_SB1_TT2_2_WG16_16_2
33,3072,1536,64,0,torch.bfloat16,torch.bfloat16,0.0,1.0,hsaco,4,20.8,Cijk_Ailk_Bljk_BBS_BH_UserArgs_MT64x32x32_SN_K1_PGR6_SB1_TT2_2_WG16_16_3
33,4096,1536,64,0,torch.bfloat16,torch.bfloat16,0.0,1.0,hsaco,4,21.04,Cijk_Ailk_Bljk_BBS_BH_UserArgs_MT64x32x32_SN_K1_PGR6_SB1_TT2_2_WG16_16_3
33,4608,1536,64,0,torch.bfloat16,torch.bfloat16,0.0,1.0,hsaco,4,21.12,Cijk_Ailk_Bljk_BBS_BH_UserArgs_MT64x32x32_SN_K1_PGR6_SB1_TT2_2_WG16_16_3
33,7168,1536,64,0,torch.bfloat16,torch.bfloat16,0.0,1.0,hsaco,5,23.84,Cijk_Ailk_Bljk_BBS_BH_UserArgs_MT64x64x32_SN_K1_PGR6_SB1_TT2_2_WG16_16_3
33,512,2048,64,0,torch.bfloat16,torch.bfloat16,0.0,1.0,hsaco,3,12.72,Cijk_Ailk_Bljk_BBS_BH_UserArgs_MT16x32x32_SN_K1_PGR6_SB1_TT2_2_WG16_16_2
33,1536,2048,64,0,torch.bfloat16,torch.bfloat16,0.0,1.0,hsaco,3,23.68,Cijk_Ailk_Bljk_BBS_BH_UserArgs_MT16x32x32_SN_K1_PGR6_SB1_TT2_2_WG16_16_2
33,3072,2048,64,0,torch.bfloat16,torch.bfloat16,0.0,1.0,hsaco,4,25.6,Cijk_Ailk_Bljk_BBS_BH_UserArgs_MT64x32x32_SN_K1_PGR6_SB1_TT2_2_WG16_16_3
33,4096,2048,64,0,torch.bfloat16,torch.bfloat16,0.0,1.0,hsaco,4,26.48,Cijk_Ailk_Bljk_BBS_BH_UserArgs_MT64x32x32_SN_K1_PGR6_SB1_TT2_2_WG16_16_3
33,4608,2048,64,0,torch.bfloat16,torch.bfloat16,0.0,1.0,hsaco,4,25.76,Cijk_Ailk_Bljk_BBS_BH_UserArgs_MT64x32x32_SN_K1_PGR6_SB1_TT2_2_WG16_16_3
33,7168,2048,64,0,torch.bfloat16,torch.bfloat16,0.0,1.0,hsaco,5,29.12,Cijk_Ailk_Bljk_BBS_BH_UserArgs_MT64x64x32_SN_K1_PGR6_SB1_TT2_2_WG16_16_3
33,512,2304,64,0,torch.bfloat16,torch.bfloat16,0.0,1.0,hsaco,3,14.08,Cijk_Ailk_Bljk_BBS_BH_UserArgs_MT16x32x32_SN_K1_PGR6_SB1_TT2_2_WG16_16_2
33,1536,2304,64,0,torch.bfloat16,torch.bfloat16,0.0,1.0,hsaco,3,26.4,Cijk_Ailk_Bljk_BBS_BH_UserArgs_MT16x32x32_SN_K1_PGR6_SB1_TT2_2_WG16_16_2
33,3072,2304,64,0,torch.bfloat16,torch.bfloat16,0.0,1.0,hsaco,4,28.16,Cijk_Ailk_Bljk_BBS_BH_UserArgs_MT64x32x32_SN_K1_PGR6_SB1_TT2_2_WG16_16_3
33,4096,2304,64,0,torch.bfloat16,torch.bfloat16,0.0,1.0,hsaco,4,28.48,Cijk_Ailk_Bljk_BBS_BH_UserArgs_MT64x32x32_SN_K1_PGR6_SB1_TT2_2_WG16_16_3
33,4608,2304,64,0,torch.bfloat16,torch.bfloat16,0.0,1.0,hsaco,4,28.4,Cijk_Ailk_Bljk_BBS_BH_UserArgs_MT64x32x32_SN_K1_PGR6_SB1_TT2_2_WG16_16_3
33,7168,2304,64,0,torch.bfloat16,torch.bfloat16,0.0,1.0,hsaco,5,32.4,Cijk_Ailk_Bljk_BBS_BH_UserArgs_MT64x64x32_SN_K1_PGR6_SB1_TT2_2_WG16_16_3
33,512,7168,64,0,torch.bfloat16,torch.bfloat16,0.0,1.0,hsaco,3,34.64,Cijk_Ailk_Bljk_BBS_BH_UserArgs_MT16x32x32_SN_K1_PGR6_SB1_TT2_2_WG16_16_2
33,1536,7168,64,0,torch.bfloat16,torch.bfloat16,0.0,1.0,hsaco,3,64.48,Cijk_Ailk_Bljk_BBS_BH_UserArgs_MT16x32x32_SN_K1_PGR6_SB1_TT2_2_WG16_16_2
33,3072,7168,64,0,torch.bfloat16,torch.bfloat16,0.0,1.0,hsaco,4,74.24,Cijk_Ailk_Bljk_BBS_BH_UserArgs_MT64x32x32_SN_K1_PGR6_SB1_TT2_2_WG16_16_3
33,4096,7168,64,0,torch.bfloat16,torch.bfloat16,0.0,1.0,hsaco,4,76.64,Cijk_Ailk_Bljk_BBS_BH_UserArgs_MT64x32x32_SN_K1_PGR6_SB1_TT2_2_WG16_16_3
33,4608,7168,64,0,torch.bfloat16,torch.bfloat16,0.0,1.0,hsaco,4,76.0,Cijk_Ailk_Bljk_BBS_BH_UserArgs_MT64x32x32_SN_K1_PGR6_SB1_TT2_2_WG16_16_3
33,7168,7168,64,0,torch.bfloat16,torch.bfloat16,0.0,1.0,hsaco,5,87.84,Cijk_Ailk_Bljk_BBS_BH_UserArgs_MT64x64x32_SN_K1_PGR6_SB1_TT2_2_WG16_16_3
34,576,256,64,0,torch.bfloat16,torch.bfloat16,0.0,1.0,hsaco,3,5.84,Cijk_Ailk_Bljk_BBS_BH_UserArgs_MT16x32x32_SN_K1_PGR6_SB1_TT2_2_WG16_16_2
34,1536,256,64,0,torch.bfloat16,torch.bfloat16,0.0,1.0,hsaco,4,8.56,Cijk_Ailk_Bljk_BBS_BH_UserArgs_MT64x32x32_SN_K1_PGR6_SB1_TT2_2_WG16_16_3
34,3072,256,64,0,torch.bfloat16,torch.bfloat16,0.0,1.0,hsaco,0,8.32,Cijk_Ailk_Bljk_BBS_BH_UserArgs_MT64x32x32_SN_K1_PGR6_SB1_TT2_2_WG16_16_2
34,4096,256,64,0,torch.bfloat16,torch.bfloat16,0.0,1.0,hsaco,0,8.32,Cijk_Ailk_Bljk_BBS_BH_UserArgs_MT64x32x32_SN_K1_PGR6_SB1_TT2_2_WG16_16_2
34,4608,256,64,0,torch.bfloat16,torch.bfloat16,0.0,1.0,hsaco,0,8.24,Cijk_Ailk_Bljk_BBS_BH_UserArgs_MT64x32x32_SN_K1_PGR6_SB1_TT2_2_WG16_16_2
34,7168,256,64,0,torch.bfloat16,torch.bfloat16,0.0,1.0,hsaco,1,10.56,Cijk_Ailk_Bljk_BBS_BH_UserArgs_MT64x64x32_SN_K1_PGR6_SB1_TT2_2_WG16_16_2
34,576,512,64,0,torch.bfloat16,torch.bfloat16,0.0,1.0,hsaco,3,6.72,Cijk_Ailk_Bljk_BBS_BH_UserArgs_MT16x32x32_SN_K1_PGR6_SB1_TT2_2_WG16_16_2
34,1536,512,64,0,torch.bfloat16,torch.bfloat16,0.0,1.0,hsaco,4,10.8,Cijk_Ailk_Bljk_BBS_BH_UserArgs_MT64x32x32_SN_K1_PGR6_SB1_TT2_2_WG16_16_3
34,3072,512,64,0,torch.bfloat16,torch.bfloat16,0.0,1.0,hsaco,4,10.8,Cijk_Ailk_Bljk_BBS_BH_UserArgs_MT64x32x32_SN_K1_PGR6_SB1_TT2_2_WG16_16_3
34,4096,512,64,0,torch.bfloat16,torch.bfloat16,0.0,1.0,hsaco,4,10.88,Cijk_Ailk_Bljk_BBS_BH_UserArgs_MT64x32x32_SN_K1_PGR6_SB1_TT2_2_WG16_16_3
34,4608,512,64,0,torch.bfloat16,torch.bfloat16,0.0,1.0,hsaco,4,11.12,Cijk_Ailk_Bljk_BBS_BH_UserArgs_MT64x32x32_SN_K1_PGR6_SB1_TT2_2_WG16_16_3
34,7168,512,64,0,torch.bfloat16,torch.bfloat16,0.0,1.0,hsaco,5,12.48,Cijk_Ailk_Bljk_BBS_BH_UserArgs_MT64x64x32_SN_K1_PGR6_SB1_TT2_2_WG16_16_3
34,576,1536,64,0,torch.bfloat16,torch.bfloat16,0.0,1.0,hsaco,3,10.96,Cijk_Ailk_Bljk_BBS_BH_UserArgs_MT16x32x32_SN_K1_PGR6_SB1_TT2_2_WG16_16_2
34,1536,1536,64,0,torch.bfloat16,torch.bfloat16,0.0,1.0,hsaco,3,20.32,Cijk_Ailk_Bljk_BBS_BH_UserArgs_MT16x32x32_SN_K1_PGR6_SB1_TT2_2_WG16_16_2
34,3072,1536,64,0,torch.bfloat16,torch.bfloat16,0.0,1.0,hsaco,4,20.64,Cijk_Ailk_Bljk_BBS_BH_UserArgs_MT64x32x32_SN_K1_PGR6_SB1_TT2_2_WG16_16_3
34,4096,1536,64,0,torch.bfloat16,torch.bfloat16,0.0,1.0,hsaco,4,20.88,Cijk_Ailk_Bljk_BBS_BH_UserArgs_MT64x32x32_SN_K1_PGR6_SB1_TT2_2_WG16_16_3
34,4608,1536,64,0,torch.bfloat16,torch.bfloat16,0.0,1.0,hsaco,4,20.96,Cijk_Ailk_Bljk_BBS_BH_UserArgs_MT64x32x32_SN_K1_PGR6_SB1_TT2_2_WG16_16_3
34,7168,1536,64,0,torch.bfloat16,torch.bfloat16,0.0,1.0,hsaco,5,23.84,Cijk_Ailk_Bljk_BBS_BH_UserArgs_MT64x64x32_SN_K1_PGR6_SB1_TT2_2_WG16_16_3
34,512,2048,64,0,torch.bfloat16,torch.bfloat16,0.0,1.0,hsaco,3,12.88,Cijk_Ailk_Bljk_BBS_BH_UserArgs_MT16x32x32_SN_K1_PGR6_SB1_TT2_2_WG16_16_2
34,1536,2048,64,0,torch.bfloat16,torch.bfloat16,0.0,1.0,hsaco,3,24.0,Cijk_Ailk_Bljk_BBS_BH_UserArgs_MT16x32x32_SN_K1_PGR6_SB1_TT2_2_WG16_16_2
34,3072,2048,64,0,torch.bfloat16,torch.bfloat16,0.0,1.0,hsaco,4,25.52,Cijk_Ailk_Bljk_BBS_BH_UserArgs_MT64x32x32_SN_K1_PGR6_SB1_TT2_2_WG16_16_3
34,4096,2048,64,0,torch.bfloat16,torch.bfloat16,0.0,1.0,hsaco,4,26.4,Cijk_Ailk_Bljk_BBS_BH_UserArgs_MT64x32x32_SN_K1_PGR6_SB1_TT2_2_WG16_16_3
34,4608,2048,64,0,torch.bfloat16,torch.bfloat16,0.0,1.0,hsaco,4,25.76,Cijk_Ailk_Bljk_BBS_BH_UserArgs_MT64x32x32_SN_K1_PGR6_SB1_TT2_2_WG16_16_3
34,7168,2048,64,0,torch.bfloat16,torch.bfloat16,0.0,1.0,hsaco,5,29.2,Cijk_Ailk_Bljk_BBS_BH_UserArgs_MT64x64x32_SN_K1_PGR6_SB1_TT2_2_WG16_16_3
34,512,2304,64,0,torch.bfloat16,torch.bfloat16,0.0,1.0,hsaco,3,14.16,Cijk_Ailk_Bljk_BBS_BH_UserArgs_MT16x32x32_SN_K1_PGR6_SB1_TT2_2_WG16_16_2
34,1536,2304,64,0,torch.bfloat16,torch.bfloat16,0.0,1.0,hsaco,3,26.24,Cijk_Ailk_Bljk_BBS_BH_UserArgs_MT16x32x32_SN_K1_PGR6_SB1_TT2_2_WG16_16_2
34,3072,2304,64,0,torch.bfloat16,torch.bfloat16,0.0,1.0,hsaco,4,28.08,Cijk_Ailk_Bljk_BBS_BH_UserArgs_MT64x32x32_SN_K1_PGR6_SB1_TT2_2_WG16_16_3
34,4096,2304,64,0,torch.bfloat16,torch.bfloat16,0.0,1.0,hsaco,4,28.32,Cijk_Ailk_Bljk_BBS_BH_UserArgs_MT64x32x32_SN_K1_PGR6_SB1_TT2_2_WG16_16_3
34,4608,2304,64,0,torch.bfloat16,torch.bfloat16,0.0,1.0,hsaco,4,28.64,Cijk_Ailk_Bljk_BBS_BH_UserArgs_MT64x32x32_SN_K1_PGR6_SB1_TT2_2_WG16_16_3
34,7168,2304,64,0,torch.bfloat16,torch.bfloat16,0.0,1.0,hsaco,5,32.48,Cijk_Ailk_Bljk_BBS_BH_UserArgs_MT64x64x32_SN_K1_PGR6_SB1_TT2_2_WG16_16_3
34,512,7168,64,0,torch.bfloat16,torch.bfloat16,0.0,1.0,hsaco,3,34.96,Cijk_Ailk_Bljk_BBS_BH_UserArgs_MT16x32x32_SN_K1_PGR6_SB1_TT2_2_WG16_16_2
34,1536,7168,64,0,torch.bfloat16,torch.bfloat16,0.0,1.0,hsaco,3,65.76,Cijk_Ailk_Bljk_BBS_BH_UserArgs_MT16x32x32_SN_K1_PGR6_SB1_TT2_2_WG16_16_2
34,3072,7168,64,0,torch.bfloat16,torch.bfloat16,0.0,1.0,hsaco,4,74.24,Cijk_Ailk_Bljk_BBS_BH_UserArgs_MT64x32x32_SN_K1_PGR6_SB1_TT2_2_WG16_16_3
34,4096,7168,64,0,torch.bfloat16,torch.bfloat16,0.0,1.0,hsaco,4,76.64,Cijk_Ailk_Bljk_BBS_BH_UserArgs_MT64x32x32_SN_K1_PGR6_SB1_TT2_2_WG16_16_3
34,4608,7168,64,0,torch.bfloat16,torch.bfloat16,0.0,1.0,hsaco,4,76.4,Cijk_Ailk_Bljk_BBS_BH_UserArgs_MT64x32x32_SN_K1_PGR6_SB1_TT2_2_WG16_16_3
34,7168,7168,64,0,torch.bfloat16,torch.bfloat16,0.0,1.0,hsaco,5,88.64,Cijk_Ailk_Bljk_BBS_BH_UserArgs_MT64x64x32_SN_K1_PGR6_SB1_TT2_2_WG16_16_3
35,576,256,64,0,torch.bfloat16,torch.bfloat16,0.0,1.0,hsaco,3,5.84,Cijk_Ailk_Bljk_BBS_BH_UserArgs_MT16x32x32_SN_K1_PGR6_SB1_TT2_2_WG16_16_2
35,1536,256,64,0,torch.bfloat16,torch.bfloat16,0.0,1.0,hsaco,4,8.56,Cijk_Ailk_Bljk_BBS_BH_UserArgs_MT64x32x32_SN_K1_PGR6_SB1_TT2_2_WG16_16_3
35,3072,256,64,0,torch.bfloat16,torch.bfloat16,0.0,1.0,hsaco,0,8.32,Cijk_Ailk_Bljk_BBS_BH_UserArgs_MT64x32x32_SN_K1_PGR6_SB1_TT2_2_WG16_16_2
35,4096,256,64,0,torch.bfloat16,torch.bfloat16,0.0,1.0,hsaco,0,8.24,Cijk_Ailk_Bljk_BBS_BH_UserArgs_MT64x32x32_SN_K1_PGR6_SB1_TT2_2_WG16_16_2
35,4608,256,64,0,torch.bfloat16,torch.bfloat16,0.0,1.0,hsaco,0,8.32,Cijk_Ailk_Bljk_BBS_BH_UserArgs_MT64x32x32_SN_K1_PGR6_SB1_TT2_2_WG16_16_2
35,7168,256,64,0,torch.bfloat16,torch.bfloat16,0.0,1.0,hsaco,1,9.44,Cijk_Ailk_Bljk_BBS_BH_UserArgs_MT64x64x32_SN_K1_PGR6_SB1_TT2_2_WG16_16_2
35,576,512,64,0,torch.bfloat16,torch.bfloat16,0.0,1.0,hsaco,3,6.72,Cijk_Ailk_Bljk_BBS_BH_UserArgs_MT16x32x32_SN_K1_PGR6_SB1_TT2_2_WG16_16_2
35,1536,512,64,0,torch.bfloat16,torch.bfloat16,0.0,1.0,hsaco,4,10.88,Cijk_Ailk_Bljk_BBS_BH_UserArgs_MT64x32x32_SN_K1_PGR6_SB1_TT2_2_WG16_16_3
35,3072,512,64,0,torch.bfloat16,torch.bfloat16,0.0,1.0,hsaco,4,11.76,Cijk_Ailk_Bljk_BBS_BH_UserArgs_MT64x32x32_SN_K1_PGR6_SB1_TT2_2_WG16_16_3
35,4096,512,64,0,torch.bfloat16,torch.bfloat16,0.0,1.0,hsaco,4,10.88,Cijk_Ailk_Bljk_BBS_BH_UserArgs_MT64x32x32_SN_K1_PGR6_SB1_TT2_2_WG16_16_3
35,4608,512,64,0,torch.bfloat16,torch.bfloat16,0.0,1.0,hsaco,4,10.88,Cijk_Ailk_Bljk_BBS_BH_UserArgs_MT64x32x32_SN_K1_PGR6_SB1_TT2_2_WG16_16_3
35,7168,512,64,0,torch.bfloat16,torch.bfloat16,0.0,1.0,hsaco,5,12.64,Cijk_Ailk_Bljk_BBS_BH_UserArgs_MT64x64x32_SN_K1_PGR6_SB1_TT2_2_WG16_16_3
35,576,1536,64,0,torch.bfloat16,torch.bfloat16,0.0,1.0,hsaco,3,10.56,Cijk_Ailk_Bljk_BBS_BH_UserArgs_MT16x32x32_SN_K1_PGR6_SB1_TT2_2_WG16_16_2
35,1536,1536,64,0,torch.bfloat16,torch.bfloat16,0.0,1.0,hsaco,4,20.24,Cijk_Ailk_Bljk_BBS_BH_UserArgs_MT64x32x32_SN_K1_PGR6_SB1_TT2_2_WG16_16_3
35,3072,1536,64,0,torch.bfloat16,torch.bfloat16,0.0,1.0,hsaco,4,20.88,Cijk_Ailk_Bljk_BBS_BH_UserArgs_MT64x32x32_SN_K1_PGR6_SB1_TT2_2_WG16_16_3
35,4096,1536,64,0,torch.bfloat16,torch.bfloat16,0.0,1.0,hsaco,4,20.88,Cijk_Ailk_Bljk_BBS_BH_UserArgs_MT64x32x32_SN_K1_PGR6_SB1_TT2_2_WG16_16_3
35,4608,1536,64,0,torch.bfloat16,torch.bfloat16,0.0,1.0,hsaco,4,21.12,Cijk_Ailk_Bljk_BBS_BH_UserArgs_MT64x32x32_SN_K1_PGR6_SB1_TT2_2_WG16_16_3
35,7168,1536,64,0,torch.bfloat16,torch.bfloat16,0.0,1.0,hsaco,5,24.0,Cijk_Ailk_Bljk_BBS_BH_UserArgs_MT64x64x32_SN_K1_PGR6_SB1_TT2_2_WG16_16_3
35,512,2048,64,0,torch.bfloat16,torch.bfloat16,0.0,1.0,hsaco,3,12.96,Cijk_Ailk_Bljk_BBS_BH_UserArgs_MT16x32x32_SN_K1_PGR6_SB1_TT2_2_WG16_16_2
35,1536,2048,64,0,torch.bfloat16,torch.bfloat16,0.0,1.0,hsaco,3,24.24,Cijk_Ailk_Bljk_BBS_BH_UserArgs_MT16x32x32_SN_K1_PGR6_SB1_TT2_2_WG16_16_2
35,3072,2048,64,0,torch.bfloat16,torch.bfloat16,0.0,1.0,hsaco,4,25.6,Cijk_Ailk_Bljk_BBS_BH_UserArgs_MT64x32x32_SN_K1_PGR6_SB1_TT2_2_WG16_16_3
35,4096,2048,64,0,torch.bfloat16,torch.bfloat16,0.0,1.0,hsaco,4,26.48,Cijk_Ailk_Bljk_BBS_BH_UserArgs_MT64x32x32_SN_K1_PGR6_SB1_TT2_2_WG16_16_3
35,4608,2048,64,0,torch.bfloat16,torch.bfloat16,0.0,1.0,hsaco,4,25.76,Cijk_Ailk_Bljk_BBS_BH_UserArgs_MT64x32x32_SN_K1_PGR6_SB1_TT2_2_WG16_16_3
35,7168,2048,64,0,torch.bfloat16,torch.bfloat16,0.0,1.0,hsaco,5,29.12,Cijk_Ailk_Bljk_BBS_BH_UserArgs_MT64x64x32_SN_K1_PGR6_SB1_TT2_2_WG16_16_3
35,512,2304,64,0,torch.bfloat16,torch.bfloat16,0.0,1.0,hsaco,3,14.08,Cijk_Ailk_Bljk_BBS_BH_UserArgs_MT16x32x32_SN_K1_PGR6_SB1_TT2_2_WG16_16_2
35,1536,2304,64,0,torch.bfloat16,torch.bfloat16,0.0,1.0,hsaco,3,26.4,Cijk_Ailk_Bljk_BBS_BH_UserArgs_MT16x32x32_SN_K1_PGR6_SB1_TT2_2_WG16_16_2
35,3072,2304,64,0,torch.bfloat16,torch.bfloat16,0.0,1.0,hsaco,4,28.08,Cijk_Ailk_Bljk_BBS_BH_UserArgs_MT64x32x32_SN_K1_PGR6_SB1_TT2_2_WG16_16_3
35,4096,2304,64,0,torch.bfloat16,torch.bfloat16,0.0,1.0,hsaco,4,28.56,Cijk_Ailk_Bljk_BBS_BH_UserArgs_MT64x32x32_SN_K1_PGR6_SB1_TT2_2_WG16_16_3
35,4608,2304,64,0,torch.bfloat16,torch.bfloat16,0.0,1.0,hsaco,4,28.72,Cijk_Ailk_Bljk_BBS_BH_UserArgs_MT64x32x32_SN_K1_PGR6_SB1_TT2_2_WG16_16_3
35,7168,2304,64,0,torch.bfloat16,torch.bfloat16,0.0,1.0,hsaco,5,32.64,Cijk_Ailk_Bljk_BBS_BH_UserArgs_MT64x64x32_SN_K1_PGR6_SB1_TT2_2_WG16_16_3
35,512,7168,64,0,torch.bfloat16,torch.bfloat16,0.0,1.0,hsaco,3,35.04,Cijk_Ailk_Bljk_BBS_BH_UserArgs_MT16x32x32_SN_K1_PGR6_SB1_TT2_2_WG16_16_2
35,1536,7168,64,0,torch.bfloat16,torch.bfloat16,0.0,1.0,hsaco,3,65.76,Cijk_Ailk_Bljk_BBS_BH_UserArgs_MT16x32x32_SN_K1_PGR6_SB1_TT2_2_WG16_16_2
35,3072,7168,64,0,torch.bfloat16,torch.bfloat16,0.0,1.0,hsaco,4,74.56,Cijk_Ailk_Bljk_BBS_BH_UserArgs_MT64x32x32_SN_K1_PGR6_SB1_TT2_2_WG16_16_3
35,4096,7168,64,0,torch.bfloat16,torch.bfloat16,0.0,1.0,hsaco,4,76.72,Cijk_Ailk_Bljk_BBS_BH_UserArgs_MT64x32x32_SN_K1_PGR6_SB1_TT2_2_WG16_16_3
35,4608,7168,64,0,torch.bfloat16,torch.bfloat16,0.0,1.0,hsaco,4,76.08,Cijk_Ailk_Bljk_BBS_BH_UserArgs_MT64x32x32_SN_K1_PGR6_SB1_TT2_2_WG16_16_3
35,7168,7168,64,0,torch.bfloat16,torch.bfloat16,0.0,1.0,hsaco,5,87.68,Cijk_Ailk_Bljk_BBS_BH_UserArgs_MT64x64x32_SN_K1_PGR6_SB1_TT2_2_WG16_16_3
36,576,256,64,0,torch.bfloat16,torch.bfloat16,0.0,1.0,hsaco,3,5.84,Cijk_Ailk_Bljk_BBS_BH_UserArgs_MT16x32x32_SN_K1_PGR6_SB1_TT2_2_WG16_16_2
36,1536,256,64,0,torch.bfloat16,torch.bfloat16,0.0,1.0,hsaco,4,8.8,Cijk_Ailk_Bljk_BBS_BH_UserArgs_MT64x32x32_SN_K1_PGR6_SB1_TT2_2_WG16_16_3
36,3072,256,64,0,torch.bfloat16,torch.bfloat16,0.0,1.0,hsaco,0,8.16,Cijk_Ailk_Bljk_BBS_BH_UserArgs_MT64x32x32_SN_K1_PGR6_SB1_TT2_2_WG16_16_2
36,4096,256,64,0,torch.bfloat16,torch.bfloat16,0.0,1.0,hsaco,0,8.24,Cijk_Ailk_Bljk_BBS_BH_UserArgs_MT64x32x32_SN_K1_PGR6_SB1_TT2_2_WG16_16_2
36,4608,256,64,0,torch.bfloat16,torch.bfloat16,0.0,1.0,hsaco,0,8.4,Cijk_Ailk_Bljk_BBS_BH_UserArgs_MT64x32x32_SN_K1_PGR6_SB1_TT2_2_WG16_16_2
36,7168,256,64,0,torch.bfloat16,torch.bfloat16,0.0,1.0,hsaco,1,9.6,Cijk_Ailk_Bljk_BBS_BH_UserArgs_MT64x64x32_SN_K1_PGR6_SB1_TT2_2_WG16_16_2
36,576,512,64,0,torch.bfloat16,torch.bfloat16,0.0,1.0,hsaco,3,6.72,Cijk_Ailk_Bljk_BBS_BH_UserArgs_MT16x32x32_SN_K1_PGR6_SB1_TT2_2_WG16_16_2
36,1536,512,64,0,torch.bfloat16,torch.bfloat16,0.0,1.0,hsaco,4,10.8,Cijk_Ailk_Bljk_BBS_BH_UserArgs_MT64x32x32_SN_K1_PGR6_SB1_TT2_2_WG16_16_3
36,3072,512,64,0,torch.bfloat16,torch.bfloat16,0.0,1.0,hsaco,4,11.84,Cijk_Ailk_Bljk_BBS_BH_UserArgs_MT64x32x32_SN_K1_PGR6_SB1_TT2_2_WG16_16_3
36,4096,512,64,0,torch.bfloat16,torch.bfloat16,0.0,1.0,hsaco,4,10.8,Cijk_Ailk_Bljk_BBS_BH_UserArgs_MT64x32x32_SN_K1_PGR6_SB1_TT2_2_WG16_16_3
36,4608,512,64,0,torch.bfloat16,torch.bfloat16,0.0,1.0,hsaco,4,10.8,Cijk_Ailk_Bljk_BBS_BH_UserArgs_MT64x32x32_SN_K1_PGR6_SB1_TT2_2_WG16_16_3
36,7168,512,64,0,torch.bfloat16,torch.bfloat16,0.0,1.0,hsaco,5,12.56,Cijk_Ailk_Bljk_BBS_BH_UserArgs_MT64x64x32_SN_K1_PGR6_SB1_TT2_2_WG16_16_3
36,576,1536,64,0,torch.bfloat16,torch.bfloat16,0.0,1.0,hsaco,3,10.64,Cijk_Ailk_Bljk_BBS_BH_UserArgs_MT16x32x32_SN_K1_PGR6_SB1_TT2_2_WG16_16_2
36,1536,1536,64,0,torch.bfloat16,torch.bfloat16,0.0,1.0,hsaco,4,20.32,Cijk_Ailk_Bljk_BBS_BH_UserArgs_MT64x32x32_SN_K1_PGR6_SB1_TT2_2_WG16_16_3
36,3072,1536,64,0,torch.bfloat16,torch.bfloat16,0.0,1.0,hsaco,4,20.64,Cijk_Ailk_Bljk_BBS_BH_UserArgs_MT64x32x32_SN_K1_PGR6_SB1_TT2_2_WG16_16_3
36,4096,1536,64,0,torch.bfloat16,torch.bfloat16,0.0,1.0,hsaco,4,21.12,Cijk_Ailk_Bljk_BBS_BH_UserArgs_MT64x32x32_SN_K1_PGR6_SB1_TT2_2_WG16_16_3
36,4608,1536,64,0,torch.bfloat16,torch.bfloat16,0.0,1.0,hsaco,4,21.04,Cijk_Ailk_Bljk_BBS_BH_UserArgs_MT64x32x32_SN_K1_PGR6_SB1_TT2_2_WG16_16_3
36,7168,1536,64,0,torch.bfloat16,torch.bfloat16,0.0,1.0,hsaco,5,24.0,Cijk_Ailk_Bljk_BBS_BH_UserArgs_MT64x64x32_SN_K1_PGR6_SB1_TT2_2_WG16_16_3
36,512,2048,64,0,torch.bfloat16,torch.bfloat16,0.0,1.0,hsaco,3,12.88,Cijk_Ailk_Bljk_BBS_BH_UserArgs_MT16x32x32_SN_K1_PGR6_SB1_TT2_2_WG16_16_2
36,1536,2048,64,0,torch.bfloat16,torch.bfloat16,0.0,1.0,hsaco,3,24.32,Cijk_Ailk_Bljk_BBS_BH_UserArgs_MT16x32x32_SN_K1_PGR6_SB1_TT2_2_WG16_16_2
36,3072,2048,64,0,torch.bfloat16,torch.bfloat16,0.0,1.0,hsaco,4,25.6,Cijk_Ailk_Bljk_BBS_BH_UserArgs_MT64x32x32_SN_K1_PGR6_SB1_TT2_2_WG16_16_3
36,4096,2048,64,0,torch.bfloat16,torch.bfloat16,0.0,1.0,hsaco,4,26.48,Cijk_Ailk_Bljk_BBS_BH_UserArgs_MT64x32x32_SN_K1_PGR6_SB1_TT2_2_WG16_16_3
36,4608,2048,64,0,torch.bfloat16,torch.bfloat16,0.0,1.0,hsaco,4,25.6,Cijk_Ailk_Bljk_BBS_BH_UserArgs_MT64x32x32_SN_K1_PGR6_SB1_TT2_2_WG16_16_3
36,7168,2048,64,0,torch.bfloat16,torch.bfloat16,0.0,1.0,hsaco,5,29.04,Cijk_Ailk_Bljk_BBS_BH_UserArgs_MT64x64x32_SN_K1_PGR6_SB1_TT2_2_WG16_16_3
36,512,2304,64,0,torch.bfloat16,torch.bfloat16,0.0,1.0,hsaco,3,14.16,Cijk_Ailk_Bljk_BBS_BH_UserArgs_MT16x32x32_SN_K1_PGR6_SB1_TT2_2_WG16_16_2
36,1536,2304,64,0,torch.bfloat16,torch.bfloat16,0.0,1.0,hsaco,3,26.56,Cijk_Ailk_Bljk_BBS_BH_UserArgs_MT16x32x32_SN_K1_PGR6_SB1_TT2_2_WG16_16_2
36,3072,2304,64,0,torch.bfloat16,torch.bfloat16,0.0,1.0,hsaco,4,28.24,Cijk_Ailk_Bljk_BBS_BH_UserArgs_MT64x32x32_SN_K1_PGR6_SB1_TT2_2_WG16_16_3
36,4096,2304,64,0,torch.bfloat16,torch.bfloat16,0.0,1.0,hsaco,4,28.48,Cijk_Ailk_Bljk_BBS_BH_UserArgs_MT64x32x32_SN_K1_PGR6_SB1_TT2_2_WG16_16_3
36,4608,2304,64,0,torch.bfloat16,torch.bfloat16,0.0,1.0,hsaco,4,28.48,Cijk_Ailk_Bljk_BBS_BH_UserArgs_MT64x32x32_SN_K1_PGR6_SB1_TT2_2_WG16_16_3
36,7168,2304,64,0,torch.bfloat16,torch.bfloat16,0.0,1.0,hsaco,5,32.88,Cijk_Ailk_Bljk_BBS_BH_UserArgs_MT64x64x32_SN_K1_PGR6_SB1_TT2_2_WG16_16_3
36,512,7168,64,0,torch.bfloat16,torch.bfloat16,0.0,1.0,hsaco,3,35.12,Cijk_Ailk_Bljk_BBS_BH_UserArgs_MT16x32x32_SN_K1_PGR6_SB1_TT2_2_WG16_16_2
36,1536,7168,64,0,torch.bfloat16,torch.bfloat16,0.0,1.0,hsaco,3,66.08,Cijk_Ailk_Bljk_BBS_BH_UserArgs_MT16x32x32_SN_K1_PGR6_SB1_TT2_2_WG16_16_2
36,3072,7168,64,0,torch.bfloat16,torch.bfloat16,0.0,1.0,hsaco,4,74.72,Cijk_Ailk_Bljk_BBS_BH_UserArgs_MT64x32x32_SN_K1_PGR6_SB1_TT2_2_WG16_16_3
36,4096,7168,64,0,torch.bfloat16,torch.bfloat16,0.0,1.0,hsaco,4,76.88,Cijk_Ailk_Bljk_BBS_BH_UserArgs_MT64x32x32_SN_K1_PGR6_SB1_TT2_2_WG16_16_3
36,4608,7168,64,0,torch.bfloat16,torch.bfloat16,0.0,1.0,hsaco,4,76.48,Cijk_Ailk_Bljk_BBS_BH_UserArgs_MT64x32x32_SN_K1_PGR6_SB1_TT2_2_WG16_16_3
36,7168,7168,64,0,torch.bfloat16,torch.bfloat16,0.0,1.0,hsaco,5,87.84,Cijk_Ailk_Bljk_BBS_BH_UserArgs_MT64x64x32_SN_K1_PGR6_SB1_TT2_2_WG16_16_3
37,576,256,64,0,torch.bfloat16,torch.bfloat16,0.0,1.0,hsaco,3,5.92,Cijk_Ailk_Bljk_BBS_BH_UserArgs_MT16x32x32_SN_K1_PGR6_SB1_TT2_2_WG16_16_2
37,1536,256,64,0,torch.bfloat16,torch.bfloat16,0.0,1.0,hsaco,4,8.64,Cijk_Ailk_Bljk_BBS_BH_UserArgs_MT64x32x32_SN_K1_PGR6_SB1_TT2_2_WG16_16_3
37,3072,256,64,0,torch.bfloat16,torch.bfloat16,0.0,1.0,hsaco,0,8.24,Cijk_Ailk_Bljk_BBS_BH_UserArgs_MT64x32x32_SN_K1_PGR6_SB1_TT2_2_WG16_16_2
37,4096,256,64,0,torch.bfloat16,torch.bfloat16,0.0,1.0,hsaco,0,8.24,Cijk_Ailk_Bljk_BBS_BH_UserArgs_MT64x32x32_SN_K1_PGR6_SB1_TT2_2_WG16_16_2
37,4608,256,64,0,torch.bfloat16,torch.bfloat16,0.0,1.0,hsaco,0,8.24,Cijk_Ailk_Bljk_BBS_BH_UserArgs_MT64x32x32_SN_K1_PGR6_SB1_TT2_2_WG16_16_2
37,7168,256,64,0,torch.bfloat16,torch.bfloat16,0.0,1.0,hsaco,1,9.84,Cijk_Ailk_Bljk_BBS_BH_UserArgs_MT64x64x32_SN_K1_PGR6_SB1_TT2_2_WG16_16_2
37,576,512,64,0,torch.bfloat16,torch.bfloat16,0.0,1.0,hsaco,3,6.72,Cijk_Ailk_Bljk_BBS_BH_UserArgs_MT16x32x32_SN_K1_PGR6_SB1_TT2_2_WG16_16_2
37,1536,512,64,0,torch.bfloat16,torch.bfloat16,0.0,1.0,hsaco,4,10.8,Cijk_Ailk_Bljk_BBS_BH_UserArgs_MT64x32x32_SN_K1_PGR6_SB1_TT2_2_WG16_16_3
37,3072,512,64,0,torch.bfloat16,torch.bfloat16,0.0,1.0,hsaco,4,11.76,Cijk_Ailk_Bljk_BBS_BH_UserArgs_MT64x32x32_SN_K1_PGR6_SB1_TT2_2_WG16_16_3
37,4096,512,64,0,torch.bfloat16,torch.bfloat16,0.0,1.0,hsaco,4,10.88,Cijk_Ailk_Bljk_BBS_BH_UserArgs_MT64x32x32_SN_K1_PGR6_SB1_TT2_2_WG16_16_3
37,4608,512,64,0,torch.bfloat16,torch.bfloat16,0.0,1.0,hsaco,4,10.88,Cijk_Ailk_Bljk_BBS_BH_UserArgs_MT64x32x32_SN_K1_PGR6_SB1_TT2_2_WG16_16_3
37,7168,512,64,0,torch.bfloat16,torch.bfloat16,0.0,1.0,hsaco,5,12.56,Cijk_Ailk_Bljk_BBS_BH_UserArgs_MT64x64x32_SN_K1_PGR6_SB1_TT2_2_WG16_16_3
37,576,1536,64,0,torch.bfloat16,torch.bfloat16,0.0,1.0,hsaco,3,10.72,Cijk_Ailk_Bljk_BBS_BH_UserArgs_MT16x32x32_SN_K1_PGR6_SB1_TT2_2_WG16_16_2
37,1536,1536,64,0,torch.bfloat16,torch.bfloat16,0.0,1.0,hsaco,4,20.32,Cijk_Ailk_Bljk_BBS_BH_UserArgs_MT64x32x32_SN_K1_PGR6_SB1_TT2_2_WG16_16_3
37,3072,1536,64,0,torch.bfloat16,torch.bfloat16,0.0,1.0,hsaco,4,20.64,Cijk_Ailk_Bljk_BBS_BH_UserArgs_MT64x32x32_SN_K1_PGR6_SB1_TT2_2_WG16_16_3
37,4096,1536,64,0,torch.bfloat16,torch.bfloat16,0.0,1.0,hsaco,4,20.96,Cijk_Ailk_Bljk_BBS_BH_UserArgs_MT64x32x32_SN_K1_PGR6_SB1_TT2_2_WG16_16_3
37,4608,1536,64,0,torch.bfloat16,torch.bfloat16,0.0,1.0,hsaco,4,20.96,Cijk_Ailk_Bljk_BBS_BH_UserArgs_MT64x32x32_SN_K1_PGR6_SB1_TT2_2_WG16_16_3
37,7168,1536,64,0,torch.bfloat16,torch.bfloat16,0.0,1.0,hsaco,5,23.76,Cijk_Ailk_Bljk_BBS_BH_UserArgs_MT64x64x32_SN_K1_PGR6_SB1_TT2_2_WG16_16_3
37,512,2048,64,0,torch.bfloat16,torch.bfloat16,0.0,1.0,hsaco,3,12.88,Cijk_Ailk_Bljk_BBS_BH_UserArgs_MT16x32x32_SN_K1_PGR6_SB1_TT2_2_WG16_16_2
37,1536,2048,64,0,torch.bfloat16,torch.bfloat16,0.0,1.0,hsaco,3,24.48,Cijk_Ailk_Bljk_BBS_BH_UserArgs_MT16x32x32_SN_K1_PGR6_SB1_TT2_2_WG16_16_2
37,3072,2048,64,0,torch.bfloat16,torch.bfloat16,0.0,1.0,hsaco,4,25.68,Cijk_Ailk_Bljk_BBS_BH_UserArgs_MT64x32x32_SN_K1_PGR6_SB1_TT2_2_WG16_16_3
37,4096,2048,64,0,torch.bfloat16,torch.bfloat16,0.0,1.0,hsaco,4,26.4,Cijk_Ailk_Bljk_BBS_BH_UserArgs_MT64x32x32_SN_K1_PGR6_SB1_TT2_2_WG16_16_3
37,4608,2048,64,0,torch.bfloat16,torch.bfloat16,0.0,1.0,hsaco,4,25.84,Cijk_Ailk_Bljk_BBS_BH_UserArgs_MT64x32x32_SN_K1_PGR6_SB1_TT2_2_WG16_16_3
37,7168,2048,64,0,torch.bfloat16,torch.bfloat16,0.0,1.0,hsaco,5,29.12,Cijk_Ailk_Bljk_BBS_BH_UserArgs_MT64x64x32_SN_K1_PGR6_SB1_TT2_2_WG16_16_3
37,512,2304,64,0,torch.bfloat16,torch.bfloat16,0.0,1.0,hsaco,3,14.16,Cijk_Ailk_Bljk_BBS_BH_UserArgs_MT16x32x32_SN_K1_PGR6_SB1_TT2_2_WG16_16_2
37,1536,2304,64,0,torch.bfloat16,torch.bfloat16,0.0,1.0,hsaco,3,26.88,Cijk_Ailk_Bljk_BBS_BH_UserArgs_MT16x32x32_SN_K1_PGR6_SB1_TT2_2_WG16_16_2
37,3072,2304,64,0,torch.bfloat16,torch.bfloat16,0.0,1.0,hsaco,4,28.16,Cijk_Ailk_Bljk_BBS_BH_UserArgs_MT64x32x32_SN_K1_PGR6_SB1_TT2_2_WG16_16_3
37,4096,2304,64,0,torch.bfloat16,torch.bfloat16,0.0,1.0,hsaco,4,28.4,Cijk_Ailk_Bljk_BBS_BH_UserArgs_MT64x32x32_SN_K1_PGR6_SB1_TT2_2_WG16_16_3
37,4608,2304,64,0,torch.bfloat16,torch.bfloat16,0.0,1.0,hsaco,4,28.64,Cijk_Ailk_Bljk_BBS_BH_UserArgs_MT64x32x32_SN_K1_PGR6_SB1_TT2_2_WG16_16_3
37,7168,2304,64,0,torch.bfloat16,torch.bfloat16,0.0,1.0,hsaco,5,32.88,Cijk_Ailk_Bljk_BBS_BH_UserArgs_MT64x64x32_SN_K1_PGR6_SB1_TT2_2_WG16_16_3
37,512,7168,64,0,torch.bfloat16,torch.bfloat16,0.0,1.0,hsaco,3,35.36,Cijk_Ailk_Bljk_BBS_BH_UserArgs_MT16x32x32_SN_K1_PGR6_SB1_TT2_2_WG16_16_2
37,1536,7168,64,0,torch.bfloat16,torch.bfloat16,0.0,1.0,hsaco,3,66.8,Cijk_Ailk_Bljk_BBS_BH_UserArgs_MT16x32x32_SN_K1_PGR6_SB1_TT2_2_WG16_16_2
37,3072,7168,64,0,torch.bfloat16,torch.bfloat16,0.0,1.0,hsaco,4,74.72,Cijk_Ailk_Bljk_BBS_BH_UserArgs_MT64x32x32_SN_K1_PGR6_SB1_TT2_2_WG16_16_3
37,4096,7168,64,0,torch.bfloat16,torch.bfloat16,0.0,1.0,hsaco,4,76.8,Cijk_Ailk_Bljk_BBS_BH_UserArgs_MT64x32x32_SN_K1_PGR6_SB1_TT2_2_WG16_16_3
37,4608,7168,64,0,torch.bfloat16,torch.bfloat16,0.0,1.0,hsaco,4,76.56,Cijk_Ailk_Bljk_BBS_BH_UserArgs_MT64x32x32_SN_K1_PGR6_SB1_TT2_2_WG16_16_3
37,7168,7168,64,0,torch.bfloat16,torch.bfloat16,0.0,1.0,hsaco,5,88.32,Cijk_Ailk_Bljk_BBS_BH_UserArgs_MT64x64x32_SN_K1_PGR6_SB1_TT2_2_WG16_16_3
38,576,256,64,0,torch.bfloat16,torch.bfloat16,0.0,1.0,hsaco,3,5.92,Cijk_Ailk_Bljk_BBS_BH_UserArgs_MT16x32x32_SN_K1_PGR6_SB1_TT2_2_WG16_16_2
38,1536,256,64,0,torch.bfloat16,torch.bfloat16,0.0,1.0,hsaco,4,8.48,Cijk_Ailk_Bljk_BBS_BH_UserArgs_MT64x32x32_SN_K1_PGR6_SB1_TT2_2_WG16_16_3
38,3072,256,64,0,torch.bfloat16,torch.bfloat16,0.0,1.0,hsaco,0,8.08,Cijk_Ailk_Bljk_BBS_BH_UserArgs_MT64x32x32_SN_K1_PGR6_SB1_TT2_2_WG16_16_2
38,4096,256,64,0,torch.bfloat16,torch.bfloat16,0.0,1.0,hsaco,0,8.32,Cijk_Ailk_Bljk_BBS_BH_UserArgs_MT64x32x32_SN_K1_PGR6_SB1_TT2_2_WG16_16_2
38,4608,256,64,0,torch.bfloat16,torch.bfloat16,0.0,1.0,hsaco,0,8.24,Cijk_Ailk_Bljk_BBS_BH_UserArgs_MT64x32x32_SN_K1_PGR6_SB1_TT2_2_WG16_16_2
38,7168,256,64,0,torch.bfloat16,torch.bfloat16,0.0,1.0,hsaco,1,10.8,Cijk_Ailk_Bljk_BBS_BH_UserArgs_MT64x64x32_SN_K1_PGR6_SB1_TT2_2_WG16_16_2
38,576,512,64,0,torch.bfloat16,torch.bfloat16,0.0,1.0,hsaco,3,6.72,Cijk_Ailk_Bljk_BBS_BH_UserArgs_MT16x32x32_SN_K1_PGR6_SB1_TT2_2_WG16_16_2
38,1536,512,64,0,torch.bfloat16,torch.bfloat16,0.0,1.0,hsaco,4,10.8,Cijk_Ailk_Bljk_BBS_BH_UserArgs_MT64x32x32_SN_K1_PGR6_SB1_TT2_2_WG16_16_3
38,3072,512,64,0,torch.bfloat16,torch.bfloat16,0.0,1.0,hsaco,4,11.92,Cijk_Ailk_Bljk_BBS_BH_UserArgs_MT64x32x32_SN_K1_PGR6_SB1_TT2_2_WG16_16_3
38,4096,512,64,0,torch.bfloat16,torch.bfloat16,0.0,1.0,hsaco,4,10.96,Cijk_Ailk_Bljk_BBS_BH_UserArgs_MT64x32x32_SN_K1_PGR6_SB1_TT2_2_WG16_16_3
38,4608,512,64,0,torch.bfloat16,torch.bfloat16,0.0,1.0,hsaco,4,10.88,Cijk_Ailk_Bljk_BBS_BH_UserArgs_MT64x32x32_SN_K1_PGR6_SB1_TT2_2_WG16_16_3
38,7168,512,64,0,torch.bfloat16,torch.bfloat16,0.0,1.0,hsaco,5,12.64,Cijk_Ailk_Bljk_BBS_BH_UserArgs_MT64x64x32_SN_K1_PGR6_SB1_TT2_2_WG16_16_3
38,576,1536,64,0,torch.bfloat16,torch.bfloat16,0.0,1.0,hsaco,3,10.64,Cijk_Ailk_Bljk_BBS_BH_UserArgs_MT16x32x32_SN_K1_PGR6_SB1_TT2_2_WG16_16_2
38,1536,1536,64,0,torch.bfloat16,torch.bfloat16,0.0,1.0,hsaco,4,20.32,Cijk_Ailk_Bljk_BBS_BH_UserArgs_MT64x32x32_SN_K1_PGR6_SB1_TT2_2_WG16_16_3
38,3072,1536,64,0,torch.bfloat16,torch.bfloat16,0.0,1.0,hsaco,4,20.72,Cijk_Ailk_Bljk_BBS_BH_UserArgs_MT64x32x32_SN_K1_PGR6_SB1_TT2_2_WG16_16_3
38,4096,1536,64,0,torch.bfloat16,torch.bfloat16,0.0,1.0,hsaco,4,20.96,Cijk_Ailk_Bljk_BBS_BH_UserArgs_MT64x32x32_SN_K1_PGR6_SB1_TT2_2_WG16_16_3
38,4608,1536,64,0,torch.bfloat16,torch.bfloat16,0.0,1.0,hsaco,4,20.88,Cijk_Ailk_Bljk_BBS_BH_UserArgs_MT64x32x32_SN_K1_PGR6_SB1_TT2_2_WG16_16_3
38,7168,1536,64,0,torch.bfloat16,torch.bfloat16,0.0,1.0,hsaco,5,23.84,Cijk_Ailk_Bljk_BBS_BH_UserArgs_MT64x64x32_SN_K1_PGR6_SB1_TT2_2_WG16_16_3
38,512,2048,64,0,torch.bfloat16,torch.bfloat16,0.0,1.0,hsaco,3,12.96,Cijk_Ailk_Bljk_BBS_BH_UserArgs_MT16x32x32_SN_K1_PGR6_SB1_TT2_2_WG16_16_2
38,1536,2048,64,0,torch.bfloat16,torch.bfloat16,0.0,1.0,hsaco,3,24.56,Cijk_Ailk_Bljk_BBS_BH_UserArgs_MT16x32x32_SN_K1_PGR6_SB1_TT2_2_WG16_16_2
38,3072,2048,64,0,torch.bfloat16,torch.bfloat16,0.0,1.0,hsaco,4,25.6,Cijk_Ailk_Bljk_BBS_BH_UserArgs_MT64x32x32_SN_K1_PGR6_SB1_TT2_2_WG16_16_3
38,4096,2048,64,0,torch.bfloat16,torch.bfloat16,0.0,1.0,hsaco,4,26.48,Cijk_Ailk_Bljk_BBS_BH_UserArgs_MT64x32x32_SN_K1_PGR6_SB1_TT2_2_WG16_16_3
38,4608,2048,64,0,torch.bfloat16,torch.bfloat16,0.0,1.0,hsaco,4,25.76,Cijk_Ailk_Bljk_BBS_BH_UserArgs_MT64x32x32_SN_K1_PGR6_SB1_TT2_2_WG16_16_3
38,7168,2048,64,0,torch.bfloat16,torch.bfloat16,0.0,1.0,hsaco,5,29.12,Cijk_Ailk_Bljk_BBS_BH_UserArgs_MT64x64x32_SN_K1_PGR6_SB1_TT2_2_WG16_16_3
38,512,2304,64,0,torch.bfloat16,torch.bfloat16,0.0,1.0,hsaco,3,14.08,Cijk_Ailk_Bljk_BBS_BH_UserArgs_MT16x32x32_SN_K1_PGR6_SB1_TT2_2_WG16_16_2
38,1536,2304,64,0,torch.bfloat16,torch.bfloat16,0.0,1.0,hsaco,3,26.88,Cijk_Ailk_Bljk_BBS_BH_UserArgs_MT16x32x32_SN_K1_PGR6_SB1_TT2_2_WG16_16_2
38,3072,2304,64,0,torch.bfloat16,torch.bfloat16,0.0,1.0,hsaco,4,28.0,Cijk_Ailk_Bljk_BBS_BH_UserArgs_MT64x32x32_SN_K1_PGR6_SB1_TT2_2_WG16_16_3
38,4096,2304,64,0,torch.bfloat16,torch.bfloat16,0.0,1.0,hsaco,4,28.24,Cijk_Ailk_Bljk_BBS_BH_UserArgs_MT64x32x32_SN_K1_PGR6_SB1_TT2_2_WG16_16_3
38,4608,2304,64,0,torch.bfloat16,torch.bfloat16,0.0,1.0,hsaco,4,28.8,Cijk_Ailk_Bljk_BBS_BH_UserArgs_MT64x32x32_SN_K1_PGR6_SB1_TT2_2_WG16_16_3
38,7168,2304,64,0,torch.bfloat16,torch.bfloat16,0.0,1.0,hsaco,5,32.72,Cijk_Ailk_Bljk_BBS_BH_UserArgs_MT64x64x32_SN_K1_PGR6_SB1_TT2_2_WG16_16_3
38,512,7168,64,0,torch.bfloat16,torch.bfloat16,0.0,1.0,hsaco,3,35.6,Cijk_Ailk_Bljk_BBS_BH_UserArgs_MT16x32x32_SN_K1_PGR6_SB1_TT2_2_WG16_16_2
38,1536,7168,64,0,torch.bfloat16,torch.bfloat16,0.0,1.0,hsaco,3,66.88,Cijk_Ailk_Bljk_BBS_BH_UserArgs_MT16x32x32_SN_K1_PGR6_SB1_TT2_2_WG16_16_2
38,3072,7168,64,0,torch.bfloat16,torch.bfloat16,0.0,1.0,hsaco,4,74.32,Cijk_Ailk_Bljk_BBS_BH_UserArgs_MT64x32x32_SN_K1_PGR6_SB1_TT2_2_WG16_16_3
38,4096,7168,64,0,torch.bfloat16,torch.bfloat16,0.0,1.0,hsaco,4,77.2,Cijk_Ailk_Bljk_BBS_BH_UserArgs_MT64x32x32_SN_K1_PGR6_SB1_TT2_2_WG16_16_3
38,4608,7168,64,0,torch.bfloat16,torch.bfloat16,0.0,1.0,hsaco,4,76.4,Cijk_Ailk_Bljk_BBS_BH_UserArgs_MT64x32x32_SN_K1_PGR6_SB1_TT2_2_WG16_16_3
38,7168,7168,64,0,torch.bfloat16,torch.bfloat16,0.0,1.0,hsaco,5,87.44,Cijk_Ailk_Bljk_BBS_BH_UserArgs_MT64x64x32_SN_K1_PGR6_SB1_TT2_2_WG16_16_3
39,576,256,64,0,torch.bfloat16,torch.bfloat16,0.0,1.0,hsaco,3,5.92,Cijk_Ailk_Bljk_BBS_BH_UserArgs_MT16x32x32_SN_K1_PGR6_SB1_TT2_2_WG16_16_2
39,1536,256,64,0,torch.bfloat16,torch.bfloat16,0.0,1.0,hsaco,4,8.56,Cijk_Ailk_Bljk_BBS_BH_UserArgs_MT64x32x32_SN_K1_PGR6_SB1_TT2_2_WG16_16_3
39,3072,256,64,0,torch.bfloat16,torch.bfloat16,0.0,1.0,hsaco,0,8.24,Cijk_Ailk_Bljk_BBS_BH_UserArgs_MT64x32x32_SN_K1_PGR6_SB1_TT2_2_WG16_16_2
39,4096,256,64,0,torch.bfloat16,torch.bfloat16,0.0,1.0,hsaco,0,8.24,Cijk_Ailk_Bljk_BBS_BH_UserArgs_MT64x32x32_SN_K1_PGR6_SB1_TT2_2_WG16_16_2
39,4608,256,64,0,torch.bfloat16,torch.bfloat16,0.0,1.0,hsaco,0,8.32,Cijk_Ailk_Bljk_BBS_BH_UserArgs_MT64x32x32_SN_K1_PGR6_SB1_TT2_2_WG16_16_2
39,7168,256,64,0,torch.bfloat16,torch.bfloat16,0.0,1.0,hsaco,1,10.56,Cijk_Ailk_Bljk_BBS_BH_UserArgs_MT64x64x32_SN_K1_PGR6_SB1_TT2_2_WG16_16_2
39,576,512,64,0,torch.bfloat16,torch.bfloat16,0.0,1.0,hsaco,3,6.72,Cijk_Ailk_Bljk_BBS_BH_UserArgs_MT16x32x32_SN_K1_PGR6_SB1_TT2_2_WG16_16_2
39,1536,512,64,0,torch.bfloat16,torch.bfloat16,0.0,1.0,hsaco,4,10.8,Cijk_Ailk_Bljk_BBS_BH_UserArgs_MT64x32x32_SN_K1_PGR6_SB1_TT2_2_WG16_16_3
39,3072,512,64,0,torch.bfloat16,torch.bfloat16,0.0,1.0,hsaco,4,11.68,Cijk_Ailk_Bljk_BBS_BH_UserArgs_MT64x32x32_SN_K1_PGR6_SB1_TT2_2_WG16_16_3
39,4096,512,64,0,torch.bfloat16,torch.bfloat16,0.0,1.0,hsaco,4,10.96,Cijk_Ailk_Bljk_BBS_BH_UserArgs_MT64x32x32_SN_K1_PGR6_SB1_TT2_2_WG16_16_3
39,4608,512,64,0,torch.bfloat16,torch.bfloat16,0.0,1.0,hsaco,4,10.88,Cijk_Ailk_Bljk_BBS_BH_UserArgs_MT64x32x32_SN_K1_PGR6_SB1_TT2_2_WG16_16_3
39,7168,512,64,0,torch.bfloat16,torch.bfloat16,0.0,1.0,hsaco,5,12.56,Cijk_Ailk_Bljk_BBS_BH_UserArgs_MT64x64x32_SN_K1_PGR6_SB1_TT2_2_WG16_16_3
39,576,1536,64,0,torch.bfloat16,torch.bfloat16,0.0,1.0,hsaco,3,10.72,Cijk_Ailk_Bljk_BBS_BH_UserArgs_MT16x32x32_SN_K1_PGR6_SB1_TT2_2_WG16_16_2
39,1536,1536,64,0,torch.bfloat16,torch.bfloat16,0.0,1.0,hsaco,4,20.32,Cijk_Ailk_Bljk_BBS_BH_UserArgs_MT64x32x32_SN_K1_PGR6_SB1_TT2_2_WG16_16_3
39,3072,1536,64,0,torch.bfloat16,torch.bfloat16,0.0,1.0,hsaco,4,20.8,Cijk_Ailk_Bljk_BBS_BH_UserArgs_MT64x32x32_SN_K1_PGR6_SB1_TT2_2_WG16_16_3
39,4096,1536,64,0,torch.bfloat16,torch.bfloat16,0.0,1.0,hsaco,4,20.96,Cijk_Ailk_Bljk_BBS_BH_UserArgs_MT64x32x32_SN_K1_PGR6_SB1_TT2_2_WG16_16_3
39,4608,1536,64,0,torch.bfloat16,torch.bfloat16,0.0,1.0,hsaco,4,20.96,Cijk_Ailk_Bljk_BBS_BH_UserArgs_MT64x32x32_SN_K1_PGR6_SB1_TT2_2_WG16_16_3
39,7168,1536,64,0,torch.bfloat16,torch.bfloat16,0.0,1.0,hsaco,5,24.08,Cijk_Ailk_Bljk_BBS_BH_UserArgs_MT64x64x32_SN_K1_PGR6_SB1_TT2_2_WG16_16_3
39,512,2048,64,0,torch.bfloat16,torch.bfloat16,0.0,1.0,hsaco,3,13.36,Cijk_Ailk_Bljk_BBS_BH_UserArgs_MT16x32x32_SN_K1_PGR6_SB1_TT2_2_WG16_16_2
39,1536,2048,64,0,torch.bfloat16,torch.bfloat16,0.0,1.0,hsaco,3,24.48,Cijk_Ailk_Bljk_BBS_BH_UserArgs_MT16x32x32_SN_K1_PGR6_SB1_TT2_2_WG16_16_2
39,3072,2048,64,0,torch.bfloat16,torch.bfloat16,0.0,1.0,hsaco,4,25.68,Cijk_Ailk_Bljk_BBS_BH_UserArgs_MT64x32x32_SN_K1_PGR6_SB1_TT2_2_WG16_16_3
39,4096,2048,64,0,torch.bfloat16,torch.bfloat16,0.0,1.0,hsaco,4,26.4,Cijk_Ailk_Bljk_BBS_BH_UserArgs_MT64x32x32_SN_K1_PGR6_SB1_TT2_2_WG16_16_3
39,4608,2048,64,0,torch.bfloat16,torch.bfloat16,0.0,1.0,hsaco,4,25.76,Cijk_Ailk_Bljk_BBS_BH_UserArgs_MT64x32x32_SN_K1_PGR6_SB1_TT2_2_WG16_16_3
39,7168,2048,64,0,torch.bfloat16,torch.bfloat16,0.0,1.0,hsaco,5,29.04,Cijk_Ailk_Bljk_BBS_BH_UserArgs_MT64x64x32_SN_K1_PGR6_SB1_TT2_2_WG16_16_3
39,512,2304,64,0,torch.bfloat16,torch.bfloat16,0.0,1.0,hsaco,3,14.24,Cijk_Ailk_Bljk_BBS_BH_UserArgs_MT16x32x32_SN_K1_PGR6_SB1_TT2_2_WG16_16_2
39,1536,2304,64,0,torch.bfloat16,torch.bfloat16,0.0,1.0,hsaco,3,27.04,Cijk_Ailk_Bljk_BBS_BH_UserArgs_MT16x32x32_SN_K1_PGR6_SB1_TT2_2_WG16_16_2
39,3072,2304,64,0,torch.bfloat16,torch.bfloat16,0.0,1.0,hsaco,4,28.4,Cijk_Ailk_Bljk_BBS_BH_UserArgs_MT64x32x32_SN_K1_PGR6_SB1_TT2_2_WG16_16_3
39,4096,2304,64,0,torch.bfloat16,torch.bfloat16,0.0,1.0,hsaco,4,28.4,Cijk_Ailk_Bljk_BBS_BH_UserArgs_MT64x32x32_SN_K1_PGR6_SB1_TT2_2_WG16_16_3
39,4608,2304,64,0,torch.bfloat16,torch.bfloat16,0.0,1.0,hsaco,4,28.48,Cijk_Ailk_Bljk_BBS_BH_UserArgs_MT64x32x32_SN_K1_PGR6_SB1_TT2_2_WG16_16_3
39,7168,2304,64,0,torch.bfloat16,torch.bfloat16,0.0,1.0,hsaco,5,32.64,Cijk_Ailk_Bljk_BBS_BH_UserArgs_MT64x64x32_SN_K1_PGR6_SB1_TT2_2_WG16_16_3
39,512,7168,64,0,torch.bfloat16,torch.bfloat16,0.0,1.0,hsaco,3,35.76,Cijk_Ailk_Bljk_BBS_BH_UserArgs_MT16x32x32_SN_K1_PGR6_SB1_TT2_2_WG16_16_2
39,1536,7168,64,0,torch.bfloat16,torch.bfloat16,0.0,1.0,hsaco,3,67.2,Cijk_Ailk_Bljk_BBS_BH_UserArgs_MT16x32x32_SN_K1_PGR6_SB1_TT2_2_WG16_16_2
39,3072,7168,64,0,torch.bfloat16,torch.bfloat16,0.0,1.0,hsaco,4,74.4,Cijk_Ailk_Bljk_BBS_BH_UserArgs_MT64x32x32_SN_K1_PGR6_SB1_TT2_2_WG16_16_3
39,4096,7168,64,0,torch.bfloat16,torch.bfloat16,0.0,1.0,hsaco,4,77.12,Cijk_Ailk_Bljk_BBS_BH_UserArgs_MT64x32x32_SN_K1_PGR6_SB1_TT2_2_WG16_16_3
39,4608,7168,64,0,torch.bfloat16,torch.bfloat16,0.0,1.0,hsaco,4,76.24,Cijk_Ailk_Bljk_BBS_BH_UserArgs_MT64x32x32_SN_K1_PGR6_SB1_TT2_2_WG16_16_3
39,7168,7168,64,0,torch.bfloat16,torch.bfloat16,0.0,1.0,hsaco,5,88.24,Cijk_Ailk_Bljk_BBS_BH_UserArgs_MT64x64x32_SN_K1_PGR6_SB1_TT2_2_WG16_16_3
40,576,256,64,0,torch.bfloat16,torch.bfloat16,0.0,1.0,hsaco,3,5.92,Cijk_Ailk_Bljk_BBS_BH_UserArgs_MT16x32x32_SN_K1_PGR6_SB1_TT2_2_WG16_16_2
40,1536,256,64,0,torch.bfloat16,torch.bfloat16,0.0,1.0,hsaco,4,8.48,Cijk_Ailk_Bljk_BBS_BH_UserArgs_MT64x32x32_SN_K1_PGR6_SB1_TT2_2_WG16_16_3
40,3072,256,64,0,torch.bfloat16,torch.bfloat16,0.0,1.0,hsaco,0,8.4,Cijk_Ailk_Bljk_BBS_BH_UserArgs_MT64x32x32_SN_K1_PGR6_SB1_TT2_2_WG16_16_2
40,4096,256,64,0,torch.bfloat16,torch.bfloat16,0.0,1.0,hsaco,0,8.4,Cijk_Ailk_Bljk_BBS_BH_UserArgs_MT64x32x32_SN_K1_PGR6_SB1_TT2_2_WG16_16_2
40,4608,256,64,0,torch.bfloat16,torch.bfloat16,0.0,1.0,hsaco,0,8.32,Cijk_Ailk_Bljk_BBS_BH_UserArgs_MT64x32x32_SN_K1_PGR6_SB1_TT2_2_WG16_16_2
40,7168,256,64,0,torch.bfloat16,torch.bfloat16,0.0,1.0,hsaco,1,10.56,Cijk_Ailk_Bljk_BBS_BH_UserArgs_MT64x64x32_SN_K1_PGR6_SB1_TT2_2_WG16_16_2
40,576,512,64,0,torch.bfloat16,torch.bfloat16,0.0,1.0,hsaco,3,6.8,Cijk_Ailk_Bljk_BBS_BH_UserArgs_MT16x32x32_SN_K1_PGR6_SB1_TT2_2_WG16_16_2
40,1536,512,64,0,torch.bfloat16,torch.bfloat16,0.0,1.0,hsaco,4,10.8,Cijk_Ailk_Bljk_BBS_BH_UserArgs_MT64x32x32_SN_K1_PGR6_SB1_TT2_2_WG16_16_3
40,3072,512,64,0,torch.bfloat16,torch.bfloat16,0.0,1.0,hsaco,4,11.76,Cijk_Ailk_Bljk_BBS_BH_UserArgs_MT64x32x32_SN_K1_PGR6_SB1_TT2_2_WG16_16_3
40,4096,512,64,0,torch.bfloat16,torch.bfloat16,0.0,1.0,hsaco,4,10.96,Cijk_Ailk_Bljk_BBS_BH_UserArgs_MT64x32x32_SN_K1_PGR6_SB1_TT2_2_WG16_16_3
40,4608,512,64,0,torch.bfloat16,torch.bfloat16,0.0,1.0,hsaco,4,10.88,Cijk_Ailk_Bljk_BBS_BH_UserArgs_MT64x32x32_SN_K1_PGR6_SB1_TT2_2_WG16_16_3
40,7168,512,64,0,torch.bfloat16,torch.bfloat16,0.0,1.0,hsaco,5,12.56,Cijk_Ailk_Bljk_BBS_BH_UserArgs_MT64x64x32_SN_K1_PGR6_SB1_TT2_2_WG16_16_3
40,576,1536,64,0,torch.bfloat16,torch.bfloat16,0.0,1.0,hsaco,3,10.64,Cijk_Ailk_Bljk_BBS_BH_UserArgs_MT16x32x32_SN_K1_PGR6_SB1_TT2_2_WG16_16_2
40,1536,1536,64,0,torch.bfloat16,torch.bfloat16,0.0,1.0,hsaco,4,20.4,Cijk_Ailk_Bljk_BBS_BH_UserArgs_MT64x32x32_SN_K1_PGR6_SB1_TT2_2_WG16_16_3
40,3072,1536,64,0,torch.bfloat16,torch.bfloat16,0.0,1.0,hsaco,4,20.72,Cijk_Ailk_Bljk_BBS_BH_UserArgs_MT64x32x32_SN_K1_PGR6_SB1_TT2_2_WG16_16_3
40,4096,1536,64,0,torch.bfloat16,torch.bfloat16,0.0,1.0,hsaco,4,21.04,Cijk_Ailk_Bljk_BBS_BH_UserArgs_MT64x32x32_SN_K1_PGR6_SB1_TT2_2_WG16_16_3
40,4608,1536,64,0,torch.bfloat16,torch.bfloat16,0.0,1.0,hsaco,4,21.04,Cijk_Ailk_Bljk_BBS_BH_UserArgs_MT64x32x32_SN_K1_PGR6_SB1_TT2_2_WG16_16_3
40,7168,1536,64,0,torch.bfloat16,torch.bfloat16,0.0,1.0,hsaco,5,23.84,Cijk_Ailk_Bljk_BBS_BH_UserArgs_MT64x64x32_SN_K1_PGR6_SB1_TT2_2_WG16_16_3
40,512,2048,64,0,torch.bfloat16,torch.bfloat16,0.0,1.0,hsaco,3,12.88,Cijk_Ailk_Bljk_BBS_BH_UserArgs_MT16x32x32_SN_K1_PGR6_SB1_TT2_2_WG16_16_2
40,1536,2048,64,0,torch.bfloat16,torch.bfloat16,0.0,1.0,hsaco,3,24.56,Cijk_Ailk_Bljk_BBS_BH_UserArgs_MT16x32x32_SN_K1_PGR6_SB1_TT2_2_WG16_16_2
40,3072,2048,64,0,torch.bfloat16,torch.bfloat16,0.0,1.0,hsaco,4,25.6,Cijk_Ailk_Bljk_BBS_BH_UserArgs_MT64x32x32_SN_K1_PGR6_SB1_TT2_2_WG16_16_3
40,4096,2048,64,0,torch.bfloat16,torch.bfloat16,0.0,1.0,hsaco,4,26.48,Cijk_Ailk_Bljk_BBS_BH_UserArgs_MT64x32x32_SN_K1_PGR6_SB1_TT2_2_WG16_16_3
40,4608,2048,64,0,torch.bfloat16,torch.bfloat16,0.0,1.0,hsaco,4,25.92,Cijk_Ailk_Bljk_BBS_BH_UserArgs_MT64x32x32_SN_K1_PGR6_SB1_TT2_2_WG16_16_3
40,7168,2048,64,0,torch.bfloat16,torch.bfloat16,0.0,1.0,hsaco,5,29.12,Cijk_Ailk_Bljk_BBS_BH_UserArgs_MT64x64x32_SN_K1_PGR6_SB1_TT2_2_WG16_16_3
40,512,2304,64,0,torch.bfloat16,torch.bfloat16,0.0,1.0,hsaco,3,14.16,Cijk_Ailk_Bljk_BBS_BH_UserArgs_MT16x32x32_SN_K1_PGR6_SB1_TT2_2_WG16_16_2
40,1536,2304,64,0,torch.bfloat16,torch.bfloat16,0.0,1.0,hsaco,3,27.12,Cijk_Ailk_Bljk_BBS_BH_UserArgs_MT16x32x32_SN_K1_PGR6_SB1_TT2_2_WG16_16_2
40,3072,2304,64,0,torch.bfloat16,torch.bfloat16,0.0,1.0,hsaco,4,28.16,Cijk_Ailk_Bljk_BBS_BH_UserArgs_MT64x32x32_SN_K1_PGR6_SB1_TT2_2_WG16_16_3
40,4096,2304,64,0,torch.bfloat16,torch.bfloat16,0.0,1.0,hsaco,4,28.56,Cijk_Ailk_Bljk_BBS_BH_UserArgs_MT64x32x32_SN_K1_PGR6_SB1_TT2_2_WG16_16_3
40,4608,2304,64,0,torch.bfloat16,torch.bfloat16,0.0,1.0,hsaco,4,28.72,Cijk_Ailk_Bljk_BBS_BH_UserArgs_MT64x32x32_SN_K1_PGR6_SB1_TT2_2_WG16_16_3
40,7168,2304,64,0,torch.bfloat16,torch.bfloat16,0.0,1.0,hsaco,5,32.8,Cijk_Ailk_Bljk_BBS_BH_UserArgs_MT64x64x32_SN_K1_PGR6_SB1_TT2_2_WG16_16_3
40,512,7168,64,0,torch.bfloat16,torch.bfloat16,0.0,1.0,hsaco,3,35.84,Cijk_Ailk_Bljk_BBS_BH_UserArgs_MT16x32x32_SN_K1_PGR6_SB1_TT2_2_WG16_16_2
40,1536,7168,64,0,torch.bfloat16,torch.bfloat16,0.0,1.0,hsaco,3,67.44,Cijk_Ailk_Bljk_BBS_BH_UserArgs_MT16x32x32_SN_K1_PGR6_SB1_TT2_2_WG16_16_2
40,3072,7168,64,0,torch.bfloat16,torch.bfloat16,0.0,1.0,hsaco,4,74.72,Cijk_Ailk_Bljk_BBS_BH_UserArgs_MT64x32x32_SN_K1_PGR6_SB1_TT2_2_WG16_16_3
40,4096,7168,64,0,torch.bfloat16,torch.bfloat16,0.0,1.0,hsaco,4,76.96,Cijk_Ailk_Bljk_BBS_BH_UserArgs_MT64x32x32_SN_K1_PGR6_SB1_TT2_2_WG16_16_3
40,4608,7168,64,0,torch.bfloat16,torch.bfloat16,0.0,1.0,hsaco,4,76.4,Cijk_Ailk_Bljk_BBS_BH_UserArgs_MT64x32x32_SN_K1_PGR6_SB1_TT2_2_WG16_16_3
40,7168,7168,64,0,torch.bfloat16,torch.bfloat16,0.0,1.0,hsaco,5,87.2,Cijk_Ailk_Bljk_BBS_BH_UserArgs_MT64x64x32_SN_K1_PGR6_SB1_TT2_2_WG16_16_3
41,576,256,64,0,torch.bfloat16,torch.bfloat16,0.0,1.0,hsaco,3,5.92,Cijk_Ailk_Bljk_BBS_BH_UserArgs_MT16x32x32_SN_K1_PGR6_SB1_TT2_2_WG16_16_2
41,1536,256,64,0,torch.bfloat16,torch.bfloat16,0.0,1.0,hsaco,4,8.64,Cijk_Ailk_Bljk_BBS_BH_UserArgs_MT64x32x32_SN_K1_PGR6_SB1_TT2_2_WG16_16_3
41,3072,256,64,0,torch.bfloat16,torch.bfloat16,0.0,1.0,hsaco,0,8.24,Cijk_Ailk_Bljk_BBS_BH_UserArgs_MT64x32x32_SN_K1_PGR6_SB1_TT2_2_WG16_16_2
41,4096,256,64,0,torch.bfloat16,torch.bfloat16,0.0,1.0,hsaco,0,8.24,Cijk_Ailk_Bljk_BBS_BH_UserArgs_MT64x32x32_SN_K1_PGR6_SB1_TT2_2_WG16_16_2
41,4608,256,64,0,torch.bfloat16,torch.bfloat16,0.0,1.0,hsaco,0,8.24,Cijk_Ailk_Bljk_BBS_BH_UserArgs_MT64x32x32_SN_K1_PGR6_SB1_TT2_2_WG16_16_2
41,7168,256,64,0,torch.bfloat16,torch.bfloat16,0.0,1.0,hsaco,1,10.48,Cijk_Ailk_Bljk_BBS_BH_UserArgs_MT64x64x32_SN_K1_PGR6_SB1_TT2_2_WG16_16_2
41,576,512,64,0,torch.bfloat16,torch.bfloat16,0.0,1.0,hsaco,3,6.72,Cijk_Ailk_Bljk_BBS_BH_UserArgs_MT16x32x32_SN_K1_PGR6_SB1_TT2_2_WG16_16_2
41,1536,512,64,0,torch.bfloat16,torch.bfloat16,0.0,1.0,hsaco,4,10.8,Cijk_Ailk_Bljk_BBS_BH_UserArgs_MT64x32x32_SN_K1_PGR6_SB1_TT2_2_WG16_16_3
41,3072,512,64,0,torch.bfloat16,torch.bfloat16,0.0,1.0,hsaco,4,11.76,Cijk_Ailk_Bljk_BBS_BH_UserArgs_MT64x32x32_SN_K1_PGR6_SB1_TT2_2_WG16_16_3
41,4096,512,64,0,torch.bfloat16,torch.bfloat16,0.0,1.0,hsaco,4,11.04,Cijk_Ailk_Bljk_BBS_BH_UserArgs_MT64x32x32_SN_K1_PGR6_SB1_TT2_2_WG16_16_3
41,4608,512,64,0,torch.bfloat16,torch.bfloat16,0.0,1.0,hsaco,4,10.96,Cijk_Ailk_Bljk_BBS_BH_UserArgs_MT64x32x32_SN_K1_PGR6_SB1_TT2_2_WG16_16_3
41,7168,512,64,0,torch.bfloat16,torch.bfloat16,0.0,1.0,hsaco,1,14.8,Cijk_Ailk_Bljk_BBS_BH_UserArgs_MT64x64x32_SN_K1_PGR6_SB1_TT2_2_WG16_16_2
41,576,1536,64,0,torch.bfloat16,torch.bfloat16,0.0,1.0,hsaco,3,10.72,Cijk_Ailk_Bljk_BBS_BH_UserArgs_MT16x32x32_SN_K1_PGR6_SB1_TT2_2_WG16_16_2
41,1536,1536,64,0,torch.bfloat16,torch.bfloat16,0.0,1.0,hsaco,4,20.24,Cijk_Ailk_Bljk_BBS_BH_UserArgs_MT64x32x32_SN_K1_PGR6_SB1_TT2_2_WG16_16_3
41,3072,1536,64,0,torch.bfloat16,torch.bfloat16,0.0,1.0,hsaco,4,20.72,Cijk_Ailk_Bljk_BBS_BH_UserArgs_MT64x32x32_SN_K1_PGR6_SB1_TT2_2_WG16_16_3
41,4096,1536,64,0,torch.bfloat16,torch.bfloat16,0.0,1.0,hsaco,4,21.04,Cijk_Ailk_Bljk_BBS_BH_UserArgs_MT64x32x32_SN_K1_PGR6_SB1_TT2_2_WG16_16_3
41,4608,1536,64,0,torch.bfloat16,torch.bfloat16,0.0,1.0,hsaco,4,20.96,Cijk_Ailk_Bljk_BBS_BH_UserArgs_MT64x32x32_SN_K1_PGR6_SB1_TT2_2_WG16_16_3
41,7168,1536,64,0,torch.bfloat16,torch.bfloat16,0.0,1.0,hsaco,1,34.72,Cijk_Ailk_Bljk_BBS_BH_UserArgs_MT64x64x32_SN_K1_PGR6_SB1_TT2_2_WG16_16_2
41,512,2048,64,0,torch.bfloat16,torch.bfloat16,0.0,1.0,hsaco,3,12.96,Cijk_Ailk_Bljk_BBS_BH_UserArgs_MT16x32x32_SN_K1_PGR6_SB1_TT2_2_WG16_16_2
41,1536,2048,64,0,torch.bfloat16,torch.bfloat16,0.0,1.0,hsaco,3,24.48,Cijk_Ailk_Bljk_BBS_BH_UserArgs_MT16x32x32_SN_K1_PGR6_SB1_TT2_2_WG16_16_2
41,3072,2048,64,0,torch.bfloat16,torch.bfloat16,0.0,1.0,hsaco,4,25.6,Cijk_Ailk_Bljk_BBS_BH_UserArgs_MT64x32x32_SN_K1_PGR6_SB1_TT2_2_WG16_16_3
41,4096,2048,64,0,torch.bfloat16,torch.bfloat16,0.0,1.0,hsaco,4,26.4,Cijk_Ailk_Bljk_BBS_BH_UserArgs_MT64x32x32_SN_K1_PGR6_SB1_TT2_2_WG16_16_3
41,4608,2048,64,0,torch.bfloat16,torch.bfloat16,0.0,1.0,hsaco,4,25.84,Cijk_Ailk_Bljk_BBS_BH_UserArgs_MT64x32x32_SN_K1_PGR6_SB1_TT2_2_WG16_16_3
41,7168,2048,64,0,torch.bfloat16,torch.bfloat16,0.0,1.0,hsaco,5,29.2,Cijk_Ailk_Bljk_BBS_BH_UserArgs_MT64x64x32_SN_K1_PGR6_SB1_TT2_2_WG16_16_3
41,512,2304,64,0,torch.bfloat16,torch.bfloat16,0.0,1.0,hsaco,3,14.16,Cijk_Ailk_Bljk_BBS_BH_UserArgs_MT16x32x32_SN_K1_PGR6_SB1_TT2_2_WG16_16_2
41,1536,2304,64,0,torch.bfloat16,torch.bfloat16,0.0,1.0,hsaco,3,27.2,Cijk_Ailk_Bljk_BBS_BH_UserArgs_MT16x32x32_SN_K1_PGR6_SB1_TT2_2_WG16_16_2
41,3072,2304,64,0,torch.bfloat16,torch.bfloat16,0.0,1.0,hsaco,4,28.4,Cijk_Ailk_Bljk_BBS_BH_UserArgs_MT64x32x32_SN_K1_PGR6_SB1_TT2_2_WG16_16_3
41,4096,2304,64,0,torch.bfloat16,torch.bfloat16,0.0,1.0,hsaco,4,28.4,Cijk_Ailk_Bljk_BBS_BH_UserArgs_MT64x32x32_SN_K1_PGR6_SB1_TT2_2_WG16_16_3
41,4608,2304,64,0,torch.bfloat16,torch.bfloat16,0.0,1.0,hsaco,4,28.56,Cijk_Ailk_Bljk_BBS_BH_UserArgs_MT64x32x32_SN_K1_PGR6_SB1_TT2_2_WG16_16_3
41,7168,2304,64,0,torch.bfloat16,torch.bfloat16,0.0,1.0,hsaco,5,37.44,Cijk_Ailk_Bljk_BBS_BH_UserArgs_MT64x64x32_SN_K1_PGR6_SB1_TT2_2_WG16_16_3
41,512,7168,64,0,torch.bfloat16,torch.bfloat16,0.0,1.0,hsaco,3,36.48,Cijk_Ailk_Bljk_BBS_BH_UserArgs_MT16x32x32_SN_K1_PGR6_SB1_TT2_2_WG16_16_2
41,1536,7168,64,0,torch.bfloat16,torch.bfloat16,0.0,1.0,hsaco,3,68.0,Cijk_Ailk_Bljk_BBS_BH_UserArgs_MT16x32x32_SN_K1_PGR6_SB1_TT2_2_WG16_16_2
41,3072,7168,64,0,torch.bfloat16,torch.bfloat16,0.0,1.0,hsaco,4,74.56,Cijk_Ailk_Bljk_BBS_BH_UserArgs_MT64x32x32_SN_K1_PGR6_SB1_TT2_2_WG16_16_3
41,4096,7168,64,0,torch.bfloat16,torch.bfloat16,0.0,1.0,hsaco,4,77.04,Cijk_Ailk_Bljk_BBS_BH_UserArgs_MT64x32x32_SN_K1_PGR6_SB1_TT2_2_WG16_16_3
41,4608,7168,64,0,torch.bfloat16,torch.bfloat16,0.0,1.0,hsaco,4,76.24,Cijk_Ailk_Bljk_BBS_BH_UserArgs_MT64x32x32_SN_K1_PGR6_SB1_TT2_2_WG16_16_3
41,7168,7168,64,0,torch.bfloat16,torch.bfloat16,0.0,1.0,hsaco,5,88.48,Cijk_Ailk_Bljk_BBS_BH_UserArgs_MT64x64x32_SN_K1_PGR6_SB1_TT2_2_WG16_16_3
42,576,256,64,0,torch.bfloat16,torch.bfloat16,0.0,1.0,hsaco,3,6.0,Cijk_Ailk_Bljk_BBS_BH_UserArgs_MT16x32x32_SN_K1_PGR6_SB1_TT2_2_WG16_16_2
42,1536,256,64,0,torch.bfloat16,torch.bfloat16,0.0,1.0,hsaco,4,8.56,Cijk_Ailk_Bljk_BBS_BH_UserArgs_MT64x32x32_SN_K1_PGR6_SB1_TT2_2_WG16_16_3
42,3072,256,64,0,torch.bfloat16,torch.bfloat16,0.0,1.0,hsaco,0,8.24,Cijk_Ailk_Bljk_BBS_BH_UserArgs_MT64x32x32_SN_K1_PGR6_SB1_TT2_2_WG16_16_2
42,4096,256,64,0,torch.bfloat16,torch.bfloat16,0.0,1.0,hsaco,0,8.4,Cijk_Ailk_Bljk_BBS_BH_UserArgs_MT64x32x32_SN_K1_PGR6_SB1_TT2_2_WG16_16_2
42,4608,256,64,0,torch.bfloat16,torch.bfloat16,0.0,1.0,hsaco,0,8.4,Cijk_Ailk_Bljk_BBS_BH_UserArgs_MT64x32x32_SN_K1_PGR6_SB1_TT2_2_WG16_16_2
42,7168,256,64,0,torch.bfloat16,torch.bfloat16,0.0,1.0,hsaco,1,10.56,Cijk_Ailk_Bljk_BBS_BH_UserArgs_MT64x64x32_SN_K1_PGR6_SB1_TT2_2_WG16_16_2
42,576,512,64,0,torch.bfloat16,torch.bfloat16,0.0,1.0,hsaco,3,6.8,Cijk_Ailk_Bljk_BBS_BH_UserArgs_MT16x32x32_SN_K1_PGR6_SB1_TT2_2_WG16_16_2
42,1536,512,64,0,torch.bfloat16,torch.bfloat16,0.0,1.0,hsaco,4,10.88,Cijk_Ailk_Bljk_BBS_BH_UserArgs_MT64x32x32_SN_K1_PGR6_SB1_TT2_2_WG16_16_3
42,3072,512,64,0,torch.bfloat16,torch.bfloat16,0.0,1.0,hsaco,4,11.68,Cijk_Ailk_Bljk_BBS_BH_UserArgs_MT64x32x32_SN_K1_PGR6_SB1_TT2_2_WG16_16_3
42,4096,512,64,0,torch.bfloat16,torch.bfloat16,0.0,1.0,hsaco,4,10.88,Cijk_Ailk_Bljk_BBS_BH_UserArgs_MT64x32x32_SN_K1_PGR6_SB1_TT2_2_WG16_16_3
42,4608,512,64,0,torch.bfloat16,torch.bfloat16,0.0,1.0,hsaco,4,10.88,Cijk_Ailk_Bljk_BBS_BH_UserArgs_MT64x32x32_SN_K1_PGR6_SB1_TT2_2_WG16_16_3
42,7168,512,64,0,torch.bfloat16,torch.bfloat16,0.0,1.0,hsaco,5,12.64,Cijk_Ailk_Bljk_BBS_BH_UserArgs_MT64x64x32_SN_K1_PGR6_SB1_TT2_2_WG16_16_3
42,576,1536,64,0,torch.bfloat16,torch.bfloat16,0.0,1.0,hsaco,3,10.8,Cijk_Ailk_Bljk_BBS_BH_UserArgs_MT16x32x32_SN_K1_PGR6_SB1_TT2_2_WG16_16_2
42,1536,1536,64,0,torch.bfloat16,torch.bfloat16,0.0,1.0,hsaco,4,20.4,Cijk_Ailk_Bljk_BBS_BH_UserArgs_MT64x32x32_SN_K1_PGR6_SB1_TT2_2_WG16_16_3
42,3072,1536,64,0,torch.bfloat16,torch.bfloat16,0.0,1.0,hsaco,4,20.72,Cijk_Ailk_Bljk_BBS_BH_UserArgs_MT64x32x32_SN_K1_PGR6_SB1_TT2_2_WG16_16_3
42,4096,1536,64,0,torch.bfloat16,torch.bfloat16,0.0,1.0,hsaco,4,20.96,Cijk_Ailk_Bljk_BBS_BH_UserArgs_MT64x32x32_SN_K1_PGR6_SB1_TT2_2_WG16_16_3
42,4608,1536,64,0,torch.bfloat16,torch.bfloat16,0.0,1.0,hsaco,4,21.04,Cijk_Ailk_Bljk_BBS_BH_UserArgs_MT64x32x32_SN_K1_PGR6_SB1_TT2_2_WG16_16_3
42,7168,1536,64,0,torch.bfloat16,torch.bfloat16,0.0,1.0,hsaco,5,23.92,Cijk_Ailk_Bljk_BBS_BH_UserArgs_MT64x64x32_SN_K1_PGR6_SB1_TT2_2_WG16_16_3
42,512,2048,64,0,torch.bfloat16,torch.bfloat16,0.0,1.0,hsaco,3,12.96,Cijk_Ailk_Bljk_BBS_BH_UserArgs_MT16x32x32_SN_K1_PGR6_SB1_TT2_2_WG16_16_2
42,1536,2048,64,0,torch.bfloat16,torch.bfloat16,0.0,1.0,hsaco,3,24.72,Cijk_Ailk_Bljk_BBS_BH_UserArgs_MT16x32x32_SN_K1_PGR6_SB1_TT2_2_WG16_16_2
42,3072,2048,64,0,torch.bfloat16,torch.bfloat16,0.0,1.0,hsaco,4,25.52,Cijk_Ailk_Bljk_BBS_BH_UserArgs_MT64x32x32_SN_K1_PGR6_SB1_TT2_2_WG16_16_3
42,4096,2048,64,0,torch.bfloat16,torch.bfloat16,0.0,1.0,hsaco,4,26.72,Cijk_Ailk_Bljk_BBS_BH_UserArgs_MT64x32x32_SN_K1_PGR6_SB1_TT2_2_WG16_16_3
42,4608,2048,64,0,torch.bfloat16,torch.bfloat16,0.0,1.0,hsaco,4,25.76,Cijk_Ailk_Bljk_BBS_BH_UserArgs_MT64x32x32_SN_K1_PGR6_SB1_TT2_2_WG16_16_3
42,7168,2048,64,0,torch.bfloat16,torch.bfloat16,0.0,1.0,hsaco,5,28.96,Cijk_Ailk_Bljk_BBS_BH_UserArgs_MT64x64x32_SN_K1_PGR6_SB1_TT2_2_WG16_16_3
42,512,2304,64,0,torch.bfloat16,torch.bfloat16,0.0,1.0,hsaco,3,14.16,Cijk_Ailk_Bljk_BBS_BH_UserArgs_MT16x32x32_SN_K1_PGR6_SB1_TT2_2_WG16_16_2
42,1536,2304,64,0,torch.bfloat16,torch.bfloat16,0.0,1.0,hsaco,3,27.2,Cijk_Ailk_Bljk_BBS_BH_UserArgs_MT16x32x32_SN_K1_PGR6_SB1_TT2_2_WG16_16_2
42,3072,2304,64,0,torch.bfloat16,torch.bfloat16,0.0,1.0,hsaco,4,28.32,Cijk_Ailk_Bljk_BBS_BH_UserArgs_MT64x32x32_SN_K1_PGR6_SB1_TT2_2_WG16_16_3
42,4096,2304,64,0,torch.bfloat16,torch.bfloat16,0.0,1.0,hsaco,4,28.56,Cijk_Ailk_Bljk_BBS_BH_UserArgs_MT64x32x32_SN_K1_PGR6_SB1_TT2_2_WG16_16_3
42,4608,2304,64,0,torch.bfloat16,torch.bfloat16,0.0,1.0,hsaco,4,28.64,Cijk_Ailk_Bljk_BBS_BH_UserArgs_MT64x32x32_SN_K1_PGR6_SB1_TT2_2_WG16_16_3
42,7168,2304,64,0,torch.bfloat16,torch.bfloat16,0.0,1.0,hsaco,5,32.8,Cijk_Ailk_Bljk_BBS_BH_UserArgs_MT64x64x32_SN_K1_PGR6_SB1_TT2_2_WG16_16_3
42,512,7168,64,0,torch.bfloat16,torch.bfloat16,0.0,1.0,hsaco,3,35.92,Cijk_Ailk_Bljk_BBS_BH_UserArgs_MT16x32x32_SN_K1_PGR6_SB1_TT2_2_WG16_16_2
42,1536,7168,64,0,torch.bfloat16,torch.bfloat16,0.0,1.0,hsaco,3,68.0,Cijk_Ailk_Bljk_BBS_BH_UserArgs_MT16x32x32_SN_K1_PGR6_SB1_TT2_2_WG16_16_2
42,3072,7168,64,0,torch.bfloat16,torch.bfloat16,0.0,1.0,hsaco,4,74.56,Cijk_Ailk_Bljk_BBS_BH_UserArgs_MT64x32x32_SN_K1_PGR6_SB1_TT2_2_WG16_16_3
42,4096,7168,64,0,torch.bfloat16,torch.bfloat16,0.0,1.0,hsaco,4,77.04,Cijk_Ailk_Bljk_BBS_BH_UserArgs_MT64x32x32_SN_K1_PGR6_SB1_TT2_2_WG16_16_3
42,4608,7168,64,0,torch.bfloat16,torch.bfloat16,0.0,1.0,hsaco,4,76.96,Cijk_Ailk_Bljk_BBS_BH_UserArgs_MT64x32x32_SN_K1_PGR6_SB1_TT2_2_WG16_16_3
42,7168,7168,64,0,torch.bfloat16,torch.bfloat16,0.0,1.0,hsaco,5,87.92,Cijk_Ailk_Bljk_BBS_BH_UserArgs_MT64x64x32_SN_K1_PGR6_SB1_TT2_2_WG16_16_3
43,576,256,64,0,torch.bfloat16,torch.bfloat16,0.0,1.0,hsaco,3,5.92,Cijk_Ailk_Bljk_BBS_BH_UserArgs_MT16x32x32_SN_K1_PGR6_SB1_TT2_2_WG16_16_2
43,1536,256,64,0,torch.bfloat16,torch.bfloat16,0.0,1.0,hsaco,4,8.4,Cijk_Ailk_Bljk_BBS_BH_UserArgs_MT64x32x32_SN_K1_PGR6_SB1_TT2_2_WG16_16_3
43,3072,256,64,0,torch.bfloat16,torch.bfloat16,0.0,1.0,hsaco,0,8.4,Cijk_Ailk_Bljk_BBS_BH_UserArgs_MT64x32x32_SN_K1_PGR6_SB1_TT2_2_WG16_16_2
43,4096,256,64,0,torch.bfloat16,torch.bfloat16,0.0,1.0,hsaco,0,8.4,Cijk_Ailk_Bljk_BBS_BH_UserArgs_MT64x32x32_SN_K1_PGR6_SB1_TT2_2_WG16_16_2
43,4608,256,64,0,torch.bfloat16,torch.bfloat16,0.0,1.0,hsaco,0,8.48,Cijk_Ailk_Bljk_BBS_BH_UserArgs_MT64x32x32_SN_K1_PGR6_SB1_TT2_2_WG16_16_2
43,7168,256,64,0,torch.bfloat16,torch.bfloat16,0.0,1.0,hsaco,1,10.56,Cijk_Ailk_Bljk_BBS_BH_UserArgs_MT64x64x32_SN_K1_PGR6_SB1_TT2_2_WG16_16_2
43,576,512,64,0,torch.bfloat16,torch.bfloat16,0.0,1.0,hsaco,3,6.72,Cijk_Ailk_Bljk_BBS_BH_UserArgs_MT16x32x32_SN_K1_PGR6_SB1_TT2_2_WG16_16_2
43,1536,512,64,0,torch.bfloat16,torch.bfloat16,0.0,1.0,hsaco,4,10.64,Cijk_Ailk_Bljk_BBS_BH_UserArgs_MT64x32x32_SN_K1_PGR6_SB1_TT2_2_WG16_16_3
43,3072,512,64,0,torch.bfloat16,torch.bfloat16,0.0,1.0,hsaco,4,11.68,Cijk_Ailk_Bljk_BBS_BH_UserArgs_MT64x32x32_SN_K1_PGR6_SB1_TT2_2_WG16_16_3
43,4096,512,64,0,torch.bfloat16,torch.bfloat16,0.0,1.0,hsaco,4,10.88,Cijk_Ailk_Bljk_BBS_BH_UserArgs_MT64x32x32_SN_K1_PGR6_SB1_TT2_2_WG16_16_3
43,4608,512,64,0,torch.bfloat16,torch.bfloat16,0.0,1.0,hsaco,4,10.88,Cijk_Ailk_Bljk_BBS_BH_UserArgs_MT64x32x32_SN_K1_PGR6_SB1_TT2_2_WG16_16_3
43,7168,512,64,0,torch.bfloat16,torch.bfloat16,0.0,1.0,hsaco,5,12.64,Cijk_Ailk_Bljk_BBS_BH_UserArgs_MT64x64x32_SN_K1_PGR6_SB1_TT2_2_WG16_16_3
43,576,1536,64,0,torch.bfloat16,torch.bfloat16,0.0,1.0,hsaco,3,10.8,Cijk_Ailk_Bljk_BBS_BH_UserArgs_MT16x32x32_SN_K1_PGR6_SB1_TT2_2_WG16_16_2
43,1536,1536,64,0,torch.bfloat16,torch.bfloat16,0.0,1.0,hsaco,4,20.24,Cijk_Ailk_Bljk_BBS_BH_UserArgs_MT64x32x32_SN_K1_PGR6_SB1_TT2_2_WG16_16_3
43,3072,1536,64,0,torch.bfloat16,torch.bfloat16,0.0,1.0,hsaco,4,20.88,Cijk_Ailk_Bljk_BBS_BH_UserArgs_MT64x32x32_SN_K1_PGR6_SB1_TT2_2_WG16_16_3
43,4096,1536,64,0,torch.bfloat16,torch.bfloat16,0.0,1.0,hsaco,4,21.12,Cijk_Ailk_Bljk_BBS_BH_UserArgs_MT64x32x32_SN_K1_PGR6_SB1_TT2_2_WG16_16_3
43,4608,1536,64,0,torch.bfloat16,torch.bfloat16,0.0,1.0,hsaco,4,21.12,Cijk_Ailk_Bljk_BBS_BH_UserArgs_MT64x32x32_SN_K1_PGR6_SB1_TT2_2_WG16_16_3
43,7168,1536,64,0,torch.bfloat16,torch.bfloat16,0.0,1.0,hsaco,5,23.76,Cijk_Ailk_Bljk_BBS_BH_UserArgs_MT64x64x32_SN_K1_PGR6_SB1_TT2_2_WG16_16_3
43,512,2048,64,0,torch.bfloat16,torch.bfloat16,0.0,1.0,hsaco,3,13.44,Cijk_Ailk_Bljk_BBS_BH_UserArgs_MT16x32x32_SN_K1_PGR6_SB1_TT2_2_WG16_16_2
43,1536,2048,64,0,torch.bfloat16,torch.bfloat16,0.0,1.0,hsaco,3,24.64,Cijk_Ailk_Bljk_BBS_BH_UserArgs_MT16x32x32_SN_K1_PGR6_SB1_TT2_2_WG16_16_2
43,3072,2048,64,0,torch.bfloat16,torch.bfloat16,0.0,1.0,hsaco,4,25.6,Cijk_Ailk_Bljk_BBS_BH_UserArgs_MT64x32x32_SN_K1_PGR6_SB1_TT2_2_WG16_16_3
43,4096,2048,64,0,torch.bfloat16,torch.bfloat16,0.0,1.0,hsaco,4,26.48,Cijk_Ailk_Bljk_BBS_BH_UserArgs_MT64x32x32_SN_K1_PGR6_SB1_TT2_2_WG16_16_3
43,4608,2048,64,0,torch.bfloat16,torch.bfloat16,0.0,1.0,hsaco,4,25.76,Cijk_Ailk_Bljk_BBS_BH_UserArgs_MT64x32x32_SN_K1_PGR6_SB1_TT2_2_WG16_16_3
43,7168,2048,64,0,torch.bfloat16,torch.bfloat16,0.0,1.0,hsaco,5,29.04,Cijk_Ailk_Bljk_BBS_BH_UserArgs_MT64x64x32_SN_K1_PGR6_SB1_TT2_2_WG16_16_3
43,512,2304,64,0,torch.bfloat16,torch.bfloat16,0.0,1.0,hsaco,3,14.24,Cijk_Ailk_Bljk_BBS_BH_UserArgs_MT16x32x32_SN_K1_PGR6_SB1_TT2_2_WG16_16_2
43,1536,2304,64,0,torch.bfloat16,torch.bfloat16,0.0,1.0,hsaco,3,27.36,Cijk_Ailk_Bljk_BBS_BH_UserArgs_MT16x32x32_SN_K1_PGR6_SB1_TT2_2_WG16_16_2
43,3072,2304,64,0,torch.bfloat16,torch.bfloat16,0.0,1.0,hsaco,4,28.24,Cijk_Ailk_Bljk_BBS_BH_UserArgs_MT64x32x32_SN_K1_PGR6_SB1_TT2_2_WG16_16_3
43,4096,2304,64,0,torch.bfloat16,torch.bfloat16,0.0,1.0,hsaco,4,28.72,Cijk_Ailk_Bljk_BBS_BH_UserArgs_MT64x32x32_SN_K1_PGR6_SB1_TT2_2_WG16_16_3
43,4608,2304,64,0,torch.bfloat16,torch.bfloat16,0.0,1.0,hsaco,4,28.8,Cijk_Ailk_Bljk_BBS_BH_UserArgs_MT64x32x32_SN_K1_PGR6_SB1_TT2_2_WG16_16_3
43,7168,2304,64,0,torch.bfloat16,torch.bfloat16,0.0,1.0,hsaco,5,32.96,Cijk_Ailk_Bljk_BBS_BH_UserArgs_MT64x64x32_SN_K1_PGR6_SB1_TT2_2_WG16_16_3
43,512,7168,64,0,torch.bfloat16,torch.bfloat16,0.0,1.0,hsaco,3,36.48,Cijk_Ailk_Bljk_BBS_BH_UserArgs_MT16x32x32_SN_K1_PGR6_SB1_TT2_2_WG16_16_2
43,1536,7168,64,0,torch.bfloat16,torch.bfloat16,0.0,1.0,hsaco,3,69.04,Cijk_Ailk_Bljk_BBS_BH_UserArgs_MT16x32x32_SN_K1_PGR6_SB1_TT2_2_WG16_16_2
43,3072,7168,64,0,torch.bfloat16,torch.bfloat16,0.0,1.0,hsaco,4,74.72,Cijk_Ailk_Bljk_BBS_BH_UserArgs_MT64x32x32_SN_K1_PGR6_SB1_TT2_2_WG16_16_3
43,4096,7168,64,0,torch.bfloat16,torch.bfloat16,0.0,1.0,hsaco,4,77.04,Cijk_Ailk_Bljk_BBS_BH_UserArgs_MT64x32x32_SN_K1_PGR6_SB1_TT2_2_WG16_16_3
43,4608,7168,64,0,torch.bfloat16,torch.bfloat16,0.0,1.0,hsaco,4,76.64,Cijk_Ailk_Bljk_BBS_BH_UserArgs_MT64x32x32_SN_K1_PGR6_SB1_TT2_2_WG16_16_3
43,7168,7168,64,0,torch.bfloat16,torch.bfloat16,0.0,1.0,hsaco,5,87.28,Cijk_Ailk_Bljk_BBS_BH_UserArgs_MT64x64x32_SN_K1_PGR6_SB1_TT2_2_WG16_16_3
44,576,256,64,0,torch.bfloat16,torch.bfloat16,0.0,1.0,hsaco,3,5.84,Cijk_Ailk_Bljk_BBS_BH_UserArgs_MT16x32x32_SN_K1_PGR6_SB1_TT2_2_WG16_16_2
44,1536,256,64,0,torch.bfloat16,torch.bfloat16,0.0,1.0,hsaco,4,8.64,Cijk_Ailk_Bljk_BBS_BH_UserArgs_MT64x32x32_SN_K1_PGR6_SB1_TT2_2_WG16_16_3
44,3072,256,64,0,torch.bfloat16,torch.bfloat16,0.0,1.0,hsaco,0,8.24,Cijk_Ailk_Bljk_BBS_BH_UserArgs_MT64x32x32_SN_K1_PGR6_SB1_TT2_2_WG16_16_2
44,4096,256,64,0,torch.bfloat16,torch.bfloat16,0.0,1.0,hsaco,0,8.32,Cijk_Ailk_Bljk_BBS_BH_UserArgs_MT64x32x32_SN_K1_PGR6_SB1_TT2_2_WG16_16_2
44,4608,256,64,0,torch.bfloat16,torch.bfloat16,0.0,1.0,hsaco,0,8.48,Cijk_Ailk_Bljk_BBS_BH_UserArgs_MT64x32x32_SN_K1_PGR6_SB1_TT2_2_WG16_16_2
44,7168,256,64,0,torch.bfloat16,torch.bfloat16,0.0,1.0,hsaco,1,10.56,Cijk_Ailk_Bljk_BBS_BH_UserArgs_MT64x64x32_SN_K1_PGR6_SB1_TT2_2_WG16_16_2
44,576,512,64,0,torch.bfloat16,torch.bfloat16,0.0,1.0,hsaco,3,6.72,Cijk_Ailk_Bljk_BBS_BH_UserArgs_MT16x32x32_SN_K1_PGR6_SB1_TT2_2_WG16_16_2
44,1536,512,64,0,torch.bfloat16,torch.bfloat16,0.0,1.0,hsaco,4,10.8,Cijk_Ailk_Bljk_BBS_BH_UserArgs_MT64x32x32_SN_K1_PGR6_SB1_TT2_2_WG16_16_3
44,3072,512,64,0,torch.bfloat16,torch.bfloat16,0.0,1.0,hsaco,4,11.76,Cijk_Ailk_Bljk_BBS_BH_UserArgs_MT64x32x32_SN_K1_PGR6_SB1_TT2_2_WG16_16_3
44,4096,512,64,0,torch.bfloat16,torch.bfloat16,0.0,1.0,hsaco,4,11.04,Cijk_Ailk_Bljk_BBS_BH_UserArgs_MT64x32x32_SN_K1_PGR6_SB1_TT2_2_WG16_16_3
44,4608,512,64,0,torch.bfloat16,torch.bfloat16,0.0,1.0,hsaco,4,10.96,Cijk_Ailk_Bljk_BBS_BH_UserArgs_MT64x32x32_SN_K1_PGR6_SB1_TT2_2_WG16_16_3
44,7168,512,64,0,torch.bfloat16,torch.bfloat16,0.0,1.0,hsaco,5,12.56,Cijk_Ailk_Bljk_BBS_BH_UserArgs_MT64x64x32_SN_K1_PGR6_SB1_TT2_2_WG16_16_3
44,576,1536,64,0,torch.bfloat16,torch.bfloat16,0.0,1.0,hsaco,3,10.64,Cijk_Ailk_Bljk_BBS_BH_UserArgs_MT16x32x32_SN_K1_PGR6_SB1_TT2_2_WG16_16_2
44,1536,1536,64,0,torch.bfloat16,torch.bfloat16,0.0,1.0,hsaco,4,20.32,Cijk_Ailk_Bljk_BBS_BH_UserArgs_MT64x32x32_SN_K1_PGR6_SB1_TT2_2_WG16_16_3
44,3072,1536,64,0,torch.bfloat16,torch.bfloat16,0.0,1.0,hsaco,4,20.88,Cijk_Ailk_Bljk_BBS_BH_UserArgs_MT64x32x32_SN_K1_PGR6_SB1_TT2_2_WG16_16_3
44,4096,1536,64,0,torch.bfloat16,torch.bfloat16,0.0,1.0,hsaco,4,21.12,Cijk_Ailk_Bljk_BBS_BH_UserArgs_MT64x32x32_SN_K1_PGR6_SB1_TT2_2_WG16_16_3
44,4608,1536,64,0,torch.bfloat16,torch.bfloat16,0.0,1.0,hsaco,4,21.12,Cijk_Ailk_Bljk_BBS_BH_UserArgs_MT64x32x32_SN_K1_PGR6_SB1_TT2_2_WG16_16_3
44,7168,1536,64,0,torch.bfloat16,torch.bfloat16,0.0,1.0,hsaco,5,23.92,Cijk_Ailk_Bljk_BBS_BH_UserArgs_MT64x64x32_SN_K1_PGR6_SB1_TT2_2_WG16_16_3
44,512,2048,64,0,torch.bfloat16,torch.bfloat16,0.0,1.0,hsaco,3,12.96,Cijk_Ailk_Bljk_BBS_BH_UserArgs_MT16x32x32_SN_K1_PGR6_SB1_TT2_2_WG16_16_2
44,1536,2048,64,0,torch.bfloat16,torch.bfloat16,0.0,1.0,hsaco,3,24.8,Cijk_Ailk_Bljk_BBS_BH_UserArgs_MT16x32x32_SN_K1_PGR6_SB1_TT2_2_WG16_16_2
44,3072,2048,64,0,torch.bfloat16,torch.bfloat16,0.0,1.0,hsaco,4,25.6,Cijk_Ailk_Bljk_BBS_BH_UserArgs_MT64x32x32_SN_K1_PGR6_SB1_TT2_2_WG16_16_3
44,4096,2048,64,0,torch.bfloat16,torch.bfloat16,0.0,1.0,hsaco,4,26.64,Cijk_Ailk_Bljk_BBS_BH_UserArgs_MT64x32x32_SN_K1_PGR6_SB1_TT2_2_WG16_16_3
44,4608,2048,64,0,torch.bfloat16,torch.bfloat16,0.0,1.0,hsaco,4,25.92,Cijk_Ailk_Bljk_BBS_BH_UserArgs_MT64x32x32_SN_K1_PGR6_SB1_TT2_2_WG16_16_3
44,7168,2048,64,0,torch.bfloat16,torch.bfloat16,0.0,1.0,hsaco,5,29.04,Cijk_Ailk_Bljk_BBS_BH_UserArgs_MT64x64x32_SN_K1_PGR6_SB1_TT2_2_WG16_16_3
44,512,2304,64,0,torch.bfloat16,torch.bfloat16,0.0,1.0,hsaco,3,14.16,Cijk_Ailk_Bljk_BBS_BH_UserArgs_MT16x32x32_SN_K1_PGR6_SB1_TT2_2_WG16_16_2
44,1536,2304,64,0,torch.bfloat16,torch.bfloat16,0.0,1.0,hsaco,3,27.44,Cijk_Ailk_Bljk_BBS_BH_UserArgs_MT16x32x32_SN_K1_PGR6_SB1_TT2_2_WG16_16_2
44,3072,2304,64,0,torch.bfloat16,torch.bfloat16,0.0,1.0,hsaco,4,28.32,Cijk_Ailk_Bljk_BBS_BH_UserArgs_MT64x32x32_SN_K1_PGR6_SB1_TT2_2_WG16_16_3
44,4096,2304,64,0,torch.bfloat16,torch.bfloat16,0.0,1.0,hsaco,4,28.48,Cijk_Ailk_Bljk_BBS_BH_UserArgs_MT64x32x32_SN_K1_PGR6_SB1_TT2_2_WG16_16_3
44,4608,2304,64,0,torch.bfloat16,torch.bfloat16,0.0,1.0,hsaco,4,28.8,Cijk_Ailk_Bljk_BBS_BH_UserArgs_MT64x32x32_SN_K1_PGR6_SB1_TT2_2_WG16_16_3
44,7168,2304,64,0,torch.bfloat16,torch.bfloat16,0.0,1.0,hsaco,5,32.72,Cijk_Ailk_Bljk_BBS_BH_UserArgs_MT64x64x32_SN_K1_PGR6_SB1_TT2_2_WG16_16_3
44,512,7168,64,0,torch.bfloat16,torch.bfloat16,0.0,1.0,hsaco,3,36.32,Cijk_Ailk_Bljk_BBS_BH_UserArgs_MT16x32x32_SN_K1_PGR6_SB1_TT2_2_WG16_16_2
44,1536,7168,64,0,torch.bfloat16,torch.bfloat16,0.0,1.0,hsaco,3,68.8,Cijk_Ailk_Bljk_BBS_BH_UserArgs_MT16x32x32_SN_K1_PGR6_SB1_TT2_2_WG16_16_2
44,3072,7168,64,0,torch.bfloat16,torch.bfloat16,0.0,1.0,hsaco,4,74.64,Cijk_Ailk_Bljk_BBS_BH_UserArgs_MT64x32x32_SN_K1_PGR6_SB1_TT2_2_WG16_16_3
44,4096,7168,64,0,torch.bfloat16,torch.bfloat16,0.0,1.0,hsaco,4,77.28,Cijk_Ailk_Bljk_BBS_BH_UserArgs_MT64x32x32_SN_K1_PGR6_SB1_TT2_2_WG16_16_3
44,4608,7168,64,0,torch.bfloat16,torch.bfloat16,0.0,1.0,hsaco,4,76.48,Cijk_Ailk_Bljk_BBS_BH_UserArgs_MT64x32x32_SN_K1_PGR6_SB1_TT2_2_WG16_16_3
44,7168,7168,64,0,torch.bfloat16,torch.bfloat16,0.0,1.0,hsaco,5,87.04,Cijk_Ailk_Bljk_BBS_BH_UserArgs_MT64x64x32_SN_K1_PGR6_SB1_TT2_2_WG16_16_3
45,576,256,64,0,torch.bfloat16,torch.bfloat16,0.0,1.0,hsaco,3,5.92,Cijk_Ailk_Bljk_BBS_BH_UserArgs_MT16x32x32_SN_K1_PGR6_SB1_TT2_2_WG16_16_2
45,1536,256,64,0,torch.bfloat16,torch.bfloat16,0.0,1.0,hsaco,4,8.64,Cijk_Ailk_Bljk_BBS_BH_UserArgs_MT64x32x32_SN_K1_PGR6_SB1_TT2_2_WG16_16_3
45,3072,256,64,0,torch.bfloat16,torch.bfloat16,0.0,1.0,hsaco,0,8.24,Cijk_Ailk_Bljk_BBS_BH_UserArgs_MT64x32x32_SN_K1_PGR6_SB1_TT2_2_WG16_16_2
45,4096,256,64,0,torch.bfloat16,torch.bfloat16,0.0,1.0,hsaco,0,8.32,Cijk_Ailk_Bljk_BBS_BH_UserArgs_MT64x32x32_SN_K1_PGR6_SB1_TT2_2_WG16_16_2
45,4608,256,64,0,torch.bfloat16,torch.bfloat16,0.0,1.0,hsaco,0,8.32,Cijk_Ailk_Bljk_BBS_BH_UserArgs_MT64x32x32_SN_K1_PGR6_SB1_TT2_2_WG16_16_2
45,7168,256,64,0,torch.bfloat16,torch.bfloat16,0.0,1.0,hsaco,1,10.56,Cijk_Ailk_Bljk_BBS_BH_UserArgs_MT64x64x32_SN_K1_PGR6_SB1_TT2_2_WG16_16_2
45,576,512,64,0,torch.bfloat16,torch.bfloat16,0.0,1.0,hsaco,3,6.8,Cijk_Ailk_Bljk_BBS_BH_UserArgs_MT16x32x32_SN_K1_PGR6_SB1_TT2_2_WG16_16_2
45,1536,512,64,0,torch.bfloat16,torch.bfloat16,0.0,1.0,hsaco,4,10.72,Cijk_Ailk_Bljk_BBS_BH_UserArgs_MT64x32x32_SN_K1_PGR6_SB1_TT2_2_WG16_16_3
45,3072,512,64,0,torch.bfloat16,torch.bfloat16,0.0,1.0,hsaco,4,11.84,Cijk_Ailk_Bljk_BBS_BH_UserArgs_MT64x32x32_SN_K1_PGR6_SB1_TT2_2_WG16_16_3
45,4096,512,64,0,torch.bfloat16,torch.bfloat16,0.0,1.0,hsaco,4,10.88,Cijk_Ailk_Bljk_BBS_BH_UserArgs_MT64x32x32_SN_K1_PGR6_SB1_TT2_2_WG16_16_3
45,4608,512,64,0,torch.bfloat16,torch.bfloat16,0.0,1.0,hsaco,4,11.04,Cijk_Ailk_Bljk_BBS_BH_UserArgs_MT64x32x32_SN_K1_PGR6_SB1_TT2_2_WG16_16_3
45,7168,512,64,0,torch.bfloat16,torch.bfloat16,0.0,1.0,hsaco,5,12.64,Cijk_Ailk_Bljk_BBS_BH_UserArgs_MT64x64x32_SN_K1_PGR6_SB1_TT2_2_WG16_16_3
45,576,1536,64,0,torch.bfloat16,torch.bfloat16,0.0,1.0,hsaco,3,10.8,Cijk_Ailk_Bljk_BBS_BH_UserArgs_MT16x32x32_SN_K1_PGR6_SB1_TT2_2_WG16_16_2
45,1536,1536,64,0,torch.bfloat16,torch.bfloat16,0.0,1.0,hsaco,4,20.16,Cijk_Ailk_Bljk_BBS_BH_UserArgs_MT64x32x32_SN_K1_PGR6_SB1_TT2_2_WG16_16_3
45,3072,1536,64,0,torch.bfloat16,torch.bfloat16,0.0,1.0,hsaco,4,20.8,Cijk_Ailk_Bljk_BBS_BH_UserArgs_MT64x32x32_SN_K1_PGR6_SB1_TT2_2_WG16_16_3
45,4096,1536,64,0,torch.bfloat16,torch.bfloat16,0.0,1.0,hsaco,4,20.88,Cijk_Ailk_Bljk_BBS_BH_UserArgs_MT64x32x32_SN_K1_PGR6_SB1_TT2_2_WG16_16_3
45,4608,1536,64,0,torch.bfloat16,torch.bfloat16,0.0,1.0,hsaco,4,21.04,Cijk_Ailk_Bljk_BBS_BH_UserArgs_MT64x32x32_SN_K1_PGR6_SB1_TT2_2_WG16_16_3
45,7168,1536,64,0,torch.bfloat16,torch.bfloat16,0.0,1.0,hsaco,5,24.0,Cijk_Ailk_Bljk_BBS_BH_UserArgs_MT64x64x32_SN_K1_PGR6_SB1_TT2_2_WG16_16_3
45,512,2048,64,0,torch.bfloat16,torch.bfloat16,0.0,1.0,hsaco,3,13.04,Cijk_Ailk_Bljk_BBS_BH_UserArgs_MT16x32x32_SN_K1_PGR6_SB1_TT2_2_WG16_16_2
45,1536,2048,64,0,torch.bfloat16,torch.bfloat16,0.0,1.0,hsaco,3,24.64,Cijk_Ailk_Bljk_BBS_BH_UserArgs_MT16x32x32_SN_K1_PGR6_SB1_TT2_2_WG16_16_2
45,3072,2048,64,0,torch.bfloat16,torch.bfloat16,0.0,1.0,hsaco,4,25.6,Cijk_Ailk_Bljk_BBS_BH_UserArgs_MT64x32x32_SN_K1_PGR6_SB1_TT2_2_WG16_16_3
45,4096,2048,64,0,torch.bfloat16,torch.bfloat16,0.0,1.0,hsaco,4,26.64,Cijk_Ailk_Bljk_BBS_BH_UserArgs_MT64x32x32_SN_K1_PGR6_SB1_TT2_2_WG16_16_3
45,4608,2048,64,0,torch.bfloat16,torch.bfloat16,0.0,1.0,hsaco,4,25.76,Cijk_Ailk_Bljk_BBS_BH_UserArgs_MT64x32x32_SN_K1_PGR6_SB1_TT2_2_WG16_16_3
45,7168,2048,64,0,torch.bfloat16,torch.bfloat16,0.0,1.0,hsaco,5,29.04,Cijk_Ailk_Bljk_BBS_BH_UserArgs_MT64x64x32_SN_K1_PGR6_SB1_TT2_2_WG16_16_3
45,512,2304,64,0,torch.bfloat16,torch.bfloat16,0.0,1.0,hsaco,3,14.24,Cijk_Ailk_Bljk_BBS_BH_UserArgs_MT16x32x32_SN_K1_PGR6_SB1_TT2_2_WG16_16_2
45,1536,2304,64,0,torch.bfloat16,torch.bfloat16,0.0,1.0,hsaco,3,27.36,Cijk_Ailk_Bljk_BBS_BH_UserArgs_MT16x32x32_SN_K1_PGR6_SB1_TT2_2_WG16_16_2
45,3072,2304,64,0,torch.bfloat16,torch.bfloat16,0.0,1.0,hsaco,4,28.16,Cijk_Ailk_Bljk_BBS_BH_UserArgs_MT64x32x32_SN_K1_PGR6_SB1_TT2_2_WG16_16_3
45,4096,2304,64,0,torch.bfloat16,torch.bfloat16,0.0,1.0,hsaco,4,28.72,Cijk_Ailk_Bljk_BBS_BH_UserArgs_MT64x32x32_SN_K1_PGR6_SB1_TT2_2_WG16_16_3
45,4608,2304,64,0,torch.bfloat16,torch.bfloat16,0.0,1.0,hsaco,4,28.8,Cijk_Ailk_Bljk_BBS_BH_UserArgs_MT64x32x32_SN_K1_PGR6_SB1_TT2_2_WG16_16_3
45,7168,2304,64,0,torch.bfloat16,torch.bfloat16,0.0,1.0,hsaco,5,32.48,Cijk_Ailk_Bljk_BBS_BH_UserArgs_MT64x64x32_SN_K1_PGR6_SB1_TT2_2_WG16_16_3
45,512,7168,64,0,torch.bfloat16,torch.bfloat16,0.0,1.0,hsaco,3,36.4,Cijk_Ailk_Bljk_BBS_BH_UserArgs_MT16x32x32_SN_K1_PGR6_SB1_TT2_2_WG16_16_2
45,1536,7168,64,0,torch.bfloat16,torch.bfloat16,0.0,1.0,hsaco,3,69.6,Cijk_Ailk_Bljk_BBS_BH_UserArgs_MT16x32x32_SN_K1_PGR6_SB1_TT2_2_WG16_16_2
45,3072,7168,64,0,torch.bfloat16,torch.bfloat16,0.0,1.0,hsaco,4,74.64,Cijk_Ailk_Bljk_BBS_BH_UserArgs_MT64x32x32_SN_K1_PGR6_SB1_TT2_2_WG16_16_3
45,4096,7168,64,0,torch.bfloat16,torch.bfloat16,0.0,1.0,hsaco,4,77.2,Cijk_Ailk_Bljk_BBS_BH_UserArgs_MT64x32x32_SN_K1_PGR6_SB1_TT2_2_WG16_16_3
45,4608,7168,64,0,torch.bfloat16,torch.bfloat16,0.0,1.0,hsaco,4,76.56,Cijk_Ailk_Bljk_BBS_BH_UserArgs_MT64x32x32_SN_K1_PGR6_SB1_TT2_2_WG16_16_3
45,7168,7168,64,0,torch.bfloat16,torch.bfloat16,0.0,1.0,hsaco,5,87.92,Cijk_Ailk_Bljk_BBS_BH_UserArgs_MT64x64x32_SN_K1_PGR6_SB1_TT2_2_WG16_16_3
46,576,256,64,0,torch.bfloat16,torch.bfloat16,0.0,1.0,hsaco,3,5.84,Cijk_Ailk_Bljk_BBS_BH_UserArgs_MT16x32x32_SN_K1_PGR6_SB1_TT2_2_WG16_16_2
46,1536,256,64,0,torch.bfloat16,torch.bfloat16,0.0,1.0,hsaco,4,8.56,Cijk_Ailk_Bljk_BBS_BH_UserArgs_MT64x32x32_SN_K1_PGR6_SB1_TT2_2_WG16_16_3
46,3072,256,64,0,torch.bfloat16,torch.bfloat16,0.0,1.0,hsaco,0,8.24,Cijk_Ailk_Bljk_BBS_BH_UserArgs_MT64x32x32_SN_K1_PGR6_SB1_TT2_2_WG16_16_2
46,4096,256,64,0,torch.bfloat16,torch.bfloat16,0.0,1.0,hsaco,0,8.32,Cijk_Ailk_Bljk_BBS_BH_UserArgs_MT64x32x32_SN_K1_PGR6_SB1_TT2_2_WG16_16_2
46,4608,256,64,0,torch.bfloat16,torch.bfloat16,0.0,1.0,hsaco,0,9.36,Cijk_Ailk_Bljk_BBS_BH_UserArgs_MT64x32x32_SN_K1_PGR6_SB1_TT2_2_WG16_16_2
46,7168,256,64,0,torch.bfloat16,torch.bfloat16,0.0,1.0,hsaco,1,10.56,Cijk_Ailk_Bljk_BBS_BH_UserArgs_MT64x64x32_SN_K1_PGR6_SB1_TT2_2_WG16_16_2
46,576,512,64,0,torch.bfloat16,torch.bfloat16,0.0,1.0,hsaco,3,6.72,Cijk_Ailk_Bljk_BBS_BH_UserArgs_MT16x32x32_SN_K1_PGR6_SB1_TT2_2_WG16_16_2
46,1536,512,64,0,torch.bfloat16,torch.bfloat16,0.0,1.0,hsaco,4,10.72,Cijk_Ailk_Bljk_BBS_BH_UserArgs_MT64x32x32_SN_K1_PGR6_SB1_TT2_2_WG16_16_3
46,3072,512,64,0,torch.bfloat16,torch.bfloat16,0.0,1.0,hsaco,4,11.68,Cijk_Ailk_Bljk_BBS_BH_UserArgs_MT64x32x32_SN_K1_PGR6_SB1_TT2_2_WG16_16_3
46,4096,512,64,0,torch.bfloat16,torch.bfloat16,0.0,1.0,hsaco,4,10.88,Cijk_Ailk_Bljk_BBS_BH_UserArgs_MT64x32x32_SN_K1_PGR6_SB1_TT2_2_WG16_16_3
46,4608,512,64,0,torch.bfloat16,torch.bfloat16,0.0,1.0,hsaco,4,10.88,Cijk_Ailk_Bljk_BBS_BH_UserArgs_MT64x32x32_SN_K1_PGR6_SB1_TT2_2_WG16_16_3
46,7168,512,64,0,torch.bfloat16,torch.bfloat16,0.0,1.0,hsaco,5,12.64,Cijk_Ailk_Bljk_BBS_BH_UserArgs_MT64x64x32_SN_K1_PGR6_SB1_TT2_2_WG16_16_3
46,576,1536,64,0,torch.bfloat16,torch.bfloat16,0.0,1.0,hsaco,3,10.72,Cijk_Ailk_Bljk_BBS_BH_UserArgs_MT16x32x32_SN_K1_PGR6_SB1_TT2_2_WG16_16_2
46,1536,1536,64,0,torch.bfloat16,torch.bfloat16,0.0,1.0,hsaco,4,20.4,Cijk_Ailk_Bljk_BBS_BH_UserArgs_MT64x32x32_SN_K1_PGR6_SB1_TT2_2_WG16_16_3
46,3072,1536,64,0,torch.bfloat16,torch.bfloat16,0.0,1.0,hsaco,4,20.96,Cijk_Ailk_Bljk_BBS_BH_UserArgs_MT64x32x32_SN_K1_PGR6_SB1_TT2_2_WG16_16_3
46,4096,1536,64,0,torch.bfloat16,torch.bfloat16,0.0,1.0,hsaco,4,21.04,Cijk_Ailk_Bljk_BBS_BH_UserArgs_MT64x32x32_SN_K1_PGR6_SB1_TT2_2_WG16_16_3
46,4608,1536,64,0,torch.bfloat16,torch.bfloat16,0.0,1.0,hsaco,4,21.12,Cijk_Ailk_Bljk_BBS_BH_UserArgs_MT64x32x32_SN_K1_PGR6_SB1_TT2_2_WG16_16_3
46,7168,1536,64,0,torch.bfloat16,torch.bfloat16,0.0,1.0,hsaco,5,24.16,Cijk_Ailk_Bljk_BBS_BH_UserArgs_MT64x64x32_SN_K1_PGR6_SB1_TT2_2_WG16_16_3
46,512,2048,64,0,torch.bfloat16,torch.bfloat16,0.0,1.0,hsaco,3,13.04,Cijk_Ailk_Bljk_BBS_BH_UserArgs_MT16x32x32_SN_K1_PGR6_SB1_TT2_2_WG16_16_2
46,1536,2048,64,0,torch.bfloat16,torch.bfloat16,0.0,1.0,hsaco,3,24.96,Cijk_Ailk_Bljk_BBS_BH_UserArgs_MT16x32x32_SN_K1_PGR6_SB1_TT2_2_WG16_16_2
46,3072,2048,64,0,torch.bfloat16,torch.bfloat16,0.0,1.0,hsaco,4,25.68,Cijk_Ailk_Bljk_BBS_BH_UserArgs_MT64x32x32_SN_K1_PGR6_SB1_TT2_2_WG16_16_3
46,4096,2048,64,0,torch.bfloat16,torch.bfloat16,0.0,1.0,hsaco,4,26.64,Cijk_Ailk_Bljk_BBS_BH_UserArgs_MT64x32x32_SN_K1_PGR6_SB1_TT2_2_WG16_16_3
46,4608,2048,64,0,torch.bfloat16,torch.bfloat16,0.0,1.0,hsaco,4,26.16,Cijk_Ailk_Bljk_BBS_BH_UserArgs_MT64x32x32_SN_K1_PGR6_SB1_TT2_2_WG16_16_3
46,7168,2048,64,0,torch.bfloat16,torch.bfloat16,0.0,1.0,hsaco,5,29.2,Cijk_Ailk_Bljk_BBS_BH_UserArgs_MT64x64x32_SN_K1_PGR6_SB1_TT2_2_WG16_16_3
46,512,2304,64,0,torch.bfloat16,torch.bfloat16,0.0,1.0,hsaco,3,14.32,Cijk_Ailk_Bljk_BBS_BH_UserArgs_MT16x32x32_SN_K1_PGR6_SB1_TT2_2_WG16_16_2
46,1536,2304,64,0,torch.bfloat16,torch.bfloat16,0.0,1.0,hsaco,3,27.52,Cijk_Ailk_Bljk_BBS_BH_UserArgs_MT16x32x32_SN_K1_PGR6_SB1_TT2_2_WG16_16_2
46,3072,2304,64,0,torch.bfloat16,torch.bfloat16,0.0,1.0,hsaco,4,28.32,Cijk_Ailk_Bljk_BBS_BH_UserArgs_MT64x32x32_SN_K1_PGR6_SB1_TT2_2_WG16_16_3
46,4096,2304,64,0,torch.bfloat16,torch.bfloat16,0.0,1.0,hsaco,4,28.64,Cijk_Ailk_Bljk_BBS_BH_UserArgs_MT64x32x32_SN_K1_PGR6_SB1_TT2_2_WG16_16_3
46,4608,2304,64,0,torch.bfloat16,torch.bfloat16,0.0,1.0,hsaco,4,28.8,Cijk_Ailk_Bljk_BBS_BH_UserArgs_MT64x32x32_SN_K1_PGR6_SB1_TT2_2_WG16_16_3
46,7168,2304,64,0,torch.bfloat16,torch.bfloat16,0.0,1.0,hsaco,5,32.88,Cijk_Ailk_Bljk_BBS_BH_UserArgs_MT64x64x32_SN_K1_PGR6_SB1_TT2_2_WG16_16_3
46,512,7168,64,0,torch.bfloat16,torch.bfloat16,0.0,1.0,hsaco,3,36.48,Cijk_Ailk_Bljk_BBS_BH_UserArgs_MT16x32x32_SN_K1_PGR6_SB1_TT2_2_WG16_16_2
46,1536,7168,64,0,torch.bfloat16,torch.bfloat16,0.0,1.0,hsaco,3,69.92,Cijk_Ailk_Bljk_BBS_BH_UserArgs_MT16x32x32_SN_K1_PGR6_SB1_TT2_2_WG16_16_2
46,3072,7168,64,0,torch.bfloat16,torch.bfloat16,0.0,1.0,hsaco,4,74.64,Cijk_Ailk_Bljk_BBS_BH_UserArgs_MT64x32x32_SN_K1_PGR6_SB1_TT2_2_WG16_16_3
46,4096,7168,64,0,torch.bfloat16,torch.bfloat16,0.0,1.0,hsaco,4,77.04,Cijk_Ailk_Bljk_BBS_BH_UserArgs_MT64x32x32_SN_K1_PGR6_SB1_TT2_2_WG16_16_3
46,4608,7168,64,0,torch.bfloat16,torch.bfloat16,0.0,1.0,hsaco,4,76.8,Cijk_Ailk_Bljk_BBS_BH_UserArgs_MT64x32x32_SN_K1_PGR6_SB1_TT2_2_WG16_16_3
46,7168,7168,64,0,torch.bfloat16,torch.bfloat16,0.0,1.0,hsaco,5,86.96,Cijk_Ailk_Bljk_BBS_BH_UserArgs_MT64x64x32_SN_K1_PGR6_SB1_TT2_2_WG16_16_3
47,576,256,64,0,torch.bfloat16,torch.bfloat16,0.0,1.0,hsaco,3,5.92,Cijk_Ailk_Bljk_BBS_BH_UserArgs_MT16x32x32_SN_K1_PGR6_SB1_TT2_2_WG16_16_2
47,1536,256,64,0,torch.bfloat16,torch.bfloat16,0.0,1.0,hsaco,4,8.48,Cijk_Ailk_Bljk_BBS_BH_UserArgs_MT64x32x32_SN_K1_PGR6_SB1_TT2_2_WG16_16_3
47,3072,256,64,0,torch.bfloat16,torch.bfloat16,0.0,1.0,hsaco,0,8.24,Cijk_Ailk_Bljk_BBS_BH_UserArgs_MT64x32x32_SN_K1_PGR6_SB1_TT2_2_WG16_16_2
47,4096,256,64,0,torch.bfloat16,torch.bfloat16,0.0,1.0,hsaco,0,8.32,Cijk_Ailk_Bljk_BBS_BH_UserArgs_MT64x32x32_SN_K1_PGR6_SB1_TT2_2_WG16_16_2
47,4608,256,64,0,torch.bfloat16,torch.bfloat16,0.0,1.0,hsaco,0,9.28,Cijk_Ailk_Bljk_BBS_BH_UserArgs_MT64x32x32_SN_K1_PGR6_SB1_TT2_2_WG16_16_2
47,7168,256,64,0,torch.bfloat16,torch.bfloat16,0.0,1.0,hsaco,1,10.64,Cijk_Ailk_Bljk_BBS_BH_UserArgs_MT64x64x32_SN_K1_PGR6_SB1_TT2_2_WG16_16_2
47,576,512,64,0,torch.bfloat16,torch.bfloat16,0.0,1.0,hsaco,3,6.72,Cijk_Ailk_Bljk_BBS_BH_UserArgs_MT16x32x32_SN_K1_PGR6_SB1_TT2_2_WG16_16_2
47,1536,512,64,0,torch.bfloat16,torch.bfloat16,0.0,1.0,hsaco,4,10.8,Cijk_Ailk_Bljk_BBS_BH_UserArgs_MT64x32x32_SN_K1_PGR6_SB1_TT2_2_WG16_16_3
47,3072,512,64,0,torch.bfloat16,torch.bfloat16,0.0,1.0,hsaco,4,11.68,Cijk_Ailk_Bljk_BBS_BH_UserArgs_MT64x32x32_SN_K1_PGR6_SB1_TT2_2_WG16_16_3
47,4096,512,64,0,torch.bfloat16,torch.bfloat16,0.0,1.0,hsaco,4,10.88,Cijk_Ailk_Bljk_BBS_BH_UserArgs_MT64x32x32_SN_K1_PGR6_SB1_TT2_2_WG16_16_3
47,4608,512,64,0,torch.bfloat16,torch.bfloat16,0.0,1.0,hsaco,4,10.96,Cijk_Ailk_Bljk_BBS_BH_UserArgs_MT64x32x32_SN_K1_PGR6_SB1_TT2_2_WG16_16_3
47,7168,512,64,0,torch.bfloat16,torch.bfloat16,0.0,1.0,hsaco,5,12.64,Cijk_Ailk_Bljk_BBS_BH_UserArgs_MT64x64x32_SN_K1_PGR6_SB1_TT2_2_WG16_16_3
47,576,1536,64,0,torch.bfloat16,torch.bfloat16,0.0,1.0,hsaco,3,10.8,Cijk_Ailk_Bljk_BBS_BH_UserArgs_MT16x32x32_SN_K1_PGR6_SB1_TT2_2_WG16_16_2
47,1536,1536,64,0,torch.bfloat16,torch.bfloat16,0.0,1.0,hsaco,4,20.24,Cijk_Ailk_Bljk_BBS_BH_UserArgs_MT64x32x32_SN_K1_PGR6_SB1_TT2_2_WG16_16_3
47,3072,1536,64,0,torch.bfloat16,torch.bfloat16,0.0,1.0,hsaco,4,20.8,Cijk_Ailk_Bljk_BBS_BH_UserArgs_MT64x32x32_SN_K1_PGR6_SB1_TT2_2_WG16_16_3
47,4096,1536,64,0,torch.bfloat16,torch.bfloat16,0.0,1.0,hsaco,4,21.28,Cijk_Ailk_Bljk_BBS_BH_UserArgs_MT64x32x32_SN_K1_PGR6_SB1_TT2_2_WG16_16_3
47,4608,1536,64,0,torch.bfloat16,torch.bfloat16,0.0,1.0,hsaco,4,21.2,Cijk_Ailk_Bljk_BBS_BH_UserArgs_MT64x32x32_SN_K1_PGR6_SB1_TT2_2_WG16_16_3
47,7168,1536,64,0,torch.bfloat16,torch.bfloat16,0.0,1.0,hsaco,5,24.24,Cijk_Ailk_Bljk_BBS_BH_UserArgs_MT64x64x32_SN_K1_PGR6_SB1_TT2_2_WG16_16_3
47,512,2048,64,0,torch.bfloat16,torch.bfloat16,0.0,1.0,hsaco,3,13.04,Cijk_Ailk_Bljk_BBS_BH_UserArgs_MT16x32x32_SN_K1_PGR6_SB1_TT2_2_WG16_16_2
47,1536,2048,64,0,torch.bfloat16,torch.bfloat16,0.0,1.0,hsaco,3,24.96,Cijk_Ailk_Bljk_BBS_BH_UserArgs_MT16x32x32_SN_K1_PGR6_SB1_TT2_2_WG16_16_2
47,3072,2048,64,0,torch.bfloat16,torch.bfloat16,0.0,1.0,hsaco,4,25.44,Cijk_Ailk_Bljk_BBS_BH_UserArgs_MT64x32x32_SN_K1_PGR6_SB1_TT2_2_WG16_16_3
47,4096,2048,64,0,torch.bfloat16,torch.bfloat16,0.0,1.0,hsaco,4,26.72,Cijk_Ailk_Bljk_BBS_BH_UserArgs_MT64x32x32_SN_K1_PGR6_SB1_TT2_2_WG16_16_3
47,4608,2048,64,0,torch.bfloat16,torch.bfloat16,0.0,1.0,hsaco,4,25.92,Cijk_Ailk_Bljk_BBS_BH_UserArgs_MT64x32x32_SN_K1_PGR6_SB1_TT2_2_WG16_16_3
47,7168,2048,64,0,torch.bfloat16,torch.bfloat16,0.0,1.0,hsaco,5,29.2,Cijk_Ailk_Bljk_BBS_BH_UserArgs_MT64x64x32_SN_K1_PGR6_SB1_TT2_2_WG16_16_3
47,512,2304,64,0,torch.bfloat16,torch.bfloat16,0.0,1.0,hsaco,3,14.32,Cijk_Ailk_Bljk_BBS_BH_UserArgs_MT16x32x32_SN_K1_PGR6_SB1_TT2_2_WG16_16_2
47,1536,2304,64,0,torch.bfloat16,torch.bfloat16,0.0,1.0,hsaco,3,27.44,Cijk_Ailk_Bljk_BBS_BH_UserArgs_MT16x32x32_SN_K1_PGR6_SB1_TT2_2_WG16_16_2
47,3072,2304,64,0,torch.bfloat16,torch.bfloat16,0.0,1.0,hsaco,4,28.24,Cijk_Ailk_Bljk_BBS_BH_UserArgs_MT64x32x32_SN_K1_PGR6_SB1_TT2_2_WG16_16_3
47,4096,2304,64,0,torch.bfloat16,torch.bfloat16,0.0,1.0,hsaco,4,28.96,Cijk_Ailk_Bljk_BBS_BH_UserArgs_MT64x32x32_SN_K1_PGR6_SB1_TT2_2_WG16_16_3
47,4608,2304,64,0,torch.bfloat16,torch.bfloat16,0.0,1.0,hsaco,4,28.8,Cijk_Ailk_Bljk_BBS_BH_UserArgs_MT64x32x32_SN_K1_PGR6_SB1_TT2_2_WG16_16_3
47,7168,2304,64,0,torch.bfloat16,torch.bfloat16,0.0,1.0,hsaco,5,32.8,Cijk_Ailk_Bljk_BBS_BH_UserArgs_MT64x64x32_SN_K1_PGR6_SB1_TT2_2_WG16_16_3
47,512,7168,64,0,torch.bfloat16,torch.bfloat16,0.0,1.0,hsaco,3,36.56,Cijk_Ailk_Bljk_BBS_BH_UserArgs_MT16x32x32_SN_K1_PGR6_SB1_TT2_2_WG16_16_2
47,1536,7168,64,0,torch.bfloat16,torch.bfloat16,0.0,1.0,hsaco,3,69.92,Cijk_Ailk_Bljk_BBS_BH_UserArgs_MT16x32x32_SN_K1_PGR6_SB1_TT2_2_WG16_16_2
47,3072,7168,64,0,torch.bfloat16,torch.bfloat16,0.0,1.0,hsaco,4,74.72,Cijk_Ailk_Bljk_BBS_BH_UserArgs_MT64x32x32_SN_K1_PGR6_SB1_TT2_2_WG16_16_3
47,4096,7168,64,0,torch.bfloat16,torch.bfloat16,0.0,1.0,hsaco,4,77.28,Cijk_Ailk_Bljk_BBS_BH_UserArgs_MT64x32x32_SN_K1_PGR6_SB1_TT2_2_WG16_16_3
47,4608,7168,64,0,torch.bfloat16,torch.bfloat16,0.0,1.0,hsaco,4,76.56,Cijk_Ailk_Bljk_BBS_BH_UserArgs_MT64x32x32_SN_K1_PGR6_SB1_TT2_2_WG16_16_3
47,7168,7168,64,0,torch.bfloat16,torch.bfloat16,0.0,1.0,hsaco,5,88.0,Cijk_Ailk_Bljk_BBS_BH_UserArgs_MT64x64x32_SN_K1_PGR6_SB1_TT2_2_WG16_16_3
48,576,256,64,0,torch.bfloat16,torch.bfloat16,0.0,1.0,hsaco,3,5.84,Cijk_Ailk_Bljk_BBS_BH_UserArgs_MT16x32x32_SN_K1_PGR6_SB1_TT2_2_WG16_16_2
48,1536,256,64,0,torch.bfloat16,torch.bfloat16,0.0,1.0,hsaco,0,8.4,Cijk_Ailk_Bljk_BBS_BH_UserArgs_MT64x32x32_SN_K1_PGR6_SB1_TT2_2_WG16_16_2
48,3072,256,64,0,torch.bfloat16,torch.bfloat16,0.0,1.0,hsaco,0,8.24,Cijk_Ailk_Bljk_BBS_BH_UserArgs_MT64x32x32_SN_K1_PGR6_SB1_TT2_2_WG16_16_2
48,4096,256,64,0,torch.bfloat16,torch.bfloat16,0.0,1.0,hsaco,0,8.24,Cijk_Ailk_Bljk_BBS_BH_UserArgs_MT64x32x32_SN_K1_PGR6_SB1_TT2_2_WG16_16_2
48,4608,256,64,0,torch.bfloat16,torch.bfloat16,0.0,1.0,hsaco,0,9.28,Cijk_Ailk_Bljk_BBS_BH_UserArgs_MT64x32x32_SN_K1_PGR6_SB1_TT2_2_WG16_16_2
48,7168,256,64,0,torch.bfloat16,torch.bfloat16,0.0,1.0,hsaco,1,10.64,Cijk_Ailk_Bljk_BBS_BH_UserArgs_MT64x64x32_SN_K1_PGR6_SB1_TT2_2_WG16_16_2
48,576,512,64,0,torch.bfloat16,torch.bfloat16,0.0,1.0,hsaco,3,6.72,Cijk_Ailk_Bljk_BBS_BH_UserArgs_MT16x32x32_SN_K1_PGR6_SB1_TT2_2_WG16_16_2
48,1536,512,64,0,torch.bfloat16,torch.bfloat16,0.0,1.0,hsaco,4,10.72,Cijk_Ailk_Bljk_BBS_BH_UserArgs_MT64x32x32_SN_K1_PGR6_SB1_TT2_2_WG16_16_3
48,3072,512,64,0,torch.bfloat16,torch.bfloat16,0.0,1.0,hsaco,4,11.68,Cijk_Ailk_Bljk_BBS_BH_UserArgs_MT64x32x32_SN_K1_PGR6_SB1_TT2_2_WG16_16_3
48,4096,512,64,0,torch.bfloat16,torch.bfloat16,0.0,1.0,hsaco,4,10.88,Cijk_Ailk_Bljk_BBS_BH_UserArgs_MT64x32x32_SN_K1_PGR6_SB1_TT2_2_WG16_16_3
48,4608,512,64,0,torch.bfloat16,torch.bfloat16,0.0,1.0,hsaco,4,10.88,Cijk_Ailk_Bljk_BBS_BH_UserArgs_MT64x32x32_SN_K1_PGR6_SB1_TT2_2_WG16_16_3
48,7168,512,64,0,torch.bfloat16,torch.bfloat16,0.0,1.0,hsaco,5,12.64,Cijk_Ailk_Bljk_BBS_BH_UserArgs_MT64x64x32_SN_K1_PGR6_SB1_TT2_2_WG16_16_3
48,576,1536,64,0,torch.bfloat16,torch.bfloat16,0.0,1.0,hsaco,3,10.8,Cijk_Ailk_Bljk_BBS_BH_UserArgs_MT16x32x32_SN_K1_PGR6_SB1_TT2_2_WG16_16_2
48,1536,1536,64,0,torch.bfloat16,torch.bfloat16,0.0,1.0,hsaco,4,20.4,Cijk_Ailk_Bljk_BBS_BH_UserArgs_MT64x32x32_SN_K1_PGR6_SB1_TT2_2_WG16_16_3
48,3072,1536,64,0,torch.bfloat16,torch.bfloat16,0.0,1.0,hsaco,4,20.8,Cijk_Ailk_Bljk_BBS_BH_UserArgs_MT64x32x32_SN_K1_PGR6_SB1_TT2_2_WG16_16_3
48,4096,1536,64,0,torch.bfloat16,torch.bfloat16,0.0,1.0,hsaco,4,20.96,Cijk_Ailk_Bljk_BBS_BH_UserArgs_MT64x32x32_SN_K1_PGR6_SB1_TT2_2_WG16_16_3
48,4608,1536,64,0,torch.bfloat16,torch.bfloat16,0.0,1.0,hsaco,4,21.2,Cijk_Ailk_Bljk_BBS_BH_UserArgs_MT64x32x32_SN_K1_PGR6_SB1_TT2_2_WG16_16_3
48,7168,1536,64,0,torch.bfloat16,torch.bfloat16,0.0,1.0,hsaco,5,23.92,Cijk_Ailk_Bljk_BBS_BH_UserArgs_MT64x64x32_SN_K1_PGR6_SB1_TT2_2_WG16_16_3
48,512,2048,64,0,torch.bfloat16,torch.bfloat16,0.0,1.0,hsaco,3,13.04,Cijk_Ailk_Bljk_BBS_BH_UserArgs_MT16x32x32_SN_K1_PGR6_SB1_TT2_2_WG16_16_2
48,1536,2048,64,0,torch.bfloat16,torch.bfloat16,0.0,1.0,hsaco,3,24.96,Cijk_Ailk_Bljk_BBS_BH_UserArgs_MT16x32x32_SN_K1_PGR6_SB1_TT2_2_WG16_16_2
48,3072,2048,64,0,torch.bfloat16,torch.bfloat16,0.0,1.0,hsaco,4,25.76,Cijk_Ailk_Bljk_BBS_BH_UserArgs_MT64x32x32_SN_K1_PGR6_SB1_TT2_2_WG16_16_3
48,4096,2048,64,0,torch.bfloat16,torch.bfloat16,0.0,1.0,hsaco,4,26.32,Cijk_Ailk_Bljk_BBS_BH_UserArgs_MT64x32x32_SN_K1_PGR6_SB1_TT2_2_WG16_16_3
48,4608,2048,64,0,torch.bfloat16,torch.bfloat16,0.0,1.0,hsaco,4,25.92,Cijk_Ailk_Bljk_BBS_BH_UserArgs_MT64x32x32_SN_K1_PGR6_SB1_TT2_2_WG16_16_3
48,7168,2048,64,0,torch.bfloat16,torch.bfloat16,0.0,1.0,hsaco,5,29.2,Cijk_Ailk_Bljk_BBS_BH_UserArgs_MT64x64x32_SN_K1_PGR6_SB1_TT2_2_WG16_16_3
48,512,2304,64,0,torch.bfloat16,torch.bfloat16,0.0,1.0,hsaco,3,14.48,Cijk_Ailk_Bljk_BBS_BH_UserArgs_MT16x32x32_SN_K1_PGR6_SB1_TT2_2_WG16_16_2
48,1536,2304,64,0,torch.bfloat16,torch.bfloat16,0.0,1.0,hsaco,3,27.52,Cijk_Ailk_Bljk_BBS_BH_UserArgs_MT16x32x32_SN_K1_PGR6_SB1_TT2_2_WG16_16_2
48,3072,2304,64,0,torch.bfloat16,torch.bfloat16,0.0,1.0,hsaco,4,28.16,Cijk_Ailk_Bljk_BBS_BH_UserArgs_MT64x32x32_SN_K1_PGR6_SB1_TT2_2_WG16_16_3
48,4096,2304,64,0,torch.bfloat16,torch.bfloat16,0.0,1.0,hsaco,4,28.56,Cijk_Ailk_Bljk_BBS_BH_UserArgs_MT64x32x32_SN_K1_PGR6_SB1_TT2_2_WG16_16_3
48,4608,2304,64,0,torch.bfloat16,torch.bfloat16,0.0,1.0,hsaco,4,28.8,Cijk_Ailk_Bljk_BBS_BH_UserArgs_MT64x32x32_SN_K1_PGR6_SB1_TT2_2_WG16_16_3
48,7168,2304,64,0,torch.bfloat16,torch.bfloat16,0.0,1.0,hsaco,5,32.88,Cijk_Ailk_Bljk_BBS_BH_UserArgs_MT64x64x32_SN_K1_PGR6_SB1_TT2_2_WG16_16_3
48,512,7168,64,0,torch.bfloat16,torch.bfloat16,0.0,1.0,hsaco,3,36.48,Cijk_Ailk_Bljk_BBS_BH_UserArgs_MT16x32x32_SN_K1_PGR6_SB1_TT2_2_WG16_16_2
48,1536,7168,64,0,torch.bfloat16,torch.bfloat16,0.0,1.0,hsaco,3,70.88,Cijk_Ailk_Bljk_BBS_BH_UserArgs_MT16x32x32_SN_K1_PGR6_SB1_TT2_2_WG16_16_2
48,3072,7168,64,0,torch.bfloat16,torch.bfloat16,0.0,1.0,hsaco,4,74.8,Cijk_Ailk_Bljk_BBS_BH_UserArgs_MT64x32x32_SN_K1_PGR6_SB1_TT2_2_WG16_16_3
48,4096,7168,64,0,torch.bfloat16,torch.bfloat16,0.0,1.0,hsaco,4,77.2,Cijk_Ailk_Bljk_BBS_BH_UserArgs_MT64x32x32_SN_K1_PGR6_SB1_TT2_2_WG16_16_3
48,4608,7168,64,0,torch.bfloat16,torch.bfloat16,0.0,1.0,hsaco,4,77.04,Cijk_Ailk_Bljk_BBS_BH_UserArgs_MT64x32x32_SN_K1_PGR6_SB1_TT2_2_WG16_16_3
48,7168,7168,64,0,torch.bfloat16,torch.bfloat16,0.0,1.0,hsaco,5,87.68,Cijk_Ailk_Bljk_BBS_BH_UserArgs_MT64x64x32_SN_K1_PGR6_SB1_TT2_2_WG16_16_3
49,576,256,64,0,torch.bfloat16,torch.bfloat16,0.0,1.0,hsaco,3,6.0,Cijk_Ailk_Bljk_BBS_BH_UserArgs_MT16x32x32_SN_K1_PGR6_SB1_TT2_2_WG16_16_2
49,1536,256,64,0,torch.bfloat16,torch.bfloat16,0.0,1.0,hsaco,2,36.8,Cijk_Ailk_Bljk_BBS_BH_UserArgs_MT64x128x32_SN_K1_PGR6_SB1_TT2_8_WG16_16_2
49,3072,256,64,0,torch.bfloat16,torch.bfloat16,0.0,1.0,hsaco,0,8.32,Cijk_Ailk_Bljk_BBS_BH_UserArgs_MT64x32x32_SN_K1_PGR6_SB1_TT2_2_WG16_16_2
49,4096,256,64,0,torch.bfloat16,torch.bfloat16,0.0,1.0,hsaco,0,8.24,Cijk_Ailk_Bljk_BBS_BH_UserArgs_MT64x32x32_SN_K1_PGR6_SB1_TT2_2_WG16_16_2
49,4608,256,64,0,torch.bfloat16,torch.bfloat16,0.0,1.0,hsaco,0,9.36,Cijk_Ailk_Bljk_BBS_BH_UserArgs_MT64x32x32_SN_K1_PGR6_SB1_TT2_2_WG16_16_2
49,7168,256,64,0,torch.bfloat16,torch.bfloat16,0.0,1.0,hsaco,1,10.64,Cijk_Ailk_Bljk_BBS_BH_UserArgs_MT64x64x32_SN_K1_PGR6_SB1_TT2_2_WG16_16_2
49,576,512,64,0,torch.bfloat16,torch.bfloat16,0.0,1.0,hsaco,3,6.72,Cijk_Ailk_Bljk_BBS_BH_UserArgs_MT16x32x32_SN_K1_PGR6_SB1_TT2_2_WG16_16_2
49,1536,512,64,0,torch.bfloat16,torch.bfloat16,0.0,1.0,hsaco,4,10.8,Cijk_Ailk_Bljk_BBS_BH_UserArgs_MT64x32x32_SN_K1_PGR6_SB1_TT2_2_WG16_16_3
49,3072,512,64,0,torch.bfloat16,torch.bfloat16,0.0,1.0,hsaco,4,11.76,Cijk_Ailk_Bljk_BBS_BH_UserArgs_MT64x32x32_SN_K1_PGR6_SB1_TT2_2_WG16_16_3
49,4096,512,64,0,torch.bfloat16,torch.bfloat16,0.0,1.0,hsaco,4,10.88,Cijk_Ailk_Bljk_BBS_BH_UserArgs_MT64x32x32_SN_K1_PGR6_SB1_TT2_2_WG16_16_3
49,4608,512,64,0,torch.bfloat16,torch.bfloat16,0.0,1.0,hsaco,4,10.96,Cijk_Ailk_Bljk_BBS_BH_UserArgs_MT64x32x32_SN_K1_PGR6_SB1_TT2_2_WG16_16_3
49,7168,512,64,0,torch.bfloat16,torch.bfloat16,0.0,1.0,hsaco,5,12.64,Cijk_Ailk_Bljk_BBS_BH_UserArgs_MT64x64x32_SN_K1_PGR6_SB1_TT2_2_WG16_16_3
49,576,1536,64,0,torch.bfloat16,torch.bfloat16,0.0,1.0,hsaco,3,10.88,Cijk_Ailk_Bljk_BBS_BH_UserArgs_MT16x32x32_SN_K1_PGR6_SB1_TT2_2_WG16_16_2
49,1536,1536,64,0,torch.bfloat16,torch.bfloat16,0.0,1.0,hsaco,4,20.4,Cijk_Ailk_Bljk_BBS_BH_UserArgs_MT64x32x32_SN_K1_PGR6_SB1_TT2_2_WG16_16_3
49,3072,1536,64,0,torch.bfloat16,torch.bfloat16,0.0,1.0,hsaco,4,20.88,Cijk_Ailk_Bljk_BBS_BH_UserArgs_MT64x32x32_SN_K1_PGR6_SB1_TT2_2_WG16_16_3
49,4096,1536,64,0,torch.bfloat16,torch.bfloat16,0.0,1.0,hsaco,4,21.28,Cijk_Ailk_Bljk_BBS_BH_UserArgs_MT64x32x32_SN_K1_PGR6_SB1_TT2_2_WG16_16_3
49,4608,1536,64,0,torch.bfloat16,torch.bfloat16,0.0,1.0,hsaco,4,21.36,Cijk_Ailk_Bljk_BBS_BH_UserArgs_MT64x32x32_SN_K1_PGR6_SB1_TT2_2_WG16_16_3
49,7168,1536,64,0,torch.bfloat16,torch.bfloat16,0.0,1.0,hsaco,5,24.08,Cijk_Ailk_Bljk_BBS_BH_UserArgs_MT64x64x32_SN_K1_PGR6_SB1_TT2_2_WG16_16_3
49,512,2048,64,0,torch.bfloat16,torch.bfloat16,0.0,1.0,hsaco,3,13.12,Cijk_Ailk_Bljk_BBS_BH_UserArgs_MT16x32x32_SN_K1_PGR6_SB1_TT2_2_WG16_16_2
49,1536,2048,64,0,torch.bfloat16,torch.bfloat16,0.0,1.0,hsaco,4,25.2,Cijk_Ailk_Bljk_BBS_BH_UserArgs_MT64x32x32_SN_K1_PGR6_SB1_TT2_2_WG16_16_3
49,3072,2048,64,0,torch.bfloat16,torch.bfloat16,0.0,1.0,hsaco,4,25.76,Cijk_Ailk_Bljk_BBS_BH_UserArgs_MT64x32x32_SN_K1_PGR6_SB1_TT2_2_WG16_16_3
49,4096,2048,64,0,torch.bfloat16,torch.bfloat16,0.0,1.0,hsaco,4,26.48,Cijk_Ailk_Bljk_BBS_BH_UserArgs_MT64x32x32_SN_K1_PGR6_SB1_TT2_2_WG16_16_3
49,4608,2048,64,0,torch.bfloat16,torch.bfloat16,0.0,1.0,hsaco,4,26.08,Cijk_Ailk_Bljk_BBS_BH_UserArgs_MT64x32x32_SN_K1_PGR6_SB1_TT2_2_WG16_16_3
49,7168,2048,64,0,torch.bfloat16,torch.bfloat16,0.0,1.0,hsaco,5,29.12,Cijk_Ailk_Bljk_BBS_BH_UserArgs_MT64x64x32_SN_K1_PGR6_SB1_TT2_2_WG16_16_3
49,512,2304,64,0,torch.bfloat16,torch.bfloat16,0.0,1.0,hsaco,3,14.32,Cijk_Ailk_Bljk_BBS_BH_UserArgs_MT16x32x32_SN_K1_PGR6_SB1_TT2_2_WG16_16_2
49,1536,2304,64,0,torch.bfloat16,torch.bfloat16,0.0,1.0,hsaco,4,27.68,Cijk_Ailk_Bljk_BBS_BH_UserArgs_MT64x32x32_SN_K1_PGR6_SB1_TT2_2_WG16_16_3
49,3072,2304,64,0,torch.bfloat16,torch.bfloat16,0.0,1.0,hsaco,4,28.4,Cijk_Ailk_Bljk_BBS_BH_UserArgs_MT64x32x32_SN_K1_PGR6_SB1_TT2_2_WG16_16_3
49,4096,2304,64,0,torch.bfloat16,torch.bfloat16,0.0,1.0,hsaco,4,28.64,Cijk_Ailk_Bljk_BBS_BH_UserArgs_MT64x32x32_SN_K1_PGR6_SB1_TT2_2_WG16_16_3
49,4608,2304,64,0,torch.bfloat16,torch.bfloat16,0.0,1.0,hsaco,4,28.88,Cijk_Ailk_Bljk_BBS_BH_UserArgs_MT64x32x32_SN_K1_PGR6_SB1_TT2_2_WG16_16_3
49,7168,2304,64,0,torch.bfloat16,torch.bfloat16,0.0,1.0,hsaco,5,32.72,Cijk_Ailk_Bljk_BBS_BH_UserArgs_MT64x64x32_SN_K1_PGR6_SB1_TT2_2_WG16_16_3
49,512,7168,64,0,torch.bfloat16,torch.bfloat16,0.0,1.0,hsaco,3,36.88,Cijk_Ailk_Bljk_BBS_BH_UserArgs_MT16x32x32_SN_K1_PGR6_SB1_TT2_2_WG16_16_2
49,1536,7168,64,0,torch.bfloat16,torch.bfloat16,0.0,1.0,hsaco,3,71.2,Cijk_Ailk_Bljk_BBS_BH_UserArgs_MT16x32x32_SN_K1_PGR6_SB1_TT2_2_WG16_16_2
49,3072,7168,64,0,torch.bfloat16,torch.bfloat16,0.0,1.0,hsaco,4,74.64,Cijk_Ailk_Bljk_BBS_BH_UserArgs_MT64x32x32_SN_K1_PGR6_SB1_TT2_2_WG16_16_3
49,4096,7168,64,0,torch.bfloat16,torch.bfloat16,0.0,1.0,hsaco,4,77.12,Cijk_Ailk_Bljk_BBS_BH_UserArgs_MT64x32x32_SN_K1_PGR6_SB1_TT2_2_WG16_16_3
49,4608,7168,64,0,torch.bfloat16,torch.bfloat16,0.0,1.0,hsaco,4,76.32,Cijk_Ailk_Bljk_BBS_BH_UserArgs_MT64x32x32_SN_K1_PGR6_SB1_TT2_2_WG16_16_3
49,7168,7168,64,0,torch.bfloat16,torch.bfloat16,0.0,1.0,hsaco,5,88.32,Cijk_Ailk_Bljk_BBS_BH_UserArgs_MT64x64x32_SN_K1_PGR6_SB1_TT2_2_WG16_16_3
50,576,256,64,0,torch.bfloat16,torch.bfloat16,0.0,1.0,hsaco,3,5.92,Cijk_Ailk_Bljk_BBS_BH_UserArgs_MT16x32x32_SN_K1_PGR6_SB1_TT2_2_WG16_16_2
50,1536,256,64,0,torch.bfloat16,torch.bfloat16,0.0,1.0,hsaco,4,8.64,Cijk_Ailk_Bljk_BBS_BH_UserArgs_MT64x32x32_SN_K1_PGR6_SB1_TT2_2_WG16_16_3
50,3072,256,64,0,torch.bfloat16,torch.bfloat16,0.0,1.0,hsaco,0,8.24,Cijk_Ailk_Bljk_BBS_BH_UserArgs_MT64x32x32_SN_K1_PGR6_SB1_TT2_2_WG16_16_2
50,4096,256,64,0,torch.bfloat16,torch.bfloat16,0.0,1.0,hsaco,0,8.24,Cijk_Ailk_Bljk_BBS_BH_UserArgs_MT64x32x32_SN_K1_PGR6_SB1_TT2_2_WG16_16_2
50,4608,256,64,0,torch.bfloat16,torch.bfloat16,0.0,1.0,hsaco,0,9.2,Cijk_Ailk_Bljk_BBS_BH_UserArgs_MT64x32x32_SN_K1_PGR6_SB1_TT2_2_WG16_16_2
50,7168,256,64,0,torch.bfloat16,torch.bfloat16,0.0,1.0,hsaco,1,10.48,Cijk_Ailk_Bljk_BBS_BH_UserArgs_MT64x64x32_SN_K1_PGR6_SB1_TT2_2_WG16_16_2
50,576,512,64,0,torch.bfloat16,torch.bfloat16,0.0,1.0,hsaco,3,6.72,Cijk_Ailk_Bljk_BBS_BH_UserArgs_MT16x32x32_SN_K1_PGR6_SB1_TT2_2_WG16_16_2
50,1536,512,64,0,torch.bfloat16,torch.bfloat16,0.0,1.0,hsaco,4,10.8,Cijk_Ailk_Bljk_BBS_BH_UserArgs_MT64x32x32_SN_K1_PGR6_SB1_TT2_2_WG16_16_3
50,3072,512,64,0,torch.bfloat16,torch.bfloat16,0.0,1.0,hsaco,4,11.84,Cijk_Ailk_Bljk_BBS_BH_UserArgs_MT64x32x32_SN_K1_PGR6_SB1_TT2_2_WG16_16_3
50,4096,512,64,0,torch.bfloat16,torch.bfloat16,0.0,1.0,hsaco,4,10.88,Cijk_Ailk_Bljk_BBS_BH_UserArgs_MT64x32x32_SN_K1_PGR6_SB1_TT2_2_WG16_16_3
50,4608,512,64,0,torch.bfloat16,torch.bfloat16,0.0,1.0,hsaco,4,10.88,Cijk_Ailk_Bljk_BBS_BH_UserArgs_MT64x32x32_SN_K1_PGR6_SB1_TT2_2_WG16_16_3
50,7168,512,64,0,torch.bfloat16,torch.bfloat16,0.0,1.0,hsaco,5,12.72,Cijk_Ailk_Bljk_BBS_BH_UserArgs_MT64x64x32_SN_K1_PGR6_SB1_TT2_2_WG16_16_3
50,576,1536,64,0,torch.bfloat16,torch.bfloat16,0.0,1.0,hsaco,3,10.88,Cijk_Ailk_Bljk_BBS_BH_UserArgs_MT16x32x32_SN_K1_PGR6_SB1_TT2_2_WG16_16_2
50,1536,1536,64,0,torch.bfloat16,torch.bfloat16,0.0,1.0,hsaco,4,20.4,Cijk_Ailk_Bljk_BBS_BH_UserArgs_MT64x32x32_SN_K1_PGR6_SB1_TT2_2_WG16_16_3
50,3072,1536,64,0,torch.bfloat16,torch.bfloat16,0.0,1.0,hsaco,4,20.72,Cijk_Ailk_Bljk_BBS_BH_UserArgs_MT64x32x32_SN_K1_PGR6_SB1_TT2_2_WG16_16_3
50,4096,1536,64,0,torch.bfloat16,torch.bfloat16,0.0,1.0,hsaco,4,21.2,Cijk_Ailk_Bljk_BBS_BH_UserArgs_MT64x32x32_SN_K1_PGR6_SB1_TT2_2_WG16_16_3
50,4608,1536,64,0,torch.bfloat16,torch.bfloat16,0.0,1.0,hsaco,4,21.12,Cijk_Ailk_Bljk_BBS_BH_UserArgs_MT64x32x32_SN_K1_PGR6_SB1_TT2_2_WG16_16_3
50,7168,1536,64,0,torch.bfloat16,torch.bfloat16,0.0,1.0,hsaco,5,24.0,Cijk_Ailk_Bljk_BBS_BH_UserArgs_MT64x64x32_SN_K1_PGR6_SB1_TT2_2_WG16_16_3
50,512,2048,64,0,torch.bfloat16,torch.bfloat16,0.0,1.0,hsaco,3,13.04,Cijk_Ailk_Bljk_BBS_BH_UserArgs_MT16x32x32_SN_K1_PGR6_SB1_TT2_2_WG16_16_2
50,1536,2048,64,0,torch.bfloat16,torch.bfloat16,0.0,1.0,hsaco,3,25.12,Cijk_Ailk_Bljk_BBS_BH_UserArgs_MT16x32x32_SN_K1_PGR6_SB1_TT2_2_WG16_16_2
50,3072,2048,64,0,torch.bfloat16,torch.bfloat16,0.0,1.0,hsaco,4,25.6,Cijk_Ailk_Bljk_BBS_BH_UserArgs_MT64x32x32_SN_K1_PGR6_SB1_TT2_2_WG16_16_3
50,4096,2048,64,0,torch.bfloat16,torch.bfloat16,0.0,1.0,hsaco,4,26.48,Cijk_Ailk_Bljk_BBS_BH_UserArgs_MT64x32x32_SN_K1_PGR6_SB1_TT2_2_WG16_16_3
50,4608,2048,64,0,torch.bfloat16,torch.bfloat16,0.0,1.0,hsaco,4,26.0,Cijk_Ailk_Bljk_BBS_BH_UserArgs_MT64x32x32_SN_K1_PGR6_SB1_TT2_2_WG16_16_3
50,7168,2048,64,0,torch.bfloat16,torch.bfloat16,0.0,1.0,hsaco,5,29.2,Cijk_Ailk_Bljk_BBS_BH_UserArgs_MT64x64x32_SN_K1_PGR6_SB1_TT2_2_WG16_16_3
50,512,2304,64,0,torch.bfloat16,torch.bfloat16,0.0,1.0,hsaco,3,14.56,Cijk_Ailk_Bljk_BBS_BH_UserArgs_MT16x32x32_SN_K1_PGR6_SB1_TT2_2_WG16_16_2
50,1536,2304,64,0,torch.bfloat16,torch.bfloat16,0.0,1.0,hsaco,4,27.52,Cijk_Ailk_Bljk_BBS_BH_UserArgs_MT64x32x32_SN_K1_PGR6_SB1_TT2_2_WG16_16_3
50,3072,2304,64,0,torch.bfloat16,torch.bfloat16,0.0,1.0,hsaco,4,28.24,Cijk_Ailk_Bljk_BBS_BH_UserArgs_MT64x32x32_SN_K1_PGR6_SB1_TT2_2_WG16_16_3
50,4096,2304,64,0,torch.bfloat16,torch.bfloat16,0.0,1.0,hsaco,4,28.56,Cijk_Ailk_Bljk_BBS_BH_UserArgs_MT64x32x32_SN_K1_PGR6_SB1_TT2_2_WG16_16_3
50,4608,2304,64,0,torch.bfloat16,torch.bfloat16,0.0,1.0,hsaco,4,28.88,Cijk_Ailk_Bljk_BBS_BH_UserArgs_MT64x32x32_SN_K1_PGR6_SB1_TT2_2_WG16_16_3
50,7168,2304,64,0,torch.bfloat16,torch.bfloat16,0.0,1.0,hsaco,5,33.2,Cijk_Ailk_Bljk_BBS_BH_UserArgs_MT64x64x32_SN_K1_PGR6_SB1_TT2_2_WG16_16_3
50,512,7168,64,0,torch.bfloat16,torch.bfloat16,0.0,1.0,hsaco,3,36.8,Cijk_Ailk_Bljk_BBS_BH_UserArgs_MT16x32x32_SN_K1_PGR6_SB1_TT2_2_WG16_16_2
50,1536,7168,64,0,torch.bfloat16,torch.bfloat16,0.0,1.0,hsaco,3,71.76,Cijk_Ailk_Bljk_BBS_BH_UserArgs_MT16x32x32_SN_K1_PGR6_SB1_TT2_2_WG16_16_2
50,3072,7168,64,0,torch.bfloat16,torch.bfloat16,0.0,1.0,hsaco,4,74.56,Cijk_Ailk_Bljk_BBS_BH_UserArgs_MT64x32x32_SN_K1_PGR6_SB1_TT2_2_WG16_16_3
50,4096,7168,64,0,torch.bfloat16,torch.bfloat16,0.0,1.0,hsaco,4,77.44,Cijk_Ailk_Bljk_BBS_BH_UserArgs_MT64x32x32_SN_K1_PGR6_SB1_TT2_2_WG16_16_3
50,4608,7168,64,0,torch.bfloat16,torch.bfloat16,0.0,1.0,hsaco,4,76.96,Cijk_Ailk_Bljk_BBS_BH_UserArgs_MT64x32x32_SN_K1_PGR6_SB1_TT2_2_WG16_16_3
50,7168,7168,64,0,torch.bfloat16,torch.bfloat16,0.0,1.0,hsaco,5,88.16,Cijk_Ailk_Bljk_BBS_BH_UserArgs_MT64x64x32_SN_K1_PGR6_SB1_TT2_2_WG16_16_3
51,576,256,64,0,torch.bfloat16,torch.bfloat16,0.0,1.0,hsaco,3,5.92,Cijk_Ailk_Bljk_BBS_BH_UserArgs_MT16x32x32_SN_K1_PGR6_SB1_TT2_2_WG16_16_2
51,1536,256,64,0,torch.bfloat16,torch.bfloat16,0.0,1.0,hsaco,4,8.48,Cijk_Ailk_Bljk_BBS_BH_UserArgs_MT64x32x32_SN_K1_PGR6_SB1_TT2_2_WG16_16_3
51,3072,256,64,0,torch.bfloat16,torch.bfloat16,0.0,1.0,hsaco,0,8.16,Cijk_Ailk_Bljk_BBS_BH_UserArgs_MT64x32x32_SN_K1_PGR6_SB1_TT2_2_WG16_16_2
51,4096,256,64,0,torch.bfloat16,torch.bfloat16,0.0,1.0,hsaco,0,8.24,Cijk_Ailk_Bljk_BBS_BH_UserArgs_MT64x32x32_SN_K1_PGR6_SB1_TT2_2_WG16_16_2
51,4608,256,64,0,torch.bfloat16,torch.bfloat16,0.0,1.0,hsaco,0,9.36,Cijk_Ailk_Bljk_BBS_BH_UserArgs_MT64x32x32_SN_K1_PGR6_SB1_TT2_2_WG16_16_2
51,7168,256,64,0,torch.bfloat16,torch.bfloat16,0.0,1.0,hsaco,1,10.56,Cijk_Ailk_Bljk_BBS_BH_UserArgs_MT64x64x32_SN_K1_PGR6_SB1_TT2_2_WG16_16_2
51,576,512,64,0,torch.bfloat16,torch.bfloat16,0.0,1.0,hsaco,3,6.72,Cijk_Ailk_Bljk_BBS_BH_UserArgs_MT16x32x32_SN_K1_PGR6_SB1_TT2_2_WG16_16_2
51,1536,512,64,0,torch.bfloat16,torch.bfloat16,0.0,1.0,hsaco,4,10.72,Cijk_Ailk_Bljk_BBS_BH_UserArgs_MT64x32x32_SN_K1_PGR6_SB1_TT2_2_WG16_16_3
51,3072,512,64,0,torch.bfloat16,torch.bfloat16,0.0,1.0,hsaco,4,11.68,Cijk_Ailk_Bljk_BBS_BH_UserArgs_MT64x32x32_SN_K1_PGR6_SB1_TT2_2_WG16_16_3
51,4096,512,64,0,torch.bfloat16,torch.bfloat16,0.0,1.0,hsaco,4,10.88,Cijk_Ailk_Bljk_BBS_BH_UserArgs_MT64x32x32_SN_K1_PGR6_SB1_TT2_2_WG16_16_3
51,4608,512,64,0,torch.bfloat16,torch.bfloat16,0.0,1.0,hsaco,4,10.96,Cijk_Ailk_Bljk_BBS_BH_UserArgs_MT64x32x32_SN_K1_PGR6_SB1_TT2_2_WG16_16_3
51,7168,512,64,0,torch.bfloat16,torch.bfloat16,0.0,1.0,hsaco,5,12.64,Cijk_Ailk_Bljk_BBS_BH_UserArgs_MT64x64x32_SN_K1_PGR6_SB1_TT2_2_WG16_16_3
51,576,1536,64,0,torch.bfloat16,torch.bfloat16,0.0,1.0,hsaco,3,10.8,Cijk_Ailk_Bljk_BBS_BH_UserArgs_MT16x32x32_SN_K1_PGR6_SB1_TT2_2_WG16_16_2
51,1536,1536,64,0,torch.bfloat16,torch.bfloat16,0.0,1.0,hsaco,4,20.48,Cijk_Ailk_Bljk_BBS_BH_UserArgs_MT64x32x32_SN_K1_PGR6_SB1_TT2_2_WG16_16_3
51,3072,1536,64,0,torch.bfloat16,torch.bfloat16,0.0,1.0,hsaco,4,20.88,Cijk_Ailk_Bljk_BBS_BH_UserArgs_MT64x32x32_SN_K1_PGR6_SB1_TT2_2_WG16_16_3
51,4096,1536,64,0,torch.bfloat16,torch.bfloat16,0.0,1.0,hsaco,4,20.96,Cijk_Ailk_Bljk_BBS_BH_UserArgs_MT64x32x32_SN_K1_PGR6_SB1_TT2_2_WG16_16_3
51,4608,1536,64,0,torch.bfloat16,torch.bfloat16,0.0,1.0,hsaco,4,21.36,Cijk_Ailk_Bljk_BBS_BH_UserArgs_MT64x32x32_SN_K1_PGR6_SB1_TT2_2_WG16_16_3
51,7168,1536,64,0,torch.bfloat16,torch.bfloat16,0.0,1.0,hsaco,5,24.08,Cijk_Ailk_Bljk_BBS_BH_UserArgs_MT64x64x32_SN_K1_PGR6_SB1_TT2_2_WG16_16_3
51,512,2048,64,0,torch.bfloat16,torch.bfloat16,0.0,1.0,hsaco,3,13.04,Cijk_Ailk_Bljk_BBS_BH_UserArgs_MT16x32x32_SN_K1_PGR6_SB1_TT2_2_WG16_16_2
51,1536,2048,64,0,torch.bfloat16,torch.bfloat16,0.0,1.0,hsaco,4,25.12,Cijk_Ailk_Bljk_BBS_BH_UserArgs_MT64x32x32_SN_K1_PGR6_SB1_TT2_2_WG16_16_3
51,3072,2048,64,0,torch.bfloat16,torch.bfloat16,0.0,1.0,hsaco,4,25.68,Cijk_Ailk_Bljk_BBS_BH_UserArgs_MT64x32x32_SN_K1_PGR6_SB1_TT2_2_WG16_16_3
51,4096,2048,64,0,torch.bfloat16,torch.bfloat16,0.0,1.0,hsaco,4,26.72,Cijk_Ailk_Bljk_BBS_BH_UserArgs_MT64x32x32_SN_K1_PGR6_SB1_TT2_2_WG16_16_3
51,4608,2048,64,0,torch.bfloat16,torch.bfloat16,0.0,1.0,hsaco,4,26.0,Cijk_Ailk_Bljk_BBS_BH_UserArgs_MT64x32x32_SN_K1_PGR6_SB1_TT2_2_WG16_16_3
51,7168,2048,64,0,torch.bfloat16,torch.bfloat16,0.0,1.0,hsaco,5,29.2,Cijk_Ailk_Bljk_BBS_BH_UserArgs_MT64x64x32_SN_K1_PGR6_SB1_TT2_2_WG16_16_3
51,512,2304,64,0,torch.bfloat16,torch.bfloat16,0.0,1.0,hsaco,3,14.48,Cijk_Ailk_Bljk_BBS_BH_UserArgs_MT16x32x32_SN_K1_PGR6_SB1_TT2_2_WG16_16_2
51,1536,2304,64,0,torch.bfloat16,torch.bfloat16,0.0,1.0,hsaco,4,27.68,Cijk_Ailk_Bljk_BBS_BH_UserArgs_MT64x32x32_SN_K1_PGR6_SB1_TT2_2_WG16_16_3
51,3072,2304,64,0,torch.bfloat16,torch.bfloat16,0.0,1.0,hsaco,4,28.4,Cijk_Ailk_Bljk_BBS_BH_UserArgs_MT64x32x32_SN_K1_PGR6_SB1_TT2_2_WG16_16_3
51,4096,2304,64,0,torch.bfloat16,torch.bfloat16,0.0,1.0,hsaco,4,28.72,Cijk_Ailk_Bljk_BBS_BH_UserArgs_MT64x32x32_SN_K1_PGR6_SB1_TT2_2_WG16_16_3
51,4608,2304,64,0,torch.bfloat16,torch.bfloat16,0.0,1.0,hsaco,4,29.04,Cijk_Ailk_Bljk_BBS_BH_UserArgs_MT64x32x32_SN_K1_PGR6_SB1_TT2_2_WG16_16_3
51,7168,2304,64,0,torch.bfloat16,torch.bfloat16,0.0,1.0,hsaco,5,32.88,Cijk_Ailk_Bljk_BBS_BH_UserArgs_MT64x64x32_SN_K1_PGR6_SB1_TT2_2_WG16_16_3
51,512,7168,64,0,torch.bfloat16,torch.bfloat16,0.0,1.0,hsaco,3,36.8,Cijk_Ailk_Bljk_BBS_BH_UserArgs_MT16x32x32_SN_K1_PGR6_SB1_TT2_2_WG16_16_2
51,1536,7168,64,0,torch.bfloat16,torch.bfloat16,0.0,1.0,hsaco,3,72.64,Cijk_Ailk_Bljk_BBS_BH_UserArgs_MT16x32x32_SN_K1_PGR6_SB1_TT2_2_WG16_16_2
51,3072,7168,64,0,torch.bfloat16,torch.bfloat16,0.0,1.0,hsaco,4,74.72,Cijk_Ailk_Bljk_BBS_BH_UserArgs_MT64x32x32_SN_K1_PGR6_SB1_TT2_2_WG16_16_3
51,4096,7168,64,0,torch.bfloat16,torch.bfloat16,0.0,1.0,hsaco,4,77.52,Cijk_Ailk_Bljk_BBS_BH_UserArgs_MT64x32x32_SN_K1_PGR6_SB1_TT2_2_WG16_16_3
51,4608,7168,64,0,torch.bfloat16,torch.bfloat16,0.0,1.0,hsaco,4,76.72,Cijk_Ailk_Bljk_BBS_BH_UserArgs_MT64x32x32_SN_K1_PGR6_SB1_TT2_2_WG16_16_3
51,7168,7168,64,0,torch.bfloat16,torch.bfloat16,0.0,1.0,hsaco,5,86.88,Cijk_Ailk_Bljk_BBS_BH_UserArgs_MT64x64x32_SN_K1_PGR6_SB1_TT2_2_WG16_16_3
52,576,256,64,0,torch.bfloat16,torch.bfloat16,0.0,1.0,hsaco,3,5.84,Cijk_Ailk_Bljk_BBS_BH_UserArgs_MT16x32x32_SN_K1_PGR6_SB1_TT2_2_WG16_16_2
52,1536,256,64,0,torch.bfloat16,torch.bfloat16,0.0,1.0,hsaco,4,8.56,Cijk_Ailk_Bljk_BBS_BH_UserArgs_MT64x32x32_SN_K1_PGR6_SB1_TT2_2_WG16_16_3
52,3072,256,64,0,torch.bfloat16,torch.bfloat16,0.0,1.0,hsaco,0,8.32,Cijk_Ailk_Bljk_BBS_BH_UserArgs_MT64x32x32_SN_K1_PGR6_SB1_TT2_2_WG16_16_2
52,4096,256,64,0,torch.bfloat16,torch.bfloat16,0.0,1.0,hsaco,0,8.24,Cijk_Ailk_Bljk_BBS_BH_UserArgs_MT64x32x32_SN_K1_PGR6_SB1_TT2_2_WG16_16_2
52,4608,256,64,0,torch.bfloat16,torch.bfloat16,0.0,1.0,hsaco,0,9.28,Cijk_Ailk_Bljk_BBS_BH_UserArgs_MT64x32x32_SN_K1_PGR6_SB1_TT2_2_WG16_16_2
52,7168,256,64,0,torch.bfloat16,torch.bfloat16,0.0,1.0,hsaco,1,10.8,Cijk_Ailk_Bljk_BBS_BH_UserArgs_MT64x64x32_SN_K1_PGR6_SB1_TT2_2_WG16_16_2
52,576,512,64,0,torch.bfloat16,torch.bfloat16,0.0,1.0,hsaco,3,6.96,Cijk_Ailk_Bljk_BBS_BH_UserArgs_MT16x32x32_SN_K1_PGR6_SB1_TT2_2_WG16_16_2
52,1536,512,64,0,torch.bfloat16,torch.bfloat16,0.0,1.0,hsaco,4,10.8,Cijk_Ailk_Bljk_BBS_BH_UserArgs_MT64x32x32_SN_K1_PGR6_SB1_TT2_2_WG16_16_3
52,3072,512,64,0,torch.bfloat16,torch.bfloat16,0.0,1.0,hsaco,4,11.84,Cijk_Ailk_Bljk_BBS_BH_UserArgs_MT64x32x32_SN_K1_PGR6_SB1_TT2_2_WG16_16_3
52,4096,512,64,0,torch.bfloat16,torch.bfloat16,0.0,1.0,hsaco,4,10.8,Cijk_Ailk_Bljk_BBS_BH_UserArgs_MT64x32x32_SN_K1_PGR6_SB1_TT2_2_WG16_16_3
52,4608,512,64,0,torch.bfloat16,torch.bfloat16,0.0,1.0,hsaco,4,10.96,Cijk_Ailk_Bljk_BBS_BH_UserArgs_MT64x32x32_SN_K1_PGR6_SB1_TT2_2_WG16_16_3
52,7168,512,64,0,torch.bfloat16,torch.bfloat16,0.0,1.0,hsaco,5,12.64,Cijk_Ailk_Bljk_BBS_BH_UserArgs_MT64x64x32_SN_K1_PGR6_SB1_TT2_2_WG16_16_3
52,576,1536,64,0,torch.bfloat16,torch.bfloat16,0.0,1.0,hsaco,3,10.8,Cijk_Ailk_Bljk_BBS_BH_UserArgs_MT16x32x32_SN_K1_PGR6_SB1_TT2_2_WG16_16_2
52,1536,1536,64,0,torch.bfloat16,torch.bfloat16,0.0,1.0,hsaco,4,20.4,Cijk_Ailk_Bljk_BBS_BH_UserArgs_MT64x32x32_SN_K1_PGR6_SB1_TT2_2_WG16_16_3
52,3072,1536,64,0,torch.bfloat16,torch.bfloat16,0.0,1.0,hsaco,4,20.8,Cijk_Ailk_Bljk_BBS_BH_UserArgs_MT64x32x32_SN_K1_PGR6_SB1_TT2_2_WG16_16_3
52,4096,1536,64,0,torch.bfloat16,torch.bfloat16,0.0,1.0,hsaco,4,21.12,Cijk_Ailk_Bljk_BBS_BH_UserArgs_MT64x32x32_SN_K1_PGR6_SB1_TT2_2_WG16_16_3
52,4608,1536,64,0,torch.bfloat16,torch.bfloat16,0.0,1.0,hsaco,4,21.2,Cijk_Ailk_Bljk_BBS_BH_UserArgs_MT64x32x32_SN_K1_PGR6_SB1_TT2_2_WG16_16_3
52,7168,1536,64,0,torch.bfloat16,torch.bfloat16,0.0,1.0,hsaco,5,24.24,Cijk_Ailk_Bljk_BBS_BH_UserArgs_MT64x64x32_SN_K1_PGR6_SB1_TT2_2_WG16_16_3
52,512,2048,64,0,torch.bfloat16,torch.bfloat16,0.0,1.0,hsaco,3,13.2,Cijk_Ailk_Bljk_BBS_BH_UserArgs_MT16x32x32_SN_K1_PGR6_SB1_TT2_2_WG16_16_2
52,1536,2048,64,0,torch.bfloat16,torch.bfloat16,0.0,1.0,hsaco,4,25.2,Cijk_Ailk_Bljk_BBS_BH_UserArgs_MT64x32x32_SN_K1_PGR6_SB1_TT2_2_WG16_16_3
52,3072,2048,64,0,torch.bfloat16,torch.bfloat16,0.0,1.0,hsaco,4,25.44,Cijk_Ailk_Bljk_BBS_BH_UserArgs_MT64x32x32_SN_K1_PGR6_SB1_TT2_2_WG16_16_3
52,4096,2048,64,0,torch.bfloat16,torch.bfloat16,0.0,1.0,hsaco,4,26.64,Cijk_Ailk_Bljk_BBS_BH_UserArgs_MT64x32x32_SN_K1_PGR6_SB1_TT2_2_WG16_16_3
52,4608,2048,64,0,torch.bfloat16,torch.bfloat16,0.0,1.0,hsaco,4,25.84,Cijk_Ailk_Bljk_BBS_BH_UserArgs_MT64x32x32_SN_K1_PGR6_SB1_TT2_2_WG16_16_3
52,7168,2048,64,0,torch.bfloat16,torch.bfloat16,0.0,1.0,hsaco,5,29.2,Cijk_Ailk_Bljk_BBS_BH_UserArgs_MT64x64x32_SN_K1_PGR6_SB1_TT2_2_WG16_16_3
52,512,2304,64,0,torch.bfloat16,torch.bfloat16,0.0,1.0,hsaco,3,14.32,Cijk_Ailk_Bljk_BBS_BH_UserArgs_MT16x32x32_SN_K1_PGR6_SB1_TT2_2_WG16_16_2
52,1536,2304,64,0,torch.bfloat16,torch.bfloat16,0.0,1.0,hsaco,4,27.68,Cijk_Ailk_Bljk_BBS_BH_UserArgs_MT64x32x32_SN_K1_PGR6_SB1_TT2_2_WG16_16_3
52,3072,2304,64,0,torch.bfloat16,torch.bfloat16,0.0,1.0,hsaco,4,28.4,Cijk_Ailk_Bljk_BBS_BH_UserArgs_MT64x32x32_SN_K1_PGR6_SB1_TT2_2_WG16_16_3
52,4096,2304,64,0,torch.bfloat16,torch.bfloat16,0.0,1.0,hsaco,4,28.72,Cijk_Ailk_Bljk_BBS_BH_UserArgs_MT64x32x32_SN_K1_PGR6_SB1_TT2_2_WG16_16_3
52,4608,2304,64,0,torch.bfloat16,torch.bfloat16,0.0,1.0,hsaco,4,29.04,Cijk_Ailk_Bljk_BBS_BH_UserArgs_MT64x32x32_SN_K1_PGR6_SB1_TT2_2_WG16_16_3
52,7168,2304,64,0,torch.bfloat16,torch.bfloat16,0.0,1.0,hsaco,5,33.12,Cijk_Ailk_Bljk_BBS_BH_UserArgs_MT64x64x32_SN_K1_PGR6_SB1_TT2_2_WG16_16_3
52,512,7168,64,0,torch.bfloat16,torch.bfloat16,0.0,1.0,hsaco,3,36.8,Cijk_Ailk_Bljk_BBS_BH_UserArgs_MT16x32x32_SN_K1_PGR6_SB1_TT2_2_WG16_16_2
52,1536,7168,64,0,torch.bfloat16,torch.bfloat16,0.0,1.0,hsaco,3,72.4,Cijk_Ailk_Bljk_BBS_BH_UserArgs_MT16x32x32_SN_K1_PGR6_SB1_TT2_2_WG16_16_2
52,3072,7168,64,0,torch.bfloat16,torch.bfloat16,0.0,1.0,hsaco,4,74.8,Cijk_Ailk_Bljk_BBS_BH_UserArgs_MT64x32x32_SN_K1_PGR6_SB1_TT2_2_WG16_16_3
52,4096,7168,64,0,torch.bfloat16,torch.bfloat16,0.0,1.0,hsaco,4,77.44,Cijk_Ailk_Bljk_BBS_BH_UserArgs_MT64x32x32_SN_K1_PGR6_SB1_TT2_2_WG16_16_3
52,4608,7168,64,0,torch.bfloat16,torch.bfloat16,0.0,1.0,hsaco,4,76.4,Cijk_Ailk_Bljk_BBS_BH_UserArgs_MT64x32x32_SN_K1_PGR6_SB1_TT2_2_WG16_16_3
52,7168,7168,64,0,torch.bfloat16,torch.bfloat16,0.0,1.0,hsaco,5,87.44,Cijk_Ailk_Bljk_BBS_BH_UserArgs_MT64x64x32_SN_K1_PGR6_SB1_TT2_2_WG16_16_3
53,576,256,64,0,torch.bfloat16,torch.bfloat16,0.0,1.0,hsaco,3,5.92,Cijk_Ailk_Bljk_BBS_BH_UserArgs_MT16x32x32_SN_K1_PGR6_SB1_TT2_2_WG16_16_2
53,1536,256,64,0,torch.bfloat16,torch.bfloat16,0.0,1.0,hsaco,4,8.48,Cijk_Ailk_Bljk_BBS_BH_UserArgs_MT64x32x32_SN_K1_PGR6_SB1_TT2_2_WG16_16_3
53,3072,256,64,0,torch.bfloat16,torch.bfloat16,0.0,1.0,hsaco,0,8.24,Cijk_Ailk_Bljk_BBS_BH_UserArgs_MT64x32x32_SN_K1_PGR6_SB1_TT2_2_WG16_16_2
53,4096,256,64,0,torch.bfloat16,torch.bfloat16,0.0,1.0,hsaco,0,8.24,Cijk_Ailk_Bljk_BBS_BH_UserArgs_MT64x32x32_SN_K1_PGR6_SB1_TT2_2_WG16_16_2
53,4608,256,64,0,torch.bfloat16,torch.bfloat16,0.0,1.0,hsaco,0,9.04,Cijk_Ailk_Bljk_BBS_BH_UserArgs_MT64x32x32_SN_K1_PGR6_SB1_TT2_2_WG16_16_2
53,7168,256,64,0,torch.bfloat16,torch.bfloat16,0.0,1.0,hsaco,1,10.64,Cijk_Ailk_Bljk_BBS_BH_UserArgs_MT64x64x32_SN_K1_PGR6_SB1_TT2_2_WG16_16_2
53,576,512,64,0,torch.bfloat16,torch.bfloat16,0.0,1.0,hsaco,3,6.72,Cijk_Ailk_Bljk_BBS_BH_UserArgs_MT16x32x32_SN_K1_PGR6_SB1_TT2_2_WG16_16_2
53,1536,512,64,0,torch.bfloat16,torch.bfloat16,0.0,1.0,hsaco,4,10.72,Cijk_Ailk_Bljk_BBS_BH_UserArgs_MT64x32x32_SN_K1_PGR6_SB1_TT2_2_WG16_16_3
53,3072,512,64,0,torch.bfloat16,torch.bfloat16,0.0,1.0,hsaco,4,11.84,Cijk_Ailk_Bljk_BBS_BH_UserArgs_MT64x32x32_SN_K1_PGR6_SB1_TT2_2_WG16_16_3
53,4096,512,64,0,torch.bfloat16,torch.bfloat16,0.0,1.0,hsaco,4,11.04,Cijk_Ailk_Bljk_BBS_BH_UserArgs_MT64x32x32_SN_K1_PGR6_SB1_TT2_2_WG16_16_3
53,4608,512,64,0,torch.bfloat16,torch.bfloat16,0.0,1.0,hsaco,4,10.96,Cijk_Ailk_Bljk_BBS_BH_UserArgs_MT64x32x32_SN_K1_PGR6_SB1_TT2_2_WG16_16_3
53,7168,512,64,0,torch.bfloat16,torch.bfloat16,0.0,1.0,hsaco,5,12.8,Cijk_Ailk_Bljk_BBS_BH_UserArgs_MT64x64x32_SN_K1_PGR6_SB1_TT2_2_WG16_16_3
53,576,1536,64,0,torch.bfloat16,torch.bfloat16,0.0,1.0,hsaco,3,10.96,Cijk_Ailk_Bljk_BBS_BH_UserArgs_MT16x32x32_SN_K1_PGR6_SB1_TT2_2_WG16_16_2
53,1536,1536,64,0,torch.bfloat16,torch.bfloat16,0.0,1.0,hsaco,4,20.32,Cijk_Ailk_Bljk_BBS_BH_UserArgs_MT64x32x32_SN_K1_PGR6_SB1_TT2_2_WG16_16_3
53,3072,1536,64,0,torch.bfloat16,torch.bfloat16,0.0,1.0,hsaco,4,20.96,Cijk_Ailk_Bljk_BBS_BH_UserArgs_MT64x32x32_SN_K1_PGR6_SB1_TT2_2_WG16_16_3
53,4096,1536,64,0,torch.bfloat16,torch.bfloat16,0.0,1.0,hsaco,4,21.2,Cijk_Ailk_Bljk_BBS_BH_UserArgs_MT64x32x32_SN_K1_PGR6_SB1_TT2_2_WG16_16_3
53,4608,1536,64,0,torch.bfloat16,torch.bfloat16,0.0,1.0,hsaco,4,21.2,Cijk_Ailk_Bljk_BBS_BH_UserArgs_MT64x32x32_SN_K1_PGR6_SB1_TT2_2_WG16_16_3
53,7168,1536,64,0,torch.bfloat16,torch.bfloat16,0.0,1.0,hsaco,5,24.88,Cijk_Ailk_Bljk_BBS_BH_UserArgs_MT64x64x32_SN_K1_PGR6_SB1_TT2_2_WG16_16_3
53,512,2048,64,0,torch.bfloat16,torch.bfloat16,0.0,1.0,hsaco,3,13.12,Cijk_Ailk_Bljk_BBS_BH_UserArgs_MT16x32x32_SN_K1_PGR6_SB1_TT2_2_WG16_16_2
53,1536,2048,64,0,torch.bfloat16,torch.bfloat16,0.0,1.0,hsaco,4,25.12,Cijk_Ailk_Bljk_BBS_BH_UserArgs_MT64x32x32_SN_K1_PGR6_SB1_TT2_2_WG16_16_3
53,3072,2048,64,0,torch.bfloat16,torch.bfloat16,0.0,1.0,hsaco,4,25.68,Cijk_Ailk_Bljk_BBS_BH_UserArgs_MT64x32x32_SN_K1_PGR6_SB1_TT2_2_WG16_16_3
53,4096,2048,64,0,torch.bfloat16,torch.bfloat16,0.0,1.0,hsaco,4,26.64,Cijk_Ailk_Bljk_BBS_BH_UserArgs_MT64x32x32_SN_K1_PGR6_SB1_TT2_2_WG16_16_3
53,4608,2048,64,0,torch.bfloat16,torch.bfloat16,0.0,1.0,hsaco,4,26.0,Cijk_Ailk_Bljk_BBS_BH_UserArgs_MT64x32x32_SN_K1_PGR6_SB1_TT2_2_WG16_16_3
53,7168,2048,64,0,torch.bfloat16,torch.bfloat16,0.0,1.0,hsaco,5,29.2,Cijk_Ailk_Bljk_BBS_BH_UserArgs_MT64x64x32_SN_K1_PGR6_SB1_TT2_2_WG16_16_3
53,512,2304,64,0,torch.bfloat16,torch.bfloat16,0.0,1.0,hsaco,3,14.56,Cijk_Ailk_Bljk_BBS_BH_UserArgs_MT16x32x32_SN_K1_PGR6_SB1_TT2_2_WG16_16_2
53,1536,2304,64,0,torch.bfloat16,torch.bfloat16,0.0,1.0,hsaco,4,27.84,Cijk_Ailk_Bljk_BBS_BH_UserArgs_MT64x32x32_SN_K1_PGR6_SB1_TT2_2_WG16_16_3
53,3072,2304,64,0,torch.bfloat16,torch.bfloat16,0.0,1.0,hsaco,4,28.24,Cijk_Ailk_Bljk_BBS_BH_UserArgs_MT64x32x32_SN_K1_PGR6_SB1_TT2_2_WG16_16_3
53,4096,2304,64,0,torch.bfloat16,torch.bfloat16,0.0,1.0,hsaco,4,28.88,Cijk_Ailk_Bljk_BBS_BH_UserArgs_MT64x32x32_SN_K1_PGR6_SB1_TT2_2_WG16_16_3
53,4608,2304,64,0,torch.bfloat16,torch.bfloat16,0.0,1.0,hsaco,4,29.12,Cijk_Ailk_Bljk_BBS_BH_UserArgs_MT64x32x32_SN_K1_PGR6_SB1_TT2_2_WG16_16_3
53,7168,2304,64,0,torch.bfloat16,torch.bfloat16,0.0,1.0,hsaco,5,32.96,Cijk_Ailk_Bljk_BBS_BH_UserArgs_MT64x64x32_SN_K1_PGR6_SB1_TT2_2_WG16_16_3
53,512,7168,64,0,torch.bfloat16,torch.bfloat16,0.0,1.0,hsaco,3,36.96,Cijk_Ailk_Bljk_BBS_BH_UserArgs_MT16x32x32_SN_K1_PGR6_SB1_TT2_2_WG16_16_2
53,1536,7168,64,0,torch.bfloat16,torch.bfloat16,0.0,1.0,hsaco,3,72.96,Cijk_Ailk_Bljk_BBS_BH_UserArgs_MT16x32x32_SN_K1_PGR6_SB1_TT2_2_WG16_16_2
53,3072,7168,64,0,torch.bfloat16,torch.bfloat16,0.0,1.0,hsaco,4,75.12,Cijk_Ailk_Bljk_BBS_BH_UserArgs_MT64x32x32_SN_K1_PGR6_SB1_TT2_2_WG16_16_3
53,4096,7168,64,0,torch.bfloat16,torch.bfloat16,0.0,1.0,hsaco,4,77.52,Cijk_Ailk_Bljk_BBS_BH_UserArgs_MT64x32x32_SN_K1_PGR6_SB1_TT2_2_WG16_16_3
53,4608,7168,64,0,torch.bfloat16,torch.bfloat16,0.0,1.0,hsaco,4,76.48,Cijk_Ailk_Bljk_BBS_BH_UserArgs_MT64x32x32_SN_K1_PGR6_SB1_TT2_2_WG16_16_3
53,7168,7168,64,0,torch.bfloat16,torch.bfloat16,0.0,1.0,hsaco,5,87.2,Cijk_Ailk_Bljk_BBS_BH_UserArgs_MT64x64x32_SN_K1_PGR6_SB1_TT2_2_WG16_16_3
54,576,256,64,0,torch.bfloat16,torch.bfloat16,0.0,1.0,hsaco,3,6.0,Cijk_Ailk_Bljk_BBS_BH_UserArgs_MT16x32x32_SN_K1_PGR6_SB1_TT2_2_WG16_16_2
54,1536,256,64,0,torch.bfloat16,torch.bfloat16,0.0,1.0,hsaco,4,8.56,Cijk_Ailk_Bljk_BBS_BH_UserArgs_MT64x32x32_SN_K1_PGR6_SB1_TT2_2_WG16_16_3
54,3072,256,64,0,torch.bfloat16,torch.bfloat16,0.0,1.0,hsaco,0,8.24,Cijk_Ailk_Bljk_BBS_BH_UserArgs_MT64x32x32_SN_K1_PGR6_SB1_TT2_2_WG16_16_2
54,4096,256,64,0,torch.bfloat16,torch.bfloat16,0.0,1.0,hsaco,0,8.32,Cijk_Ailk_Bljk_BBS_BH_UserArgs_MT64x32x32_SN_K1_PGR6_SB1_TT2_2_WG16_16_2
54,4608,256,64,0,torch.bfloat16,torch.bfloat16,0.0,1.0,hsaco,0,9.2,Cijk_Ailk_Bljk_BBS_BH_UserArgs_MT64x32x32_SN_K1_PGR6_SB1_TT2_2_WG16_16_2
54,7168,256,64,0,torch.bfloat16,torch.bfloat16,0.0,1.0,hsaco,1,10.56,Cijk_Ailk_Bljk_BBS_BH_UserArgs_MT64x64x32_SN_K1_PGR6_SB1_TT2_2_WG16_16_2
54,576,512,64,0,torch.bfloat16,torch.bfloat16,0.0,1.0,hsaco,3,6.72,Cijk_Ailk_Bljk_BBS_BH_UserArgs_MT16x32x32_SN_K1_PGR6_SB1_TT2_2_WG16_16_2
54,1536,512,64,0,torch.bfloat16,torch.bfloat16,0.0,1.0,hsaco,4,10.8,Cijk_Ailk_Bljk_BBS_BH_UserArgs_MT64x32x32_SN_K1_PGR6_SB1_TT2_2_WG16_16_3
54,3072,512,64,0,torch.bfloat16,torch.bfloat16,0.0,1.0,hsaco,4,11.68,Cijk_Ailk_Bljk_BBS_BH_UserArgs_MT64x32x32_SN_K1_PGR6_SB1_TT2_2_WG16_16_3
54,4096,512,64,0,torch.bfloat16,torch.bfloat16,0.0,1.0,hsaco,4,10.88,Cijk_Ailk_Bljk_BBS_BH_UserArgs_MT64x32x32_SN_K1_PGR6_SB1_TT2_2_WG16_16_3
54,4608,512,64,0,torch.bfloat16,torch.bfloat16,0.0,1.0,hsaco,4,11.04,Cijk_Ailk_Bljk_BBS_BH_UserArgs_MT64x32x32_SN_K1_PGR6_SB1_TT2_2_WG16_16_3
54,7168,512,64,0,torch.bfloat16,torch.bfloat16,0.0,1.0,hsaco,5,12.72,Cijk_Ailk_Bljk_BBS_BH_UserArgs_MT64x64x32_SN_K1_PGR6_SB1_TT2_2_WG16_16_3
54,576,1536,64,0,torch.bfloat16,torch.bfloat16,0.0,1.0,hsaco,3,10.96,Cijk_Ailk_Bljk_BBS_BH_UserArgs_MT16x32x32_SN_K1_PGR6_SB1_TT2_2_WG16_16_2
54,1536,1536,64,0,torch.bfloat16,torch.bfloat16,0.0,1.0,hsaco,4,20.48,Cijk_Ailk_Bljk_BBS_BH_UserArgs_MT64x32x32_SN_K1_PGR6_SB1_TT2_2_WG16_16_3
54,3072,1536,64,0,torch.bfloat16,torch.bfloat16,0.0,1.0,hsaco,4,20.8,Cijk_Ailk_Bljk_BBS_BH_UserArgs_MT64x32x32_SN_K1_PGR6_SB1_TT2_2_WG16_16_3
54,4096,1536,64,0,torch.bfloat16,torch.bfloat16,0.0,1.0,hsaco,4,21.04,Cijk_Ailk_Bljk_BBS_BH_UserArgs_MT64x32x32_SN_K1_PGR6_SB1_TT2_2_WG16_16_3
54,4608,1536,64,0,torch.bfloat16,torch.bfloat16,0.0,1.0,hsaco,4,21.36,Cijk_Ailk_Bljk_BBS_BH_UserArgs_MT64x32x32_SN_K1_PGR6_SB1_TT2_2_WG16_16_3
54,7168,1536,64,0,torch.bfloat16,torch.bfloat16,0.0,1.0,hsaco,5,24.48,Cijk_Ailk_Bljk_BBS_BH_UserArgs_MT64x64x32_SN_K1_PGR6_SB1_TT2_2_WG16_16_3
54,512,2048,64,0,torch.bfloat16,torch.bfloat16,0.0,1.0,hsaco,3,13.12,Cijk_Ailk_Bljk_BBS_BH_UserArgs_MT16x32x32_SN_K1_PGR6_SB1_TT2_2_WG16_16_2
54,1536,2048,64,0,torch.bfloat16,torch.bfloat16,0.0,1.0,hsaco,4,25.12,Cijk_Ailk_Bljk_BBS_BH_UserArgs_MT64x32x32_SN_K1_PGR6_SB1_TT2_2_WG16_16_3
54,3072,2048,64,0,torch.bfloat16,torch.bfloat16,0.0,1.0,hsaco,4,25.6,Cijk_Ailk_Bljk_BBS_BH_UserArgs_MT64x32x32_SN_K1_PGR6_SB1_TT2_2_WG16_16_3
54,4096,2048,64,0,torch.bfloat16,torch.bfloat16,0.0,1.0,hsaco,4,26.56,Cijk_Ailk_Bljk_BBS_BH_UserArgs_MT64x32x32_SN_K1_PGR6_SB1_TT2_2_WG16_16_3
54,4608,2048,64,0,torch.bfloat16,torch.bfloat16,0.0,1.0,hsaco,4,26.24,Cijk_Ailk_Bljk_BBS_BH_UserArgs_MT64x32x32_SN_K1_PGR6_SB1_TT2_2_WG16_16_3
54,7168,2048,64,0,torch.bfloat16,torch.bfloat16,0.0,1.0,hsaco,5,29.28,Cijk_Ailk_Bljk_BBS_BH_UserArgs_MT64x64x32_SN_K1_PGR6_SB1_TT2_2_WG16_16_3
54,512,2304,64,0,torch.bfloat16,torch.bfloat16,0.0,1.0,hsaco,3,14.64,Cijk_Ailk_Bljk_BBS_BH_UserArgs_MT16x32x32_SN_K1_PGR6_SB1_TT2_2_WG16_16_2
54,1536,2304,64,0,torch.bfloat16,torch.bfloat16,0.0,1.0,hsaco,4,27.6,Cijk_Ailk_Bljk_BBS_BH_UserArgs_MT64x32x32_SN_K1_PGR6_SB1_TT2_2_WG16_16_3
54,3072,2304,64,0,torch.bfloat16,torch.bfloat16,0.0,1.0,hsaco,4,28.48,Cijk_Ailk_Bljk_BBS_BH_UserArgs_MT64x32x32_SN_K1_PGR6_SB1_TT2_2_WG16_16_3
54,4096,2304,64,0,torch.bfloat16,torch.bfloat16,0.0,1.0,hsaco,4,28.64,Cijk_Ailk_Bljk_BBS_BH_UserArgs_MT64x32x32_SN_K1_PGR6_SB1_TT2_2_WG16_16_3
54,4608,2304,64,0,torch.bfloat16,torch.bfloat16,0.0,1.0,hsaco,4,28.88,Cijk_Ailk_Bljk_BBS_BH_UserArgs_MT64x32x32_SN_K1_PGR6_SB1_TT2_2_WG16_16_3
54,7168,2304,64,0,torch.bfloat16,torch.bfloat16,0.0,1.0,hsaco,5,33.04,Cijk_Ailk_Bljk_BBS_BH_UserArgs_MT64x64x32_SN_K1_PGR6_SB1_TT2_2_WG16_16_3
54,512,7168,64,0,torch.bfloat16,torch.bfloat16,0.0,1.0,hsaco,3,37.12,Cijk_Ailk_Bljk_BBS_BH_UserArgs_MT16x32x32_SN_K1_PGR6_SB1_TT2_2_WG16_16_2
54,1536,7168,64,0,torch.bfloat16,torch.bfloat16,0.0,1.0,hsaco,3,72.64,Cijk_Ailk_Bljk_BBS_BH_UserArgs_MT16x32x32_SN_K1_PGR6_SB1_TT2_2_WG16_16_2
54,3072,7168,64,0,torch.bfloat16,torch.bfloat16,0.0,1.0,hsaco,4,74.72,Cijk_Ailk_Bljk_BBS_BH_UserArgs_MT64x32x32_SN_K1_PGR6_SB1_TT2_2_WG16_16_3
54,4096,7168,64,0,torch.bfloat16,torch.bfloat16,0.0,1.0,hsaco,4,77.12,Cijk_Ailk_Bljk_BBS_BH_UserArgs_MT64x32x32_SN_K1_PGR6_SB1_TT2_2_WG16_16_3
54,4608,7168,64,0,torch.bfloat16,torch.bfloat16,0.0,1.0,hsaco,4,76.8,Cijk_Ailk_Bljk_BBS_BH_UserArgs_MT64x32x32_SN_K1_PGR6_SB1_TT2_2_WG16_16_3
54,7168,7168,64,0,torch.bfloat16,torch.bfloat16,0.0,1.0,hsaco,5,86.88,Cijk_Ailk_Bljk_BBS_BH_UserArgs_MT64x64x32_SN_K1_PGR6_SB1_TT2_2_WG16_16_3
55,576,256,64,0,torch.bfloat16,torch.bfloat16,0.0,1.0,hsaco,3,6.0,Cijk_Ailk_Bljk_BBS_BH_UserArgs_MT16x32x32_SN_K1_PGR6_SB1_TT2_2_WG16_16_2
55,1536,256,64,0,torch.bfloat16,torch.bfloat16,0.0,1.0,hsaco,4,8.64,Cijk_Ailk_Bljk_BBS_BH_UserArgs_MT64x32x32_SN_K1_PGR6_SB1_TT2_2_WG16_16_3
55,3072,256,64,0,torch.bfloat16,torch.bfloat16,0.0,1.0,hsaco,0,8.32,Cijk_Ailk_Bljk_BBS_BH_UserArgs_MT64x32x32_SN_K1_PGR6_SB1_TT2_2_WG16_16_2
55,4096,256,64,0,torch.bfloat16,torch.bfloat16,0.0,1.0,hsaco,0,8.16,Cijk_Ailk_Bljk_BBS_BH_UserArgs_MT64x32x32_SN_K1_PGR6_SB1_TT2_2_WG16_16_2
55,4608,256,64,0,torch.bfloat16,torch.bfloat16,0.0,1.0,hsaco,0,9.28,Cijk_Ailk_Bljk_BBS_BH_UserArgs_MT64x32x32_SN_K1_PGR6_SB1_TT2_2_WG16_16_2
55,7168,256,64,0,torch.bfloat16,torch.bfloat16,0.0,1.0,hsaco,1,10.56,Cijk_Ailk_Bljk_BBS_BH_UserArgs_MT64x64x32_SN_K1_PGR6_SB1_TT2_2_WG16_16_2
55,576,512,64,0,torch.bfloat16,torch.bfloat16,0.0,1.0,hsaco,3,6.8,Cijk_Ailk_Bljk_BBS_BH_UserArgs_MT16x32x32_SN_K1_PGR6_SB1_TT2_2_WG16_16_2
55,1536,512,64,0,torch.bfloat16,torch.bfloat16,0.0,1.0,hsaco,4,10.8,Cijk_Ailk_Bljk_BBS_BH_UserArgs_MT64x32x32_SN_K1_PGR6_SB1_TT2_2_WG16_16_3
55,3072,512,64,0,torch.bfloat16,torch.bfloat16,0.0,1.0,hsaco,4,11.76,Cijk_Ailk_Bljk_BBS_BH_UserArgs_MT64x32x32_SN_K1_PGR6_SB1_TT2_2_WG16_16_3
55,4096,512,64,0,torch.bfloat16,torch.bfloat16,0.0,1.0,hsaco,4,11.04,Cijk_Ailk_Bljk_BBS_BH_UserArgs_MT64x32x32_SN_K1_PGR6_SB1_TT2_2_WG16_16_3
55,4608,512,64,0,torch.bfloat16,torch.bfloat16,0.0,1.0,hsaco,4,11.12,Cijk_Ailk_Bljk_BBS_BH_UserArgs_MT64x32x32_SN_K1_PGR6_SB1_TT2_2_WG16_16_3
55,7168,512,64,0,torch.bfloat16,torch.bfloat16,0.0,1.0,hsaco,5,12.72,Cijk_Ailk_Bljk_BBS_BH_UserArgs_MT64x64x32_SN_K1_PGR6_SB1_TT2_2_WG16_16_3
55,576,1536,64,0,torch.bfloat16,torch.bfloat16,0.0,1.0,hsaco,3,10.96,Cijk_Ailk_Bljk_BBS_BH_UserArgs_MT16x32x32_SN_K1_PGR6_SB1_TT2_2_WG16_16_2
55,1536,1536,64,0,torch.bfloat16,torch.bfloat16,0.0,1.0,hsaco,4,20.56,Cijk_Ailk_Bljk_BBS_BH_UserArgs_MT64x32x32_SN_K1_PGR6_SB1_TT2_2_WG16_16_3
55,3072,1536,64,0,torch.bfloat16,torch.bfloat16,0.0,1.0,hsaco,4,20.64,Cijk_Ailk_Bljk_BBS_BH_UserArgs_MT64x32x32_SN_K1_PGR6_SB1_TT2_2_WG16_16_3
55,4096,1536,64,0,torch.bfloat16,torch.bfloat16,0.0,1.0,hsaco,4,21.36,Cijk_Ailk_Bljk_BBS_BH_UserArgs_MT64x32x32_SN_K1_PGR6_SB1_TT2_2_WG16_16_3
55,4608,1536,64,0,torch.bfloat16,torch.bfloat16,0.0,1.0,hsaco,4,21.44,Cijk_Ailk_Bljk_BBS_BH_UserArgs_MT64x32x32_SN_K1_PGR6_SB1_TT2_2_WG16_16_3
55,7168,1536,64,0,torch.bfloat16,torch.bfloat16,0.0,1.0,hsaco,5,24.88,Cijk_Ailk_Bljk_BBS_BH_UserArgs_MT64x64x32_SN_K1_PGR6_SB1_TT2_2_WG16_16_3
55,512,2048,64,0,torch.bfloat16,torch.bfloat16,0.0,1.0,hsaco,3,13.04,Cijk_Ailk_Bljk_BBS_BH_UserArgs_MT16x32x32_SN_K1_PGR6_SB1_TT2_2_WG16_16_2
55,1536,2048,64,0,torch.bfloat16,torch.bfloat16,0.0,1.0,hsaco,4,25.2,Cijk_Ailk_Bljk_BBS_BH_UserArgs_MT64x32x32_SN_K1_PGR6_SB1_TT2_2_WG16_16_3
55,3072,2048,64,0,torch.bfloat16,torch.bfloat16,0.0,1.0,hsaco,4,25.6,Cijk_Ailk_Bljk_BBS_BH_UserArgs_MT64x32x32_SN_K1_PGR6_SB1_TT2_2_WG16_16_3
55,4096,2048,64,0,torch.bfloat16,torch.bfloat16,0.0,1.0,hsaco,4,26.72,Cijk_Ailk_Bljk_BBS_BH_UserArgs_MT64x32x32_SN_K1_PGR6_SB1_TT2_2_WG16_16_3
55,4608,2048,64,0,torch.bfloat16,torch.bfloat16,0.0,1.0,hsaco,4,26.0,Cijk_Ailk_Bljk_BBS_BH_UserArgs_MT64x32x32_SN_K1_PGR6_SB1_TT2_2_WG16_16_3
55,7168,2048,64,0,torch.bfloat16,torch.bfloat16,0.0,1.0,hsaco,5,29.12,Cijk_Ailk_Bljk_BBS_BH_UserArgs_MT64x64x32_SN_K1_PGR6_SB1_TT2_2_WG16_16_3
55,512,2304,64,0,torch.bfloat16,torch.bfloat16,0.0,1.0,hsaco,3,14.4,Cijk_Ailk_Bljk_BBS_BH_UserArgs_MT16x32x32_SN_K1_PGR6_SB1_TT2_2_WG16_16_2
55,1536,2304,64,0,torch.bfloat16,torch.bfloat16,0.0,1.0,hsaco,4,27.84,Cijk_Ailk_Bljk_BBS_BH_UserArgs_MT64x32x32_SN_K1_PGR6_SB1_TT2_2_WG16_16_3
55,3072,2304,64,0,torch.bfloat16,torch.bfloat16,0.0,1.0,hsaco,4,28.32,Cijk_Ailk_Bljk_BBS_BH_UserArgs_MT64x32x32_SN_K1_PGR6_SB1_TT2_2_WG16_16_3
55,4096,2304,64,0,torch.bfloat16,torch.bfloat16,0.0,1.0,hsaco,4,28.64,Cijk_Ailk_Bljk_BBS_BH_UserArgs_MT64x32x32_SN_K1_PGR6_SB1_TT2_2_WG16_16_3
55,4608,2304,64,0,torch.bfloat16,torch.bfloat16,0.0,1.0,hsaco,4,29.12,Cijk_Ailk_Bljk_BBS_BH_UserArgs_MT64x32x32_SN_K1_PGR6_SB1_TT2_2_WG16_16_3
55,7168,2304,64,0,torch.bfloat16,torch.bfloat16,0.0,1.0,hsaco,5,32.8,Cijk_Ailk_Bljk_BBS_BH_UserArgs_MT64x64x32_SN_K1_PGR6_SB1_TT2_2_WG16_16_3
55,512,7168,64,0,torch.bfloat16,torch.bfloat16,0.0,1.0,hsaco,3,37.04,Cijk_Ailk_Bljk_BBS_BH_UserArgs_MT16x32x32_SN_K1_PGR6_SB1_TT2_2_WG16_16_2
55,1536,7168,64,0,torch.bfloat16,torch.bfloat16,0.0,1.0,hsaco,3,73.68,Cijk_Ailk_Bljk_BBS_BH_UserArgs_MT16x32x32_SN_K1_PGR6_SB1_TT2_2_WG16_16_2
55,3072,7168,64,0,torch.bfloat16,torch.bfloat16,0.0,1.0,hsaco,4,74.88,Cijk_Ailk_Bljk_BBS_BH_UserArgs_MT64x32x32_SN_K1_PGR6_SB1_TT2_2_WG16_16_3
55,4096,7168,64,0,torch.bfloat16,torch.bfloat16,0.0,1.0,hsaco,4,77.12,Cijk_Ailk_Bljk_BBS_BH_UserArgs_MT64x32x32_SN_K1_PGR6_SB1_TT2_2_WG16_16_3
55,4608,7168,64,0,torch.bfloat16,torch.bfloat16,0.0,1.0,hsaco,4,76.72,Cijk_Ailk_Bljk_BBS_BH_UserArgs_MT64x32x32_SN_K1_PGR6_SB1_TT2_2_WG16_16_3
55,7168,7168,64,0,torch.bfloat16,torch.bfloat16,0.0,1.0,hsaco,5,87.6,Cijk_Ailk_Bljk_BBS_BH_UserArgs_MT64x64x32_SN_K1_PGR6_SB1_TT2_2_WG16_16_3
56,576,256,64,0,torch.bfloat16,torch.bfloat16,0.0,1.0,hsaco,3,5.92,Cijk_Ailk_Bljk_BBS_BH_UserArgs_MT16x32x32_SN_K1_PGR6_SB1_TT2_2_WG16_16_2
56,1536,256,64,0,torch.bfloat16,torch.bfloat16,0.0,1.0,hsaco,4,8.56,Cijk_Ailk_Bljk_BBS_BH_UserArgs_MT64x32x32_SN_K1_PGR6_SB1_TT2_2_WG16_16_3
56,3072,256,64,0,torch.bfloat16,torch.bfloat16,0.0,1.0,hsaco,0,8.4,Cijk_Ailk_Bljk_BBS_BH_UserArgs_MT64x32x32_SN_K1_PGR6_SB1_TT2_2_WG16_16_2
56,4096,256,64,0,torch.bfloat16,torch.bfloat16,0.0,1.0,hsaco,0,8.24,Cijk_Ailk_Bljk_BBS_BH_UserArgs_MT64x32x32_SN_K1_PGR6_SB1_TT2_2_WG16_16_2
56,4608,256,64,0,torch.bfloat16,torch.bfloat16,0.0,1.0,hsaco,0,9.2,Cijk_Ailk_Bljk_BBS_BH_UserArgs_MT64x32x32_SN_K1_PGR6_SB1_TT2_2_WG16_16_2
56,7168,256,64,0,torch.bfloat16,torch.bfloat16,0.0,1.0,hsaco,1,10.64,Cijk_Ailk_Bljk_BBS_BH_UserArgs_MT64x64x32_SN_K1_PGR6_SB1_TT2_2_WG16_16_2
56,576,512,64,0,torch.bfloat16,torch.bfloat16,0.0,1.0,hsaco,3,6.72,Cijk_Ailk_Bljk_BBS_BH_UserArgs_MT16x32x32_SN_K1_PGR6_SB1_TT2_2_WG16_16_2
56,1536,512,64,0,torch.bfloat16,torch.bfloat16,0.0,1.0,hsaco,4,10.88,Cijk_Ailk_Bljk_BBS_BH_UserArgs_MT64x32x32_SN_K1_PGR6_SB1_TT2_2_WG16_16_3
56,3072,512,64,0,torch.bfloat16,torch.bfloat16,0.0,1.0,hsaco,4,11.84,Cijk_Ailk_Bljk_BBS_BH_UserArgs_MT64x32x32_SN_K1_PGR6_SB1_TT2_2_WG16_16_3
56,4096,512,64,0,torch.bfloat16,torch.bfloat16,0.0,1.0,hsaco,4,11.04,Cijk_Ailk_Bljk_BBS_BH_UserArgs_MT64x32x32_SN_K1_PGR6_SB1_TT2_2_WG16_16_3
56,4608,512,64,0,torch.bfloat16,torch.bfloat16,0.0,1.0,hsaco,4,10.96,Cijk_Ailk_Bljk_BBS_BH_UserArgs_MT64x32x32_SN_K1_PGR6_SB1_TT2_2_WG16_16_3
56,7168,512,64,0,torch.bfloat16,torch.bfloat16,0.0,1.0,hsaco,5,12.8,Cijk_Ailk_Bljk_BBS_BH_UserArgs_MT64x64x32_SN_K1_PGR6_SB1_TT2_2_WG16_16_3
56,576,1536,64,0,torch.bfloat16,torch.bfloat16,0.0,1.0,hsaco,3,10.96,Cijk_Ailk_Bljk_BBS_BH_UserArgs_MT16x32x32_SN_K1_PGR6_SB1_TT2_2_WG16_16_2
56,1536,1536,64,0,torch.bfloat16,torch.bfloat16,0.0,1.0,hsaco,4,20.4,Cijk_Ailk_Bljk_BBS_BH_UserArgs_MT64x32x32_SN_K1_PGR6_SB1_TT2_2_WG16_16_3
56,3072,1536,64,0,torch.bfloat16,torch.bfloat16,0.0,1.0,hsaco,4,20.88,Cijk_Ailk_Bljk_BBS_BH_UserArgs_MT64x32x32_SN_K1_PGR6_SB1_TT2_2_WG16_16_3
56,4096,1536,64,0,torch.bfloat16,torch.bfloat16,0.0,1.0,hsaco,4,21.12,Cijk_Ailk_Bljk_BBS_BH_UserArgs_MT64x32x32_SN_K1_PGR6_SB1_TT2_2_WG16_16_3
56,4608,1536,64,0,torch.bfloat16,torch.bfloat16,0.0,1.0,hsaco,4,21.28,Cijk_Ailk_Bljk_BBS_BH_UserArgs_MT64x32x32_SN_K1_PGR6_SB1_TT2_2_WG16_16_3
56,7168,1536,64,0,torch.bfloat16,torch.bfloat16,0.0,1.0,hsaco,5,24.8,Cijk_Ailk_Bljk_BBS_BH_UserArgs_MT64x64x32_SN_K1_PGR6_SB1_TT2_2_WG16_16_3
56,512,2048,64,0,torch.bfloat16,torch.bfloat16,0.0,1.0,hsaco,3,13.2,Cijk_Ailk_Bljk_BBS_BH_UserArgs_MT16x32x32_SN_K1_PGR6_SB1_TT2_2_WG16_16_2
56,1536,2048,64,0,torch.bfloat16,torch.bfloat16,0.0,1.0,hsaco,4,25.28,Cijk_Ailk_Bljk_BBS_BH_UserArgs_MT64x32x32_SN_K1_PGR6_SB1_TT2_2_WG16_16_3
56,3072,2048,64,0,torch.bfloat16,torch.bfloat16,0.0,1.0,hsaco,4,25.76,Cijk_Ailk_Bljk_BBS_BH_UserArgs_MT64x32x32_SN_K1_PGR6_SB1_TT2_2_WG16_16_3
56,4096,2048,64,0,torch.bfloat16,torch.bfloat16,0.0,1.0,hsaco,4,26.48,Cijk_Ailk_Bljk_BBS_BH_UserArgs_MT64x32x32_SN_K1_PGR6_SB1_TT2_2_WG16_16_3
56,4608,2048,64,0,torch.bfloat16,torch.bfloat16,0.0,1.0,hsaco,4,26.08,Cijk_Ailk_Bljk_BBS_BH_UserArgs_MT64x32x32_SN_K1_PGR6_SB1_TT2_2_WG16_16_3
56,7168,2048,64,0,torch.bfloat16,torch.bfloat16,0.0,1.0,hsaco,5,29.2,Cijk_Ailk_Bljk_BBS_BH_UserArgs_MT64x64x32_SN_K1_PGR6_SB1_TT2_2_WG16_16_3
56,512,2304,64,0,torch.bfloat16,torch.bfloat16,0.0,1.0,hsaco,3,14.48,Cijk_Ailk_Bljk_BBS_BH_UserArgs_MT16x32x32_SN_K1_PGR6_SB1_TT2_2_WG16_16_2
56,1536,2304,64,0,torch.bfloat16,torch.bfloat16,0.0,1.0,hsaco,4,27.76,Cijk_Ailk_Bljk_BBS_BH_UserArgs_MT64x32x32_SN_K1_PGR6_SB1_TT2_2_WG16_16_3
56,3072,2304,64,0,torch.bfloat16,torch.bfloat16,0.0,1.0,hsaco,4,28.32,Cijk_Ailk_Bljk_BBS_BH_UserArgs_MT64x32x32_SN_K1_PGR6_SB1_TT2_2_WG16_16_3
56,4096,2304,64,0,torch.bfloat16,torch.bfloat16,0.0,1.0,hsaco,4,28.64,Cijk_Ailk_Bljk_BBS_BH_UserArgs_MT64x32x32_SN_K1_PGR6_SB1_TT2_2_WG16_16_3
56,4608,2304,64,0,torch.bfloat16,torch.bfloat16,0.0,1.0,hsaco,4,29.04,Cijk_Ailk_Bljk_BBS_BH_UserArgs_MT64x32x32_SN_K1_PGR6_SB1_TT2_2_WG16_16_3
56,7168,2304,64,0,torch.bfloat16,torch.bfloat16,0.0,1.0,hsaco,5,33.12,Cijk_Ailk_Bljk_BBS_BH_UserArgs_MT64x64x32_SN_K1_PGR6_SB1_TT2_2_WG16_16_3
56,512,7168,64,0,torch.bfloat16,torch.bfloat16,0.0,1.0,hsaco,3,37.2,Cijk_Ailk_Bljk_BBS_BH_UserArgs_MT16x32x32_SN_K1_PGR6_SB1_TT2_2_WG16_16_2
56,1536,7168,64,0,torch.bfloat16,torch.bfloat16,0.0,1.0,hsaco,3,73.84,Cijk_Ailk_Bljk_BBS_BH_UserArgs_MT16x32x32_SN_K1_PGR6_SB1_TT2_2_WG16_16_2
56,3072,7168,64,0,torch.bfloat16,torch.bfloat16,0.0,1.0,hsaco,4,75.12,Cijk_Ailk_Bljk_BBS_BH_UserArgs_MT64x32x32_SN_K1_PGR6_SB1_TT2_2_WG16_16_3
56,4096,7168,64,0,torch.bfloat16,torch.bfloat16,0.0,1.0,hsaco,4,77.52,Cijk_Ailk_Bljk_BBS_BH_UserArgs_MT64x32x32_SN_K1_PGR6_SB1_TT2_2_WG16_16_3
56,4608,7168,64,0,torch.bfloat16,torch.bfloat16,0.0,1.0,hsaco,4,77.04,Cijk_Ailk_Bljk_BBS_BH_UserArgs_MT64x32x32_SN_K1_PGR6_SB1_TT2_2_WG16_16_3
56,7168,7168,64,0,torch.bfloat16,torch.bfloat16,0.0,1.0,hsaco,5,88.0,Cijk_Ailk_Bljk_BBS_BH_UserArgs_MT64x64x32_SN_K1_PGR6_SB1_TT2_2_WG16_16_3
57,576,256,64,0,torch.bfloat16,torch.bfloat16,0.0,1.0,hsaco,3,5.92,Cijk_Ailk_Bljk_BBS_BH_UserArgs_MT16x32x32_SN_K1_PGR6_SB1_TT2_2_WG16_16_2
57,1536,256,64,0,torch.bfloat16,torch.bfloat16,0.0,1.0,hsaco,4,8.48,Cijk_Ailk_Bljk_BBS_BH_UserArgs_MT64x32x32_SN_K1_PGR6_SB1_TT2_2_WG16_16_3
57,3072,256,64,0,torch.bfloat16,torch.bfloat16,0.0,1.0,hsaco,0,8.32,Cijk_Ailk_Bljk_BBS_BH_UserArgs_MT64x32x32_SN_K1_PGR6_SB1_TT2_2_WG16_16_2
57,4096,256,64,0,torch.bfloat16,torch.bfloat16,0.0,1.0,hsaco,0,8.48,Cijk_Ailk_Bljk_BBS_BH_UserArgs_MT64x32x32_SN_K1_PGR6_SB1_TT2_2_WG16_16_2
57,4608,256,64,0,torch.bfloat16,torch.bfloat16,0.0,1.0,hsaco,0,9.12,Cijk_Ailk_Bljk_BBS_BH_UserArgs_MT64x32x32_SN_K1_PGR6_SB1_TT2_2_WG16_16_2
57,7168,256,64,0,torch.bfloat16,torch.bfloat16,0.0,1.0,hsaco,1,10.64,Cijk_Ailk_Bljk_BBS_BH_UserArgs_MT64x64x32_SN_K1_PGR6_SB1_TT2_2_WG16_16_2
57,576,512,64,0,torch.bfloat16,torch.bfloat16,0.0,1.0,hsaco,3,6.72,Cijk_Ailk_Bljk_BBS_BH_UserArgs_MT16x32x32_SN_K1_PGR6_SB1_TT2_2_WG16_16_2
57,1536,512,64,0,torch.bfloat16,torch.bfloat16,0.0,1.0,hsaco,4,10.88,Cijk_Ailk_Bljk_BBS_BH_UserArgs_MT64x32x32_SN_K1_PGR6_SB1_TT2_2_WG16_16_3
57,3072,512,64,0,torch.bfloat16,torch.bfloat16,0.0,1.0,hsaco,4,11.68,Cijk_Ailk_Bljk_BBS_BH_UserArgs_MT64x32x32_SN_K1_PGR6_SB1_TT2_2_WG16_16_3
57,4096,512,64,0,torch.bfloat16,torch.bfloat16,0.0,1.0,hsaco,4,10.96,Cijk_Ailk_Bljk_BBS_BH_UserArgs_MT64x32x32_SN_K1_PGR6_SB1_TT2_2_WG16_16_3
57,4608,512,64,0,torch.bfloat16,torch.bfloat16,0.0,1.0,hsaco,4,10.88,Cijk_Ailk_Bljk_BBS_BH_UserArgs_MT64x32x32_SN_K1_PGR6_SB1_TT2_2_WG16_16_3
57,7168,512,64,0,torch.bfloat16,torch.bfloat16,0.0,1.0,hsaco,5,12.8,Cijk_Ailk_Bljk_BBS_BH_UserArgs_MT64x64x32_SN_K1_PGR6_SB1_TT2_2_WG16_16_3
57,576,1536,64,0,torch.bfloat16,torch.bfloat16,0.0,1.0,hsaco,3,10.96,Cijk_Ailk_Bljk_BBS_BH_UserArgs_MT16x32x32_SN_K1_PGR6_SB1_TT2_2_WG16_16_2
57,1536,1536,64,0,torch.bfloat16,torch.bfloat16,0.0,1.0,hsaco,4,20.32,Cijk_Ailk_Bljk_BBS_BH_UserArgs_MT64x32x32_SN_K1_PGR6_SB1_TT2_2_WG16_16_3
57,3072,1536,64,0,torch.bfloat16,torch.bfloat16,0.0,1.0,hsaco,4,20.8,Cijk_Ailk_Bljk_BBS_BH_UserArgs_MT64x32x32_SN_K1_PGR6_SB1_TT2_2_WG16_16_3
57,4096,1536,64,0,torch.bfloat16,torch.bfloat16,0.0,1.0,hsaco,4,21.04,Cijk_Ailk_Bljk_BBS_BH_UserArgs_MT64x32x32_SN_K1_PGR6_SB1_TT2_2_WG16_16_3
57,4608,1536,64,0,torch.bfloat16,torch.bfloat16,0.0,1.0,hsaco,4,21.36,Cijk_Ailk_Bljk_BBS_BH_UserArgs_MT64x32x32_SN_K1_PGR6_SB1_TT2_2_WG16_16_3
57,7168,1536,64,0,torch.bfloat16,torch.bfloat16,0.0,1.0,hsaco,5,24.72,Cijk_Ailk_Bljk_BBS_BH_UserArgs_MT64x64x32_SN_K1_PGR6_SB1_TT2_2_WG16_16_3
57,512,2048,64,0,torch.bfloat16,torch.bfloat16,0.0,1.0,hsaco,3,13.12,Cijk_Ailk_Bljk_BBS_BH_UserArgs_MT16x32x32_SN_K1_PGR6_SB1_TT2_2_WG16_16_2
57,1536,2048,64,0,torch.bfloat16,torch.bfloat16,0.0,1.0,hsaco,4,25.28,Cijk_Ailk_Bljk_BBS_BH_UserArgs_MT64x32x32_SN_K1_PGR6_SB1_TT2_2_WG16_16_3
57,3072,2048,64,0,torch.bfloat16,torch.bfloat16,0.0,1.0,hsaco,4,25.84,Cijk_Ailk_Bljk_BBS_BH_UserArgs_MT64x32x32_SN_K1_PGR6_SB1_TT2_2_WG16_16_3
57,4096,2048,64,0,torch.bfloat16,torch.bfloat16,0.0,1.0,hsaco,4,26.64,Cijk_Ailk_Bljk_BBS_BH_UserArgs_MT64x32x32_SN_K1_PGR6_SB1_TT2_2_WG16_16_3
57,4608,2048,64,0,torch.bfloat16,torch.bfloat16,0.0,1.0,hsaco,4,25.84,Cijk_Ailk_Bljk_BBS_BH_UserArgs_MT64x32x32_SN_K1_PGR6_SB1_TT2_2_WG16_16_3
57,7168,2048,64,0,torch.bfloat16,torch.bfloat16,0.0,1.0,hsaco,5,29.36,Cijk_Ailk_Bljk_BBS_BH_UserArgs_MT64x64x32_SN_K1_PGR6_SB1_TT2_2_WG16_16_3
57,512,2304,64,0,torch.bfloat16,torch.bfloat16,0.0,1.0,hsaco,3,14.64,Cijk_Ailk_Bljk_BBS_BH_UserArgs_MT16x32x32_SN_K1_PGR6_SB1_TT2_2_WG16_16_2
57,1536,2304,64,0,torch.bfloat16,torch.bfloat16,0.0,1.0,hsaco,4,27.76,Cijk_Ailk_Bljk_BBS_BH_UserArgs_MT64x32x32_SN_K1_PGR6_SB1_TT2_2_WG16_16_3
57,3072,2304,64,0,torch.bfloat16,torch.bfloat16,0.0,1.0,hsaco,4,28.4,Cijk_Ailk_Bljk_BBS_BH_UserArgs_MT64x32x32_SN_K1_PGR6_SB1_TT2_2_WG16_16_3
57,4096,2304,64,0,torch.bfloat16,torch.bfloat16,0.0,1.0,hsaco,4,28.8,Cijk_Ailk_Bljk_BBS_BH_UserArgs_MT64x32x32_SN_K1_PGR6_SB1_TT2_2_WG16_16_3
57,4608,2304,64,0,torch.bfloat16,torch.bfloat16,0.0,1.0,hsaco,4,28.96,Cijk_Ailk_Bljk_BBS_BH_UserArgs_MT64x32x32_SN_K1_PGR6_SB1_TT2_2_WG16_16_3
57,7168,2304,64,0,torch.bfloat16,torch.bfloat16,0.0,1.0,hsaco,5,33.04,Cijk_Ailk_Bljk_BBS_BH_UserArgs_MT64x64x32_SN_K1_PGR6_SB1_TT2_2_WG16_16_3
57,512,7168,64,0,torch.bfloat16,torch.bfloat16,0.0,1.0,hsaco,3,37.28,Cijk_Ailk_Bljk_BBS_BH_UserArgs_MT16x32x32_SN_K1_PGR6_SB1_TT2_2_WG16_16_2
57,1536,7168,64,0,torch.bfloat16,torch.bfloat16,0.0,1.0,hsaco,3,74.56,Cijk_Ailk_Bljk_BBS_BH_UserArgs_MT16x32x32_SN_K1_PGR6_SB1_TT2_2_WG16_16_2
57,3072,7168,64,0,torch.bfloat16,torch.bfloat16,0.0,1.0,hsaco,4,74.72,Cijk_Ailk_Bljk_BBS_BH_UserArgs_MT64x32x32_SN_K1_PGR6_SB1_TT2_2_WG16_16_3
57,4096,7168,64,0,torch.bfloat16,torch.bfloat16,0.0,1.0,hsaco,4,76.96,Cijk_Ailk_Bljk_BBS_BH_UserArgs_MT64x32x32_SN_K1_PGR6_SB1_TT2_2_WG16_16_3
57,4608,7168,64,0,torch.bfloat16,torch.bfloat16,0.0,1.0,hsaco,4,76.64,Cijk_Ailk_Bljk_BBS_BH_UserArgs_MT64x32x32_SN_K1_PGR6_SB1_TT2_2_WG16_16_3
57,7168,7168,64,0,torch.bfloat16,torch.bfloat16,0.0,1.0,hsaco,5,87.12,Cijk_Ailk_Bljk_BBS_BH_UserArgs_MT64x64x32_SN_K1_PGR6_SB1_TT2_2_WG16_16_3
58,576,256,64,0,torch.bfloat16,torch.bfloat16,0.0,1.0,hsaco,3,5.92,Cijk_Ailk_Bljk_BBS_BH_UserArgs_MT16x32x32_SN_K1_PGR6_SB1_TT2_2_WG16_16_2
58,1536,256,64,0,torch.bfloat16,torch.bfloat16,0.0,1.0,hsaco,4,8.48,Cijk_Ailk_Bljk_BBS_BH_UserArgs_MT64x32x32_SN_K1_PGR6_SB1_TT2_2_WG16_16_3
58,3072,256,64,0,torch.bfloat16,torch.bfloat16,0.0,1.0,hsaco,0,8.24,Cijk_Ailk_Bljk_BBS_BH_UserArgs_MT64x32x32_SN_K1_PGR6_SB1_TT2_2_WG16_16_2
58,4096,256,64,0,torch.bfloat16,torch.bfloat16,0.0,1.0,hsaco,0,8.4,Cijk_Ailk_Bljk_BBS_BH_UserArgs_MT64x32x32_SN_K1_PGR6_SB1_TT2_2_WG16_16_2
58,4608,256,64,0,torch.bfloat16,torch.bfloat16,0.0,1.0,hsaco,0,9.44,Cijk_Ailk_Bljk_BBS_BH_UserArgs_MT64x32x32_SN_K1_PGR6_SB1_TT2_2_WG16_16_2
58,7168,256,64,0,torch.bfloat16,torch.bfloat16,0.0,1.0,hsaco,1,10.64,Cijk_Ailk_Bljk_BBS_BH_UserArgs_MT64x64x32_SN_K1_PGR6_SB1_TT2_2_WG16_16_2
58,576,512,64,0,torch.bfloat16,torch.bfloat16,0.0,1.0,hsaco,3,6.8,Cijk_Ailk_Bljk_BBS_BH_UserArgs_MT16x32x32_SN_K1_PGR6_SB1_TT2_2_WG16_16_2
58,1536,512,64,0,torch.bfloat16,torch.bfloat16,0.0,1.0,hsaco,4,10.72,Cijk_Ailk_Bljk_BBS_BH_UserArgs_MT64x32x32_SN_K1_PGR6_SB1_TT2_2_WG16_16_3
58,3072,512,64,0,torch.bfloat16,torch.bfloat16,0.0,1.0,hsaco,4,11.76,Cijk_Ailk_Bljk_BBS_BH_UserArgs_MT64x32x32_SN_K1_PGR6_SB1_TT2_2_WG16_16_3
58,4096,512,64,0,torch.bfloat16,torch.bfloat16,0.0,1.0,hsaco,4,10.88,Cijk_Ailk_Bljk_BBS_BH_UserArgs_MT64x32x32_SN_K1_PGR6_SB1_TT2_2_WG16_16_3
58,4608,512,64,0,torch.bfloat16,torch.bfloat16,0.0,1.0,hsaco,4,10.88,Cijk_Ailk_Bljk_BBS_BH_UserArgs_MT64x32x32_SN_K1_PGR6_SB1_TT2_2_WG16_16_3
58,7168,512,64,0,torch.bfloat16,torch.bfloat16,0.0,1.0,hsaco,5,12.8,Cijk_Ailk_Bljk_BBS_BH_UserArgs_MT64x64x32_SN_K1_PGR6_SB1_TT2_2_WG16_16_3
58,576,1536,64,0,torch.bfloat16,torch.bfloat16,0.0,1.0,hsaco,3,11.04,Cijk_Ailk_Bljk_BBS_BH_UserArgs_MT16x32x32_SN_K1_PGR6_SB1_TT2_2_WG16_16_2
58,1536,1536,64,0,torch.bfloat16,torch.bfloat16,0.0,1.0,hsaco,4,20.32,Cijk_Ailk_Bljk_BBS_BH_UserArgs_MT64x32x32_SN_K1_PGR6_SB1_TT2_2_WG16_16_3
58,3072,1536,64,0,torch.bfloat16,torch.bfloat16,0.0,1.0,hsaco,4,20.88,Cijk_Ailk_Bljk_BBS_BH_UserArgs_MT64x32x32_SN_K1_PGR6_SB1_TT2_2_WG16_16_3
58,4096,1536,64,0,torch.bfloat16,torch.bfloat16,0.0,1.0,hsaco,4,21.28,Cijk_Ailk_Bljk_BBS_BH_UserArgs_MT64x32x32_SN_K1_PGR6_SB1_TT2_2_WG16_16_3
58,4608,1536,64,0,torch.bfloat16,torch.bfloat16,0.0,1.0,hsaco,4,21.44,Cijk_Ailk_Bljk_BBS_BH_UserArgs_MT64x32x32_SN_K1_PGR6_SB1_TT2_2_WG16_16_3
58,7168,1536,64,0,torch.bfloat16,torch.bfloat16,0.0,1.0,hsaco,5,24.48,Cijk_Ailk_Bljk_BBS_BH_UserArgs_MT64x64x32_SN_K1_PGR6_SB1_TT2_2_WG16_16_3
58,512,2048,64,0,torch.bfloat16,torch.bfloat16,0.0,1.0,hsaco,3,13.12,Cijk_Ailk_Bljk_BBS_BH_UserArgs_MT16x32x32_SN_K1_PGR6_SB1_TT2_2_WG16_16_2
58,1536,2048,64,0,torch.bfloat16,torch.bfloat16,0.0,1.0,hsaco,4,25.28,Cijk_Ailk_Bljk_BBS_BH_UserArgs_MT64x32x32_SN_K1_PGR6_SB1_TT2_2_WG16_16_3
58,3072,2048,64,0,torch.bfloat16,torch.bfloat16,0.0,1.0,hsaco,4,25.68,Cijk_Ailk_Bljk_BBS_BH_UserArgs_MT64x32x32_SN_K1_PGR6_SB1_TT2_2_WG16_16_3
58,4096,2048,64,0,torch.bfloat16,torch.bfloat16,0.0,1.0,hsaco,4,26.4,Cijk_Ailk_Bljk_BBS_BH_UserArgs_MT64x32x32_SN_K1_PGR6_SB1_TT2_2_WG16_16_3
58,4608,2048,64,0,torch.bfloat16,torch.bfloat16,0.0,1.0,hsaco,4,26.0,Cijk_Ailk_Bljk_BBS_BH_UserArgs_MT64x32x32_SN_K1_PGR6_SB1_TT2_2_WG16_16_3
58,7168,2048,64,0,torch.bfloat16,torch.bfloat16,0.0,1.0,hsaco,5,29.44,Cijk_Ailk_Bljk_BBS_BH_UserArgs_MT64x64x32_SN_K1_PGR6_SB1_TT2_2_WG16_16_3
58,512,2304,64,0,torch.bfloat16,torch.bfloat16,0.0,1.0,hsaco,3,14.48,Cijk_Ailk_Bljk_BBS_BH_UserArgs_MT16x32x32_SN_K1_PGR6_SB1_TT2_2_WG16_16_2
58,1536,2304,64,0,torch.bfloat16,torch.bfloat16,0.0,1.0,hsaco,4,27.68,Cijk_Ailk_Bljk_BBS_BH_UserArgs_MT64x32x32_SN_K1_PGR6_SB1_TT2_2_WG16_16_3
58,3072,2304,64,0,torch.bfloat16,torch.bfloat16,0.0,1.0,hsaco,4,28.48,Cijk_Ailk_Bljk_BBS_BH_UserArgs_MT64x32x32_SN_K1_PGR6_SB1_TT2_2_WG16_16_3
58,4096,2304,64,0,torch.bfloat16,torch.bfloat16,0.0,1.0,hsaco,4,28.8,Cijk_Ailk_Bljk_BBS_BH_UserArgs_MT64x32x32_SN_K1_PGR6_SB1_TT2_2_WG16_16_3
58,4608,2304,64,0,torch.bfloat16,torch.bfloat16,0.0,1.0,hsaco,4,29.2,Cijk_Ailk_Bljk_BBS_BH_UserArgs_MT64x32x32_SN_K1_PGR6_SB1_TT2_2_WG16_16_3
58,7168,2304,64,0,torch.bfloat16,torch.bfloat16,0.0,1.0,hsaco,5,33.6,Cijk_Ailk_Bljk_BBS_BH_UserArgs_MT64x64x32_SN_K1_PGR6_SB1_TT2_2_WG16_16_3
58,512,7168,64,0,torch.bfloat16,torch.bfloat16,0.0,1.0,hsaco,3,37.2,Cijk_Ailk_Bljk_BBS_BH_UserArgs_MT16x32x32_SN_K1_PGR6_SB1_TT2_2_WG16_16_2
58,1536,7168,64,0,torch.bfloat16,torch.bfloat16,0.0,1.0,hsaco,3,74.64,Cijk_Ailk_Bljk_BBS_BH_UserArgs_MT16x32x32_SN_K1_PGR6_SB1_TT2_2_WG16_16_2
58,3072,7168,64,0,torch.bfloat16,torch.bfloat16,0.0,1.0,hsaco,4,74.8,Cijk_Ailk_Bljk_BBS_BH_UserArgs_MT64x32x32_SN_K1_PGR6_SB1_TT2_2_WG16_16_3
58,4096,7168,64,0,torch.bfloat16,torch.bfloat16,0.0,1.0,hsaco,4,77.12,Cijk_Ailk_Bljk_BBS_BH_UserArgs_MT64x32x32_SN_K1_PGR6_SB1_TT2_2_WG16_16_3
58,4608,7168,64,0,torch.bfloat16,torch.bfloat16,0.0,1.0,hsaco,4,76.56,Cijk_Ailk_Bljk_BBS_BH_UserArgs_MT64x32x32_SN_K1_PGR6_SB1_TT2_2_WG16_16_3
58,7168,7168,64,0,torch.bfloat16,torch.bfloat16,0.0,1.0,hsaco,5,86.48,Cijk_Ailk_Bljk_BBS_BH_UserArgs_MT64x64x32_SN_K1_PGR6_SB1_TT2_2_WG16_16_3
59,576,256,64,0,torch.bfloat16,torch.bfloat16,0.0,1.0,hsaco,3,5.92,Cijk_Ailk_Bljk_BBS_BH_UserArgs_MT16x32x32_SN_K1_PGR6_SB1_TT2_2_WG16_16_2
59,1536,256,64,0,torch.bfloat16,torch.bfloat16,0.0,1.0,hsaco,4,8.56,Cijk_Ailk_Bljk_BBS_BH_UserArgs_MT64x32x32_SN_K1_PGR6_SB1_TT2_2_WG16_16_3
59,3072,256,64,0,torch.bfloat16,torch.bfloat16,0.0,1.0,hsaco,0,8.32,Cijk_Ailk_Bljk_BBS_BH_UserArgs_MT64x32x32_SN_K1_PGR6_SB1_TT2_2_WG16_16_2
59,4096,256,64,0,torch.bfloat16,torch.bfloat16,0.0,1.0,hsaco,0,8.4,Cijk_Ailk_Bljk_BBS_BH_UserArgs_MT64x32x32_SN_K1_PGR6_SB1_TT2_2_WG16_16_2
59,4608,256,64,0,torch.bfloat16,torch.bfloat16,0.0,1.0,hsaco,0,9.28,Cijk_Ailk_Bljk_BBS_BH_UserArgs_MT64x32x32_SN_K1_PGR6_SB1_TT2_2_WG16_16_2
59,7168,256,64,0,torch.bfloat16,torch.bfloat16,0.0,1.0,hsaco,1,10.72,Cijk_Ailk_Bljk_BBS_BH_UserArgs_MT64x64x32_SN_K1_PGR6_SB1_TT2_2_WG16_16_2
59,576,512,64,0,torch.bfloat16,torch.bfloat16,0.0,1.0,hsaco,3,6.8,Cijk_Ailk_Bljk_BBS_BH_UserArgs_MT16x32x32_SN_K1_PGR6_SB1_TT2_2_WG16_16_2
59,1536,512,64,0,torch.bfloat16,torch.bfloat16,0.0,1.0,hsaco,4,10.8,Cijk_Ailk_Bljk_BBS_BH_UserArgs_MT64x32x32_SN_K1_PGR6_SB1_TT2_2_WG16_16_3
59,3072,512,64,0,torch.bfloat16,torch.bfloat16,0.0,1.0,hsaco,4,11.84,Cijk_Ailk_Bljk_BBS_BH_UserArgs_MT64x32x32_SN_K1_PGR6_SB1_TT2_2_WG16_16_3
59,4096,512,64,0,torch.bfloat16,torch.bfloat16,0.0,1.0,hsaco,4,10.96,Cijk_Ailk_Bljk_BBS_BH_UserArgs_MT64x32x32_SN_K1_PGR6_SB1_TT2_2_WG16_16_3
59,4608,512,64,0,torch.bfloat16,torch.bfloat16,0.0,1.0,hsaco,4,10.88,Cijk_Ailk_Bljk_BBS_BH_UserArgs_MT64x32x32_SN_K1_PGR6_SB1_TT2_2_WG16_16_3
59,7168,512,64,0,torch.bfloat16,torch.bfloat16,0.0,1.0,hsaco,5,13.12,Cijk_Ailk_Bljk_BBS_BH_UserArgs_MT64x64x32_SN_K1_PGR6_SB1_TT2_2_WG16_16_3
59,576,1536,64,0,torch.bfloat16,torch.bfloat16,0.0,1.0,hsaco,3,10.96,Cijk_Ailk_Bljk_BBS_BH_UserArgs_MT16x32x32_SN_K1_PGR6_SB1_TT2_2_WG16_16_2
59,1536,1536,64,0,torch.bfloat16,torch.bfloat16,0.0,1.0,hsaco,4,20.32,Cijk_Ailk_Bljk_BBS_BH_UserArgs_MT64x32x32_SN_K1_PGR6_SB1_TT2_2_WG16_16_3
59,3072,1536,64,0,torch.bfloat16,torch.bfloat16,0.0,1.0,hsaco,4,20.96,Cijk_Ailk_Bljk_BBS_BH_UserArgs_MT64x32x32_SN_K1_PGR6_SB1_TT2_2_WG16_16_3
59,4096,1536,64,0,torch.bfloat16,torch.bfloat16,0.0,1.0,hsaco,4,21.12,Cijk_Ailk_Bljk_BBS_BH_UserArgs_MT64x32x32_SN_K1_PGR6_SB1_TT2_2_WG16_16_3
59,4608,1536,64,0,torch.bfloat16,torch.bfloat16,0.0,1.0,hsaco,4,21.28,Cijk_Ailk_Bljk_BBS_BH_UserArgs_MT64x32x32_SN_K1_PGR6_SB1_TT2_2_WG16_16_3
59,7168,1536,64,0,torch.bfloat16,torch.bfloat16,0.0,1.0,hsaco,5,24.72,Cijk_Ailk_Bljk_BBS_BH_UserArgs_MT64x64x32_SN_K1_PGR6_SB1_TT2_2_WG16_16_3
59,512,2048,64,0,torch.bfloat16,torch.bfloat16,0.0,1.0,hsaco,3,13.04,Cijk_Ailk_Bljk_BBS_BH_UserArgs_MT16x32x32_SN_K1_PGR6_SB1_TT2_2_WG16_16_2
59,1536,2048,64,0,torch.bfloat16,torch.bfloat16,0.0,1.0,hsaco,4,25.12,Cijk_Ailk_Bljk_BBS_BH_UserArgs_MT64x32x32_SN_K1_PGR6_SB1_TT2_2_WG16_16_3
59,3072,2048,64,0,torch.bfloat16,torch.bfloat16,0.0,1.0,hsaco,4,25.68,Cijk_Ailk_Bljk_BBS_BH_UserArgs_MT64x32x32_SN_K1_PGR6_SB1_TT2_2_WG16_16_3
59,4096,2048,64,0,torch.bfloat16,torch.bfloat16,0.0,1.0,hsaco,4,26.72,Cijk_Ailk_Bljk_BBS_BH_UserArgs_MT64x32x32_SN_K1_PGR6_SB1_TT2_2_WG16_16_3
59,4608,2048,64,0,torch.bfloat16,torch.bfloat16,0.0,1.0,hsaco,4,26.0,Cijk_Ailk_Bljk_BBS_BH_UserArgs_MT64x32x32_SN_K1_PGR6_SB1_TT2_2_WG16_16_3
59,7168,2048,64,0,torch.bfloat16,torch.bfloat16,0.0,1.0,hsaco,5,29.52,Cijk_Ailk_Bljk_BBS_BH_UserArgs_MT64x64x32_SN_K1_PGR6_SB1_TT2_2_WG16_16_3
59,512,2304,64,0,torch.bfloat16,torch.bfloat16,0.0,1.0,hsaco,3,14.56,Cijk_Ailk_Bljk_BBS_BH_UserArgs_MT16x32x32_SN_K1_PGR6_SB1_TT2_2_WG16_16_2
59,1536,2304,64,0,torch.bfloat16,torch.bfloat16,0.0,1.0,hsaco,4,27.84,Cijk_Ailk_Bljk_BBS_BH_UserArgs_MT64x32x32_SN_K1_PGR6_SB1_TT2_2_WG16_16_3
59,3072,2304,64,0,torch.bfloat16,torch.bfloat16,0.0,1.0,hsaco,4,28.32,Cijk_Ailk_Bljk_BBS_BH_UserArgs_MT64x32x32_SN_K1_PGR6_SB1_TT2_2_WG16_16_3
59,4096,2304,64,0,torch.bfloat16,torch.bfloat16,0.0,1.0,hsaco,4,28.96,Cijk_Ailk_Bljk_BBS_BH_UserArgs_MT64x32x32_SN_K1_PGR6_SB1_TT2_2_WG16_16_3
59,4608,2304,64,0,torch.bfloat16,torch.bfloat16,0.0,1.0,hsaco,4,29.04,Cijk_Ailk_Bljk_BBS_BH_UserArgs_MT64x32x32_SN_K1_PGR6_SB1_TT2_2_WG16_16_3
59,7168,2304,64,0,torch.bfloat16,torch.bfloat16,0.0,1.0,hsaco,5,33.36,Cijk_Ailk_Bljk_BBS_BH_UserArgs_MT64x64x32_SN_K1_PGR6_SB1_TT2_2_WG16_16_3
59,512,7168,64,0,torch.bfloat16,torch.bfloat16,0.0,1.0,hsaco,3,37.44,Cijk_Ailk_Bljk_BBS_BH_UserArgs_MT16x32x32_SN_K1_PGR6_SB1_TT2_2_WG16_16_2
59,1536,7168,64,0,torch.bfloat16,torch.bfloat16,0.0,1.0,hsaco,4,74.64,Cijk_Ailk_Bljk_BBS_BH_UserArgs_MT64x32x32_SN_K1_PGR6_SB1_TT2_2_WG16_16_3
59,3072,7168,64,0,torch.bfloat16,torch.bfloat16,0.0,1.0,hsaco,4,74.96,Cijk_Ailk_Bljk_BBS_BH_UserArgs_MT64x32x32_SN_K1_PGR6_SB1_TT2_2_WG16_16_3
59,4096,7168,64,0,torch.bfloat16,torch.bfloat16,0.0,1.0,hsaco,4,76.96,Cijk_Ailk_Bljk_BBS_BH_UserArgs_MT64x32x32_SN_K1_PGR6_SB1_TT2_2_WG16_16_3
59,4608,7168,64,0,torch.bfloat16,torch.bfloat16,0.0,1.0,hsaco,4,76.8,Cijk_Ailk_Bljk_BBS_BH_UserArgs_MT64x32x32_SN_K1_PGR6_SB1_TT2_2_WG16_16_3
59,7168,7168,64,0,torch.bfloat16,torch.bfloat16,0.0,1.0,hsaco,5,86.56,Cijk_Ailk_Bljk_BBS_BH_UserArgs_MT64x64x32_SN_K1_PGR6_SB1_TT2_2_WG16_16_3
60,576,256,64,0,torch.bfloat16,torch.bfloat16,0.0,1.0,hsaco,3,5.92,Cijk_Ailk_Bljk_BBS_BH_UserArgs_MT16x32x32_SN_K1_PGR6_SB1_TT2_2_WG16_16_2
60,1536,256,64,0,torch.bfloat16,torch.bfloat16,0.0,1.0,hsaco,4,8.56,Cijk_Ailk_Bljk_BBS_BH_UserArgs_MT64x32x32_SN_K1_PGR6_SB1_TT2_2_WG16_16_3
60,3072,256,64,0,torch.bfloat16,torch.bfloat16,0.0,1.0,hsaco,0,8.32,Cijk_Ailk_Bljk_BBS_BH_UserArgs_MT64x32x32_SN_K1_PGR6_SB1_TT2_2_WG16_16_2
60,4096,256,64,0,torch.bfloat16,torch.bfloat16,0.0,1.0,hsaco,0,9.12,Cijk_Ailk_Bljk_BBS_BH_UserArgs_MT64x32x32_SN_K1_PGR6_SB1_TT2_2_WG16_16_2
60,4608,256,64,0,torch.bfloat16,torch.bfloat16,0.0,1.0,hsaco,0,9.36,Cijk_Ailk_Bljk_BBS_BH_UserArgs_MT64x32x32_SN_K1_PGR6_SB1_TT2_2_WG16_16_2
60,7168,256,64,0,torch.bfloat16,torch.bfloat16,0.0,1.0,hsaco,1,10.64,Cijk_Ailk_Bljk_BBS_BH_UserArgs_MT64x64x32_SN_K1_PGR6_SB1_TT2_2_WG16_16_2
60,576,512,64,0,torch.bfloat16,torch.bfloat16,0.0,1.0,hsaco,3,6.88,Cijk_Ailk_Bljk_BBS_BH_UserArgs_MT16x32x32_SN_K1_PGR6_SB1_TT2_2_WG16_16_2
60,1536,512,64,0,torch.bfloat16,torch.bfloat16,0.0,1.0,hsaco,4,10.88,Cijk_Ailk_Bljk_BBS_BH_UserArgs_MT64x32x32_SN_K1_PGR6_SB1_TT2_2_WG16_16_3
60,3072,512,64,0,torch.bfloat16,torch.bfloat16,0.0,1.0,hsaco,4,11.92,Cijk_Ailk_Bljk_BBS_BH_UserArgs_MT64x32x32_SN_K1_PGR6_SB1_TT2_2_WG16_16_3
60,4096,512,64,0,torch.bfloat16,torch.bfloat16,0.0,1.0,hsaco,4,11.28,Cijk_Ailk_Bljk_BBS_BH_UserArgs_MT64x32x32_SN_K1_PGR6_SB1_TT2_2_WG16_16_3
60,4608,512,64,0,torch.bfloat16,torch.bfloat16,0.0,1.0,hsaco,4,11.12,Cijk_Ailk_Bljk_BBS_BH_UserArgs_MT64x32x32_SN_K1_PGR6_SB1_TT2_2_WG16_16_3
60,7168,512,64,0,torch.bfloat16,torch.bfloat16,0.0,1.0,hsaco,5,12.72,Cijk_Ailk_Bljk_BBS_BH_UserArgs_MT64x64x32_SN_K1_PGR6_SB1_TT2_2_WG16_16_3
60,576,1536,64,0,torch.bfloat16,torch.bfloat16,0.0,1.0,hsaco,3,10.96,Cijk_Ailk_Bljk_BBS_BH_UserArgs_MT16x32x32_SN_K1_PGR6_SB1_TT2_2_WG16_16_2
60,1536,1536,64,0,torch.bfloat16,torch.bfloat16,0.0,1.0,hsaco,4,20.4,Cijk_Ailk_Bljk_BBS_BH_UserArgs_MT64x32x32_SN_K1_PGR6_SB1_TT2_2_WG16_16_3
60,3072,1536,64,0,torch.bfloat16,torch.bfloat16,0.0,1.0,hsaco,4,20.88,Cijk_Ailk_Bljk_BBS_BH_UserArgs_MT64x32x32_SN_K1_PGR6_SB1_TT2_2_WG16_16_3
60,4096,1536,64,0,torch.bfloat16,torch.bfloat16,0.0,1.0,hsaco,4,21.04,Cijk_Ailk_Bljk_BBS_BH_UserArgs_MT64x32x32_SN_K1_PGR6_SB1_TT2_2_WG16_16_3
60,4608,1536,64,0,torch.bfloat16,torch.bfloat16,0.0,1.0,hsaco,4,21.36,Cijk_Ailk_Bljk_BBS_BH_UserArgs_MT64x32x32_SN_K1_PGR6_SB1_TT2_2_WG16_16_3
60,7168,1536,64,0,torch.bfloat16,torch.bfloat16,0.0,1.0,hsaco,5,24.96,Cijk_Ailk_Bljk_BBS_BH_UserArgs_MT64x64x32_SN_K1_PGR6_SB1_TT2_2_WG16_16_3
60,512,2048,64,0,torch.bfloat16,torch.bfloat16,0.0,1.0,hsaco,3,13.2,Cijk_Ailk_Bljk_BBS_BH_UserArgs_MT16x32x32_SN_K1_PGR6_SB1_TT2_2_WG16_16_2
60,1536,2048,64,0,torch.bfloat16,torch.bfloat16,0.0,1.0,hsaco,4,25.04,Cijk_Ailk_Bljk_BBS_BH_UserArgs_MT64x32x32_SN_K1_PGR6_SB1_TT2_2_WG16_16_3
60,3072,2048,64,0,torch.bfloat16,torch.bfloat16,0.0,1.0,hsaco,4,25.68,Cijk_Ailk_Bljk_BBS_BH_UserArgs_MT64x32x32_SN_K1_PGR6_SB1_TT2_2_WG16_16_3
60,4096,2048,64,0,torch.bfloat16,torch.bfloat16,0.0,1.0,hsaco,4,26.64,Cijk_Ailk_Bljk_BBS_BH_UserArgs_MT64x32x32_SN_K1_PGR6_SB1_TT2_2_WG16_16_3
60,4608,2048,64,0,torch.bfloat16,torch.bfloat16,0.0,1.0,hsaco,4,25.92,Cijk_Ailk_Bljk_BBS_BH_UserArgs_MT64x32x32_SN_K1_PGR6_SB1_TT2_2_WG16_16_3
60,7168,2048,64,0,torch.bfloat16,torch.bfloat16,0.0,1.0,hsaco,5,29.52,Cijk_Ailk_Bljk_BBS_BH_UserArgs_MT64x64x32_SN_K1_PGR6_SB1_TT2_2_WG16_16_3
60,512,2304,64,0,torch.bfloat16,torch.bfloat16,0.0,1.0,hsaco,3,14.64,Cijk_Ailk_Bljk_BBS_BH_UserArgs_MT16x32x32_SN_K1_PGR6_SB1_TT2_2_WG16_16_2
60,1536,2304,64,0,torch.bfloat16,torch.bfloat16,0.0,1.0,hsaco,4,27.92,Cijk_Ailk_Bljk_BBS_BH_UserArgs_MT64x32x32_SN_K1_PGR6_SB1_TT2_2_WG16_16_3
60,3072,2304,64,0,torch.bfloat16,torch.bfloat16,0.0,1.0,hsaco,4,28.48,Cijk_Ailk_Bljk_BBS_BH_UserArgs_MT64x32x32_SN_K1_PGR6_SB1_TT2_2_WG16_16_3
60,4096,2304,64,0,torch.bfloat16,torch.bfloat16,0.0,1.0,hsaco,4,29.04,Cijk_Ailk_Bljk_BBS_BH_UserArgs_MT64x32x32_SN_K1_PGR6_SB1_TT2_2_WG16_16_3
60,4608,2304,64,0,torch.bfloat16,torch.bfloat16,0.0,1.0,hsaco,4,29.12,Cijk_Ailk_Bljk_BBS_BH_UserArgs_MT64x32x32_SN_K1_PGR6_SB1_TT2_2_WG16_16_3
60,7168,2304,64,0,torch.bfloat16,torch.bfloat16,0.0,1.0,hsaco,5,33.44,Cijk_Ailk_Bljk_BBS_BH_UserArgs_MT64x64x32_SN_K1_PGR6_SB1_TT2_2_WG16_16_3
60,512,7168,64,0,torch.bfloat16,torch.bfloat16,0.0,1.0,hsaco,3,37.44,Cijk_Ailk_Bljk_BBS_BH_UserArgs_MT16x32x32_SN_K1_PGR6_SB1_TT2_2_WG16_16_2
60,1536,7168,64,0,torch.bfloat16,torch.bfloat16,0.0,1.0,hsaco,4,74.8,Cijk_Ailk_Bljk_BBS_BH_UserArgs_MT64x32x32_SN_K1_PGR6_SB1_TT2_2_WG16_16_3
60,3072,7168,64,0,torch.bfloat16,torch.bfloat16,0.0,1.0,hsaco,4,74.72,Cijk_Ailk_Bljk_BBS_BH_UserArgs_MT64x32x32_SN_K1_PGR6_SB1_TT2_2_WG16_16_3
60,4096,7168,64,0,torch.bfloat16,torch.bfloat16,0.0,1.0,hsaco,4,77.04,Cijk_Ailk_Bljk_BBS_BH_UserArgs_MT64x32x32_SN_K1_PGR6_SB1_TT2_2_WG16_16_3
60,4608,7168,64,0,torch.bfloat16,torch.bfloat16,0.0,1.0,hsaco,4,76.88,Cijk_Ailk_Bljk_BBS_BH_UserArgs_MT64x32x32_SN_K1_PGR6_SB1_TT2_2_WG16_16_3
60,7168,7168,64,0,torch.bfloat16,torch.bfloat16,0.0,1.0,hsaco,5,88.16,Cijk_Ailk_Bljk_BBS_BH_UserArgs_MT64x64x32_SN_K1_PGR6_SB1_TT2_2_WG16_16_3
61,576,256,64,0,torch.bfloat16,torch.bfloat16,0.0,1.0,hsaco,3,6.0,Cijk_Ailk_Bljk_BBS_BH_UserArgs_MT16x32x32_SN_K1_PGR6_SB1_TT2_2_WG16_16_2
61,1536,256,64,0,torch.bfloat16,torch.bfloat16,0.0,1.0,hsaco,0,8.56,Cijk_Ailk_Bljk_BBS_BH_UserArgs_MT64x32x32_SN_K1_PGR6_SB1_TT2_2_WG16_16_2
61,3072,256,64,0,torch.bfloat16,torch.bfloat16,0.0,1.0,hsaco,0,8.32,Cijk_Ailk_Bljk_BBS_BH_UserArgs_MT64x32x32_SN_K1_PGR6_SB1_TT2_2_WG16_16_2
61,4096,256,64,0,torch.bfloat16,torch.bfloat16,0.0,1.0,hsaco,0,9.12,Cijk_Ailk_Bljk_BBS_BH_UserArgs_MT64x32x32_SN_K1_PGR6_SB1_TT2_2_WG16_16_2
61,4608,256,64,0,torch.bfloat16,torch.bfloat16,0.0,1.0,hsaco,0,9.36,Cijk_Ailk_Bljk_BBS_BH_UserArgs_MT64x32x32_SN_K1_PGR6_SB1_TT2_2_WG16_16_2
61,7168,256,64,0,torch.bfloat16,torch.bfloat16,0.0,1.0,hsaco,1,10.8,Cijk_Ailk_Bljk_BBS_BH_UserArgs_MT64x64x32_SN_K1_PGR6_SB1_TT2_2_WG16_16_2
61,576,512,64,0,torch.bfloat16,torch.bfloat16,0.0,1.0,hsaco,3,6.8,Cijk_Ailk_Bljk_BBS_BH_UserArgs_MT16x32x32_SN_K1_PGR6_SB1_TT2_2_WG16_16_2
61,1536,512,64,0,torch.bfloat16,torch.bfloat16,0.0,1.0,hsaco,4,11.04,Cijk_Ailk_Bljk_BBS_BH_UserArgs_MT64x32x32_SN_K1_PGR6_SB1_TT2_2_WG16_16_3
61,3072,512,64,0,torch.bfloat16,torch.bfloat16,0.0,1.0,hsaco,4,11.68,Cijk_Ailk_Bljk_BBS_BH_UserArgs_MT64x32x32_SN_K1_PGR6_SB1_TT2_2_WG16_16_3
61,4096,512,64,0,torch.bfloat16,torch.bfloat16,0.0,1.0,hsaco,4,10.88,Cijk_Ailk_Bljk_BBS_BH_UserArgs_MT64x32x32_SN_K1_PGR6_SB1_TT2_2_WG16_16_3
61,4608,512,64,0,torch.bfloat16,torch.bfloat16,0.0,1.0,hsaco,4,11.04,Cijk_Ailk_Bljk_BBS_BH_UserArgs_MT64x32x32_SN_K1_PGR6_SB1_TT2_2_WG16_16_3
61,7168,512,64,0,torch.bfloat16,torch.bfloat16,0.0,1.0,hsaco,5,12.88,Cijk_Ailk_Bljk_BBS_BH_UserArgs_MT64x64x32_SN_K1_PGR6_SB1_TT2_2_WG16_16_3
61,576,1536,64,0,torch.bfloat16,torch.bfloat16,0.0,1.0,hsaco,3,11.04,Cijk_Ailk_Bljk_BBS_BH_UserArgs_MT16x32x32_SN_K1_PGR6_SB1_TT2_2_WG16_16_2
61,1536,1536,64,0,torch.bfloat16,torch.bfloat16,0.0,1.0,hsaco,4,20.48,Cijk_Ailk_Bljk_BBS_BH_UserArgs_MT64x32x32_SN_K1_PGR6_SB1_TT2_2_WG16_16_3
61,3072,1536,64,0,torch.bfloat16,torch.bfloat16,0.0,1.0,hsaco,4,20.88,Cijk_Ailk_Bljk_BBS_BH_UserArgs_MT64x32x32_SN_K1_PGR6_SB1_TT2_2_WG16_16_3
61,4096,1536,64,0,torch.bfloat16,torch.bfloat16,0.0,1.0,hsaco,4,21.04,Cijk_Ailk_Bljk_BBS_BH_UserArgs_MT64x32x32_SN_K1_PGR6_SB1_TT2_2_WG16_16_3
61,4608,1536,64,0,torch.bfloat16,torch.bfloat16,0.0,1.0,hsaco,4,21.2,Cijk_Ailk_Bljk_BBS_BH_UserArgs_MT64x32x32_SN_K1_PGR6_SB1_TT2_2_WG16_16_3
61,7168,1536,64,0,torch.bfloat16,torch.bfloat16,0.0,1.0,hsaco,5,24.16,Cijk_Ailk_Bljk_BBS_BH_UserArgs_MT64x64x32_SN_K1_PGR6_SB1_TT2_2_WG16_16_3
61,512,2048,64,0,torch.bfloat16,torch.bfloat16,0.0,1.0,hsaco,3,13.28,Cijk_Ailk_Bljk_BBS_BH_UserArgs_MT16x32x32_SN_K1_PGR6_SB1_TT2_2_WG16_16_2
61,1536,2048,64,0,torch.bfloat16,torch.bfloat16,0.0,1.0,hsaco,4,25.12,Cijk_Ailk_Bljk_BBS_BH_UserArgs_MT64x32x32_SN_K1_PGR6_SB1_TT2_2_WG16_16_3
61,3072,2048,64,0,torch.bfloat16,torch.bfloat16,0.0,1.0,hsaco,4,25.68,Cijk_Ailk_Bljk_BBS_BH_UserArgs_MT64x32x32_SN_K1_PGR6_SB1_TT2_2_WG16_16_3
61,4096,2048,64,0,torch.bfloat16,torch.bfloat16,0.0,1.0,hsaco,4,26.64,Cijk_Ailk_Bljk_BBS_BH_UserArgs_MT64x32x32_SN_K1_PGR6_SB1_TT2_2_WG16_16_3
61,4608,2048,64,0,torch.bfloat16,torch.bfloat16,0.0,1.0,hsaco,4,26.16,Cijk_Ailk_Bljk_BBS_BH_UserArgs_MT64x32x32_SN_K1_PGR6_SB1_TT2_2_WG16_16_3
61,7168,2048,64,0,torch.bfloat16,torch.bfloat16,0.0,1.0,hsaco,5,29.28,Cijk_Ailk_Bljk_BBS_BH_UserArgs_MT64x64x32_SN_K1_PGR6_SB1_TT2_2_WG16_16_3
61,512,2304,64,0,torch.bfloat16,torch.bfloat16,0.0,1.0,hsaco,3,14.64,Cijk_Ailk_Bljk_BBS_BH_UserArgs_MT16x32x32_SN_K1_PGR6_SB1_TT2_2_WG16_16_2
61,1536,2304,64,0,torch.bfloat16,torch.bfloat16,0.0,1.0,hsaco,4,27.84,Cijk_Ailk_Bljk_BBS_BH_UserArgs_MT64x32x32_SN_K1_PGR6_SB1_TT2_2_WG16_16_3
61,3072,2304,64,0,torch.bfloat16,torch.bfloat16,0.0,1.0,hsaco,4,28.56,Cijk_Ailk_Bljk_BBS_BH_UserArgs_MT64x32x32_SN_K1_PGR6_SB1_TT2_2_WG16_16_3
61,4096,2304,64,0,torch.bfloat16,torch.bfloat16,0.0,1.0,hsaco,4,28.88,Cijk_Ailk_Bljk_BBS_BH_UserArgs_MT64x32x32_SN_K1_PGR6_SB1_TT2_2_WG16_16_3
61,4608,2304,64,0,torch.bfloat16,torch.bfloat16,0.0,1.0,hsaco,4,29.12,Cijk_Ailk_Bljk_BBS_BH_UserArgs_MT64x32x32_SN_K1_PGR6_SB1_TT2_2_WG16_16_3
61,7168,2304,64,0,torch.bfloat16,torch.bfloat16,0.0,1.0,hsaco,5,33.28,Cijk_Ailk_Bljk_BBS_BH_UserArgs_MT64x64x32_SN_K1_PGR6_SB1_TT2_2_WG16_16_3
61,512,7168,64,0,torch.bfloat16,torch.bfloat16,0.0,1.0,hsaco,3,37.52,Cijk_Ailk_Bljk_BBS_BH_UserArgs_MT16x32x32_SN_K1_PGR6_SB1_TT2_2_WG16_16_2
61,1536,7168,64,0,torch.bfloat16,torch.bfloat16,0.0,1.0,hsaco,4,74.16,Cijk_Ailk_Bljk_BBS_BH_UserArgs_MT64x32x32_SN_K1_PGR6_SB1_TT2_2_WG16_16_3
61,3072,7168,64,0,torch.bfloat16,torch.bfloat16,0.0,1.0,hsaco,4,75.28,Cijk_Ailk_Bljk_BBS_BH_UserArgs_MT64x32x32_SN_K1_PGR6_SB1_TT2_2_WG16_16_3
61,4096,7168,64,0,torch.bfloat16,torch.bfloat16,0.0,1.0,hsaco,4,77.84,Cijk_Ailk_Bljk_BBS_BH_UserArgs_MT64x32x32_SN_K1_PGR6_SB1_TT2_2_WG16_16_3
61,4608,7168,64,0,torch.bfloat16,torch.bfloat16,0.0,1.0,hsaco,4,76.8,Cijk_Ailk_Bljk_BBS_BH_UserArgs_MT64x32x32_SN_K1_PGR6_SB1_TT2_2_WG16_16_3
61,7168,7168,64,0,torch.bfloat16,torch.bfloat16,0.0,1.0,hsaco,5,88.0,Cijk_Ailk_Bljk_BBS_BH_UserArgs_MT64x64x32_SN_K1_PGR6_SB1_TT2_2_WG16_16_3
62,576,256,64,0,torch.bfloat16,torch.bfloat16,0.0,1.0,hsaco,3,5.92,Cijk_Ailk_Bljk_BBS_BH_UserArgs_MT16x32x32_SN_K1_PGR6_SB1_TT2_2_WG16_16_2
62,1536,256,64,0,torch.bfloat16,torch.bfloat16,0.0,1.0,hsaco,0,8.48,Cijk_Ailk_Bljk_BBS_BH_UserArgs_MT64x32x32_SN_K1_PGR6_SB1_TT2_2_WG16_16_2
62,3072,256,64,0,torch.bfloat16,torch.bfloat16,0.0,1.0,hsaco,0,8.4,Cijk_Ailk_Bljk_BBS_BH_UserArgs_MT64x32x32_SN_K1_PGR6_SB1_TT2_2_WG16_16_2
62,4096,256,64,0,torch.bfloat16,torch.bfloat16,0.0,1.0,hsaco,0,9.28,Cijk_Ailk_Bljk_BBS_BH_UserArgs_MT64x32x32_SN_K1_PGR6_SB1_TT2_2_WG16_16_2
62,4608,256,64,0,torch.bfloat16,torch.bfloat16,0.0,1.0,hsaco,0,9.28,Cijk_Ailk_Bljk_BBS_BH_UserArgs_MT64x32x32_SN_K1_PGR6_SB1_TT2_2_WG16_16_2
62,7168,256,64,0,torch.bfloat16,torch.bfloat16,0.0,1.0,hsaco,1,10.72,Cijk_Ailk_Bljk_BBS_BH_UserArgs_MT64x64x32_SN_K1_PGR6_SB1_TT2_2_WG16_16_2
62,576,512,64,0,torch.bfloat16,torch.bfloat16,0.0,1.0,hsaco,3,6.88,Cijk_Ailk_Bljk_BBS_BH_UserArgs_MT16x32x32_SN_K1_PGR6_SB1_TT2_2_WG16_16_2
62,1536,512,64,0,torch.bfloat16,torch.bfloat16,0.0,1.0,hsaco,4,10.72,Cijk_Ailk_Bljk_BBS_BH_UserArgs_MT64x32x32_SN_K1_PGR6_SB1_TT2_2_WG16_16_3
62,3072,512,64,0,torch.bfloat16,torch.bfloat16,0.0,1.0,hsaco,4,11.76,Cijk_Ailk_Bljk_BBS_BH_UserArgs_MT64x32x32_SN_K1_PGR6_SB1_TT2_2_WG16_16_3
62,4096,512,64,0,torch.bfloat16,torch.bfloat16,0.0,1.0,hsaco,4,11.04,Cijk_Ailk_Bljk_BBS_BH_UserArgs_MT64x32x32_SN_K1_PGR6_SB1_TT2_2_WG16_16_3
62,4608,512,64,0,torch.bfloat16,torch.bfloat16,0.0,1.0,hsaco,4,10.96,Cijk_Ailk_Bljk_BBS_BH_UserArgs_MT64x32x32_SN_K1_PGR6_SB1_TT2_2_WG16_16_3
62,7168,512,64,0,torch.bfloat16,torch.bfloat16,0.0,1.0,hsaco,5,12.88,Cijk_Ailk_Bljk_BBS_BH_UserArgs_MT64x64x32_SN_K1_PGR6_SB1_TT2_2_WG16_16_3
62,576,1536,64,0,torch.bfloat16,torch.bfloat16,0.0,1.0,hsaco,3,10.96,Cijk_Ailk_Bljk_BBS_BH_UserArgs_MT16x32x32_SN_K1_PGR6_SB1_TT2_2_WG16_16_2
62,1536,1536,64,0,torch.bfloat16,torch.bfloat16,0.0,1.0,hsaco,4,20.48,Cijk_Ailk_Bljk_BBS_BH_UserArgs_MT64x32x32_SN_K1_PGR6_SB1_TT2_2_WG16_16_3
62,3072,1536,64,0,torch.bfloat16,torch.bfloat16,0.0,1.0,hsaco,4,20.8,Cijk_Ailk_Bljk_BBS_BH_UserArgs_MT64x32x32_SN_K1_PGR6_SB1_TT2_2_WG16_16_3
62,4096,1536,64,0,torch.bfloat16,torch.bfloat16,0.0,1.0,hsaco,4,21.2,Cijk_Ailk_Bljk_BBS_BH_UserArgs_MT64x32x32_SN_K1_PGR6_SB1_TT2_2_WG16_16_3
62,4608,1536,64,0,torch.bfloat16,torch.bfloat16,0.0,1.0,hsaco,4,21.36,Cijk_Ailk_Bljk_BBS_BH_UserArgs_MT64x32x32_SN_K1_PGR6_SB1_TT2_2_WG16_16_3
62,7168,1536,64,0,torch.bfloat16,torch.bfloat16,0.0,1.0,hsaco,5,24.4,Cijk_Ailk_Bljk_BBS_BH_UserArgs_MT64x64x32_SN_K1_PGR6_SB1_TT2_2_WG16_16_3
62,512,2048,64,0,torch.bfloat16,torch.bfloat16,0.0,1.0,hsaco,3,13.28,Cijk_Ailk_Bljk_BBS_BH_UserArgs_MT16x32x32_SN_K1_PGR6_SB1_TT2_2_WG16_16_2
62,1536,2048,64,0,torch.bfloat16,torch.bfloat16,0.0,1.0,hsaco,4,25.44,Cijk_Ailk_Bljk_BBS_BH_UserArgs_MT64x32x32_SN_K1_PGR6_SB1_TT2_2_WG16_16_3
62,3072,2048,64,0,torch.bfloat16,torch.bfloat16,0.0,1.0,hsaco,4,25.6,Cijk_Ailk_Bljk_BBS_BH_UserArgs_MT64x32x32_SN_K1_PGR6_SB1_TT2_2_WG16_16_3
62,4096,2048,64,0,torch.bfloat16,torch.bfloat16,0.0,1.0,hsaco,4,26.8,Cijk_Ailk_Bljk_BBS_BH_UserArgs_MT64x32x32_SN_K1_PGR6_SB1_TT2_2_WG16_16_3
62,4608,2048,64,0,torch.bfloat16,torch.bfloat16,0.0,1.0,hsaco,4,26.08,Cijk_Ailk_Bljk_BBS_BH_UserArgs_MT64x32x32_SN_K1_PGR6_SB1_TT2_2_WG16_16_3
62,7168,2048,64,0,torch.bfloat16,torch.bfloat16,0.0,1.0,hsaco,5,29.6,Cijk_Ailk_Bljk_BBS_BH_UserArgs_MT64x64x32_SN_K1_PGR6_SB1_TT2_2_WG16_16_3
62,512,2304,64,0,torch.bfloat16,torch.bfloat16,0.0,1.0,hsaco,3,14.72,Cijk_Ailk_Bljk_BBS_BH_UserArgs_MT16x32x32_SN_K1_PGR6_SB1_TT2_2_WG16_16_2
62,1536,2304,64,0,torch.bfloat16,torch.bfloat16,0.0,1.0,hsaco,4,27.84,Cijk_Ailk_Bljk_BBS_BH_UserArgs_MT64x32x32_SN_K1_PGR6_SB1_TT2_2_WG16_16_3
62,3072,2304,64,0,torch.bfloat16,torch.bfloat16,0.0,1.0,hsaco,4,28.4,Cijk_Ailk_Bljk_BBS_BH_UserArgs_MT64x32x32_SN_K1_PGR6_SB1_TT2_2_WG16_16_3
62,4096,2304,64,0,torch.bfloat16,torch.bfloat16,0.0,1.0,hsaco,4,28.96,Cijk_Ailk_Bljk_BBS_BH_UserArgs_MT64x32x32_SN_K1_PGR6_SB1_TT2_2_WG16_16_3
62,4608,2304,64,0,torch.bfloat16,torch.bfloat16,0.0,1.0,hsaco,4,28.96,Cijk_Ailk_Bljk_BBS_BH_UserArgs_MT64x32x32_SN_K1_PGR6_SB1_TT2_2_WG16_16_3
62,7168,2304,64,0,torch.bfloat16,torch.bfloat16,0.0,1.0,hsaco,5,33.2,Cijk_Ailk_Bljk_BBS_BH_UserArgs_MT64x64x32_SN_K1_PGR6_SB1_TT2_2_WG16_16_3
62,512,7168,64,0,torch.bfloat16,torch.bfloat16,0.0,1.0,hsaco,3,38.0,Cijk_Ailk_Bljk_BBS_BH_UserArgs_MT16x32x32_SN_K1_PGR6_SB1_TT2_2_WG16_16_2
62,1536,7168,64,0,torch.bfloat16,torch.bfloat16,0.0,1.0,hsaco,4,74.0,Cijk_Ailk_Bljk_BBS_BH_UserArgs_MT64x32x32_SN_K1_PGR6_SB1_TT2_2_WG16_16_3
62,3072,7168,64,0,torch.bfloat16,torch.bfloat16,0.0,1.0,hsaco,4,75.28,Cijk_Ailk_Bljk_BBS_BH_UserArgs_MT64x32x32_SN_K1_PGR6_SB1_TT2_2_WG16_16_3
62,4096,7168,64,0,torch.bfloat16,torch.bfloat16,0.0,1.0,hsaco,4,77.68,Cijk_Ailk_Bljk_BBS_BH_UserArgs_MT64x32x32_SN_K1_PGR6_SB1_TT2_2_WG16_16_3
62,4608,7168,64,0,torch.bfloat16,torch.bfloat16,0.0,1.0,hsaco,4,76.48,Cijk_Ailk_Bljk_BBS_BH_UserArgs_MT64x32x32_SN_K1_PGR6_SB1_TT2_2_WG16_16_3
62,7168,7168,64,0,torch.bfloat16,torch.bfloat16,0.0,1.0,hsaco,5,87.28,Cijk_Ailk_Bljk_BBS_BH_UserArgs_MT64x64x32_SN_K1_PGR6_SB1_TT2_2_WG16_16_3
63,576,256,64,0,torch.bfloat16,torch.bfloat16,0.0,1.0,hsaco,3,5.92,Cijk_Ailk_Bljk_BBS_BH_UserArgs_MT16x32x32_SN_K1_PGR6_SB1_TT2_2_WG16_16_2
63,1536,256,64,0,torch.bfloat16,torch.bfloat16,0.0,1.0,hsaco,4,8.56,Cijk_Ailk_Bljk_BBS_BH_UserArgs_MT64x32x32_SN_K1_PGR6_SB1_TT2_2_WG16_16_3
63,3072,256,64,0,torch.bfloat16,torch.bfloat16,0.0,1.0,hsaco,0,8.32,Cijk_Ailk_Bljk_BBS_BH_UserArgs_MT64x32x32_SN_K1_PGR6_SB1_TT2_2_WG16_16_2
63,4096,256,64,0,torch.bfloat16,torch.bfloat16,0.0,1.0,hsaco,0,9.2,Cijk_Ailk_Bljk_BBS_BH_UserArgs_MT64x32x32_SN_K1_PGR6_SB1_TT2_2_WG16_16_2
63,4608,256,64,0,torch.bfloat16,torch.bfloat16,0.0,1.0,hsaco,0,9.36,Cijk_Ailk_Bljk_BBS_BH_UserArgs_MT64x32x32_SN_K1_PGR6_SB1_TT2_2_WG16_16_2
63,7168,256,64,0,torch.bfloat16,torch.bfloat16,0.0,1.0,hsaco,1,10.72,Cijk_Ailk_Bljk_BBS_BH_UserArgs_MT64x64x32_SN_K1_PGR6_SB1_TT2_2_WG16_16_2
63,576,512,64,0,torch.bfloat16,torch.bfloat16,0.0,1.0,hsaco,3,6.72,Cijk_Ailk_Bljk_BBS_BH_UserArgs_MT16x32x32_SN_K1_PGR6_SB1_TT2_2_WG16_16_2
63,1536,512,64,0,torch.bfloat16,torch.bfloat16,0.0,1.0,hsaco,4,10.8,Cijk_Ailk_Bljk_BBS_BH_UserArgs_MT64x32x32_SN_K1_PGR6_SB1_TT2_2_WG16_16_3
63,3072,512,64,0,torch.bfloat16,torch.bfloat16,0.0,1.0,hsaco,4,11.84,Cijk_Ailk_Bljk_BBS_BH_UserArgs_MT64x32x32_SN_K1_PGR6_SB1_TT2_2_WG16_16_3
63,4096,512,64,0,torch.bfloat16,torch.bfloat16,0.0,1.0,hsaco,4,11.04,Cijk_Ailk_Bljk_BBS_BH_UserArgs_MT64x32x32_SN_K1_PGR6_SB1_TT2_2_WG16_16_3
63,4608,512,64,0,torch.bfloat16,torch.bfloat16,0.0,1.0,hsaco,4,11.12,Cijk_Ailk_Bljk_BBS_BH_UserArgs_MT64x32x32_SN_K1_PGR6_SB1_TT2_2_WG16_16_3
63,7168,512,64,0,torch.bfloat16,torch.bfloat16,0.0,1.0,hsaco,5,12.88,Cijk_Ailk_Bljk_BBS_BH_UserArgs_MT64x64x32_SN_K1_PGR6_SB1_TT2_2_WG16_16_3
63,576,1536,64,0,torch.bfloat16,torch.bfloat16,0.0,1.0,hsaco,3,10.96,Cijk_Ailk_Bljk_BBS_BH_UserArgs_MT16x32x32_SN_K1_PGR6_SB1_TT2_2_WG16_16_2
63,1536,1536,64,0,torch.bfloat16,torch.bfloat16,0.0,1.0,hsaco,4,20.32,Cijk_Ailk_Bljk_BBS_BH_UserArgs_MT64x32x32_SN_K1_PGR6_SB1_TT2_2_WG16_16_3
63,3072,1536,64,0,torch.bfloat16,torch.bfloat16,0.0,1.0,hsaco,4,20.88,Cijk_Ailk_Bljk_BBS_BH_UserArgs_MT64x32x32_SN_K1_PGR6_SB1_TT2_2_WG16_16_3
63,4096,1536,64,0,torch.bfloat16,torch.bfloat16,0.0,1.0,hsaco,4,21.36,Cijk_Ailk_Bljk_BBS_BH_UserArgs_MT64x32x32_SN_K1_PGR6_SB1_TT2_2_WG16_16_3
63,4608,1536,64,0,torch.bfloat16,torch.bfloat16,0.0,1.0,hsaco,4,21.44,Cijk_Ailk_Bljk_BBS_BH_UserArgs_MT64x32x32_SN_K1_PGR6_SB1_TT2_2_WG16_16_3
63,7168,1536,64,0,torch.bfloat16,torch.bfloat16,0.0,1.0,hsaco,5,24.32,Cijk_Ailk_Bljk_BBS_BH_UserArgs_MT64x64x32_SN_K1_PGR6_SB1_TT2_2_WG16_16_3
63,512,2048,64,0,torch.bfloat16,torch.bfloat16,0.0,1.0,hsaco,3,13.2,Cijk_Ailk_Bljk_BBS_BH_UserArgs_MT16x32x32_SN_K1_PGR6_SB1_TT2_2_WG16_16_2
63,1536,2048,64,0,torch.bfloat16,torch.bfloat16,0.0,1.0,hsaco,4,25.36,Cijk_Ailk_Bljk_BBS_BH_UserArgs_MT64x32x32_SN_K1_PGR6_SB1_TT2_2_WG16_16_3
63,3072,2048,64,0,torch.bfloat16,torch.bfloat16,0.0,1.0,hsaco,4,25.76,Cijk_Ailk_Bljk_BBS_BH_UserArgs_MT64x32x32_SN_K1_PGR6_SB1_TT2_2_WG16_16_3
63,4096,2048,64,0,torch.bfloat16,torch.bfloat16,0.0,1.0,hsaco,4,26.64,Cijk_Ailk_Bljk_BBS_BH_UserArgs_MT64x32x32_SN_K1_PGR6_SB1_TT2_2_WG16_16_3
63,4608,2048,64,0,torch.bfloat16,torch.bfloat16,0.0,1.0,hsaco,4,26.08,Cijk_Ailk_Bljk_BBS_BH_UserArgs_MT64x32x32_SN_K1_PGR6_SB1_TT2_2_WG16_16_3
63,7168,2048,64,0,torch.bfloat16,torch.bfloat16,0.0,1.0,hsaco,5,29.68,Cijk_Ailk_Bljk_BBS_BH_UserArgs_MT64x64x32_SN_K1_PGR6_SB1_TT2_2_WG16_16_3
63,512,2304,64,0,torch.bfloat16,torch.bfloat16,0.0,1.0,hsaco,3,14.64,Cijk_Ailk_Bljk_BBS_BH_UserArgs_MT16x32x32_SN_K1_PGR6_SB1_TT2_2_WG16_16_2
63,1536,2304,64,0,torch.bfloat16,torch.bfloat16,0.0,1.0,hsaco,4,28.0,Cijk_Ailk_Bljk_BBS_BH_UserArgs_MT64x32x32_SN_K1_PGR6_SB1_TT2_2_WG16_16_3
63,3072,2304,64,0,torch.bfloat16,torch.bfloat16,0.0,1.0,hsaco,4,28.4,Cijk_Ailk_Bljk_BBS_BH_UserArgs_MT64x32x32_SN_K1_PGR6_SB1_TT2_2_WG16_16_3
63,4096,2304,64,0,torch.bfloat16,torch.bfloat16,0.0,1.0,hsaco,4,29.2,Cijk_Ailk_Bljk_BBS_BH_UserArgs_MT64x32x32_SN_K1_PGR6_SB1_TT2_2_WG16_16_3
63,4608,2304,64,0,torch.bfloat16,torch.bfloat16,0.0,1.0,hsaco,4,28.96,Cijk_Ailk_Bljk_BBS_BH_UserArgs_MT64x32x32_SN_K1_PGR6_SB1_TT2_2_WG16_16_3
63,7168,2304,64,0,torch.bfloat16,torch.bfloat16,0.0,1.0,hsaco,5,33.6,Cijk_Ailk_Bljk_BBS_BH_UserArgs_MT64x64x32_SN_K1_PGR6_SB1_TT2_2_WG16_16_3
63,512,7168,64,0,torch.bfloat16,torch.bfloat16,0.0,1.0,hsaco,3,38.0,Cijk_Ailk_Bljk_BBS_BH_UserArgs_MT16x32x32_SN_K1_PGR6_SB1_TT2_2_WG16_16_2
63,1536,7168,64,0,torch.bfloat16,torch.bfloat16,0.0,1.0,hsaco,4,73.92,Cijk_Ailk_Bljk_BBS_BH_UserArgs_MT64x32x32_SN_K1_PGR6_SB1_TT2_2_WG16_16_3
63,3072,7168,64,0,torch.bfloat16,torch.bfloat16,0.0,1.0,hsaco,4,75.04,Cijk_Ailk_Bljk_BBS_BH_UserArgs_MT64x32x32_SN_K1_PGR6_SB1_TT2_2_WG16_16_3
63,4096,7168,64,0,torch.bfloat16,torch.bfloat16,0.0,1.0,hsaco,4,77.36,Cijk_Ailk_Bljk_BBS_BH_UserArgs_MT64x32x32_SN_K1_PGR6_SB1_TT2_2_WG16_16_3
63,4608,7168,64,0,torch.bfloat16,torch.bfloat16,0.0,1.0,hsaco,4,76.8,Cijk_Ailk_Bljk_BBS_BH_UserArgs_MT64x32x32_SN_K1_PGR6_SB1_TT2_2_WG16_16_3
63,7168,7168,64,0,torch.bfloat16,torch.bfloat16,0.0,1.0,hsaco,5,87.6,Cijk_Ailk_Bljk_BBS_BH_UserArgs_MT64x64x32_SN_K1_PGR6_SB1_TT2_2_WG16_16_3
64,576,256,64,0,torch.bfloat16,torch.bfloat16,0.0,1.0,hsaco,3,5.92,Cijk_Ailk_Bljk_BBS_BH_UserArgs_MT16x32x32_SN_K1_PGR6_SB1_TT2_2_WG16_16_2
64,1536,256,64,0,torch.bfloat16,torch.bfloat16,0.0,1.0,hsaco,4,8.56,Cijk_Ailk_Bljk_BBS_BH_UserArgs_MT64x32x32_SN_K1_PGR6_SB1_TT2_2_WG16_16_3
64,3072,256,64,0,torch.bfloat16,torch.bfloat16,0.0,1.0,hsaco,0,8.32,Cijk_Ailk_Bljk_BBS_BH_UserArgs_MT64x32x32_SN_K1_PGR6_SB1_TT2_2_WG16_16_2
64,4096,256,64,0,torch.bfloat16,torch.bfloat16,0.0,1.0,hsaco,0,9.12,Cijk_Ailk_Bljk_BBS_BH_UserArgs_MT64x32x32_SN_K1_PGR6_SB1_TT2_2_WG16_16_2
64,4608,256,64,0,torch.bfloat16,torch.bfloat16,0.0,1.0,hsaco,0,9.28,Cijk_Ailk_Bljk_BBS_BH_UserArgs_MT64x32x32_SN_K1_PGR6_SB1_TT2_2_WG16_16_2
64,7168,256,64,0,torch.bfloat16,torch.bfloat16,0.0,1.0,hsaco,1,10.8,Cijk_Ailk_Bljk_BBS_BH_UserArgs_MT64x64x32_SN_K1_PGR6_SB1_TT2_2_WG16_16_2
64,576,512,64,0,torch.bfloat16,torch.bfloat16,0.0,1.0,hsaco,3,6.72,Cijk_Ailk_Bljk_BBS_BH_UserArgs_MT16x32x32_SN_K1_PGR6_SB1_TT2_2_WG16_16_2
64,1536,512,64,0,torch.bfloat16,torch.bfloat16,0.0,1.0,hsaco,4,10.8,Cijk_Ailk_Bljk_BBS_BH_UserArgs_MT64x32x32_SN_K1_PGR6_SB1_TT2_2_WG16_16_3
64,3072,512,64,0,torch.bfloat16,torch.bfloat16,0.0,1.0,hsaco,4,11.76,Cijk_Ailk_Bljk_BBS_BH_UserArgs_MT64x32x32_SN_K1_PGR6_SB1_TT2_2_WG16_16_3
64,4096,512,64,0,torch.bfloat16,torch.bfloat16,0.0,1.0,hsaco,4,11.04,Cijk_Ailk_Bljk_BBS_BH_UserArgs_MT64x32x32_SN_K1_PGR6_SB1_TT2_2_WG16_16_3
64,4608,512,64,0,torch.bfloat16,torch.bfloat16,0.0,1.0,hsaco,4,11.12,Cijk_Ailk_Bljk_BBS_BH_UserArgs_MT64x32x32_SN_K1_PGR6_SB1_TT2_2_WG16_16_3
64,7168,512,64,0,torch.bfloat16,torch.bfloat16,0.0,1.0,hsaco,5,12.88,Cijk_Ailk_Bljk_BBS_BH_UserArgs_MT64x64x32_SN_K1_PGR6_SB1_TT2_2_WG16_16_3
64,576,1536,64,0,torch.bfloat16,torch.bfloat16,0.0,1.0,hsaco,3,11.04,Cijk_Ailk_Bljk_BBS_BH_UserArgs_MT16x32x32_SN_K1_PGR6_SB1_TT2_2_WG16_16_2
64,1536,1536,64,0,torch.bfloat16,torch.bfloat16,0.0,1.0,hsaco,4,20.24,Cijk_Ailk_Bljk_BBS_BH_UserArgs_MT64x32x32_SN_K1_PGR6_SB1_TT2_2_WG16_16_3
64,3072,1536,64,0,torch.bfloat16,torch.bfloat16,0.0,1.0,hsaco,4,21.04,Cijk_Ailk_Bljk_BBS_BH_UserArgs_MT64x32x32_SN_K1_PGR6_SB1_TT2_2_WG16_16_3
64,4096,1536,64,0,torch.bfloat16,torch.bfloat16,0.0,1.0,hsaco,4,21.28,Cijk_Ailk_Bljk_BBS_BH_UserArgs_MT64x32x32_SN_K1_PGR6_SB1_TT2_2_WG16_16_3
64,4608,1536,64,0,torch.bfloat16,torch.bfloat16,0.0,1.0,hsaco,4,21.2,Cijk_Ailk_Bljk_BBS_BH_UserArgs_MT64x32x32_SN_K1_PGR6_SB1_TT2_2_WG16_16_3
64,7168,1536,64,0,torch.bfloat16,torch.bfloat16,0.0,1.0,hsaco,5,24.48,Cijk_Ailk_Bljk_BBS_BH_UserArgs_MT64x64x32_SN_K1_PGR6_SB1_TT2_2_WG16_16_3
64,512,2048,64,0,torch.bfloat16,torch.bfloat16,0.0,1.0,hsaco,3,13.2,Cijk_Ailk_Bljk_BBS_BH_UserArgs_MT16x32x32_SN_K1_PGR6_SB1_TT2_2_WG16_16_2
64,1536,2048,64,0,torch.bfloat16,torch.bfloat16,0.0,1.0,hsaco,4,25.2,Cijk_Ailk_Bljk_BBS_BH_UserArgs_MT64x32x32_SN_K1_PGR6_SB1_TT2_2_WG16_16_3
64,3072,2048,64,0,torch.bfloat16,torch.bfloat16,0.0,1.0,hsaco,4,25.6,Cijk_Ailk_Bljk_BBS_BH_UserArgs_MT64x32x32_SN_K1_PGR6_SB1_TT2_2_WG16_16_3
64,4096,2048,64,0,torch.bfloat16,torch.bfloat16,0.0,1.0,hsaco,4,26.48,Cijk_Ailk_Bljk_BBS_BH_UserArgs_MT64x32x32_SN_K1_PGR6_SB1_TT2_2_WG16_16_3
64,4608,2048,64,0,torch.bfloat16,torch.bfloat16,0.0,1.0,hsaco,4,26.32,Cijk_Ailk_Bljk_BBS_BH_UserArgs_MT64x32x32_SN_K1_PGR6_SB1_TT2_2_WG16_16_3
64,7168,2048,64,0,torch.bfloat16,torch.bfloat16,0.0,1.0,hsaco,5,29.36,Cijk_Ailk_Bljk_BBS_BH_UserArgs_MT64x64x32_SN_K1_PGR6_SB1_TT2_2_WG16_16_3
64,512,2304,64,0,torch.bfloat16,torch.bfloat16,0.0,1.0,hsaco,3,14.72,Cijk_Ailk_Bljk_BBS_BH_UserArgs_MT16x32x32_SN_K1_PGR6_SB1_TT2_2_WG16_16_2
64,1536,2304,64,0,torch.bfloat16,torch.bfloat16,0.0,1.0,hsaco,4,27.84,Cijk_Ailk_Bljk_BBS_BH_UserArgs_MT64x32x32_SN_K1_PGR6_SB1_TT2_2_WG16_16_3
64,3072,2304,64,0,torch.bfloat16,torch.bfloat16,0.0,1.0,hsaco,4,28.56,Cijk_Ailk_Bljk_BBS_BH_UserArgs_MT64x32x32_SN_K1_PGR6_SB1_TT2_2_WG16_16_3
64,4096,2304,64,0,torch.bfloat16,torch.bfloat16,0.0,1.0,hsaco,4,29.44,Cijk_Ailk_Bljk_BBS_BH_UserArgs_MT64x32x32_SN_K1_PGR6_SB1_TT2_2_WG16_16_3
64,4608,2304,64,0,torch.bfloat16,torch.bfloat16,0.0,1.0,hsaco,4,29.2,Cijk_Ailk_Bljk_BBS_BH_UserArgs_MT64x32x32_SN_K1_PGR6_SB1_TT2_2_WG16_16_3
64,7168,2304,64,0,torch.bfloat16,torch.bfloat16,0.0,1.0,hsaco,5,33.12,Cijk_Ailk_Bljk_BBS_BH_UserArgs_MT64x64x32_SN_K1_PGR6_SB1_TT2_2_WG16_16_3
64,512,7168,64,0,torch.bfloat16,torch.bfloat16,0.0,1.0,hsaco,3,38.72,Cijk_Ailk_Bljk_BBS_BH_UserArgs_MT16x32x32_SN_K1_PGR6_SB1_TT2_2_WG16_16_2
64,1536,7168,64,0,torch.bfloat16,torch.bfloat16,0.0,1.0,hsaco,4,74.16,Cijk_Ailk_Bljk_BBS_BH_UserArgs_MT64x32x32_SN_K1_PGR6_SB1_TT2_2_WG16_16_3
64,3072,7168,64,0,torch.bfloat16,torch.bfloat16,0.0,1.0,hsaco,4,75.04,Cijk_Ailk_Bljk_BBS_BH_UserArgs_MT64x32x32_SN_K1_PGR6_SB1_TT2_2_WG16_16_3
64,4096,7168,64,0,torch.bfloat16,torch.bfloat16,0.0,1.0,hsaco,4,77.68,Cijk_Ailk_Bljk_BBS_BH_UserArgs_MT64x32x32_SN_K1_PGR6_SB1_TT2_2_WG16_16_3
64,4608,7168,64,0,torch.bfloat16,torch.bfloat16,0.0,1.0,hsaco,4,77.12,Cijk_Ailk_Bljk_BBS_BH_UserArgs_MT64x32x32_SN_K1_PGR6_SB1_TT2_2_WG16_16_3
64,7168,7168,64,0,torch.bfloat16,torch.bfloat16,0.0,1.0,hsaco,5,87.92,Cijk_Ailk_Bljk_BBS_BH_UserArgs_MT64x64x32_SN_K1_PGR6_SB1_TT2_2_WG16_16_3
65,576,256,64,0,torch.bfloat16,torch.bfloat16,0.0,1.0,hsaco,3,6.08,Cijk_Ailk_Bljk_BBS_BH_UserArgs_MT16x32x32_SN_K1_PGR6_SB1_TT2_2_WG16_16_2
65,1536,256,64,0,torch.bfloat16,torch.bfloat16,0.0,1.0,hsaco,0,8.32,Cijk_Ailk_Bljk_BBS_BH_UserArgs_MT64x32x32_SN_K1_PGR6_SB1_TT2_2_WG16_16_2
65,3072,256,64,0,torch.bfloat16,torch.bfloat16,0.0,1.0,hsaco,0,8.24,Cijk_Ailk_Bljk_BBS_BH_UserArgs_MT64x32x32_SN_K1_PGR6_SB1_TT2_2_WG16_16_2
65,4096,256,64,0,torch.bfloat16,torch.bfloat16,0.0,1.0,hsaco,1,10.4,Cijk_Ailk_Bljk_BBS_BH_UserArgs_MT64x64x32_SN_K1_PGR6_SB1_TT2_2_WG16_16_2
65,4608,256,64,0,torch.bfloat16,torch.bfloat16,0.0,1.0,hsaco,1,10.64,Cijk_Ailk_Bljk_BBS_BH_UserArgs_MT64x64x32_SN_K1_PGR6_SB1_TT2_2_WG16_16_2
65,7168,256,64,0,torch.bfloat16,torch.bfloat16,0.0,1.0,hsaco,2,13.2,Cijk_Ailk_Bljk_BBS_BH_UserArgs_MT64x128x32_SN_K1_PGR6_SB1_TT2_8_WG16_16_2
65,576,512,64,0,torch.bfloat16,torch.bfloat16,0.0,1.0,hsaco,3,6.8,Cijk_Ailk_Bljk_BBS_BH_UserArgs_MT16x32x32_SN_K1_PGR6_SB1_TT2_2_WG16_16_2
65,1536,512,64,0,torch.bfloat16,torch.bfloat16,0.0,1.0,hsaco,4,10.72,Cijk_Ailk_Bljk_BBS_BH_UserArgs_MT64x32x32_SN_K1_PGR6_SB1_TT2_2_WG16_16_3
65,3072,512,64,0,torch.bfloat16,torch.bfloat16,0.0,1.0,hsaco,4,11.92,Cijk_Ailk_Bljk_BBS_BH_UserArgs_MT64x32x32_SN_K1_PGR6_SB1_TT2_2_WG16_16_3
65,4096,512,64,0,torch.bfloat16,torch.bfloat16,0.0,1.0,hsaco,5,12.56,Cijk_Ailk_Bljk_BBS_BH_UserArgs_MT64x64x32_SN_K1_PGR6_SB1_TT2_2_WG16_16_3
65,4608,512,64,0,torch.bfloat16,torch.bfloat16,0.0,1.0,hsaco,5,12.56,Cijk_Ailk_Bljk_BBS_BH_UserArgs_MT64x64x32_SN_K1_PGR6_SB1_TT2_2_WG16_16_3
65,7168,512,64,0,torch.bfloat16,torch.bfloat16,0.0,1.0,hsaco,6,15.92,Cijk_Ailk_Bljk_BBS_BH_UserArgs_MT64x128x32_SN_K1_PGR6_SB1_TT2_2_WG16_16_3
65,576,1536,64,0,torch.bfloat16,torch.bfloat16,0.0,1.0,hsaco,3,11.28,Cijk_Ailk_Bljk_BBS_BH_UserArgs_MT16x32x32_SN_K1_PGR6_SB1_TT2_2_WG16_16_2
65,1536,1536,64,0,torch.bfloat16,torch.bfloat16,0.0,1.0,hsaco,4,20.32,Cijk_Ailk_Bljk_BBS_BH_UserArgs_MT64x32x32_SN_K1_PGR6_SB1_TT2_2_WG16_16_3
65,3072,1536,64,0,torch.bfloat16,torch.bfloat16,0.0,1.0,hsaco,4,20.96,Cijk_Ailk_Bljk_BBS_BH_UserArgs_MT64x32x32_SN_K1_PGR6_SB1_TT2_2_WG16_16_3
65,4096,1536,64,0,torch.bfloat16,torch.bfloat16,0.0,1.0,hsaco,5,23.76,Cijk_Ailk_Bljk_BBS_BH_UserArgs_MT64x64x32_SN_K1_PGR6_SB1_TT2_2_WG16_16_3
65,4608,1536,64,0,torch.bfloat16,torch.bfloat16,0.0,1.0,hsaco,5,23.68,Cijk_Ailk_Bljk_BBS_BH_UserArgs_MT64x64x32_SN_K1_PGR6_SB1_TT2_2_WG16_16_3
65,7168,1536,64,0,torch.bfloat16,torch.bfloat16,0.0,1.0,hsaco,6,28.96,Cijk_Ailk_Bljk_BBS_BH_UserArgs_MT64x128x32_SN_K1_PGR6_SB1_TT2_2_WG16_16_3
65,512,2048,64,0,torch.bfloat16,torch.bfloat16,0.0,1.0,hsaco,3,13.28,Cijk_Ailk_Bljk_BBS_BH_UserArgs_MT16x32x32_SN_K1_PGR6_SB1_TT2_2_WG16_16_2
65,1536,2048,64,0,torch.bfloat16,torch.bfloat16,0.0,1.0,hsaco,4,25.2,Cijk_Ailk_Bljk_BBS_BH_UserArgs_MT64x32x32_SN_K1_PGR6_SB1_TT2_2_WG16_16_3
65,3072,2048,64,0,torch.bfloat16,torch.bfloat16,0.0,1.0,hsaco,4,25.76,Cijk_Ailk_Bljk_BBS_BH_UserArgs_MT64x32x32_SN_K1_PGR6_SB1_TT2_2_WG16_16_3
65,4096,2048,64,0,torch.bfloat16,torch.bfloat16,0.0,1.0,hsaco,5,29.04,Cijk_Ailk_Bljk_BBS_BH_UserArgs_MT64x64x32_SN_K1_PGR6_SB1_TT2_2_WG16_16_3
65,4608,2048,64,0,torch.bfloat16,torch.bfloat16,0.0,1.0,hsaco,5,28.88,Cijk_Ailk_Bljk_BBS_BH_UserArgs_MT64x64x32_SN_K1_PGR6_SB1_TT2_2_WG16_16_3
65,7168,2048,64,0,torch.bfloat16,torch.bfloat16,0.0,1.0,hsaco,6,35.2,Cijk_Ailk_Bljk_BBS_BH_UserArgs_MT64x128x32_SN_K1_PGR6_SB1_TT2_2_WG16_16_3
65,512,2304,64,0,torch.bfloat16,torch.bfloat16,0.0,1.0,hsaco,3,14.32,Cijk_Ailk_Bljk_BBS_BH_UserArgs_MT16x32x32_SN_K1_PGR6_SB1_TT2_2_WG16_16_2
65,1536,2304,64,0,torch.bfloat16,torch.bfloat16,0.0,1.0,hsaco,4,27.68,Cijk_Ailk_Bljk_BBS_BH_UserArgs_MT64x32x32_SN_K1_PGR6_SB1_TT2_2_WG16_16_3
65,3072,2304,64,0,torch.bfloat16,torch.bfloat16,0.0,1.0,hsaco,4,28.48,Cijk_Ailk_Bljk_BBS_BH_UserArgs_MT64x32x32_SN_K1_PGR6_SB1_TT2_2_WG16_16_3
65,4096,2304,64,0,torch.bfloat16,torch.bfloat16,0.0,1.0,hsaco,5,32.0,Cijk_Ailk_Bljk_BBS_BH_UserArgs_MT64x64x32_SN_K1_PGR6_SB1_TT2_2_WG16_16_3
65,4608,2304,64,0,torch.bfloat16,torch.bfloat16,0.0,1.0,hsaco,5,31.92,Cijk_Ailk_Bljk_BBS_BH_UserArgs_MT64x64x32_SN_K1_PGR6_SB1_TT2_2_WG16_16_3
65,7168,2304,64,0,torch.bfloat16,torch.bfloat16,0.0,1.0,hsaco,6,38.96,Cijk_Ailk_Bljk_BBS_BH_UserArgs_MT64x128x32_SN_K1_PGR6_SB1_TT2_2_WG16_16_3
65,512,7168,64,0,torch.bfloat16,torch.bfloat16,0.0,1.0,hsaco,3,35.84,Cijk_Ailk_Bljk_BBS_BH_UserArgs_MT16x32x32_SN_K1_PGR6_SB1_TT2_2_WG16_16_2
65,1536,7168,64,0,torch.bfloat16,torch.bfloat16,0.0,1.0,hsaco,4,73.76,Cijk_Ailk_Bljk_BBS_BH_UserArgs_MT64x32x32_SN_K1_PGR6_SB1_TT2_2_WG16_16_3
65,3072,7168,64,0,torch.bfloat16,torch.bfloat16,0.0,1.0,hsaco,4,74.96,Cijk_Ailk_Bljk_BBS_BH_UserArgs_MT64x32x32_SN_K1_PGR6_SB1_TT2_2_WG16_16_3
65,4096,7168,64,0,torch.bfloat16,torch.bfloat16,0.0,1.0,hsaco,5,83.92,Cijk_Ailk_Bljk_BBS_BH_UserArgs_MT64x64x32_SN_K1_PGR6_SB1_TT2_2_WG16_16_3
65,4608,7168,64,0,torch.bfloat16,torch.bfloat16,0.0,1.0,hsaco,5,84.24,Cijk_Ailk_Bljk_BBS_BH_UserArgs_MT64x64x32_SN_K1_PGR6_SB1_TT2_2_WG16_16_3
65,7168,7168,64,0,torch.bfloat16,torch.bfloat16,0.0,1.0,hsaco,6,104.0,Cijk_Ailk_Bljk_BBS_BH_UserArgs_MT64x128x32_SN_K1_PGR6_SB1_TT2_2_WG16_16_3
66,576,256,64,0,torch.bfloat16,torch.bfloat16,0.0,1.0,hsaco,3,6.0,Cijk_Ailk_Bljk_BBS_BH_UserArgs_MT16x32x32_SN_K1_PGR6_SB1_TT2_2_WG16_16_2
66,1536,256,64,0,torch.bfloat16,torch.bfloat16,0.0,1.0,hsaco,0,8.32,Cijk_Ailk_Bljk_BBS_BH_UserArgs_MT64x32x32_SN_K1_PGR6_SB1_TT2_2_WG16_16_2
66,3072,256,64,0,torch.bfloat16,torch.bfloat16,0.0,1.0,hsaco,0,8.32,Cijk_Ailk_Bljk_BBS_BH_UserArgs_MT64x32x32_SN_K1_PGR6_SB1_TT2_2_WG16_16_2
66,4096,256,64,0,torch.bfloat16,torch.bfloat16,0.0,1.0,hsaco,1,10.4,Cijk_Ailk_Bljk_BBS_BH_UserArgs_MT64x64x32_SN_K1_PGR6_SB1_TT2_2_WG16_16_2
66,4608,256,64,0,torch.bfloat16,torch.bfloat16,0.0,1.0,hsaco,1,10.48,Cijk_Ailk_Bljk_BBS_BH_UserArgs_MT64x64x32_SN_K1_PGR6_SB1_TT2_2_WG16_16_2
66,7168,256,64,0,torch.bfloat16,torch.bfloat16,0.0,1.0,hsaco,2,13.2,Cijk_Ailk_Bljk_BBS_BH_UserArgs_MT64x128x32_SN_K1_PGR6_SB1_TT2_8_WG16_16_2
66,576,512,64,0,torch.bfloat16,torch.bfloat16,0.0,1.0,hsaco,3,6.8,Cijk_Ailk_Bljk_BBS_BH_UserArgs_MT16x32x32_SN_K1_PGR6_SB1_TT2_2_WG16_16_2
66,1536,512,64,0,torch.bfloat16,torch.bfloat16,0.0,1.0,hsaco,4,10.88,Cijk_Ailk_Bljk_BBS_BH_UserArgs_MT64x32x32_SN_K1_PGR6_SB1_TT2_2_WG16_16_3
66,3072,512,64,0,torch.bfloat16,torch.bfloat16,0.0,1.0,hsaco,4,11.92,Cijk_Ailk_Bljk_BBS_BH_UserArgs_MT64x32x32_SN_K1_PGR6_SB1_TT2_2_WG16_16_3
66,4096,512,64,0,torch.bfloat16,torch.bfloat16,0.0,1.0,hsaco,5,12.48,Cijk_Ailk_Bljk_BBS_BH_UserArgs_MT64x64x32_SN_K1_PGR6_SB1_TT2_2_WG16_16_3
66,4608,512,64,0,torch.bfloat16,torch.bfloat16,0.0,1.0,hsaco,5,12.56,Cijk_Ailk_Bljk_BBS_BH_UserArgs_MT64x64x32_SN_K1_PGR6_SB1_TT2_2_WG16_16_3
66,7168,512,64,0,torch.bfloat16,torch.bfloat16,0.0,1.0,hsaco,6,16.48,Cijk_Ailk_Bljk_BBS_BH_UserArgs_MT64x128x32_SN_K1_PGR6_SB1_TT2_2_WG16_16_3
66,576,1536,64,0,torch.bfloat16,torch.bfloat16,0.0,1.0,hsaco,3,11.36,Cijk_Ailk_Bljk_BBS_BH_UserArgs_MT16x32x32_SN_K1_PGR6_SB1_TT2_2_WG16_16_2
66,1536,1536,64,0,torch.bfloat16,torch.bfloat16,0.0,1.0,hsaco,4,20.32,Cijk_Ailk_Bljk_BBS_BH_UserArgs_MT64x32x32_SN_K1_PGR6_SB1_TT2_2_WG16_16_3
66,3072,1536,64,0,torch.bfloat16,torch.bfloat16,0.0,1.0,hsaco,4,20.88,Cijk_Ailk_Bljk_BBS_BH_UserArgs_MT64x32x32_SN_K1_PGR6_SB1_TT2_2_WG16_16_3
66,4096,1536,64,0,torch.bfloat16,torch.bfloat16,0.0,1.0,hsaco,5,23.76,Cijk_Ailk_Bljk_BBS_BH_UserArgs_MT64x64x32_SN_K1_PGR6_SB1_TT2_2_WG16_16_3
66,4608,1536,64,0,torch.bfloat16,torch.bfloat16,0.0,1.0,hsaco,5,23.68,Cijk_Ailk_Bljk_BBS_BH_UserArgs_MT64x64x32_SN_K1_PGR6_SB1_TT2_2_WG16_16_3
66,7168,1536,64,0,torch.bfloat16,torch.bfloat16,0.0,1.0,hsaco,6,29.12,Cijk_Ailk_Bljk_BBS_BH_UserArgs_MT64x128x32_SN_K1_PGR6_SB1_TT2_2_WG16_16_3
66,512,2048,64,0,torch.bfloat16,torch.bfloat16,0.0,1.0,hsaco,3,13.04,Cijk_Ailk_Bljk_BBS_BH_UserArgs_MT16x32x32_SN_K1_PGR6_SB1_TT2_2_WG16_16_2
66,1536,2048,64,0,torch.bfloat16,torch.bfloat16,0.0,1.0,hsaco,4,25.36,Cijk_Ailk_Bljk_BBS_BH_UserArgs_MT64x32x32_SN_K1_PGR6_SB1_TT2_2_WG16_16_3
66,3072,2048,64,0,torch.bfloat16,torch.bfloat16,0.0,1.0,hsaco,4,25.76,Cijk_Ailk_Bljk_BBS_BH_UserArgs_MT64x32x32_SN_K1_PGR6_SB1_TT2_2_WG16_16_3
66,4096,2048,64,0,torch.bfloat16,torch.bfloat16,0.0,1.0,hsaco,5,29.12,Cijk_Ailk_Bljk_BBS_BH_UserArgs_MT64x64x32_SN_K1_PGR6_SB1_TT2_2_WG16_16_3
66,4608,2048,64,0,torch.bfloat16,torch.bfloat16,0.0,1.0,hsaco,5,28.88,Cijk_Ailk_Bljk_BBS_BH_UserArgs_MT64x64x32_SN_K1_PGR6_SB1_TT2_2_WG16_16_3
66,7168,2048,64,0,torch.bfloat16,torch.bfloat16,0.0,1.0,hsaco,6,34.96,Cijk_Ailk_Bljk_BBS_BH_UserArgs_MT64x128x32_SN_K1_PGR6_SB1_TT2_2_WG16_16_3
66,512,2304,64,0,torch.bfloat16,torch.bfloat16,0.0,1.0,hsaco,3,14.56,Cijk_Ailk_Bljk_BBS_BH_UserArgs_MT16x32x32_SN_K1_PGR6_SB1_TT2_2_WG16_16_2
66,1536,2304,64,0,torch.bfloat16,torch.bfloat16,0.0,1.0,hsaco,4,27.76,Cijk_Ailk_Bljk_BBS_BH_UserArgs_MT64x32x32_SN_K1_PGR6_SB1_TT2_2_WG16_16_3
66,3072,2304,64,0,torch.bfloat16,torch.bfloat16,0.0,1.0,hsaco,4,28.4,Cijk_Ailk_Bljk_BBS_BH_UserArgs_MT64x32x32_SN_K1_PGR6_SB1_TT2_2_WG16_16_3
66,4096,2304,64,0,torch.bfloat16,torch.bfloat16,0.0,1.0,hsaco,5,32.08,Cijk_Ailk_Bljk_BBS_BH_UserArgs_MT64x64x32_SN_K1_PGR6_SB1_TT2_2_WG16_16_3
66,4608,2304,64,0,torch.bfloat16,torch.bfloat16,0.0,1.0,hsaco,5,32.32,Cijk_Ailk_Bljk_BBS_BH_UserArgs_MT64x64x32_SN_K1_PGR6_SB1_TT2_2_WG16_16_3
66,7168,2304,64,0,torch.bfloat16,torch.bfloat16,0.0,1.0,hsaco,6,38.96,Cijk_Ailk_Bljk_BBS_BH_UserArgs_MT64x128x32_SN_K1_PGR6_SB1_TT2_2_WG16_16_3
66,512,7168,64,0,torch.bfloat16,torch.bfloat16,0.0,1.0,hsaco,3,35.76,Cijk_Ailk_Bljk_BBS_BH_UserArgs_MT16x32x32_SN_K1_PGR6_SB1_TT2_2_WG16_16_2
66,1536,7168,64,0,torch.bfloat16,torch.bfloat16,0.0,1.0,hsaco,4,73.84,Cijk_Ailk_Bljk_BBS_BH_UserArgs_MT64x32x32_SN_K1_PGR6_SB1_TT2_2_WG16_16_3
66,3072,7168,64,0,torch.bfloat16,torch.bfloat16,0.0,1.0,hsaco,4,74.88,Cijk_Ailk_Bljk_BBS_BH_UserArgs_MT64x32x32_SN_K1_PGR6_SB1_TT2_2_WG16_16_3
66,4096,7168,64,0,torch.bfloat16,torch.bfloat16,0.0,1.0,hsaco,5,84.0,Cijk_Ailk_Bljk_BBS_BH_UserArgs_MT64x64x32_SN_K1_PGR6_SB1_TT2_2_WG16_16_3
66,4608,7168,64,0,torch.bfloat16,torch.bfloat16,0.0,1.0,hsaco,5,84.16,Cijk_Ailk_Bljk_BBS_BH_UserArgs_MT64x64x32_SN_K1_PGR6_SB1_TT2_2_WG16_16_3
66,7168,7168,64,0,torch.bfloat16,torch.bfloat16,0.0,1.0,hsaco,6,103.04,Cijk_Ailk_Bljk_BBS_BH_UserArgs_MT64x128x32_SN_K1_PGR6_SB1_TT2_2_WG16_16_3
67,576,256,64,0,torch.bfloat16,torch.bfloat16,0.0,1.0,hsaco,3,6.0,Cijk_Ailk_Bljk_BBS_BH_UserArgs_MT16x32x32_SN_K1_PGR6_SB1_TT2_2_WG16_16_2
67,1536,256,64,0,torch.bfloat16,torch.bfloat16,0.0,1.0,hsaco,0,8.24,Cijk_Ailk_Bljk_BBS_BH_UserArgs_MT64x32x32_SN_K1_PGR6_SB1_TT2_2_WG16_16_2
67,3072,256,64,0,torch.bfloat16,torch.bfloat16,0.0,1.0,hsaco,0,8.24,Cijk_Ailk_Bljk_BBS_BH_UserArgs_MT64x32x32_SN_K1_PGR6_SB1_TT2_2_WG16_16_2
67,4096,256,64,0,torch.bfloat16,torch.bfloat16,0.0,1.0,hsaco,1,10.48,Cijk_Ailk_Bljk_BBS_BH_UserArgs_MT64x64x32_SN_K1_PGR6_SB1_TT2_2_WG16_16_2
67,4608,256,64,0,torch.bfloat16,torch.bfloat16,0.0,1.0,hsaco,1,10.48,Cijk_Ailk_Bljk_BBS_BH_UserArgs_MT64x64x32_SN_K1_PGR6_SB1_TT2_2_WG16_16_2
67,7168,256,64,0,torch.bfloat16,torch.bfloat16,0.0,1.0,hsaco,2,13.2,Cijk_Ailk_Bljk_BBS_BH_UserArgs_MT64x128x32_SN_K1_PGR6_SB1_TT2_8_WG16_16_2
67,576,512,64,0,torch.bfloat16,torch.bfloat16,0.0,1.0,hsaco,3,6.8,Cijk_Ailk_Bljk_BBS_BH_UserArgs_MT16x32x32_SN_K1_PGR6_SB1_TT2_2_WG16_16_2
67,1536,512,64,0,torch.bfloat16,torch.bfloat16,0.0,1.0,hsaco,4,10.72,Cijk_Ailk_Bljk_BBS_BH_UserArgs_MT64x32x32_SN_K1_PGR6_SB1_TT2_2_WG16_16_3
67,3072,512,64,0,torch.bfloat16,torch.bfloat16,0.0,1.0,hsaco,4,11.92,Cijk_Ailk_Bljk_BBS_BH_UserArgs_MT64x32x32_SN_K1_PGR6_SB1_TT2_2_WG16_16_3
67,4096,512,64,0,torch.bfloat16,torch.bfloat16,0.0,1.0,hsaco,5,12.64,Cijk_Ailk_Bljk_BBS_BH_UserArgs_MT64x64x32_SN_K1_PGR6_SB1_TT2_2_WG16_16_3
67,4608,512,64,0,torch.bfloat16,torch.bfloat16,0.0,1.0,hsaco,5,12.56,Cijk_Ailk_Bljk_BBS_BH_UserArgs_MT64x64x32_SN_K1_PGR6_SB1_TT2_2_WG16_16_3
67,7168,512,64,0,torch.bfloat16,torch.bfloat16,0.0,1.0,hsaco,6,16.48,Cijk_Ailk_Bljk_BBS_BH_UserArgs_MT64x128x32_SN_K1_PGR6_SB1_TT2_2_WG16_16_3
67,576,1536,64,0,torch.bfloat16,torch.bfloat16,0.0,1.0,hsaco,3,11.2,Cijk_Ailk_Bljk_BBS_BH_UserArgs_MT16x32x32_SN_K1_PGR6_SB1_TT2_2_WG16_16_2
67,1536,1536,64,0,torch.bfloat16,torch.bfloat16,0.0,1.0,hsaco,4,20.32,Cijk_Ailk_Bljk_BBS_BH_UserArgs_MT64x32x32_SN_K1_PGR6_SB1_TT2_2_WG16_16_3
67,3072,1536,64,0,torch.bfloat16,torch.bfloat16,0.0,1.0,hsaco,4,20.96,Cijk_Ailk_Bljk_BBS_BH_UserArgs_MT64x32x32_SN_K1_PGR6_SB1_TT2_2_WG16_16_3
67,4096,1536,64,0,torch.bfloat16,torch.bfloat16,0.0,1.0,hsaco,5,23.76,Cijk_Ailk_Bljk_BBS_BH_UserArgs_MT64x64x32_SN_K1_PGR6_SB1_TT2_2_WG16_16_3
67,4608,1536,64,0,torch.bfloat16,torch.bfloat16,0.0,1.0,hsaco,5,23.76,Cijk_Ailk_Bljk_BBS_BH_UserArgs_MT64x64x32_SN_K1_PGR6_SB1_TT2_2_WG16_16_3
67,7168,1536,64,0,torch.bfloat16,torch.bfloat16,0.0,1.0,hsaco,6,29.04,Cijk_Ailk_Bljk_BBS_BH_UserArgs_MT64x128x32_SN_K1_PGR6_SB1_TT2_2_WG16_16_3
67,512,2048,64,0,torch.bfloat16,torch.bfloat16,0.0,1.0,hsaco,3,13.12,Cijk_Ailk_Bljk_BBS_BH_UserArgs_MT16x32x32_SN_K1_PGR6_SB1_TT2_2_WG16_16_2
67,1536,2048,64,0,torch.bfloat16,torch.bfloat16,0.0,1.0,hsaco,4,25.12,Cijk_Ailk_Bljk_BBS_BH_UserArgs_MT64x32x32_SN_K1_PGR6_SB1_TT2_2_WG16_16_3
67,3072,2048,64,0,torch.bfloat16,torch.bfloat16,0.0,1.0,hsaco,4,25.76,Cijk_Ailk_Bljk_BBS_BH_UserArgs_MT64x32x32_SN_K1_PGR6_SB1_TT2_2_WG16_16_3
67,4096,2048,64,0,torch.bfloat16,torch.bfloat16,0.0,1.0,hsaco,5,29.28,Cijk_Ailk_Bljk_BBS_BH_UserArgs_MT64x64x32_SN_K1_PGR6_SB1_TT2_2_WG16_16_3
67,4608,2048,64,0,torch.bfloat16,torch.bfloat16,0.0,1.0,hsaco,5,29.12,Cijk_Ailk_Bljk_BBS_BH_UserArgs_MT64x64x32_SN_K1_PGR6_SB1_TT2_2_WG16_16_3
67,7168,2048,64,0,torch.bfloat16,torch.bfloat16,0.0,1.0,hsaco,6,35.44,Cijk_Ailk_Bljk_BBS_BH_UserArgs_MT64x128x32_SN_K1_PGR6_SB1_TT2_2_WG16_16_3
67,512,2304,64,0,torch.bfloat16,torch.bfloat16,0.0,1.0,hsaco,3,14.48,Cijk_Ailk_Bljk_BBS_BH_UserArgs_MT16x32x32_SN_K1_PGR6_SB1_TT2_2_WG16_16_2
67,1536,2304,64,0,torch.bfloat16,torch.bfloat16,0.0,1.0,hsaco,4,27.68,Cijk_Ailk_Bljk_BBS_BH_UserArgs_MT64x32x32_SN_K1_PGR6_SB1_TT2_2_WG16_16_3
67,3072,2304,64,0,torch.bfloat16,torch.bfloat16,0.0,1.0,hsaco,4,28.32,Cijk_Ailk_Bljk_BBS_BH_UserArgs_MT64x32x32_SN_K1_PGR6_SB1_TT2_2_WG16_16_3
67,4096,2304,64,0,torch.bfloat16,torch.bfloat16,0.0,1.0,hsaco,5,32.0,Cijk_Ailk_Bljk_BBS_BH_UserArgs_MT64x64x32_SN_K1_PGR6_SB1_TT2_2_WG16_16_3
67,4608,2304,64,0,torch.bfloat16,torch.bfloat16,0.0,1.0,hsaco,5,32.16,Cijk_Ailk_Bljk_BBS_BH_UserArgs_MT64x64x32_SN_K1_PGR6_SB1_TT2_2_WG16_16_3
67,7168,2304,64,0,torch.bfloat16,torch.bfloat16,0.0,1.0,hsaco,6,39.12,Cijk_Ailk_Bljk_BBS_BH_UserArgs_MT64x128x32_SN_K1_PGR6_SB1_TT2_2_WG16_16_3
67,512,7168,64,0,torch.bfloat16,torch.bfloat16,0.0,1.0,hsaco,3,36.32,Cijk_Ailk_Bljk_BBS_BH_UserArgs_MT16x32x32_SN_K1_PGR6_SB1_TT2_2_WG16_16_2
67,1536,7168,64,0,torch.bfloat16,torch.bfloat16,0.0,1.0,hsaco,4,73.52,Cijk_Ailk_Bljk_BBS_BH_UserArgs_MT64x32x32_SN_K1_PGR6_SB1_TT2_2_WG16_16_3
67,3072,7168,64,0,torch.bfloat16,torch.bfloat16,0.0,1.0,hsaco,4,74.8,Cijk_Ailk_Bljk_BBS_BH_UserArgs_MT64x32x32_SN_K1_PGR6_SB1_TT2_2_WG16_16_3
67,4096,7168,64,0,torch.bfloat16,torch.bfloat16,0.0,1.0,hsaco,5,84.0,Cijk_Ailk_Bljk_BBS_BH_UserArgs_MT64x64x32_SN_K1_PGR6_SB1_TT2_2_WG16_16_3
67,4608,7168,64,0,torch.bfloat16,torch.bfloat16,0.0,1.0,hsaco,5,84.16,Cijk_Ailk_Bljk_BBS_BH_UserArgs_MT64x64x32_SN_K1_PGR6_SB1_TT2_2_WG16_16_3
67,7168,7168,64,0,torch.bfloat16,torch.bfloat16,0.0,1.0,hsaco,6,102.96,Cijk_Ailk_Bljk_BBS_BH_UserArgs_MT64x128x32_SN_K1_PGR6_SB1_TT2_2_WG16_16_3
68,576,256,64,0,torch.bfloat16,torch.bfloat16,0.0,1.0,hsaco,3,6.0,Cijk_Ailk_Bljk_BBS_BH_UserArgs_MT16x32x32_SN_K1_PGR6_SB1_TT2_2_WG16_16_2
68,1536,256,64,0,torch.bfloat16,torch.bfloat16,0.0,1.0,hsaco,0,8.32,Cijk_Ailk_Bljk_BBS_BH_UserArgs_MT64x32x32_SN_K1_PGR6_SB1_TT2_2_WG16_16_2
68,3072,256,64,0,torch.bfloat16,torch.bfloat16,0.0,1.0,hsaco,0,8.32,Cijk_Ailk_Bljk_BBS_BH_UserArgs_MT64x32x32_SN_K1_PGR6_SB1_TT2_2_WG16_16_2
68,4096,256,64,0,torch.bfloat16,torch.bfloat16,0.0,1.0,hsaco,1,10.48,Cijk_Ailk_Bljk_BBS_BH_UserArgs_MT64x64x32_SN_K1_PGR6_SB1_TT2_2_WG16_16_2
68,4608,256,64,0,torch.bfloat16,torch.bfloat16,0.0,1.0,hsaco,1,10.72,Cijk_Ailk_Bljk_BBS_BH_UserArgs_MT64x64x32_SN_K1_PGR6_SB1_TT2_2_WG16_16_2
68,7168,256,64,0,torch.bfloat16,torch.bfloat16,0.0,1.0,hsaco,2,12.4,Cijk_Ailk_Bljk_BBS_BH_UserArgs_MT64x128x32_SN_K1_PGR6_SB1_TT2_8_WG16_16_2
68,576,512,64,0,torch.bfloat16,torch.bfloat16,0.0,1.0,hsaco,3,6.88,Cijk_Ailk_Bljk_BBS_BH_UserArgs_MT16x32x32_SN_K1_PGR6_SB1_TT2_2_WG16_16_2
68,1536,512,64,0,torch.bfloat16,torch.bfloat16,0.0,1.0,hsaco,4,10.72,Cijk_Ailk_Bljk_BBS_BH_UserArgs_MT64x32x32_SN_K1_PGR6_SB1_TT2_2_WG16_16_3
68,3072,512,64,0,torch.bfloat16,torch.bfloat16,0.0,1.0,hsaco,4,11.68,Cijk_Ailk_Bljk_BBS_BH_UserArgs_MT64x32x32_SN_K1_PGR6_SB1_TT2_2_WG16_16_3
68,4096,512,64,0,torch.bfloat16,torch.bfloat16,0.0,1.0,hsaco,5,12.64,Cijk_Ailk_Bljk_BBS_BH_UserArgs_MT64x64x32_SN_K1_PGR6_SB1_TT2_2_WG16_16_3
68,4608,512,64,0,torch.bfloat16,torch.bfloat16,0.0,1.0,hsaco,5,12.56,Cijk_Ailk_Bljk_BBS_BH_UserArgs_MT64x64x32_SN_K1_PGR6_SB1_TT2_2_WG16_16_3
68,7168,512,64,0,torch.bfloat16,torch.bfloat16,0.0,1.0,hsaco,6,16.56,Cijk_Ailk_Bljk_BBS_BH_UserArgs_MT64x128x32_SN_K1_PGR6_SB1_TT2_2_WG16_16_3
68,576,1536,64,0,torch.bfloat16,torch.bfloat16,0.0,1.0,hsaco,3,11.36,Cijk_Ailk_Bljk_BBS_BH_UserArgs_MT16x32x32_SN_K1_PGR6_SB1_TT2_2_WG16_16_2
68,1536,1536,64,0,torch.bfloat16,torch.bfloat16,0.0,1.0,hsaco,4,20.24,Cijk_Ailk_Bljk_BBS_BH_UserArgs_MT64x32x32_SN_K1_PGR6_SB1_TT2_2_WG16_16_3
68,3072,1536,64,0,torch.bfloat16,torch.bfloat16,0.0,1.0,hsaco,4,21.04,Cijk_Ailk_Bljk_BBS_BH_UserArgs_MT64x32x32_SN_K1_PGR6_SB1_TT2_2_WG16_16_3
68,4096,1536,64,0,torch.bfloat16,torch.bfloat16,0.0,1.0,hsaco,5,23.68,Cijk_Ailk_Bljk_BBS_BH_UserArgs_MT64x64x32_SN_K1_PGR6_SB1_TT2_2_WG16_16_3
68,4608,1536,64,0,torch.bfloat16,torch.bfloat16,0.0,1.0,hsaco,5,23.84,Cijk_Ailk_Bljk_BBS_BH_UserArgs_MT64x64x32_SN_K1_PGR6_SB1_TT2_2_WG16_16_3
68,7168,1536,64,0,torch.bfloat16,torch.bfloat16,0.0,1.0,hsaco,6,29.12,Cijk_Ailk_Bljk_BBS_BH_UserArgs_MT64x128x32_SN_K1_PGR6_SB1_TT2_2_WG16_16_3
68,512,2048,64,0,torch.bfloat16,torch.bfloat16,0.0,1.0,hsaco,3,13.2,Cijk_Ailk_Bljk_BBS_BH_UserArgs_MT16x32x32_SN_K1_PGR6_SB1_TT2_2_WG16_16_2
68,1536,2048,64,0,torch.bfloat16,torch.bfloat16,0.0,1.0,hsaco,4,25.36,Cijk_Ailk_Bljk_BBS_BH_UserArgs_MT64x32x32_SN_K1_PGR6_SB1_TT2_2_WG16_16_3
68,3072,2048,64,0,torch.bfloat16,torch.bfloat16,0.0,1.0,hsaco,4,25.84,Cijk_Ailk_Bljk_BBS_BH_UserArgs_MT64x32x32_SN_K1_PGR6_SB1_TT2_2_WG16_16_3
68,4096,2048,64,0,torch.bfloat16,torch.bfloat16,0.0,1.0,hsaco,5,29.2,Cijk_Ailk_Bljk_BBS_BH_UserArgs_MT64x64x32_SN_K1_PGR6_SB1_TT2_2_WG16_16_3
68,4608,2048,64,0,torch.bfloat16,torch.bfloat16,0.0,1.0,hsaco,5,29.04,Cijk_Ailk_Bljk_BBS_BH_UserArgs_MT64x64x32_SN_K1_PGR6_SB1_TT2_2_WG16_16_3
68,7168,2048,64,0,torch.bfloat16,torch.bfloat16,0.0,1.0,hsaco,6,35.04,Cijk_Ailk_Bljk_BBS_BH_UserArgs_MT64x128x32_SN_K1_PGR6_SB1_TT2_2_WG16_16_3
68,512,2304,64,0,torch.bfloat16,torch.bfloat16,0.0,1.0,hsaco,3,14.48,Cijk_Ailk_Bljk_BBS_BH_UserArgs_MT16x32x32_SN_K1_PGR6_SB1_TT2_2_WG16_16_2
68,1536,2304,64,0,torch.bfloat16,torch.bfloat16,0.0,1.0,hsaco,4,27.6,Cijk_Ailk_Bljk_BBS_BH_UserArgs_MT64x32x32_SN_K1_PGR6_SB1_TT2_2_WG16_16_3
68,3072,2304,64,0,torch.bfloat16,torch.bfloat16,0.0,1.0,hsaco,4,28.64,Cijk_Ailk_Bljk_BBS_BH_UserArgs_MT64x32x32_SN_K1_PGR6_SB1_TT2_2_WG16_16_3
68,4096,2304,64,0,torch.bfloat16,torch.bfloat16,0.0,1.0,hsaco,5,32.24,Cijk_Ailk_Bljk_BBS_BH_UserArgs_MT64x64x32_SN_K1_PGR6_SB1_TT2_2_WG16_16_3
68,4608,2304,64,0,torch.bfloat16,torch.bfloat16,0.0,1.0,hsaco,5,32.08,Cijk_Ailk_Bljk_BBS_BH_UserArgs_MT64x64x32_SN_K1_PGR6_SB1_TT2_2_WG16_16_3
68,7168,2304,64,0,torch.bfloat16,torch.bfloat16,0.0,1.0,hsaco,6,38.64,Cijk_Ailk_Bljk_BBS_BH_UserArgs_MT64x128x32_SN_K1_PGR6_SB1_TT2_2_WG16_16_3
68,512,7168,64,0,torch.bfloat16,torch.bfloat16,0.0,1.0,hsaco,3,36.32,Cijk_Ailk_Bljk_BBS_BH_UserArgs_MT16x32x32_SN_K1_PGR6_SB1_TT2_2_WG16_16_2
68,1536,7168,64,0,torch.bfloat16,torch.bfloat16,0.0,1.0,hsaco,4,74.0,Cijk_Ailk_Bljk_BBS_BH_UserArgs_MT64x32x32_SN_K1_PGR6_SB1_TT2_2_WG16_16_3
68,3072,7168,64,0,torch.bfloat16,torch.bfloat16,0.0,1.0,hsaco,4,74.8,Cijk_Ailk_Bljk_BBS_BH_UserArgs_MT64x32x32_SN_K1_PGR6_SB1_TT2_2_WG16_16_3
68,4096,7168,64,0,torch.bfloat16,torch.bfloat16,0.0,1.0,hsaco,5,83.92,Cijk_Ailk_Bljk_BBS_BH_UserArgs_MT64x64x32_SN_K1_PGR6_SB1_TT2_2_WG16_16_3
68,4608,7168,64,0,torch.bfloat16,torch.bfloat16,0.0,1.0,hsaco,5,84.08,Cijk_Ailk_Bljk_BBS_BH_UserArgs_MT64x64x32_SN_K1_PGR6_SB1_TT2_2_WG16_16_3
68,7168,7168,64,0,torch.bfloat16,torch.bfloat16,0.0,1.0,hsaco,6,102.0,Cijk_Ailk_Bljk_BBS_BH_UserArgs_MT64x128x32_SN_K1_PGR6_SB1_TT2_2_WG16_16_3
69,576,256,64,0,torch.bfloat16,torch.bfloat16,0.0,1.0,hsaco,3,6.08,Cijk_Ailk_Bljk_BBS_BH_UserArgs_MT16x32x32_SN_K1_PGR6_SB1_TT2_2_WG16_16_2
69,1536,256,64,0,torch.bfloat16,torch.bfloat16,0.0,1.0,hsaco,0,8.24,Cijk_Ailk_Bljk_BBS_BH_UserArgs_MT64x32x32_SN_K1_PGR6_SB1_TT2_2_WG16_16_2
69,3072,256,64,0,torch.bfloat16,torch.bfloat16,0.0,1.0,hsaco,0,8.32,Cijk_Ailk_Bljk_BBS_BH_UserArgs_MT64x32x32_SN_K1_PGR6_SB1_TT2_2_WG16_16_2
69,4096,256,64,0,torch.bfloat16,torch.bfloat16,0.0,1.0,hsaco,1,10.4,Cijk_Ailk_Bljk_BBS_BH_UserArgs_MT64x64x32_SN_K1_PGR6_SB1_TT2_2_WG16_16_2
69,4608,256,64,0,torch.bfloat16,torch.bfloat16,0.0,1.0,hsaco,1,10.48,Cijk_Ailk_Bljk_BBS_BH_UserArgs_MT64x64x32_SN_K1_PGR6_SB1_TT2_2_WG16_16_2
69,7168,256,64,0,torch.bfloat16,torch.bfloat16,0.0,1.0,hsaco,2,12.32,Cijk_Ailk_Bljk_BBS_BH_UserArgs_MT64x128x32_SN_K1_PGR6_SB1_TT2_8_WG16_16_2
69,576,512,64,0,torch.bfloat16,torch.bfloat16,0.0,1.0,hsaco,3,6.96,Cijk_Ailk_Bljk_BBS_BH_UserArgs_MT16x32x32_SN_K1_PGR6_SB1_TT2_2_WG16_16_2
69,1536,512,64,0,torch.bfloat16,torch.bfloat16,0.0,1.0,hsaco,4,10.72,Cijk_Ailk_Bljk_BBS_BH_UserArgs_MT64x32x32_SN_K1_PGR6_SB1_TT2_2_WG16_16_3
69,3072,512,64,0,torch.bfloat16,torch.bfloat16,0.0,1.0,hsaco,4,11.76,Cijk_Ailk_Bljk_BBS_BH_UserArgs_MT64x32x32_SN_K1_PGR6_SB1_TT2_2_WG16_16_3
69,4096,512,64,0,torch.bfloat16,torch.bfloat16,0.0,1.0,hsaco,5,12.48,Cijk_Ailk_Bljk_BBS_BH_UserArgs_MT64x64x32_SN_K1_PGR6_SB1_TT2_2_WG16_16_3
69,4608,512,64,0,torch.bfloat16,torch.bfloat16,0.0,1.0,hsaco,5,12.56,Cijk_Ailk_Bljk_BBS_BH_UserArgs_MT64x64x32_SN_K1_PGR6_SB1_TT2_2_WG16_16_3
69,7168,512,64,0,torch.bfloat16,torch.bfloat16,0.0,1.0,hsaco,6,16.56,Cijk_Ailk_Bljk_BBS_BH_UserArgs_MT64x128x32_SN_K1_PGR6_SB1_TT2_2_WG16_16_3
69,576,1536,64,0,torch.bfloat16,torch.bfloat16,0.0,1.0,hsaco,3,11.28,Cijk_Ailk_Bljk_BBS_BH_UserArgs_MT16x32x32_SN_K1_PGR6_SB1_TT2_2_WG16_16_2
69,1536,1536,64,0,torch.bfloat16,torch.bfloat16,0.0,1.0,hsaco,4,20.32,Cijk_Ailk_Bljk_BBS_BH_UserArgs_MT64x32x32_SN_K1_PGR6_SB1_TT2_2_WG16_16_3
69,3072,1536,64,0,torch.bfloat16,torch.bfloat16,0.0,1.0,hsaco,4,20.88,Cijk_Ailk_Bljk_BBS_BH_UserArgs_MT64x32x32_SN_K1_PGR6_SB1_TT2_2_WG16_16_3
69,4096,1536,64,0,torch.bfloat16,torch.bfloat16,0.0,1.0,hsaco,5,23.68,Cijk_Ailk_Bljk_BBS_BH_UserArgs_MT64x64x32_SN_K1_PGR6_SB1_TT2_2_WG16_16_3
69,4608,1536,64,0,torch.bfloat16,torch.bfloat16,0.0,1.0,hsaco,5,23.84,Cijk_Ailk_Bljk_BBS_BH_UserArgs_MT64x64x32_SN_K1_PGR6_SB1_TT2_2_WG16_16_3
69,7168,1536,64,0,torch.bfloat16,torch.bfloat16,0.0,1.0,hsaco,6,29.28,Cijk_Ailk_Bljk_BBS_BH_UserArgs_MT64x128x32_SN_K1_PGR6_SB1_TT2_2_WG16_16_3
69,512,2048,64,0,torch.bfloat16,torch.bfloat16,0.0,1.0,hsaco,3,13.12,Cijk_Ailk_Bljk_BBS_BH_UserArgs_MT16x32x32_SN_K1_PGR6_SB1_TT2_2_WG16_16_2
69,1536,2048,64,0,torch.bfloat16,torch.bfloat16,0.0,1.0,hsaco,4,25.12,Cijk_Ailk_Bljk_BBS_BH_UserArgs_MT64x32x32_SN_K1_PGR6_SB1_TT2_2_WG16_16_3
69,3072,2048,64,0,torch.bfloat16,torch.bfloat16,0.0,1.0,hsaco,4,25.76,Cijk_Ailk_Bljk_BBS_BH_UserArgs_MT64x32x32_SN_K1_PGR6_SB1_TT2_2_WG16_16_3
69,4096,2048,64,0,torch.bfloat16,torch.bfloat16,0.0,1.0,hsaco,5,29.28,Cijk_Ailk_Bljk_BBS_BH_UserArgs_MT64x64x32_SN_K1_PGR6_SB1_TT2_2_WG16_16_3
69,4608,2048,64,0,torch.bfloat16,torch.bfloat16,0.0,1.0,hsaco,5,28.96,Cijk_Ailk_Bljk_BBS_BH_UserArgs_MT64x64x32_SN_K1_PGR6_SB1_TT2_2_WG16_16_3
69,7168,2048,64,0,torch.bfloat16,torch.bfloat16,0.0,1.0,hsaco,6,34.96,Cijk_Ailk_Bljk_BBS_BH_UserArgs_MT64x128x32_SN_K1_PGR6_SB1_TT2_2_WG16_16_3
69,512,2304,64,0,torch.bfloat16,torch.bfloat16,0.0,1.0,hsaco,3,14.48,Cijk_Ailk_Bljk_BBS_BH_UserArgs_MT16x32x32_SN_K1_PGR6_SB1_TT2_2_WG16_16_2
69,1536,2304,64,0,torch.bfloat16,torch.bfloat16,0.0,1.0,hsaco,4,27.68,Cijk_Ailk_Bljk_BBS_BH_UserArgs_MT64x32x32_SN_K1_PGR6_SB1_TT2_2_WG16_16_3
69,3072,2304,64,0,torch.bfloat16,torch.bfloat16,0.0,1.0,hsaco,4,28.48,Cijk_Ailk_Bljk_BBS_BH_UserArgs_MT64x32x32_SN_K1_PGR6_SB1_TT2_2_WG16_16_3
69,4096,2304,64,0,torch.bfloat16,torch.bfloat16,0.0,1.0,hsaco,5,32.16,Cijk_Ailk_Bljk_BBS_BH_UserArgs_MT64x64x32_SN_K1_PGR6_SB1_TT2_2_WG16_16_3
69,4608,2304,64,0,torch.bfloat16,torch.bfloat16,0.0,1.0,hsaco,5,32.32,Cijk_Ailk_Bljk_BBS_BH_UserArgs_MT64x64x32_SN_K1_PGR6_SB1_TT2_2_WG16_16_3
69,7168,2304,64,0,torch.bfloat16,torch.bfloat16,0.0,1.0,hsaco,6,38.8,Cijk_Ailk_Bljk_BBS_BH_UserArgs_MT64x128x32_SN_K1_PGR6_SB1_TT2_2_WG16_16_3
69,512,7168,64,0,torch.bfloat16,torch.bfloat16,0.0,1.0,hsaco,3,36.48,Cijk_Ailk_Bljk_BBS_BH_UserArgs_MT16x32x32_SN_K1_PGR6_SB1_TT2_2_WG16_16_2
69,1536,7168,64,0,torch.bfloat16,torch.bfloat16,0.0,1.0,hsaco,4,73.84,Cijk_Ailk_Bljk_BBS_BH_UserArgs_MT64x32x32_SN_K1_PGR6_SB1_TT2_2_WG16_16_3
69,3072,7168,64,0,torch.bfloat16,torch.bfloat16,0.0,1.0,hsaco,4,75.12,Cijk_Ailk_Bljk_BBS_BH_UserArgs_MT64x32x32_SN_K1_PGR6_SB1_TT2_2_WG16_16_3
69,4096,7168,64,0,torch.bfloat16,torch.bfloat16,0.0,1.0,hsaco,5,84.0,Cijk_Ailk_Bljk_BBS_BH_UserArgs_MT64x64x32_SN_K1_PGR6_SB1_TT2_2_WG16_16_3
69,4608,7168,64,0,torch.bfloat16,torch.bfloat16,0.0,1.0,hsaco,5,84.24,Cijk_Ailk_Bljk_BBS_BH_UserArgs_MT64x64x32_SN_K1_PGR6_SB1_TT2_2_WG16_16_3
69,7168,7168,64,0,torch.bfloat16,torch.bfloat16,0.0,1.0,hsaco,6,101.68,Cijk_Ailk_Bljk_BBS_BH_UserArgs_MT64x128x32_SN_K1_PGR6_SB1_TT2_2_WG16_16_3
70,576,256,64,0,torch.bfloat16,torch.bfloat16,0.0,1.0,hsaco,3,6.0,Cijk_Ailk_Bljk_BBS_BH_UserArgs_MT16x32x32_SN_K1_PGR6_SB1_TT2_2_WG16_16_2
70,1536,256,64,0,torch.bfloat16,torch.bfloat16,0.0,1.0,hsaco,0,8.4,Cijk_Ailk_Bljk_BBS_BH_UserArgs_MT64x32x32_SN_K1_PGR6_SB1_TT2_2_WG16_16_2
70,3072,256,64,0,torch.bfloat16,torch.bfloat16,0.0,1.0,hsaco,0,8.32,Cijk_Ailk_Bljk_BBS_BH_UserArgs_MT64x32x32_SN_K1_PGR6_SB1_TT2_2_WG16_16_2
70,4096,256,64,0,torch.bfloat16,torch.bfloat16,0.0,1.0,hsaco,1,10.32,Cijk_Ailk_Bljk_BBS_BH_UserArgs_MT64x64x32_SN_K1_PGR6_SB1_TT2_2_WG16_16_2
70,4608,256,64,0,torch.bfloat16,torch.bfloat16,0.0,1.0,hsaco,1,10.72,Cijk_Ailk_Bljk_BBS_BH_UserArgs_MT64x64x32_SN_K1_PGR6_SB1_TT2_2_WG16_16_2
70,7168,256,64,0,torch.bfloat16,torch.bfloat16,0.0,1.0,hsaco,2,12.16,Cijk_Ailk_Bljk_BBS_BH_UserArgs_MT64x128x32_SN_K1_PGR6_SB1_TT2_8_WG16_16_2
70,576,512,64,0,torch.bfloat16,torch.bfloat16,0.0,1.0,hsaco,3,6.8,Cijk_Ailk_Bljk_BBS_BH_UserArgs_MT16x32x32_SN_K1_PGR6_SB1_TT2_2_WG16_16_2
70,1536,512,64,0,torch.bfloat16,torch.bfloat16,0.0,1.0,hsaco,4,10.8,Cijk_Ailk_Bljk_BBS_BH_UserArgs_MT64x32x32_SN_K1_PGR6_SB1_TT2_2_WG16_16_3
70,3072,512,64,0,torch.bfloat16,torch.bfloat16,0.0,1.0,hsaco,4,11.76,Cijk_Ailk_Bljk_BBS_BH_UserArgs_MT64x32x32_SN_K1_PGR6_SB1_TT2_2_WG16_16_3
70,4096,512,64,0,torch.bfloat16,torch.bfloat16,0.0,1.0,hsaco,5,12.48,Cijk_Ailk_Bljk_BBS_BH_UserArgs_MT64x64x32_SN_K1_PGR6_SB1_TT2_2_WG16_16_3
70,4608,512,64,0,torch.bfloat16,torch.bfloat16,0.0,1.0,hsaco,5,12.48,Cijk_Ailk_Bljk_BBS_BH_UserArgs_MT64x64x32_SN_K1_PGR6_SB1_TT2_2_WG16_16_3
70,7168,512,64,0,torch.bfloat16,torch.bfloat16,0.0,1.0,hsaco,6,16.56,Cijk_Ailk_Bljk_BBS_BH_UserArgs_MT64x128x32_SN_K1_PGR6_SB1_TT2_2_WG16_16_3
70,576,1536,64,0,torch.bfloat16,torch.bfloat16,0.0,1.0,hsaco,3,11.36,Cijk_Ailk_Bljk_BBS_BH_UserArgs_MT16x32x32_SN_K1_PGR6_SB1_TT2_2_WG16_16_2
70,1536,1536,64,0,torch.bfloat16,torch.bfloat16,0.0,1.0,hsaco,4,20.32,Cijk_Ailk_Bljk_BBS_BH_UserArgs_MT64x32x32_SN_K1_PGR6_SB1_TT2_2_WG16_16_3
70,3072,1536,64,0,torch.bfloat16,torch.bfloat16,0.0,1.0,hsaco,4,20.96,Cijk_Ailk_Bljk_BBS_BH_UserArgs_MT64x32x32_SN_K1_PGR6_SB1_TT2_2_WG16_16_3
70,4096,1536,64,0,torch.bfloat16,torch.bfloat16,0.0,1.0,hsaco,5,23.76,Cijk_Ailk_Bljk_BBS_BH_UserArgs_MT64x64x32_SN_K1_PGR6_SB1_TT2_2_WG16_16_3
70,4608,1536,64,0,torch.bfloat16,torch.bfloat16,0.0,1.0,hsaco,5,23.84,Cijk_Ailk_Bljk_BBS_BH_UserArgs_MT64x64x32_SN_K1_PGR6_SB1_TT2_2_WG16_16_3
70,7168,1536,64,0,torch.bfloat16,torch.bfloat16,0.0,1.0,hsaco,6,28.96,Cijk_Ailk_Bljk_BBS_BH_UserArgs_MT64x128x32_SN_K1_PGR6_SB1_TT2_2_WG16_16_3
70,512,2048,64,0,torch.bfloat16,torch.bfloat16,0.0,1.0,hsaco,3,13.2,Cijk_Ailk_Bljk_BBS_BH_UserArgs_MT16x32x32_SN_K1_PGR6_SB1_TT2_2_WG16_16_2
70,1536,2048,64,0,torch.bfloat16,torch.bfloat16,0.0,1.0,hsaco,4,25.12,Cijk_Ailk_Bljk_BBS_BH_UserArgs_MT64x32x32_SN_K1_PGR6_SB1_TT2_2_WG16_16_3
70,3072,2048,64,0,torch.bfloat16,torch.bfloat16,0.0,1.0,hsaco,4,25.92,Cijk_Ailk_Bljk_BBS_BH_UserArgs_MT64x32x32_SN_K1_PGR6_SB1_TT2_2_WG16_16_3
70,4096,2048,64,0,torch.bfloat16,torch.bfloat16,0.0,1.0,hsaco,5,29.28,Cijk_Ailk_Bljk_BBS_BH_UserArgs_MT64x64x32_SN_K1_PGR6_SB1_TT2_2_WG16_16_3
70,4608,2048,64,0,torch.bfloat16,torch.bfloat16,0.0,1.0,hsaco,5,28.8,Cijk_Ailk_Bljk_BBS_BH_UserArgs_MT64x64x32_SN_K1_PGR6_SB1_TT2_2_WG16_16_3
70,7168,2048,64,0,torch.bfloat16,torch.bfloat16,0.0,1.0,hsaco,6,35.04,Cijk_Ailk_Bljk_BBS_BH_UserArgs_MT64x128x32_SN_K1_PGR6_SB1_TT2_2_WG16_16_3
70,512,2304,64,0,torch.bfloat16,torch.bfloat16,0.0,1.0,hsaco,3,14.56,Cijk_Ailk_Bljk_BBS_BH_UserArgs_MT16x32x32_SN_K1_PGR6_SB1_TT2_2_WG16_16_2
70,1536,2304,64,0,torch.bfloat16,torch.bfloat16,0.0,1.0,hsaco,4,27.76,Cijk_Ailk_Bljk_BBS_BH_UserArgs_MT64x32x32_SN_K1_PGR6_SB1_TT2_2_WG16_16_3
70,3072,2304,64,0,torch.bfloat16,torch.bfloat16,0.0,1.0,hsaco,4,28.4,Cijk_Ailk_Bljk_BBS_BH_UserArgs_MT64x32x32_SN_K1_PGR6_SB1_TT2_2_WG16_16_3
70,4096,2304,64,0,torch.bfloat16,torch.bfloat16,0.0,1.0,hsaco,5,32.08,Cijk_Ailk_Bljk_BBS_BH_UserArgs_MT64x64x32_SN_K1_PGR6_SB1_TT2_2_WG16_16_3
70,4608,2304,64,0,torch.bfloat16,torch.bfloat16,0.0,1.0,hsaco,5,32.0,Cijk_Ailk_Bljk_BBS_BH_UserArgs_MT64x64x32_SN_K1_PGR6_SB1_TT2_2_WG16_16_3
70,7168,2304,64,0,torch.bfloat16,torch.bfloat16,0.0,1.0,hsaco,6,38.96,Cijk_Ailk_Bljk_BBS_BH_UserArgs_MT64x128x32_SN_K1_PGR6_SB1_TT2_2_WG16_16_3
70,512,7168,64,0,torch.bfloat16,torch.bfloat16,0.0,1.0,hsaco,3,37.12,Cijk_Ailk_Bljk_BBS_BH_UserArgs_MT16x32x32_SN_K1_PGR6_SB1_TT2_2_WG16_16_2
70,1536,7168,64,0,torch.bfloat16,torch.bfloat16,0.0,1.0,hsaco,4,74.0,Cijk_Ailk_Bljk_BBS_BH_UserArgs_MT64x32x32_SN_K1_PGR6_SB1_TT2_2_WG16_16_3
70,3072,7168,64,0,torch.bfloat16,torch.bfloat16,0.0,1.0,hsaco,4,74.96,Cijk_Ailk_Bljk_BBS_BH_UserArgs_MT64x32x32_SN_K1_PGR6_SB1_TT2_2_WG16_16_3
70,4096,7168,64,0,torch.bfloat16,torch.bfloat16,0.0,1.0,hsaco,5,84.08,Cijk_Ailk_Bljk_BBS_BH_UserArgs_MT64x64x32_SN_K1_PGR6_SB1_TT2_2_WG16_16_3
70,4608,7168,64,0,torch.bfloat16,torch.bfloat16,0.0,1.0,hsaco,5,84.32,Cijk_Ailk_Bljk_BBS_BH_UserArgs_MT64x64x32_SN_K1_PGR6_SB1_TT2_2_WG16_16_3
70,7168,7168,64,0,torch.bfloat16,torch.bfloat16,0.0,1.0,hsaco,6,102.8,Cijk_Ailk_Bljk_BBS_BH_UserArgs_MT64x128x32_SN_K1_PGR6_SB1_TT2_2_WG16_16_3
71,576,256,64,0,torch.bfloat16,torch.bfloat16,0.0,1.0,hsaco,3,6.0,Cijk_Ailk_Bljk_BBS_BH_UserArgs_MT16x32x32_SN_K1_PGR6_SB1_TT2_2_WG16_16_2
71,1536,256,64,0,torch.bfloat16,torch.bfloat16,0.0,1.0,hsaco,0,8.4,Cijk_Ailk_Bljk_BBS_BH_UserArgs_MT64x32x32_SN_K1_PGR6_SB1_TT2_2_WG16_16_2
71,3072,256,64,0,torch.bfloat16,torch.bfloat16,0.0,1.0,hsaco,0,8.32,Cijk_Ailk_Bljk_BBS_BH_UserArgs_MT64x32x32_SN_K1_PGR6_SB1_TT2_2_WG16_16_2
71,4096,256,64,0,torch.bfloat16,torch.bfloat16,0.0,1.0,hsaco,1,10.32,Cijk_Ailk_Bljk_BBS_BH_UserArgs_MT64x64x32_SN_K1_PGR6_SB1_TT2_2_WG16_16_2
71,4608,256,64,0,torch.bfloat16,torch.bfloat16,0.0,1.0,hsaco,1,10.32,Cijk_Ailk_Bljk_BBS_BH_UserArgs_MT64x64x32_SN_K1_PGR6_SB1_TT2_2_WG16_16_2
71,7168,256,64,0,torch.bfloat16,torch.bfloat16,0.0,1.0,hsaco,2,12.24,Cijk_Ailk_Bljk_BBS_BH_UserArgs_MT64x128x32_SN_K1_PGR6_SB1_TT2_8_WG16_16_2
71,576,512,64,0,torch.bfloat16,torch.bfloat16,0.0,1.0,hsaco,3,6.88,Cijk_Ailk_Bljk_BBS_BH_UserArgs_MT16x32x32_SN_K1_PGR6_SB1_TT2_2_WG16_16_2
71,1536,512,64,0,torch.bfloat16,torch.bfloat16,0.0,1.0,hsaco,4,10.8,Cijk_Ailk_Bljk_BBS_BH_UserArgs_MT64x32x32_SN_K1_PGR6_SB1_TT2_2_WG16_16_3
71,3072,512,64,0,torch.bfloat16,torch.bfloat16,0.0,1.0,hsaco,4,12.08,Cijk_Ailk_Bljk_BBS_BH_UserArgs_MT64x32x32_SN_K1_PGR6_SB1_TT2_2_WG16_16_3
71,4096,512,64,0,torch.bfloat16,torch.bfloat16,0.0,1.0,hsaco,5,12.56,Cijk_Ailk_Bljk_BBS_BH_UserArgs_MT64x64x32_SN_K1_PGR6_SB1_TT2_2_WG16_16_3
71,4608,512,64,0,torch.bfloat16,torch.bfloat16,0.0,1.0,hsaco,5,12.64,Cijk_Ailk_Bljk_BBS_BH_UserArgs_MT64x64x32_SN_K1_PGR6_SB1_TT2_2_WG16_16_3
71,7168,512,64,0,torch.bfloat16,torch.bfloat16,0.0,1.0,hsaco,6,16.64,Cijk_Ailk_Bljk_BBS_BH_UserArgs_MT64x128x32_SN_K1_PGR6_SB1_TT2_2_WG16_16_3
71,576,1536,64,0,torch.bfloat16,torch.bfloat16,0.0,1.0,hsaco,3,11.36,Cijk_Ailk_Bljk_BBS_BH_UserArgs_MT16x32x32_SN_K1_PGR6_SB1_TT2_2_WG16_16_2
71,1536,1536,64,0,torch.bfloat16,torch.bfloat16,0.0,1.0,hsaco,4,20.32,Cijk_Ailk_Bljk_BBS_BH_UserArgs_MT64x32x32_SN_K1_PGR6_SB1_TT2_2_WG16_16_3
71,3072,1536,64,0,torch.bfloat16,torch.bfloat16,0.0,1.0,hsaco,4,21.04,Cijk_Ailk_Bljk_BBS_BH_UserArgs_MT64x32x32_SN_K1_PGR6_SB1_TT2_2_WG16_16_3
71,4096,1536,64,0,torch.bfloat16,torch.bfloat16,0.0,1.0,hsaco,5,23.68,Cijk_Ailk_Bljk_BBS_BH_UserArgs_MT64x64x32_SN_K1_PGR6_SB1_TT2_2_WG16_16_3
71,4608,1536,64,0,torch.bfloat16,torch.bfloat16,0.0,1.0,hsaco,5,23.76,Cijk_Ailk_Bljk_BBS_BH_UserArgs_MT64x64x32_SN_K1_PGR6_SB1_TT2_2_WG16_16_3
71,7168,1536,64,0,torch.bfloat16,torch.bfloat16,0.0,1.0,hsaco,6,29.04,Cijk_Ailk_Bljk_BBS_BH_UserArgs_MT64x128x32_SN_K1_PGR6_SB1_TT2_2_WG16_16_3
71,512,2048,64,0,torch.bfloat16,torch.bfloat16,0.0,1.0,hsaco,3,13.12,Cijk_Ailk_Bljk_BBS_BH_UserArgs_MT16x32x32_SN_K1_PGR6_SB1_TT2_2_WG16_16_2
71,1536,2048,64,0,torch.bfloat16,torch.bfloat16,0.0,1.0,hsaco,4,25.04,Cijk_Ailk_Bljk_BBS_BH_UserArgs_MT64x32x32_SN_K1_PGR6_SB1_TT2_2_WG16_16_3
71,3072,2048,64,0,torch.bfloat16,torch.bfloat16,0.0,1.0,hsaco,4,26.0,Cijk_Ailk_Bljk_BBS_BH_UserArgs_MT64x32x32_SN_K1_PGR6_SB1_TT2_2_WG16_16_3
71,4096,2048,64,0,torch.bfloat16,torch.bfloat16,0.0,1.0,hsaco,5,29.12,Cijk_Ailk_Bljk_BBS_BH_UserArgs_MT64x64x32_SN_K1_PGR6_SB1_TT2_2_WG16_16_3
71,4608,2048,64,0,torch.bfloat16,torch.bfloat16,0.0,1.0,hsaco,5,28.96,Cijk_Ailk_Bljk_BBS_BH_UserArgs_MT64x64x32_SN_K1_PGR6_SB1_TT2_2_WG16_16_3
71,7168,2048,64,0,torch.bfloat16,torch.bfloat16,0.0,1.0,hsaco,6,34.88,Cijk_Ailk_Bljk_BBS_BH_UserArgs_MT64x128x32_SN_K1_PGR6_SB1_TT2_2_WG16_16_3
71,512,2304,64,0,torch.bfloat16,torch.bfloat16,0.0,1.0,hsaco,3,14.64,Cijk_Ailk_Bljk_BBS_BH_UserArgs_MT16x32x32_SN_K1_PGR6_SB1_TT2_2_WG16_16_2
71,1536,2304,64,0,torch.bfloat16,torch.bfloat16,0.0,1.0,hsaco,4,27.76,Cijk_Ailk_Bljk_BBS_BH_UserArgs_MT64x32x32_SN_K1_PGR6_SB1_TT2_2_WG16_16_3
71,3072,2304,64,0,torch.bfloat16,torch.bfloat16,0.0,1.0,hsaco,4,28.48,Cijk_Ailk_Bljk_BBS_BH_UserArgs_MT64x32x32_SN_K1_PGR6_SB1_TT2_2_WG16_16_3
71,4096,2304,64,0,torch.bfloat16,torch.bfloat16,0.0,1.0,hsaco,5,32.0,Cijk_Ailk_Bljk_BBS_BH_UserArgs_MT64x64x32_SN_K1_PGR6_SB1_TT2_2_WG16_16_3
71,4608,2304,64,0,torch.bfloat16,torch.bfloat16,0.0,1.0,hsaco,5,32.24,Cijk_Ailk_Bljk_BBS_BH_UserArgs_MT64x64x32_SN_K1_PGR6_SB1_TT2_2_WG16_16_3
71,7168,2304,64,0,torch.bfloat16,torch.bfloat16,0.0,1.0,hsaco,6,38.8,Cijk_Ailk_Bljk_BBS_BH_UserArgs_MT64x128x32_SN_K1_PGR6_SB1_TT2_2_WG16_16_3
71,512,7168,64,0,torch.bfloat16,torch.bfloat16,0.0,1.0,hsaco,3,37.04,Cijk_Ailk_Bljk_BBS_BH_UserArgs_MT16x32x32_SN_K1_PGR6_SB1_TT2_2_WG16_16_2
71,1536,7168,64,0,torch.bfloat16,torch.bfloat16,0.0,1.0,hsaco,4,73.68,Cijk_Ailk_Bljk_BBS_BH_UserArgs_MT64x32x32_SN_K1_PGR6_SB1_TT2_2_WG16_16_3
71,3072,7168,64,0,torch.bfloat16,torch.bfloat16,0.0,1.0,hsaco,4,75.12,Cijk_Ailk_Bljk_BBS_BH_UserArgs_MT64x32x32_SN_K1_PGR6_SB1_TT2_2_WG16_16_3
71,4096,7168,64,0,torch.bfloat16,torch.bfloat16,0.0,1.0,hsaco,5,83.92,Cijk_Ailk_Bljk_BBS_BH_UserArgs_MT64x64x32_SN_K1_PGR6_SB1_TT2_2_WG16_16_3
71,4608,7168,64,0,torch.bfloat16,torch.bfloat16,0.0,1.0,hsaco,5,84.0,Cijk_Ailk_Bljk_BBS_BH_UserArgs_MT64x64x32_SN_K1_PGR6_SB1_TT2_2_WG16_16_3
71,7168,7168,64,0,torch.bfloat16,torch.bfloat16,0.0,1.0,hsaco,6,103.92,Cijk_Ailk_Bljk_BBS_BH_UserArgs_MT64x128x32_SN_K1_PGR6_SB1_TT2_2_WG16_16_3
72,576,256,64,0,torch.bfloat16,torch.bfloat16,0.0,1.0,hsaco,3,6.08,Cijk_Ailk_Bljk_BBS_BH_UserArgs_MT16x32x32_SN_K1_PGR6_SB1_TT2_2_WG16_16_2
72,1536,256,64,0,torch.bfloat16,torch.bfloat16,0.0,1.0,hsaco,0,8.4,Cijk_Ailk_Bljk_BBS_BH_UserArgs_MT64x32x32_SN_K1_PGR6_SB1_TT2_2_WG16_16_2
72,3072,256,64,0,torch.bfloat16,torch.bfloat16,0.0,1.0,hsaco,0,8.32,Cijk_Ailk_Bljk_BBS_BH_UserArgs_MT64x32x32_SN_K1_PGR6_SB1_TT2_2_WG16_16_2
72,4096,256,64,0,torch.bfloat16,torch.bfloat16,0.0,1.0,hsaco,1,10.4,Cijk_Ailk_Bljk_BBS_BH_UserArgs_MT64x64x32_SN_K1_PGR6_SB1_TT2_2_WG16_16_2
72,4608,256,64,0,torch.bfloat16,torch.bfloat16,0.0,1.0,hsaco,1,10.4,Cijk_Ailk_Bljk_BBS_BH_UserArgs_MT64x64x32_SN_K1_PGR6_SB1_TT2_2_WG16_16_2
72,7168,256,64,0,torch.bfloat16,torch.bfloat16,0.0,1.0,hsaco,2,12.56,Cijk_Ailk_Bljk_BBS_BH_UserArgs_MT64x128x32_SN_K1_PGR6_SB1_TT2_8_WG16_16_2
72,576,512,64,0,torch.bfloat16,torch.bfloat16,0.0,1.0,hsaco,3,6.96,Cijk_Ailk_Bljk_BBS_BH_UserArgs_MT16x32x32_SN_K1_PGR6_SB1_TT2_2_WG16_16_2
72,1536,512,64,0,torch.bfloat16,torch.bfloat16,0.0,1.0,hsaco,4,10.8,Cijk_Ailk_Bljk_BBS_BH_UserArgs_MT64x32x32_SN_K1_PGR6_SB1_TT2_2_WG16_16_3
72,3072,512,64,0,torch.bfloat16,torch.bfloat16,0.0,1.0,hsaco,4,11.76,Cijk_Ailk_Bljk_BBS_BH_UserArgs_MT64x32x32_SN_K1_PGR6_SB1_TT2_2_WG16_16_3
72,4096,512,64,0,torch.bfloat16,torch.bfloat16,0.0,1.0,hsaco,5,12.48,Cijk_Ailk_Bljk_BBS_BH_UserArgs_MT64x64x32_SN_K1_PGR6_SB1_TT2_2_WG16_16_3
72,4608,512,64,0,torch.bfloat16,torch.bfloat16,0.0,1.0,hsaco,5,12.64,Cijk_Ailk_Bljk_BBS_BH_UserArgs_MT64x64x32_SN_K1_PGR6_SB1_TT2_2_WG16_16_3
72,7168,512,64,0,torch.bfloat16,torch.bfloat16,0.0,1.0,hsaco,6,16.56,Cijk_Ailk_Bljk_BBS_BH_UserArgs_MT64x128x32_SN_K1_PGR6_SB1_TT2_2_WG16_16_3
72,576,1536,64,0,torch.bfloat16,torch.bfloat16,0.0,1.0,hsaco,3,11.36,Cijk_Ailk_Bljk_BBS_BH_UserArgs_MT16x32x32_SN_K1_PGR6_SB1_TT2_2_WG16_16_2
72,1536,1536,64,0,torch.bfloat16,torch.bfloat16,0.0,1.0,hsaco,4,20.24,Cijk_Ailk_Bljk_BBS_BH_UserArgs_MT64x32x32_SN_K1_PGR6_SB1_TT2_2_WG16_16_3
72,3072,1536,64,0,torch.bfloat16,torch.bfloat16,0.0,1.0,hsaco,4,21.04,Cijk_Ailk_Bljk_BBS_BH_UserArgs_MT64x32x32_SN_K1_PGR6_SB1_TT2_2_WG16_16_3
72,4096,1536,64,0,torch.bfloat16,torch.bfloat16,0.0,1.0,hsaco,5,23.76,Cijk_Ailk_Bljk_BBS_BH_UserArgs_MT64x64x32_SN_K1_PGR6_SB1_TT2_2_WG16_16_3
72,4608,1536,64,0,torch.bfloat16,torch.bfloat16,0.0,1.0,hsaco,5,23.76,Cijk_Ailk_Bljk_BBS_BH_UserArgs_MT64x64x32_SN_K1_PGR6_SB1_TT2_2_WG16_16_3
72,7168,1536,64,0,torch.bfloat16,torch.bfloat16,0.0,1.0,hsaco,6,29.12,Cijk_Ailk_Bljk_BBS_BH_UserArgs_MT64x128x32_SN_K1_PGR6_SB1_TT2_2_WG16_16_3
72,512,2048,64,0,torch.bfloat16,torch.bfloat16,0.0,1.0,hsaco,3,13.2,Cijk_Ailk_Bljk_BBS_BH_UserArgs_MT16x32x32_SN_K1_PGR6_SB1_TT2_2_WG16_16_2
72,1536,2048,64,0,torch.bfloat16,torch.bfloat16,0.0,1.0,hsaco,4,25.2,Cijk_Ailk_Bljk_BBS_BH_UserArgs_MT64x32x32_SN_K1_PGR6_SB1_TT2_2_WG16_16_3
72,3072,2048,64,0,torch.bfloat16,torch.bfloat16,0.0,1.0,hsaco,4,25.84,Cijk_Ailk_Bljk_BBS_BH_UserArgs_MT64x32x32_SN_K1_PGR6_SB1_TT2_2_WG16_16_3
72,4096,2048,64,0,torch.bfloat16,torch.bfloat16,0.0,1.0,hsaco,5,29.36,Cijk_Ailk_Bljk_BBS_BH_UserArgs_MT64x64x32_SN_K1_PGR6_SB1_TT2_2_WG16_16_3
72,4608,2048,64,0,torch.bfloat16,torch.bfloat16,0.0,1.0,hsaco,5,28.96,Cijk_Ailk_Bljk_BBS_BH_UserArgs_MT64x64x32_SN_K1_PGR6_SB1_TT2_2_WG16_16_3
72,7168,2048,64,0,torch.bfloat16,torch.bfloat16,0.0,1.0,hsaco,6,35.2,Cijk_Ailk_Bljk_BBS_BH_UserArgs_MT64x128x32_SN_K1_PGR6_SB1_TT2_2_WG16_16_3
72,512,2304,64,0,torch.bfloat16,torch.bfloat16,0.0,1.0,hsaco,3,14.56,Cijk_Ailk_Bljk_BBS_BH_UserArgs_MT16x32x32_SN_K1_PGR6_SB1_TT2_2_WG16_16_2
72,1536,2304,64,0,torch.bfloat16,torch.bfloat16,0.0,1.0,hsaco,4,27.68,Cijk_Ailk_Bljk_BBS_BH_UserArgs_MT64x32x32_SN_K1_PGR6_SB1_TT2_2_WG16_16_3
72,3072,2304,64,0,torch.bfloat16,torch.bfloat16,0.0,1.0,hsaco,4,28.56,Cijk_Ailk_Bljk_BBS_BH_UserArgs_MT64x32x32_SN_K1_PGR6_SB1_TT2_2_WG16_16_3
72,4096,2304,64,0,torch.bfloat16,torch.bfloat16,0.0,1.0,hsaco,5,32.0,Cijk_Ailk_Bljk_BBS_BH_UserArgs_MT64x64x32_SN_K1_PGR6_SB1_TT2_2_WG16_16_3
72,4608,2304,64,0,torch.bfloat16,torch.bfloat16,0.0,1.0,hsaco,5,32.16,Cijk_Ailk_Bljk_BBS_BH_UserArgs_MT64x64x32_SN_K1_PGR6_SB1_TT2_2_WG16_16_3
72,7168,2304,64,0,torch.bfloat16,torch.bfloat16,0.0,1.0,hsaco,6,38.96,Cijk_Ailk_Bljk_BBS_BH_UserArgs_MT64x128x32_SN_K1_PGR6_SB1_TT2_2_WG16_16_3
72,512,7168,64,0,torch.bfloat16,torch.bfloat16,0.0,1.0,hsaco,3,36.88,Cijk_Ailk_Bljk_BBS_BH_UserArgs_MT16x32x32_SN_K1_PGR6_SB1_TT2_2_WG16_16_2
72,1536,7168,64,0,torch.bfloat16,torch.bfloat16,0.0,1.0,hsaco,4,73.68,Cijk_Ailk_Bljk_BBS_BH_UserArgs_MT64x32x32_SN_K1_PGR6_SB1_TT2_2_WG16_16_3
72,3072,7168,64,0,torch.bfloat16,torch.bfloat16,0.0,1.0,hsaco,4,75.2,Cijk_Ailk_Bljk_BBS_BH_UserArgs_MT64x32x32_SN_K1_PGR6_SB1_TT2_2_WG16_16_3
72,4096,7168,64,0,torch.bfloat16,torch.bfloat16,0.0,1.0,hsaco,5,84.08,Cijk_Ailk_Bljk_BBS_BH_UserArgs_MT64x64x32_SN_K1_PGR6_SB1_TT2_2_WG16_16_3
72,4608,7168,64,0,torch.bfloat16,torch.bfloat16,0.0,1.0,hsaco,5,84.24,Cijk_Ailk_Bljk_BBS_BH_UserArgs_MT64x64x32_SN_K1_PGR6_SB1_TT2_2_WG16_16_3
72,7168,7168,64,0,torch.bfloat16,torch.bfloat16,0.0,1.0,hsaco,6,103.2,Cijk_Ailk_Bljk_BBS_BH_UserArgs_MT64x128x32_SN_K1_PGR6_SB1_TT2_2_WG16_16_3
73,576,256,64,0,torch.bfloat16,torch.bfloat16,0.0,1.0,hsaco,3,6.0,Cijk_Ailk_Bljk_BBS_BH_UserArgs_MT16x32x32_SN_K1_PGR6_SB1_TT2_2_WG16_16_2
73,1536,256,64,0,torch.bfloat16,torch.bfloat16,0.0,1.0,hsaco,0,8.24,Cijk_Ailk_Bljk_BBS_BH_UserArgs_MT64x32x32_SN_K1_PGR6_SB1_TT2_2_WG16_16_2
73,3072,256,64,0,torch.bfloat16,torch.bfloat16,0.0,1.0,hsaco,0,8.24,Cijk_Ailk_Bljk_BBS_BH_UserArgs_MT64x32x32_SN_K1_PGR6_SB1_TT2_2_WG16_16_2
73,4096,256,64,0,torch.bfloat16,torch.bfloat16,0.0,1.0,hsaco,1,10.32,Cijk_Ailk_Bljk_BBS_BH_UserArgs_MT64x64x32_SN_K1_PGR6_SB1_TT2_2_WG16_16_2
73,4608,256,64,0,torch.bfloat16,torch.bfloat16,0.0,1.0,hsaco,1,9.68,Cijk_Ailk_Bljk_BBS_BH_UserArgs_MT64x64x32_SN_K1_PGR6_SB1_TT2_2_WG16_16_2
73,7168,256,64,0,torch.bfloat16,torch.bfloat16,0.0,1.0,hsaco,2,12.4,Cijk_Ailk_Bljk_BBS_BH_UserArgs_MT64x128x32_SN_K1_PGR6_SB1_TT2_8_WG16_16_2
73,576,512,64,0,torch.bfloat16,torch.bfloat16,0.0,1.0,hsaco,3,6.8,Cijk_Ailk_Bljk_BBS_BH_UserArgs_MT16x32x32_SN_K1_PGR6_SB1_TT2_2_WG16_16_2
73,1536,512,64,0,torch.bfloat16,torch.bfloat16,0.0,1.0,hsaco,4,10.72,Cijk_Ailk_Bljk_BBS_BH_UserArgs_MT64x32x32_SN_K1_PGR6_SB1_TT2_2_WG16_16_3
73,3072,512,64,0,torch.bfloat16,torch.bfloat16,0.0,1.0,hsaco,4,11.76,Cijk_Ailk_Bljk_BBS_BH_UserArgs_MT64x32x32_SN_K1_PGR6_SB1_TT2_2_WG16_16_3
73,4096,512,64,0,torch.bfloat16,torch.bfloat16,0.0,1.0,hsaco,5,12.64,Cijk_Ailk_Bljk_BBS_BH_UserArgs_MT64x64x32_SN_K1_PGR6_SB1_TT2_2_WG16_16_3
73,4608,512,64,0,torch.bfloat16,torch.bfloat16,0.0,1.0,hsaco,5,12.56,Cijk_Ailk_Bljk_BBS_BH_UserArgs_MT64x64x32_SN_K1_PGR6_SB1_TT2_2_WG16_16_3
73,7168,512,64,0,torch.bfloat16,torch.bfloat16,0.0,1.0,hsaco,6,16.48,Cijk_Ailk_Bljk_BBS_BH_UserArgs_MT64x128x32_SN_K1_PGR6_SB1_TT2_2_WG16_16_3
73,576,1536,64,0,torch.bfloat16,torch.bfloat16,0.0,1.0,hsaco,3,11.44,Cijk_Ailk_Bljk_BBS_BH_UserArgs_MT16x32x32_SN_K1_PGR6_SB1_TT2_2_WG16_16_2
73,1536,1536,64,0,torch.bfloat16,torch.bfloat16,0.0,1.0,hsaco,4,20.48,Cijk_Ailk_Bljk_BBS_BH_UserArgs_MT64x32x32_SN_K1_PGR6_SB1_TT2_2_WG16_16_3
73,3072,1536,64,0,torch.bfloat16,torch.bfloat16,0.0,1.0,hsaco,4,20.88,Cijk_Ailk_Bljk_BBS_BH_UserArgs_MT64x32x32_SN_K1_PGR6_SB1_TT2_2_WG16_16_3
73,4096,1536,64,0,torch.bfloat16,torch.bfloat16,0.0,1.0,hsaco,5,23.68,Cijk_Ailk_Bljk_BBS_BH_UserArgs_MT64x64x32_SN_K1_PGR6_SB1_TT2_2_WG16_16_3
73,4608,1536,64,0,torch.bfloat16,torch.bfloat16,0.0,1.0,hsaco,5,23.68,Cijk_Ailk_Bljk_BBS_BH_UserArgs_MT64x64x32_SN_K1_PGR6_SB1_TT2_2_WG16_16_3
73,7168,1536,64,0,torch.bfloat16,torch.bfloat16,0.0,1.0,hsaco,6,29.12,Cijk_Ailk_Bljk_BBS_BH_UserArgs_MT64x128x32_SN_K1_PGR6_SB1_TT2_2_WG16_16_3
73,512,2048,64,0,torch.bfloat16,torch.bfloat16,0.0,1.0,hsaco,3,13.2,Cijk_Ailk_Bljk_BBS_BH_UserArgs_MT16x32x32_SN_K1_PGR6_SB1_TT2_2_WG16_16_2
73,1536,2048,64,0,torch.bfloat16,torch.bfloat16,0.0,1.0,hsaco,4,25.28,Cijk_Ailk_Bljk_BBS_BH_UserArgs_MT64x32x32_SN_K1_PGR6_SB1_TT2_2_WG16_16_3
73,3072,2048,64,0,torch.bfloat16,torch.bfloat16,0.0,1.0,hsaco,4,25.92,Cijk_Ailk_Bljk_BBS_BH_UserArgs_MT64x32x32_SN_K1_PGR6_SB1_TT2_2_WG16_16_3
73,4096,2048,64,0,torch.bfloat16,torch.bfloat16,0.0,1.0,hsaco,5,29.2,Cijk_Ailk_Bljk_BBS_BH_UserArgs_MT64x64x32_SN_K1_PGR6_SB1_TT2_2_WG16_16_3
73,4608,2048,64,0,torch.bfloat16,torch.bfloat16,0.0,1.0,hsaco,5,29.12,Cijk_Ailk_Bljk_BBS_BH_UserArgs_MT64x64x32_SN_K1_PGR6_SB1_TT2_2_WG16_16_3
73,7168,2048,64,0,torch.bfloat16,torch.bfloat16,0.0,1.0,hsaco,6,35.04,Cijk_Ailk_Bljk_BBS_BH_UserArgs_MT64x128x32_SN_K1_PGR6_SB1_TT2_2_WG16_16_3
73,512,2304,64,0,torch.bfloat16,torch.bfloat16,0.0,1.0,hsaco,3,14.64,Cijk_Ailk_Bljk_BBS_BH_UserArgs_MT16x32x32_SN_K1_PGR6_SB1_TT2_2_WG16_16_2
73,1536,2304,64,0,torch.bfloat16,torch.bfloat16,0.0,1.0,hsaco,4,27.92,Cijk_Ailk_Bljk_BBS_BH_UserArgs_MT64x32x32_SN_K1_PGR6_SB1_TT2_2_WG16_16_3
73,3072,2304,64,0,torch.bfloat16,torch.bfloat16,0.0,1.0,hsaco,4,28.56,Cijk_Ailk_Bljk_BBS_BH_UserArgs_MT64x32x32_SN_K1_PGR6_SB1_TT2_2_WG16_16_3
73,4096,2304,64,0,torch.bfloat16,torch.bfloat16,0.0,1.0,hsaco,5,32.08,Cijk_Ailk_Bljk_BBS_BH_UserArgs_MT64x64x32_SN_K1_PGR6_SB1_TT2_2_WG16_16_3
73,4608,2304,64,0,torch.bfloat16,torch.bfloat16,0.0,1.0,hsaco,5,32.24,Cijk_Ailk_Bljk_BBS_BH_UserArgs_MT64x64x32_SN_K1_PGR6_SB1_TT2_2_WG16_16_3
73,7168,2304,64,0,torch.bfloat16,torch.bfloat16,0.0,1.0,hsaco,6,38.8,Cijk_Ailk_Bljk_BBS_BH_UserArgs_MT64x128x32_SN_K1_PGR6_SB1_TT2_2_WG16_16_3
73,512,7168,64,0,torch.bfloat16,torch.bfloat16,0.0,1.0,hsaco,3,37.2,Cijk_Ailk_Bljk_BBS_BH_UserArgs_MT16x32x32_SN_K1_PGR6_SB1_TT2_2_WG16_16_2
73,1536,7168,64,0,torch.bfloat16,torch.bfloat16,0.0,1.0,hsaco,4,73.76,Cijk_Ailk_Bljk_BBS_BH_UserArgs_MT64x32x32_SN_K1_PGR6_SB1_TT2_2_WG16_16_3
73,3072,7168,64,0,torch.bfloat16,torch.bfloat16,0.0,1.0,hsaco,4,76.16,Cijk_Ailk_Bljk_BBS_BH_UserArgs_MT64x32x32_SN_K1_PGR6_SB1_TT2_2_WG16_16_3
73,4096,7168,64,0,torch.bfloat16,torch.bfloat16,0.0,1.0,hsaco,5,84.16,Cijk_Ailk_Bljk_BBS_BH_UserArgs_MT64x64x32_SN_K1_PGR6_SB1_TT2_2_WG16_16_3
73,4608,7168,64,0,torch.bfloat16,torch.bfloat16,0.0,1.0,hsaco,5,84.0,Cijk_Ailk_Bljk_BBS_BH_UserArgs_MT64x64x32_SN_K1_PGR6_SB1_TT2_2_WG16_16_3
73,7168,7168,64,0,torch.bfloat16,torch.bfloat16,0.0,1.0,hsaco,6,104.56,Cijk_Ailk_Bljk_BBS_BH_UserArgs_MT64x128x32_SN_K1_PGR6_SB1_TT2_2_WG16_16_3
74,576,256,64,0,torch.bfloat16,torch.bfloat16,0.0,1.0,hsaco,3,6.0,Cijk_Ailk_Bljk_BBS_BH_UserArgs_MT16x32x32_SN_K1_PGR6_SB1_TT2_2_WG16_16_2
74,1536,256,64,0,torch.bfloat16,torch.bfloat16,0.0,1.0,hsaco,0,8.32,Cijk_Ailk_Bljk_BBS_BH_UserArgs_MT64x32x32_SN_K1_PGR6_SB1_TT2_2_WG16_16_2
74,3072,256,64,0,torch.bfloat16,torch.bfloat16,0.0,1.0,hsaco,0,8.24,Cijk_Ailk_Bljk_BBS_BH_UserArgs_MT64x32x32_SN_K1_PGR6_SB1_TT2_2_WG16_16_2
74,4096,256,64,0,torch.bfloat16,torch.bfloat16,0.0,1.0,hsaco,1,10.32,Cijk_Ailk_Bljk_BBS_BH_UserArgs_MT64x64x32_SN_K1_PGR6_SB1_TT2_2_WG16_16_2
74,4608,256,64,0,torch.bfloat16,torch.bfloat16,0.0,1.0,hsaco,1,9.68,Cijk_Ailk_Bljk_BBS_BH_UserArgs_MT64x64x32_SN_K1_PGR6_SB1_TT2_2_WG16_16_2
74,7168,256,64,0,torch.bfloat16,torch.bfloat16,0.0,1.0,hsaco,2,12.08,Cijk_Ailk_Bljk_BBS_BH_UserArgs_MT64x128x32_SN_K1_PGR6_SB1_TT2_8_WG16_16_2
74,576,512,64,0,torch.bfloat16,torch.bfloat16,0.0,1.0,hsaco,3,6.8,Cijk_Ailk_Bljk_BBS_BH_UserArgs_MT16x32x32_SN_K1_PGR6_SB1_TT2_2_WG16_16_2
74,1536,512,64,0,torch.bfloat16,torch.bfloat16,0.0,1.0,hsaco,4,10.88,Cijk_Ailk_Bljk_BBS_BH_UserArgs_MT64x32x32_SN_K1_PGR6_SB1_TT2_2_WG16_16_3
74,3072,512,64,0,torch.bfloat16,torch.bfloat16,0.0,1.0,hsaco,4,11.68,Cijk_Ailk_Bljk_BBS_BH_UserArgs_MT64x32x32_SN_K1_PGR6_SB1_TT2_2_WG16_16_3
74,4096,512,64,0,torch.bfloat16,torch.bfloat16,0.0,1.0,hsaco,5,12.56,Cijk_Ailk_Bljk_BBS_BH_UserArgs_MT64x64x32_SN_K1_PGR6_SB1_TT2_2_WG16_16_3
74,4608,512,64,0,torch.bfloat16,torch.bfloat16,0.0,1.0,hsaco,5,12.56,Cijk_Ailk_Bljk_BBS_BH_UserArgs_MT64x64x32_SN_K1_PGR6_SB1_TT2_2_WG16_16_3
74,7168,512,64,0,torch.bfloat16,torch.bfloat16,0.0,1.0,hsaco,6,15.76,Cijk_Ailk_Bljk_BBS_BH_UserArgs_MT64x128x32_SN_K1_PGR6_SB1_TT2_2_WG16_16_3
74,576,1536,64,0,torch.bfloat16,torch.bfloat16,0.0,1.0,hsaco,3,11.36,Cijk_Ailk_Bljk_BBS_BH_UserArgs_MT16x32x32_SN_K1_PGR6_SB1_TT2_2_WG16_16_2
74,1536,1536,64,0,torch.bfloat16,torch.bfloat16,0.0,1.0,hsaco,4,20.4,Cijk_Ailk_Bljk_BBS_BH_UserArgs_MT64x32x32_SN_K1_PGR6_SB1_TT2_2_WG16_16_3
74,3072,1536,64,0,torch.bfloat16,torch.bfloat16,0.0,1.0,hsaco,4,21.04,Cijk_Ailk_Bljk_BBS_BH_UserArgs_MT64x32x32_SN_K1_PGR6_SB1_TT2_2_WG16_16_3
74,4096,1536,64,0,torch.bfloat16,torch.bfloat16,0.0,1.0,hsaco,5,23.6,Cijk_Ailk_Bljk_BBS_BH_UserArgs_MT64x64x32_SN_K1_PGR6_SB1_TT2_2_WG16_16_3
74,4608,1536,64,0,torch.bfloat16,torch.bfloat16,0.0,1.0,hsaco,5,23.84,Cijk_Ailk_Bljk_BBS_BH_UserArgs_MT64x64x32_SN_K1_PGR6_SB1_TT2_2_WG16_16_3
74,7168,1536,64,0,torch.bfloat16,torch.bfloat16,0.0,1.0,hsaco,6,29.12,Cijk_Ailk_Bljk_BBS_BH_UserArgs_MT64x128x32_SN_K1_PGR6_SB1_TT2_2_WG16_16_3
74,512,2048,64,0,torch.bfloat16,torch.bfloat16,0.0,1.0,hsaco,3,13.44,Cijk_Ailk_Bljk_BBS_BH_UserArgs_MT16x32x32_SN_K1_PGR6_SB1_TT2_2_WG16_16_2
74,1536,2048,64,0,torch.bfloat16,torch.bfloat16,0.0,1.0,hsaco,4,25.12,Cijk_Ailk_Bljk_BBS_BH_UserArgs_MT64x32x32_SN_K1_PGR6_SB1_TT2_2_WG16_16_3
74,3072,2048,64,0,torch.bfloat16,torch.bfloat16,0.0,1.0,hsaco,4,25.92,Cijk_Ailk_Bljk_BBS_BH_UserArgs_MT64x32x32_SN_K1_PGR6_SB1_TT2_2_WG16_16_3
74,4096,2048,64,0,torch.bfloat16,torch.bfloat16,0.0,1.0,hsaco,5,29.28,Cijk_Ailk_Bljk_BBS_BH_UserArgs_MT64x64x32_SN_K1_PGR6_SB1_TT2_2_WG16_16_3
74,4608,2048,64,0,torch.bfloat16,torch.bfloat16,0.0,1.0,hsaco,5,29.12,Cijk_Ailk_Bljk_BBS_BH_UserArgs_MT64x64x32_SN_K1_PGR6_SB1_TT2_2_WG16_16_3
74,7168,2048,64,0,torch.bfloat16,torch.bfloat16,0.0,1.0,hsaco,6,34.96,Cijk_Ailk_Bljk_BBS_BH_UserArgs_MT64x128x32_SN_K1_PGR6_SB1_TT2_2_WG16_16_3
74,512,2304,64,0,torch.bfloat16,torch.bfloat16,0.0,1.0,hsaco,3,14.8,Cijk_Ailk_Bljk_BBS_BH_UserArgs_MT16x32x32_SN_K1_PGR6_SB1_TT2_2_WG16_16_2
74,1536,2304,64,0,torch.bfloat16,torch.bfloat16,0.0,1.0,hsaco,4,27.68,Cijk_Ailk_Bljk_BBS_BH_UserArgs_MT64x32x32_SN_K1_PGR6_SB1_TT2_2_WG16_16_3
74,3072,2304,64,0,torch.bfloat16,torch.bfloat16,0.0,1.0,hsaco,4,28.64,Cijk_Ailk_Bljk_BBS_BH_UserArgs_MT64x32x32_SN_K1_PGR6_SB1_TT2_2_WG16_16_3
74,4096,2304,64,0,torch.bfloat16,torch.bfloat16,0.0,1.0,hsaco,5,32.16,Cijk_Ailk_Bljk_BBS_BH_UserArgs_MT64x64x32_SN_K1_PGR6_SB1_TT2_2_WG16_16_3
74,4608,2304,64,0,torch.bfloat16,torch.bfloat16,0.0,1.0,hsaco,5,32.48,Cijk_Ailk_Bljk_BBS_BH_UserArgs_MT64x64x32_SN_K1_PGR6_SB1_TT2_2_WG16_16_3
74,7168,2304,64,0,torch.bfloat16,torch.bfloat16,0.0,1.0,hsaco,6,39.04,Cijk_Ailk_Bljk_BBS_BH_UserArgs_MT64x128x32_SN_K1_PGR6_SB1_TT2_2_WG16_16_3
74,512,7168,64,0,torch.bfloat16,torch.bfloat16,0.0,1.0,hsaco,3,36.96,Cijk_Ailk_Bljk_BBS_BH_UserArgs_MT16x32x32_SN_K1_PGR6_SB1_TT2_2_WG16_16_2
74,1536,7168,64,0,torch.bfloat16,torch.bfloat16,0.0,1.0,hsaco,4,74.08,Cijk_Ailk_Bljk_BBS_BH_UserArgs_MT64x32x32_SN_K1_PGR6_SB1_TT2_2_WG16_16_3
74,3072,7168,64,0,torch.bfloat16,torch.bfloat16,0.0,1.0,hsaco,4,75.04,Cijk_Ailk_Bljk_BBS_BH_UserArgs_MT64x32x32_SN_K1_PGR6_SB1_TT2_2_WG16_16_3
74,4096,7168,64,0,torch.bfloat16,torch.bfloat16,0.0,1.0,hsaco,5,84.0,Cijk_Ailk_Bljk_BBS_BH_UserArgs_MT64x64x32_SN_K1_PGR6_SB1_TT2_2_WG16_16_3
74,4608,7168,64,0,torch.bfloat16,torch.bfloat16,0.0,1.0,hsaco,5,84.16,Cijk_Ailk_Bljk_BBS_BH_UserArgs_MT64x64x32_SN_K1_PGR6_SB1_TT2_2_WG16_16_3
74,7168,7168,64,0,torch.bfloat16,torch.bfloat16,0.0,1.0,hsaco,6,102.08,Cijk_Ailk_Bljk_BBS_BH_UserArgs_MT64x128x32_SN_K1_PGR6_SB1_TT2_2_WG16_16_3
75,576,256,64,0,torch.bfloat16,torch.bfloat16,0.0,1.0,hsaco,3,6.0,Cijk_Ailk_Bljk_BBS_BH_UserArgs_MT16x32x32_SN_K1_PGR6_SB1_TT2_2_WG16_16_2
75,1536,256,64,0,torch.bfloat16,torch.bfloat16,0.0,1.0,hsaco,0,8.48,Cijk_Ailk_Bljk_BBS_BH_UserArgs_MT64x32x32_SN_K1_PGR6_SB1_TT2_2_WG16_16_2
75,3072,256,64,0,torch.bfloat16,torch.bfloat16,0.0,1.0,hsaco,0,8.4,Cijk_Ailk_Bljk_BBS_BH_UserArgs_MT64x32x32_SN_K1_PGR6_SB1_TT2_2_WG16_16_2
75,4096,256,64,0,torch.bfloat16,torch.bfloat16,0.0,1.0,hsaco,1,10.4,Cijk_Ailk_Bljk_BBS_BH_UserArgs_MT64x64x32_SN_K1_PGR6_SB1_TT2_2_WG16_16_2
75,4608,256,64,0,torch.bfloat16,torch.bfloat16,0.0,1.0,hsaco,1,9.92,Cijk_Ailk_Bljk_BBS_BH_UserArgs_MT64x64x32_SN_K1_PGR6_SB1_TT2_2_WG16_16_2
75,7168,256,64,0,torch.bfloat16,torch.bfloat16,0.0,1.0,hsaco,2,12.16,Cijk_Ailk_Bljk_BBS_BH_UserArgs_MT64x128x32_SN_K1_PGR6_SB1_TT2_8_WG16_16_2
75,576,512,64,0,torch.bfloat16,torch.bfloat16,0.0,1.0,hsaco,3,6.88,Cijk_Ailk_Bljk_BBS_BH_UserArgs_MT16x32x32_SN_K1_PGR6_SB1_TT2_2_WG16_16_2
75,1536,512,64,0,torch.bfloat16,torch.bfloat16,0.0,1.0,hsaco,4,10.72,Cijk_Ailk_Bljk_BBS_BH_UserArgs_MT64x32x32_SN_K1_PGR6_SB1_TT2_2_WG16_16_3
75,3072,512,64,0,torch.bfloat16,torch.bfloat16,0.0,1.0,hsaco,4,11.84,Cijk_Ailk_Bljk_BBS_BH_UserArgs_MT64x32x32_SN_K1_PGR6_SB1_TT2_2_WG16_16_3
75,4096,512,64,0,torch.bfloat16,torch.bfloat16,0.0,1.0,hsaco,5,12.64,Cijk_Ailk_Bljk_BBS_BH_UserArgs_MT64x64x32_SN_K1_PGR6_SB1_TT2_2_WG16_16_3
75,4608,512,64,0,torch.bfloat16,torch.bfloat16,0.0,1.0,hsaco,5,12.72,Cijk_Ailk_Bljk_BBS_BH_UserArgs_MT64x64x32_SN_K1_PGR6_SB1_TT2_2_WG16_16_3
75,7168,512,64,0,torch.bfloat16,torch.bfloat16,0.0,1.0,hsaco,6,16.0,Cijk_Ailk_Bljk_BBS_BH_UserArgs_MT64x128x32_SN_K1_PGR6_SB1_TT2_2_WG16_16_3
75,576,1536,64,0,torch.bfloat16,torch.bfloat16,0.0,1.0,hsaco,3,11.28,Cijk_Ailk_Bljk_BBS_BH_UserArgs_MT16x32x32_SN_K1_PGR6_SB1_TT2_2_WG16_16_2
75,1536,1536,64,0,torch.bfloat16,torch.bfloat16,0.0,1.0,hsaco,4,20.32,Cijk_Ailk_Bljk_BBS_BH_UserArgs_MT64x32x32_SN_K1_PGR6_SB1_TT2_2_WG16_16_3
75,3072,1536,64,0,torch.bfloat16,torch.bfloat16,0.0,1.0,hsaco,4,21.04,Cijk_Ailk_Bljk_BBS_BH_UserArgs_MT64x32x32_SN_K1_PGR6_SB1_TT2_2_WG16_16_3
75,4096,1536,64,0,torch.bfloat16,torch.bfloat16,0.0,1.0,hsaco,5,23.84,Cijk_Ailk_Bljk_BBS_BH_UserArgs_MT64x64x32_SN_K1_PGR6_SB1_TT2_2_WG16_16_3
75,4608,1536,64,0,torch.bfloat16,torch.bfloat16,0.0,1.0,hsaco,5,23.76,Cijk_Ailk_Bljk_BBS_BH_UserArgs_MT64x64x32_SN_K1_PGR6_SB1_TT2_2_WG16_16_3
75,7168,1536,64,0,torch.bfloat16,torch.bfloat16,0.0,1.0,hsaco,6,29.12,Cijk_Ailk_Bljk_BBS_BH_UserArgs_MT64x128x32_SN_K1_PGR6_SB1_TT2_2_WG16_16_3
75,512,2048,64,0,torch.bfloat16,torch.bfloat16,0.0,1.0,hsaco,3,13.2,Cijk_Ailk_Bljk_BBS_BH_UserArgs_MT16x32x32_SN_K1_PGR6_SB1_TT2_2_WG16_16_2
75,1536,2048,64,0,torch.bfloat16,torch.bfloat16,0.0,1.0,hsaco,4,25.2,Cijk_Ailk_Bljk_BBS_BH_UserArgs_MT64x32x32_SN_K1_PGR6_SB1_TT2_2_WG16_16_3
75,3072,2048,64,0,torch.bfloat16,torch.bfloat16,0.0,1.0,hsaco,4,25.84,Cijk_Ailk_Bljk_BBS_BH_UserArgs_MT64x32x32_SN_K1_PGR6_SB1_TT2_2_WG16_16_3
75,4096,2048,64,0,torch.bfloat16,torch.bfloat16,0.0,1.0,hsaco,5,29.2,Cijk_Ailk_Bljk_BBS_BH_UserArgs_MT64x64x32_SN_K1_PGR6_SB1_TT2_2_WG16_16_3
75,4608,2048,64,0,torch.bfloat16,torch.bfloat16,0.0,1.0,hsaco,5,28.88,Cijk_Ailk_Bljk_BBS_BH_UserArgs_MT64x64x32_SN_K1_PGR6_SB1_TT2_2_WG16_16_3
75,7168,2048,64,0,torch.bfloat16,torch.bfloat16,0.0,1.0,hsaco,6,35.04,Cijk_Ailk_Bljk_BBS_BH_UserArgs_MT64x128x32_SN_K1_PGR6_SB1_TT2_2_WG16_16_3
75,512,2304,64,0,torch.bfloat16,torch.bfloat16,0.0,1.0,hsaco,3,14.72,Cijk_Ailk_Bljk_BBS_BH_UserArgs_MT16x32x32_SN_K1_PGR6_SB1_TT2_2_WG16_16_2
75,1536,2304,64,0,torch.bfloat16,torch.bfloat16,0.0,1.0,hsaco,4,27.84,Cijk_Ailk_Bljk_BBS_BH_UserArgs_MT64x32x32_SN_K1_PGR6_SB1_TT2_2_WG16_16_3
75,3072,2304,64,0,torch.bfloat16,torch.bfloat16,0.0,1.0,hsaco,4,28.72,Cijk_Ailk_Bljk_BBS_BH_UserArgs_MT64x32x32_SN_K1_PGR6_SB1_TT2_2_WG16_16_3
75,4096,2304,64,0,torch.bfloat16,torch.bfloat16,0.0,1.0,hsaco,5,32.24,Cijk_Ailk_Bljk_BBS_BH_UserArgs_MT64x64x32_SN_K1_PGR6_SB1_TT2_2_WG16_16_3
75,4608,2304,64,0,torch.bfloat16,torch.bfloat16,0.0,1.0,hsaco,5,32.24,Cijk_Ailk_Bljk_BBS_BH_UserArgs_MT64x64x32_SN_K1_PGR6_SB1_TT2_2_WG16_16_3
75,7168,2304,64,0,torch.bfloat16,torch.bfloat16,0.0,1.0,hsaco,6,38.96,Cijk_Ailk_Bljk_BBS_BH_UserArgs_MT64x128x32_SN_K1_PGR6_SB1_TT2_2_WG16_16_3
75,512,7168,64,0,torch.bfloat16,torch.bfloat16,0.0,1.0,hsaco,3,36.96,Cijk_Ailk_Bljk_BBS_BH_UserArgs_MT16x32x32_SN_K1_PGR6_SB1_TT2_2_WG16_16_2
75,1536,7168,64,0,torch.bfloat16,torch.bfloat16,0.0,1.0,hsaco,4,74.0,Cijk_Ailk_Bljk_BBS_BH_UserArgs_MT64x32x32_SN_K1_PGR6_SB1_TT2_2_WG16_16_3
75,3072,7168,64,0,torch.bfloat16,torch.bfloat16,0.0,1.0,hsaco,4,75.12,Cijk_Ailk_Bljk_BBS_BH_UserArgs_MT64x32x32_SN_K1_PGR6_SB1_TT2_2_WG16_16_3
75,4096,7168,64,0,torch.bfloat16,torch.bfloat16,0.0,1.0,hsaco,5,84.32,Cijk_Ailk_Bljk_BBS_BH_UserArgs_MT64x64x32_SN_K1_PGR6_SB1_TT2_2_WG16_16_3
75,4608,7168,64,0,torch.bfloat16,torch.bfloat16,0.0,1.0,hsaco,5,86.48,Cijk_Ailk_Bljk_BBS_BH_UserArgs_MT64x64x32_SN_K1_PGR6_SB1_TT2_2_WG16_16_3
75,7168,7168,64,0,torch.bfloat16,torch.bfloat16,0.0,1.0,hsaco,6,101.84,Cijk_Ailk_Bljk_BBS_BH_UserArgs_MT64x128x32_SN_K1_PGR6_SB1_TT2_2_WG16_16_3
76,576,256,64,0,torch.bfloat16,torch.bfloat16,0.0,1.0,hsaco,3,6.0,Cijk_Ailk_Bljk_BBS_BH_UserArgs_MT16x32x32_SN_K1_PGR6_SB1_TT2_2_WG16_16_2
76,1536,256,64,0,torch.bfloat16,torch.bfloat16,0.0,1.0,hsaco,0,8.32,Cijk_Ailk_Bljk_BBS_BH_UserArgs_MT64x32x32_SN_K1_PGR6_SB1_TT2_2_WG16_16_2
76,3072,256,64,0,torch.bfloat16,torch.bfloat16,0.0,1.0,hsaco,0,8.32,Cijk_Ailk_Bljk_BBS_BH_UserArgs_MT64x32x32_SN_K1_PGR6_SB1_TT2_2_WG16_16_2
76,4096,256,64,0,torch.bfloat16,torch.bfloat16,0.0,1.0,hsaco,1,10.48,Cijk_Ailk_Bljk_BBS_BH_UserArgs_MT64x64x32_SN_K1_PGR6_SB1_TT2_2_WG16_16_2
76,4608,256,64,0,torch.bfloat16,torch.bfloat16,0.0,1.0,hsaco,1,9.68,Cijk_Ailk_Bljk_BBS_BH_UserArgs_MT64x64x32_SN_K1_PGR6_SB1_TT2_2_WG16_16_2
76,7168,256,64,0,torch.bfloat16,torch.bfloat16,0.0,1.0,hsaco,2,12.16,Cijk_Ailk_Bljk_BBS_BH_UserArgs_MT64x128x32_SN_K1_PGR6_SB1_TT2_8_WG16_16_2
76,576,512,64,0,torch.bfloat16,torch.bfloat16,0.0,1.0,hsaco,3,6.8,Cijk_Ailk_Bljk_BBS_BH_UserArgs_MT16x32x32_SN_K1_PGR6_SB1_TT2_2_WG16_16_2
76,1536,512,64,0,torch.bfloat16,torch.bfloat16,0.0,1.0,hsaco,4,10.72,Cijk_Ailk_Bljk_BBS_BH_UserArgs_MT64x32x32_SN_K1_PGR6_SB1_TT2_2_WG16_16_3
76,3072,512,64,0,torch.bfloat16,torch.bfloat16,0.0,1.0,hsaco,4,11.84,Cijk_Ailk_Bljk_BBS_BH_UserArgs_MT64x32x32_SN_K1_PGR6_SB1_TT2_2_WG16_16_3
76,4096,512,64,0,torch.bfloat16,torch.bfloat16,0.0,1.0,hsaco,5,12.64,Cijk_Ailk_Bljk_BBS_BH_UserArgs_MT64x64x32_SN_K1_PGR6_SB1_TT2_2_WG16_16_3
76,4608,512,64,0,torch.bfloat16,torch.bfloat16,0.0,1.0,hsaco,5,12.56,Cijk_Ailk_Bljk_BBS_BH_UserArgs_MT64x64x32_SN_K1_PGR6_SB1_TT2_2_WG16_16_3
76,7168,512,64,0,torch.bfloat16,torch.bfloat16,0.0,1.0,hsaco,6,15.84,Cijk_Ailk_Bljk_BBS_BH_UserArgs_MT64x128x32_SN_K1_PGR6_SB1_TT2_2_WG16_16_3
76,576,1536,64,0,torch.bfloat16,torch.bfloat16,0.0,1.0,hsaco,3,11.36,Cijk_Ailk_Bljk_BBS_BH_UserArgs_MT16x32x32_SN_K1_PGR6_SB1_TT2_2_WG16_16_2
76,1536,1536,64,0,torch.bfloat16,torch.bfloat16,0.0,1.0,hsaco,4,20.4,Cijk_Ailk_Bljk_BBS_BH_UserArgs_MT64x32x32_SN_K1_PGR6_SB1_TT2_2_WG16_16_3
76,3072,1536,64,0,torch.bfloat16,torch.bfloat16,0.0,1.0,hsaco,4,21.04,Cijk_Ailk_Bljk_BBS_BH_UserArgs_MT64x32x32_SN_K1_PGR6_SB1_TT2_2_WG16_16_3
76,4096,1536,64,0,torch.bfloat16,torch.bfloat16,0.0,1.0,hsaco,5,23.6,Cijk_Ailk_Bljk_BBS_BH_UserArgs_MT64x64x32_SN_K1_PGR6_SB1_TT2_2_WG16_16_3
76,4608,1536,64,0,torch.bfloat16,torch.bfloat16,0.0,1.0,hsaco,5,23.84,Cijk_Ailk_Bljk_BBS_BH_UserArgs_MT64x64x32_SN_K1_PGR6_SB1_TT2_2_WG16_16_3
76,7168,1536,64,0,torch.bfloat16,torch.bfloat16,0.0,1.0,hsaco,6,29.12,Cijk_Ailk_Bljk_BBS_BH_UserArgs_MT64x128x32_SN_K1_PGR6_SB1_TT2_2_WG16_16_3
76,512,2048,64,0,torch.bfloat16,torch.bfloat16,0.0,1.0,hsaco,3,13.2,Cijk_Ailk_Bljk_BBS_BH_UserArgs_MT16x32x32_SN_K1_PGR6_SB1_TT2_2_WG16_16_2
76,1536,2048,64,0,torch.bfloat16,torch.bfloat16,0.0,1.0,hsaco,4,25.2,Cijk_Ailk_Bljk_BBS_BH_UserArgs_MT64x32x32_SN_K1_PGR6_SB1_TT2_2_WG16_16_3
76,3072,2048,64,0,torch.bfloat16,torch.bfloat16,0.0,1.0,hsaco,4,26.0,Cijk_Ailk_Bljk_BBS_BH_UserArgs_MT64x32x32_SN_K1_PGR6_SB1_TT2_2_WG16_16_3
76,4096,2048,64,0,torch.bfloat16,torch.bfloat16,0.0,1.0,hsaco,5,29.36,Cijk_Ailk_Bljk_BBS_BH_UserArgs_MT64x64x32_SN_K1_PGR6_SB1_TT2_2_WG16_16_3
76,4608,2048,64,0,torch.bfloat16,torch.bfloat16,0.0,1.0,hsaco,5,28.88,Cijk_Ailk_Bljk_BBS_BH_UserArgs_MT64x64x32_SN_K1_PGR6_SB1_TT2_2_WG16_16_3
76,7168,2048,64,0,torch.bfloat16,torch.bfloat16,0.0,1.0,hsaco,6,35.04,Cijk_Ailk_Bljk_BBS_BH_UserArgs_MT64x128x32_SN_K1_PGR6_SB1_TT2_2_WG16_16_3
76,512,2304,64,0,torch.bfloat16,torch.bfloat16,0.0,1.0,hsaco,3,14.8,Cijk_Ailk_Bljk_BBS_BH_UserArgs_MT16x32x32_SN_K1_PGR6_SB1_TT2_2_WG16_16_2
76,1536,2304,64,0,torch.bfloat16,torch.bfloat16,0.0,1.0,hsaco,4,27.76,Cijk_Ailk_Bljk_BBS_BH_UserArgs_MT64x32x32_SN_K1_PGR6_SB1_TT2_2_WG16_16_3
76,3072,2304,64,0,torch.bfloat16,torch.bfloat16,0.0,1.0,hsaco,4,28.72,Cijk_Ailk_Bljk_BBS_BH_UserArgs_MT64x32x32_SN_K1_PGR6_SB1_TT2_2_WG16_16_3
76,4096,2304,64,0,torch.bfloat16,torch.bfloat16,0.0,1.0,hsaco,5,32.16,Cijk_Ailk_Bljk_BBS_BH_UserArgs_MT64x64x32_SN_K1_PGR6_SB1_TT2_2_WG16_16_3
76,4608,2304,64,0,torch.bfloat16,torch.bfloat16,0.0,1.0,hsaco,5,32.4,Cijk_Ailk_Bljk_BBS_BH_UserArgs_MT64x64x32_SN_K1_PGR6_SB1_TT2_2_WG16_16_3
76,7168,2304,64,0,torch.bfloat16,torch.bfloat16,0.0,1.0,hsaco,6,38.96,Cijk_Ailk_Bljk_BBS_BH_UserArgs_MT64x128x32_SN_K1_PGR6_SB1_TT2_2_WG16_16_3
76,512,7168,64,0,torch.bfloat16,torch.bfloat16,0.0,1.0,hsaco,3,37.2,Cijk_Ailk_Bljk_BBS_BH_UserArgs_MT16x32x32_SN_K1_PGR6_SB1_TT2_2_WG16_16_2
76,1536,7168,64,0,torch.bfloat16,torch.bfloat16,0.0,1.0,hsaco,4,73.84,Cijk_Ailk_Bljk_BBS_BH_UserArgs_MT64x32x32_SN_K1_PGR6_SB1_TT2_2_WG16_16_3
76,3072,7168,64,0,torch.bfloat16,torch.bfloat16,0.0,1.0,hsaco,4,75.12,Cijk_Ailk_Bljk_BBS_BH_UserArgs_MT64x32x32_SN_K1_PGR6_SB1_TT2_2_WG16_16_3
76,4096,7168,64,0,torch.bfloat16,torch.bfloat16,0.0,1.0,hsaco,5,84.32,Cijk_Ailk_Bljk_BBS_BH_UserArgs_MT64x64x32_SN_K1_PGR6_SB1_TT2_2_WG16_16_3
76,4608,7168,64,0,torch.bfloat16,torch.bfloat16,0.0,1.0,hsaco,5,84.32,Cijk_Ailk_Bljk_BBS_BH_UserArgs_MT64x64x32_SN_K1_PGR6_SB1_TT2_2_WG16_16_3
76,7168,7168,64,0,torch.bfloat16,torch.bfloat16,0.0,1.0,hsaco,6,102.16,Cijk_Ailk_Bljk_BBS_BH_UserArgs_MT64x128x32_SN_K1_PGR6_SB1_TT2_2_WG16_16_3
77,576,256,64,0,torch.bfloat16,torch.bfloat16,0.0,1.0,hsaco,3,5.76,Cijk_Ailk_Bljk_BBS_BH_UserArgs_MT16x32x32_SN_K1_PGR6_SB1_TT2_2_WG16_16_2
77,1536,256,64,0,torch.bfloat16,torch.bfloat16,0.0,1.0,hsaco,0,8.24,Cijk_Ailk_Bljk_BBS_BH_UserArgs_MT64x32x32_SN_K1_PGR6_SB1_TT2_2_WG16_16_2
77,3072,256,64,0,torch.bfloat16,torch.bfloat16,0.0,1.0,hsaco,0,8.32,Cijk_Ailk_Bljk_BBS_BH_UserArgs_MT64x32x32_SN_K1_PGR6_SB1_TT2_2_WG16_16_2
77,4096,256,64,0,torch.bfloat16,torch.bfloat16,0.0,1.0,hsaco,1,10.4,Cijk_Ailk_Bljk_BBS_BH_UserArgs_MT64x64x32_SN_K1_PGR6_SB1_TT2_2_WG16_16_2
77,4608,256,64,0,torch.bfloat16,torch.bfloat16,0.0,1.0,hsaco,5,10.08,Cijk_Ailk_Bljk_BBS_BH_UserArgs_MT64x64x32_SN_K1_PGR6_SB1_TT2_2_WG16_16_3
77,7168,256,64,0,torch.bfloat16,torch.bfloat16,0.0,1.0,hsaco,2,12.24,Cijk_Ailk_Bljk_BBS_BH_UserArgs_MT64x128x32_SN_K1_PGR6_SB1_TT2_8_WG16_16_2
77,576,512,64,0,torch.bfloat16,torch.bfloat16,0.0,1.0,hsaco,3,6.88,Cijk_Ailk_Bljk_BBS_BH_UserArgs_MT16x32x32_SN_K1_PGR6_SB1_TT2_2_WG16_16_2
77,1536,512,64,0,torch.bfloat16,torch.bfloat16,0.0,1.0,hsaco,4,10.64,Cijk_Ailk_Bljk_BBS_BH_UserArgs_MT64x32x32_SN_K1_PGR6_SB1_TT2_2_WG16_16_3
77,3072,512,64,0,torch.bfloat16,torch.bfloat16,0.0,1.0,hsaco,4,11.76,Cijk_Ailk_Bljk_BBS_BH_UserArgs_MT64x32x32_SN_K1_PGR6_SB1_TT2_2_WG16_16_3
77,4096,512,64,0,torch.bfloat16,torch.bfloat16,0.0,1.0,hsaco,5,12.64,Cijk_Ailk_Bljk_BBS_BH_UserArgs_MT64x64x32_SN_K1_PGR6_SB1_TT2_2_WG16_16_3
77,4608,512,64,0,torch.bfloat16,torch.bfloat16,0.0,1.0,hsaco,5,12.56,Cijk_Ailk_Bljk_BBS_BH_UserArgs_MT64x64x32_SN_K1_PGR6_SB1_TT2_2_WG16_16_3
77,7168,512,64,0,torch.bfloat16,torch.bfloat16,0.0,1.0,hsaco,6,16.16,Cijk_Ailk_Bljk_BBS_BH_UserArgs_MT64x128x32_SN_K1_PGR6_SB1_TT2_2_WG16_16_3
77,576,1536,64,0,torch.bfloat16,torch.bfloat16,0.0,1.0,hsaco,3,11.36,Cijk_Ailk_Bljk_BBS_BH_UserArgs_MT16x32x32_SN_K1_PGR6_SB1_TT2_2_WG16_16_2
77,1536,1536,64,0,torch.bfloat16,torch.bfloat16,0.0,1.0,hsaco,4,20.4,Cijk_Ailk_Bljk_BBS_BH_UserArgs_MT64x32x32_SN_K1_PGR6_SB1_TT2_2_WG16_16_3
77,3072,1536,64,0,torch.bfloat16,torch.bfloat16,0.0,1.0,hsaco,4,21.12,Cijk_Ailk_Bljk_BBS_BH_UserArgs_MT64x32x32_SN_K1_PGR6_SB1_TT2_2_WG16_16_3
77,4096,1536,64,0,torch.bfloat16,torch.bfloat16,0.0,1.0,hsaco,5,23.76,Cijk_Ailk_Bljk_BBS_BH_UserArgs_MT64x64x32_SN_K1_PGR6_SB1_TT2_2_WG16_16_3
77,4608,1536,64,0,torch.bfloat16,torch.bfloat16,0.0,1.0,hsaco,5,23.76,Cijk_Ailk_Bljk_BBS_BH_UserArgs_MT64x64x32_SN_K1_PGR6_SB1_TT2_2_WG16_16_3
77,7168,1536,64,0,torch.bfloat16,torch.bfloat16,0.0,1.0,hsaco,6,28.96,Cijk_Ailk_Bljk_BBS_BH_UserArgs_MT64x128x32_SN_K1_PGR6_SB1_TT2_2_WG16_16_3
77,512,2048,64,0,torch.bfloat16,torch.bfloat16,0.0,1.0,hsaco,3,13.36,Cijk_Ailk_Bljk_BBS_BH_UserArgs_MT16x32x32_SN_K1_PGR6_SB1_TT2_2_WG16_16_2
77,1536,2048,64,0,torch.bfloat16,torch.bfloat16,0.0,1.0,hsaco,4,25.2,Cijk_Ailk_Bljk_BBS_BH_UserArgs_MT64x32x32_SN_K1_PGR6_SB1_TT2_2_WG16_16_3
77,3072,2048,64,0,torch.bfloat16,torch.bfloat16,0.0,1.0,hsaco,4,25.92,Cijk_Ailk_Bljk_BBS_BH_UserArgs_MT64x32x32_SN_K1_PGR6_SB1_TT2_2_WG16_16_3
77,4096,2048,64,0,torch.bfloat16,torch.bfloat16,0.0,1.0,hsaco,5,29.28,Cijk_Ailk_Bljk_BBS_BH_UserArgs_MT64x64x32_SN_K1_PGR6_SB1_TT2_2_WG16_16_3
77,4608,2048,64,0,torch.bfloat16,torch.bfloat16,0.0,1.0,hsaco,5,29.44,Cijk_Ailk_Bljk_BBS_BH_UserArgs_MT64x64x32_SN_K1_PGR6_SB1_TT2_2_WG16_16_3
77,7168,2048,64,0,torch.bfloat16,torch.bfloat16,0.0,1.0,hsaco,6,35.04,Cijk_Ailk_Bljk_BBS_BH_UserArgs_MT64x128x32_SN_K1_PGR6_SB1_TT2_2_WG16_16_3
77,512,2304,64,0,torch.bfloat16,torch.bfloat16,0.0,1.0,hsaco,3,15.04,Cijk_Ailk_Bljk_BBS_BH_UserArgs_MT16x32x32_SN_K1_PGR6_SB1_TT2_2_WG16_16_2
77,1536,2304,64,0,torch.bfloat16,torch.bfloat16,0.0,1.0,hsaco,4,27.84,Cijk_Ailk_Bljk_BBS_BH_UserArgs_MT64x32x32_SN_K1_PGR6_SB1_TT2_2_WG16_16_3
77,3072,2304,64,0,torch.bfloat16,torch.bfloat16,0.0,1.0,hsaco,4,28.56,Cijk_Ailk_Bljk_BBS_BH_UserArgs_MT64x32x32_SN_K1_PGR6_SB1_TT2_2_WG16_16_3
77,4096,2304,64,0,torch.bfloat16,torch.bfloat16,0.0,1.0,hsaco,5,32.0,Cijk_Ailk_Bljk_BBS_BH_UserArgs_MT64x64x32_SN_K1_PGR6_SB1_TT2_2_WG16_16_3
77,4608,2304,64,0,torch.bfloat16,torch.bfloat16,0.0,1.0,hsaco,5,32.24,Cijk_Ailk_Bljk_BBS_BH_UserArgs_MT64x64x32_SN_K1_PGR6_SB1_TT2_2_WG16_16_3
77,7168,2304,64,0,torch.bfloat16,torch.bfloat16,0.0,1.0,hsaco,6,39.04,Cijk_Ailk_Bljk_BBS_BH_UserArgs_MT64x128x32_SN_K1_PGR6_SB1_TT2_2_WG16_16_3
77,512,7168,64,0,torch.bfloat16,torch.bfloat16,0.0,1.0,hsaco,3,37.28,Cijk_Ailk_Bljk_BBS_BH_UserArgs_MT16x32x32_SN_K1_PGR6_SB1_TT2_2_WG16_16_2
77,1536,7168,64,0,torch.bfloat16,torch.bfloat16,0.0,1.0,hsaco,4,73.84,Cijk_Ailk_Bljk_BBS_BH_UserArgs_MT64x32x32_SN_K1_PGR6_SB1_TT2_2_WG16_16_3
77,3072,7168,64,0,torch.bfloat16,torch.bfloat16,0.0,1.0,hsaco,4,75.36,Cijk_Ailk_Bljk_BBS_BH_UserArgs_MT64x32x32_SN_K1_PGR6_SB1_TT2_2_WG16_16_3
77,4096,7168,64,0,torch.bfloat16,torch.bfloat16,0.0,1.0,hsaco,5,84.4,Cijk_Ailk_Bljk_BBS_BH_UserArgs_MT64x64x32_SN_K1_PGR6_SB1_TT2_2_WG16_16_3
77,4608,7168,64,0,torch.bfloat16,torch.bfloat16,0.0,1.0,hsaco,5,84.64,Cijk_Ailk_Bljk_BBS_BH_UserArgs_MT64x64x32_SN_K1_PGR6_SB1_TT2_2_WG16_16_3
77,7168,7168,64,0,torch.bfloat16,torch.bfloat16,0.0,1.0,hsaco,6,102.64,Cijk_Ailk_Bljk_BBS_BH_UserArgs_MT64x128x32_SN_K1_PGR6_SB1_TT2_2_WG16_16_3
78,576,256,64,0,torch.bfloat16,torch.bfloat16,0.0,1.0,hsaco,3,6.08,Cijk_Ailk_Bljk_BBS_BH_UserArgs_MT16x32x32_SN_K1_PGR6_SB1_TT2_2_WG16_16_2
78,1536,256,64,0,torch.bfloat16,torch.bfloat16,0.0,1.0,hsaco,0,8.4,Cijk_Ailk_Bljk_BBS_BH_UserArgs_MT64x32x32_SN_K1_PGR6_SB1_TT2_2_WG16_16_2
78,3072,256,64,0,torch.bfloat16,torch.bfloat16,0.0,1.0,hsaco,0,8.4,Cijk_Ailk_Bljk_BBS_BH_UserArgs_MT64x32x32_SN_K1_PGR6_SB1_TT2_2_WG16_16_2
78,4096,256,64,0,torch.bfloat16,torch.bfloat16,0.0,1.0,hsaco,1,10.32,Cijk_Ailk_Bljk_BBS_BH_UserArgs_MT64x64x32_SN_K1_PGR6_SB1_TT2_2_WG16_16_2
78,4608,256,64,0,torch.bfloat16,torch.bfloat16,0.0,1.0,hsaco,1,10.32,Cijk_Ailk_Bljk_BBS_BH_UserArgs_MT64x64x32_SN_K1_PGR6_SB1_TT2_2_WG16_16_2
78,7168,256,64,0,torch.bfloat16,torch.bfloat16,0.0,1.0,hsaco,2,12.16,Cijk_Ailk_Bljk_BBS_BH_UserArgs_MT64x128x32_SN_K1_PGR6_SB1_TT2_8_WG16_16_2
78,576,512,64,0,torch.bfloat16,torch.bfloat16,0.0,1.0,hsaco,3,6.8,Cijk_Ailk_Bljk_BBS_BH_UserArgs_MT16x32x32_SN_K1_PGR6_SB1_TT2_2_WG16_16_2
78,1536,512,64,0,torch.bfloat16,torch.bfloat16,0.0,1.0,hsaco,4,10.8,Cijk_Ailk_Bljk_BBS_BH_UserArgs_MT64x32x32_SN_K1_PGR6_SB1_TT2_2_WG16_16_3
78,3072,512,64,0,torch.bfloat16,torch.bfloat16,0.0,1.0,hsaco,4,11.92,Cijk_Ailk_Bljk_BBS_BH_UserArgs_MT64x32x32_SN_K1_PGR6_SB1_TT2_2_WG16_16_3
78,4096,512,64,0,torch.bfloat16,torch.bfloat16,0.0,1.0,hsaco,5,12.56,Cijk_Ailk_Bljk_BBS_BH_UserArgs_MT64x64x32_SN_K1_PGR6_SB1_TT2_2_WG16_16_3
78,4608,512,64,0,torch.bfloat16,torch.bfloat16,0.0,1.0,hsaco,5,12.64,Cijk_Ailk_Bljk_BBS_BH_UserArgs_MT64x64x32_SN_K1_PGR6_SB1_TT2_2_WG16_16_3
78,7168,512,64,0,torch.bfloat16,torch.bfloat16,0.0,1.0,hsaco,6,15.92,Cijk_Ailk_Bljk_BBS_BH_UserArgs_MT64x128x32_SN_K1_PGR6_SB1_TT2_2_WG16_16_3
78,576,1536,64,0,torch.bfloat16,torch.bfloat16,0.0,1.0,hsaco,3,11.36,Cijk_Ailk_Bljk_BBS_BH_UserArgs_MT16x32x32_SN_K1_PGR6_SB1_TT2_2_WG16_16_2
78,1536,1536,64,0,torch.bfloat16,torch.bfloat16,0.0,1.0,hsaco,4,20.56,Cijk_Ailk_Bljk_BBS_BH_UserArgs_MT64x32x32_SN_K1_PGR6_SB1_TT2_2_WG16_16_3
78,3072,1536,64,0,torch.bfloat16,torch.bfloat16,0.0,1.0,hsaco,4,20.96,Cijk_Ailk_Bljk_BBS_BH_UserArgs_MT64x32x32_SN_K1_PGR6_SB1_TT2_2_WG16_16_3
78,4096,1536,64,0,torch.bfloat16,torch.bfloat16,0.0,1.0,hsaco,5,23.76,Cijk_Ailk_Bljk_BBS_BH_UserArgs_MT64x64x32_SN_K1_PGR6_SB1_TT2_2_WG16_16_3
78,4608,1536,64,0,torch.bfloat16,torch.bfloat16,0.0,1.0,hsaco,5,23.76,Cijk_Ailk_Bljk_BBS_BH_UserArgs_MT64x64x32_SN_K1_PGR6_SB1_TT2_2_WG16_16_3
78,7168,1536,64,0,torch.bfloat16,torch.bfloat16,0.0,1.0,hsaco,6,29.2,Cijk_Ailk_Bljk_BBS_BH_UserArgs_MT64x128x32_SN_K1_PGR6_SB1_TT2_2_WG16_16_3
78,512,2048,64,0,torch.bfloat16,torch.bfloat16,0.0,1.0,hsaco,3,13.2,Cijk_Ailk_Bljk_BBS_BH_UserArgs_MT16x32x32_SN_K1_PGR6_SB1_TT2_2_WG16_16_2
78,1536,2048,64,0,torch.bfloat16,torch.bfloat16,0.0,1.0,hsaco,4,25.28,Cijk_Ailk_Bljk_BBS_BH_UserArgs_MT64x32x32_SN_K1_PGR6_SB1_TT2_2_WG16_16_3
78,3072,2048,64,0,torch.bfloat16,torch.bfloat16,0.0,1.0,hsaco,4,25.92,Cijk_Ailk_Bljk_BBS_BH_UserArgs_MT64x32x32_SN_K1_PGR6_SB1_TT2_2_WG16_16_3
78,4096,2048,64,0,torch.bfloat16,torch.bfloat16,0.0,1.0,hsaco,5,29.28,Cijk_Ailk_Bljk_BBS_BH_UserArgs_MT64x64x32_SN_K1_PGR6_SB1_TT2_2_WG16_16_3
78,4608,2048,64,0,torch.bfloat16,torch.bfloat16,0.0,1.0,hsaco,5,29.52,Cijk_Ailk_Bljk_BBS_BH_UserArgs_MT64x64x32_SN_K1_PGR6_SB1_TT2_2_WG16_16_3
78,7168,2048,64,0,torch.bfloat16,torch.bfloat16,0.0,1.0,hsaco,6,35.12,Cijk_Ailk_Bljk_BBS_BH_UserArgs_MT64x128x32_SN_K1_PGR6_SB1_TT2_2_WG16_16_3
78,512,2304,64,0,torch.bfloat16,torch.bfloat16,0.0,1.0,hsaco,3,15.2,Cijk_Ailk_Bljk_BBS_BH_UserArgs_MT16x32x32_SN_K1_PGR6_SB1_TT2_2_WG16_16_2
78,1536,2304,64,0,torch.bfloat16,torch.bfloat16,0.0,1.0,hsaco,4,27.84,Cijk_Ailk_Bljk_BBS_BH_UserArgs_MT64x32x32_SN_K1_PGR6_SB1_TT2_2_WG16_16_3
78,3072,2304,64,0,torch.bfloat16,torch.bfloat16,0.0,1.0,hsaco,4,28.8,Cijk_Ailk_Bljk_BBS_BH_UserArgs_MT64x32x32_SN_K1_PGR6_SB1_TT2_2_WG16_16_3
78,4096,2304,64,0,torch.bfloat16,torch.bfloat16,0.0,1.0,hsaco,5,32.08,Cijk_Ailk_Bljk_BBS_BH_UserArgs_MT64x64x32_SN_K1_PGR6_SB1_TT2_2_WG16_16_3
78,4608,2304,64,0,torch.bfloat16,torch.bfloat16,0.0,1.0,hsaco,5,32.16,Cijk_Ailk_Bljk_BBS_BH_UserArgs_MT64x64x32_SN_K1_PGR6_SB1_TT2_2_WG16_16_3
78,7168,2304,64,0,torch.bfloat16,torch.bfloat16,0.0,1.0,hsaco,6,39.12,Cijk_Ailk_Bljk_BBS_BH_UserArgs_MT64x128x32_SN_K1_PGR6_SB1_TT2_2_WG16_16_3
78,512,7168,64,0,torch.bfloat16,torch.bfloat16,0.0,1.0,hsaco,3,37.2,Cijk_Ailk_Bljk_BBS_BH_UserArgs_MT16x32x32_SN_K1_PGR6_SB1_TT2_2_WG16_16_2
78,1536,7168,64,0,torch.bfloat16,torch.bfloat16,0.0,1.0,hsaco,4,73.84,Cijk_Ailk_Bljk_BBS_BH_UserArgs_MT64x32x32_SN_K1_PGR6_SB1_TT2_2_WG16_16_3
78,3072,7168,64,0,torch.bfloat16,torch.bfloat16,0.0,1.0,hsaco,4,75.2,Cijk_Ailk_Bljk_BBS_BH_UserArgs_MT64x32x32_SN_K1_PGR6_SB1_TT2_2_WG16_16_3
78,4096,7168,64,0,torch.bfloat16,torch.bfloat16,0.0,1.0,hsaco,5,84.32,Cijk_Ailk_Bljk_BBS_BH_UserArgs_MT64x64x32_SN_K1_PGR6_SB1_TT2_2_WG16_16_3
78,4608,7168,64,0,torch.bfloat16,torch.bfloat16,0.0,1.0,hsaco,5,84.16,Cijk_Ailk_Bljk_BBS_BH_UserArgs_MT64x64x32_SN_K1_PGR6_SB1_TT2_2_WG16_16_3
78,7168,7168,64,0,torch.bfloat16,torch.bfloat16,0.0,1.0,hsaco,6,102.08,Cijk_Ailk_Bljk_BBS_BH_UserArgs_MT64x128x32_SN_K1_PGR6_SB1_TT2_2_WG16_16_3
79,576,256,64,0,torch.bfloat16,torch.bfloat16,0.0,1.0,hsaco,3,6.16,Cijk_Ailk_Bljk_BBS_BH_UserArgs_MT16x32x32_SN_K1_PGR6_SB1_TT2_2_WG16_16_2
79,1536,256,64,0,torch.bfloat16,torch.bfloat16,0.0,1.0,hsaco,0,8.48,Cijk_Ailk_Bljk_BBS_BH_UserArgs_MT64x32x32_SN_K1_PGR6_SB1_TT2_2_WG16_16_2
79,3072,256,64,0,torch.bfloat16,torch.bfloat16,0.0,1.0,hsaco,0,8.48,Cijk_Ailk_Bljk_BBS_BH_UserArgs_MT64x32x32_SN_K1_PGR6_SB1_TT2_2_WG16_16_2
79,4096,256,64,0,torch.bfloat16,torch.bfloat16,0.0,1.0,hsaco,1,10.32,Cijk_Ailk_Bljk_BBS_BH_UserArgs_MT64x64x32_SN_K1_PGR6_SB1_TT2_2_WG16_16_2
79,4608,256,64,0,torch.bfloat16,torch.bfloat16,0.0,1.0,hsaco,1,10.16,Cijk_Ailk_Bljk_BBS_BH_UserArgs_MT64x64x32_SN_K1_PGR6_SB1_TT2_2_WG16_16_2
79,7168,256,64,0,torch.bfloat16,torch.bfloat16,0.0,1.0,hsaco,2,12.16,Cijk_Ailk_Bljk_BBS_BH_UserArgs_MT64x128x32_SN_K1_PGR6_SB1_TT2_8_WG16_16_2
79,576,512,64,0,torch.bfloat16,torch.bfloat16,0.0,1.0,hsaco,3,6.96,Cijk_Ailk_Bljk_BBS_BH_UserArgs_MT16x32x32_SN_K1_PGR6_SB1_TT2_2_WG16_16_2
79,1536,512,64,0,torch.bfloat16,torch.bfloat16,0.0,1.0,hsaco,4,10.8,Cijk_Ailk_Bljk_BBS_BH_UserArgs_MT64x32x32_SN_K1_PGR6_SB1_TT2_2_WG16_16_3
79,3072,512,64,0,torch.bfloat16,torch.bfloat16,0.0,1.0,hsaco,4,11.6,Cijk_Ailk_Bljk_BBS_BH_UserArgs_MT64x32x32_SN_K1_PGR6_SB1_TT2_2_WG16_16_3
79,4096,512,64,0,torch.bfloat16,torch.bfloat16,0.0,1.0,hsaco,5,12.64,Cijk_Ailk_Bljk_BBS_BH_UserArgs_MT64x64x32_SN_K1_PGR6_SB1_TT2_2_WG16_16_3
79,4608,512,64,0,torch.bfloat16,torch.bfloat16,0.0,1.0,hsaco,5,12.64,Cijk_Ailk_Bljk_BBS_BH_UserArgs_MT64x64x32_SN_K1_PGR6_SB1_TT2_2_WG16_16_3
79,7168,512,64,0,torch.bfloat16,torch.bfloat16,0.0,1.0,hsaco,6,16.08,Cijk_Ailk_Bljk_BBS_BH_UserArgs_MT64x128x32_SN_K1_PGR6_SB1_TT2_2_WG16_16_3
79,576,1536,64,0,torch.bfloat16,torch.bfloat16,0.0,1.0,hsaco,3,11.44,Cijk_Ailk_Bljk_BBS_BH_UserArgs_MT16x32x32_SN_K1_PGR6_SB1_TT2_2_WG16_16_2
79,1536,1536,64,0,torch.bfloat16,torch.bfloat16,0.0,1.0,hsaco,4,20.32,Cijk_Ailk_Bljk_BBS_BH_UserArgs_MT64x32x32_SN_K1_PGR6_SB1_TT2_2_WG16_16_3
79,3072,1536,64,0,torch.bfloat16,torch.bfloat16,0.0,1.0,hsaco,4,20.96,Cijk_Ailk_Bljk_BBS_BH_UserArgs_MT64x32x32_SN_K1_PGR6_SB1_TT2_2_WG16_16_3
79,4096,1536,64,0,torch.bfloat16,torch.bfloat16,0.0,1.0,hsaco,5,23.68,Cijk_Ailk_Bljk_BBS_BH_UserArgs_MT64x64x32_SN_K1_PGR6_SB1_TT2_2_WG16_16_3
79,4608,1536,64,0,torch.bfloat16,torch.bfloat16,0.0,1.0,hsaco,5,23.84,Cijk_Ailk_Bljk_BBS_BH_UserArgs_MT64x64x32_SN_K1_PGR6_SB1_TT2_2_WG16_16_3
79,7168,1536,64,0,torch.bfloat16,torch.bfloat16,0.0,1.0,hsaco,6,28.96,Cijk_Ailk_Bljk_BBS_BH_UserArgs_MT64x128x32_SN_K1_PGR6_SB1_TT2_2_WG16_16_3
79,512,2048,64,0,torch.bfloat16,torch.bfloat16,0.0,1.0,hsaco,3,13.36,Cijk_Ailk_Bljk_BBS_BH_UserArgs_MT16x32x32_SN_K1_PGR6_SB1_TT2_2_WG16_16_2
79,1536,2048,64,0,torch.bfloat16,torch.bfloat16,0.0,1.0,hsaco,4,25.12,Cijk_Ailk_Bljk_BBS_BH_UserArgs_MT64x32x32_SN_K1_PGR6_SB1_TT2_2_WG16_16_3
79,3072,2048,64,0,torch.bfloat16,torch.bfloat16,0.0,1.0,hsaco,4,25.92,Cijk_Ailk_Bljk_BBS_BH_UserArgs_MT64x32x32_SN_K1_PGR6_SB1_TT2_2_WG16_16_3
79,4096,2048,64,0,torch.bfloat16,torch.bfloat16,0.0,1.0,hsaco,5,29.28,Cijk_Ailk_Bljk_BBS_BH_UserArgs_MT64x64x32_SN_K1_PGR6_SB1_TT2_2_WG16_16_3
79,4608,2048,64,0,torch.bfloat16,torch.bfloat16,0.0,1.0,hsaco,5,28.96,Cijk_Ailk_Bljk_BBS_BH_UserArgs_MT64x64x32_SN_K1_PGR6_SB1_TT2_2_WG16_16_3
79,7168,2048,64,0,torch.bfloat16,torch.bfloat16,0.0,1.0,hsaco,6,35.12,Cijk_Ailk_Bljk_BBS_BH_UserArgs_MT64x128x32_SN_K1_PGR6_SB1_TT2_2_WG16_16_3
79,512,2304,64,0,torch.bfloat16,torch.bfloat16,0.0,1.0,hsaco,3,15.28,Cijk_Ailk_Bljk_BBS_BH_UserArgs_MT16x32x32_SN_K1_PGR6_SB1_TT2_2_WG16_16_2
79,1536,2304,64,0,torch.bfloat16,torch.bfloat16,0.0,1.0,hsaco,4,27.68,Cijk_Ailk_Bljk_BBS_BH_UserArgs_MT64x32x32_SN_K1_PGR6_SB1_TT2_2_WG16_16_3
79,3072,2304,64,0,torch.bfloat16,torch.bfloat16,0.0,1.0,hsaco,4,28.72,Cijk_Ailk_Bljk_BBS_BH_UserArgs_MT64x32x32_SN_K1_PGR6_SB1_TT2_2_WG16_16_3
79,4096,2304,64,0,torch.bfloat16,torch.bfloat16,0.0,1.0,hsaco,5,31.92,Cijk_Ailk_Bljk_BBS_BH_UserArgs_MT64x64x32_SN_K1_PGR6_SB1_TT2_2_WG16_16_3
79,4608,2304,64,0,torch.bfloat16,torch.bfloat16,0.0,1.0,hsaco,5,32.48,Cijk_Ailk_Bljk_BBS_BH_UserArgs_MT64x64x32_SN_K1_PGR6_SB1_TT2_2_WG16_16_3
79,7168,2304,64,0,torch.bfloat16,torch.bfloat16,0.0,1.0,hsaco,6,39.04,Cijk_Ailk_Bljk_BBS_BH_UserArgs_MT64x128x32_SN_K1_PGR6_SB1_TT2_2_WG16_16_3
79,512,7168,64,0,torch.bfloat16,torch.bfloat16,0.0,1.0,hsaco,3,37.68,Cijk_Ailk_Bljk_BBS_BH_UserArgs_MT16x32x32_SN_K1_PGR6_SB1_TT2_2_WG16_16_2
79,1536,7168,64,0,torch.bfloat16,torch.bfloat16,0.0,1.0,hsaco,4,73.92,Cijk_Ailk_Bljk_BBS_BH_UserArgs_MT64x32x32_SN_K1_PGR6_SB1_TT2_2_WG16_16_3
79,3072,7168,64,0,torch.bfloat16,torch.bfloat16,0.0,1.0,hsaco,4,75.44,Cijk_Ailk_Bljk_BBS_BH_UserArgs_MT64x32x32_SN_K1_PGR6_SB1_TT2_2_WG16_16_3
79,4096,7168,64,0,torch.bfloat16,torch.bfloat16,0.0,1.0,hsaco,5,84.56,Cijk_Ailk_Bljk_BBS_BH_UserArgs_MT64x64x32_SN_K1_PGR6_SB1_TT2_2_WG16_16_3
79,4608,7168,64,0,torch.bfloat16,torch.bfloat16,0.0,1.0,hsaco,5,85.84,Cijk_Ailk_Bljk_BBS_BH_UserArgs_MT64x64x32_SN_K1_PGR6_SB1_TT2_2_WG16_16_3
79,7168,7168,64,0,torch.bfloat16,torch.bfloat16,0.0,1.0,hsaco,6,102.8,Cijk_Ailk_Bljk_BBS_BH_UserArgs_MT64x128x32_SN_K1_PGR6_SB1_TT2_2_WG16_16_3
80,576,256,64,0,torch.bfloat16,torch.bfloat16,0.0,1.0,hsaco,3,6.0,Cijk_Ailk_Bljk_BBS_BH_UserArgs_MT16x32x32_SN_K1_PGR6_SB1_TT2_2_WG16_16_2
80,1536,256,64,0,torch.bfloat16,torch.bfloat16,0.0,1.0,hsaco,0,8.32,Cijk_Ailk_Bljk_BBS_BH_UserArgs_MT64x32x32_SN_K1_PGR6_SB1_TT2_2_WG16_16_2
80,3072,256,64,0,torch.bfloat16,torch.bfloat16,0.0,1.0,hsaco,0,8.32,Cijk_Ailk_Bljk_BBS_BH_UserArgs_MT64x32x32_SN_K1_PGR6_SB1_TT2_2_WG16_16_2
80,4096,256,64,0,torch.bfloat16,torch.bfloat16,0.0,1.0,hsaco,1,10.32,Cijk_Ailk_Bljk_BBS_BH_UserArgs_MT64x64x32_SN_K1_PGR6_SB1_TT2_2_WG16_16_2
80,4608,256,64,0,torch.bfloat16,torch.bfloat16,0.0,1.0,hsaco,1,10.24,Cijk_Ailk_Bljk_BBS_BH_UserArgs_MT64x64x32_SN_K1_PGR6_SB1_TT2_2_WG16_16_2
80,7168,256,64,0,torch.bfloat16,torch.bfloat16,0.0,1.0,hsaco,2,12.16,Cijk_Ailk_Bljk_BBS_BH_UserArgs_MT64x128x32_SN_K1_PGR6_SB1_TT2_8_WG16_16_2
80,576,512,64,0,torch.bfloat16,torch.bfloat16,0.0,1.0,hsaco,3,6.88,Cijk_Ailk_Bljk_BBS_BH_UserArgs_MT16x32x32_SN_K1_PGR6_SB1_TT2_2_WG16_16_2
80,1536,512,64,0,torch.bfloat16,torch.bfloat16,0.0,1.0,hsaco,4,10.8,Cijk_Ailk_Bljk_BBS_BH_UserArgs_MT64x32x32_SN_K1_PGR6_SB1_TT2_2_WG16_16_3
80,3072,512,64,0,torch.bfloat16,torch.bfloat16,0.0,1.0,hsaco,4,11.84,Cijk_Ailk_Bljk_BBS_BH_UserArgs_MT64x32x32_SN_K1_PGR6_SB1_TT2_2_WG16_16_3
80,4096,512,64,0,torch.bfloat16,torch.bfloat16,0.0,1.0,hsaco,5,12.64,Cijk_Ailk_Bljk_BBS_BH_UserArgs_MT64x64x32_SN_K1_PGR6_SB1_TT2_2_WG16_16_3
80,4608,512,64,0,torch.bfloat16,torch.bfloat16,0.0,1.0,hsaco,5,12.64,Cijk_Ailk_Bljk_BBS_BH_UserArgs_MT64x64x32_SN_K1_PGR6_SB1_TT2_2_WG16_16_3
80,7168,512,64,0,torch.bfloat16,torch.bfloat16,0.0,1.0,hsaco,6,16.0,Cijk_Ailk_Bljk_BBS_BH_UserArgs_MT64x128x32_SN_K1_PGR6_SB1_TT2_2_WG16_16_3
80,576,1536,64,0,torch.bfloat16,torch.bfloat16,0.0,1.0,hsaco,3,11.36,Cijk_Ailk_Bljk_BBS_BH_UserArgs_MT16x32x32_SN_K1_PGR6_SB1_TT2_2_WG16_16_2
80,1536,1536,64,0,torch.bfloat16,torch.bfloat16,0.0,1.0,hsaco,4,20.48,Cijk_Ailk_Bljk_BBS_BH_UserArgs_MT64x32x32_SN_K1_PGR6_SB1_TT2_2_WG16_16_3
80,3072,1536,64,0,torch.bfloat16,torch.bfloat16,0.0,1.0,hsaco,4,21.04,Cijk_Ailk_Bljk_BBS_BH_UserArgs_MT64x32x32_SN_K1_PGR6_SB1_TT2_2_WG16_16_3
80,4096,1536,64,0,torch.bfloat16,torch.bfloat16,0.0,1.0,hsaco,5,23.84,Cijk_Ailk_Bljk_BBS_BH_UserArgs_MT64x64x32_SN_K1_PGR6_SB1_TT2_2_WG16_16_3
80,4608,1536,64,0,torch.bfloat16,torch.bfloat16,0.0,1.0,hsaco,5,23.76,Cijk_Ailk_Bljk_BBS_BH_UserArgs_MT64x64x32_SN_K1_PGR6_SB1_TT2_2_WG16_16_3
80,7168,1536,64,0,torch.bfloat16,torch.bfloat16,0.0,1.0,hsaco,6,29.12,Cijk_Ailk_Bljk_BBS_BH_UserArgs_MT64x128x32_SN_K1_PGR6_SB1_TT2_2_WG16_16_3
80,512,2048,64,0,torch.bfloat16,torch.bfloat16,0.0,1.0,hsaco,3,13.36,Cijk_Ailk_Bljk_BBS_BH_UserArgs_MT16x32x32_SN_K1_PGR6_SB1_TT2_2_WG16_16_2
80,1536,2048,64,0,torch.bfloat16,torch.bfloat16,0.0,1.0,hsaco,4,25.28,Cijk_Ailk_Bljk_BBS_BH_UserArgs_MT64x32x32_SN_K1_PGR6_SB1_TT2_2_WG16_16_3
80,3072,2048,64,0,torch.bfloat16,torch.bfloat16,0.0,1.0,hsaco,4,25.92,Cijk_Ailk_Bljk_BBS_BH_UserArgs_MT64x32x32_SN_K1_PGR6_SB1_TT2_2_WG16_16_3
80,4096,2048,64,0,torch.bfloat16,torch.bfloat16,0.0,1.0,hsaco,5,29.04,Cijk_Ailk_Bljk_BBS_BH_UserArgs_MT64x64x32_SN_K1_PGR6_SB1_TT2_2_WG16_16_3
80,4608,2048,64,0,torch.bfloat16,torch.bfloat16,0.0,1.0,hsaco,5,29.04,Cijk_Ailk_Bljk_BBS_BH_UserArgs_MT64x64x32_SN_K1_PGR6_SB1_TT2_2_WG16_16_3
80,7168,2048,64,0,torch.bfloat16,torch.bfloat16,0.0,1.0,hsaco,6,35.04,Cijk_Ailk_Bljk_BBS_BH_UserArgs_MT64x128x32_SN_K1_PGR6_SB1_TT2_2_WG16_16_3
80,512,2304,64,0,torch.bfloat16,torch.bfloat16,0.0,1.0,hsaco,3,15.28,Cijk_Ailk_Bljk_BBS_BH_UserArgs_MT16x32x32_SN_K1_PGR6_SB1_TT2_2_WG16_16_2
80,1536,2304,64,0,torch.bfloat16,torch.bfloat16,0.0,1.0,hsaco,4,27.68,Cijk_Ailk_Bljk_BBS_BH_UserArgs_MT64x32x32_SN_K1_PGR6_SB1_TT2_2_WG16_16_3
80,3072,2304,64,0,torch.bfloat16,torch.bfloat16,0.0,1.0,hsaco,4,28.8,Cijk_Ailk_Bljk_BBS_BH_UserArgs_MT64x32x32_SN_K1_PGR6_SB1_TT2_2_WG16_16_3
80,4096,2304,64,0,torch.bfloat16,torch.bfloat16,0.0,1.0,hsaco,5,32.0,Cijk_Ailk_Bljk_BBS_BH_UserArgs_MT64x64x32_SN_K1_PGR6_SB1_TT2_2_WG16_16_3
80,4608,2304,64,0,torch.bfloat16,torch.bfloat16,0.0,1.0,hsaco,5,32.08,Cijk_Ailk_Bljk_BBS_BH_UserArgs_MT64x64x32_SN_K1_PGR6_SB1_TT2_2_WG16_16_3
80,7168,2304,64,0,torch.bfloat16,torch.bfloat16,0.0,1.0,hsaco,6,38.96,Cijk_Ailk_Bljk_BBS_BH_UserArgs_MT64x128x32_SN_K1_PGR6_SB1_TT2_2_WG16_16_3
80,512,7168,64,0,torch.bfloat16,torch.bfloat16,0.0,1.0,hsaco,3,37.68,Cijk_Ailk_Bljk_BBS_BH_UserArgs_MT16x32x32_SN_K1_PGR6_SB1_TT2_2_WG16_16_2
80,1536,7168,64,0,torch.bfloat16,torch.bfloat16,0.0,1.0,hsaco,4,73.92,Cijk_Ailk_Bljk_BBS_BH_UserArgs_MT64x32x32_SN_K1_PGR6_SB1_TT2_2_WG16_16_3
80,3072,7168,64,0,torch.bfloat16,torch.bfloat16,0.0,1.0,hsaco,4,75.36,Cijk_Ailk_Bljk_BBS_BH_UserArgs_MT64x32x32_SN_K1_PGR6_SB1_TT2_2_WG16_16_3
80,4096,7168,64,0,torch.bfloat16,torch.bfloat16,0.0,1.0,hsaco,5,84.08,Cijk_Ailk_Bljk_BBS_BH_UserArgs_MT64x64x32_SN_K1_PGR6_SB1_TT2_2_WG16_16_3
80,4608,7168,64,0,torch.bfloat16,torch.bfloat16,0.0,1.0,hsaco,5,84.16,Cijk_Ailk_Bljk_BBS_BH_UserArgs_MT64x64x32_SN_K1_PGR6_SB1_TT2_2_WG16_16_3
80,7168,7168,64,0,torch.bfloat16,torch.bfloat16,0.0,1.0,hsaco,6,102.32,Cijk_Ailk_Bljk_BBS_BH_UserArgs_MT64x128x32_SN_K1_PGR6_SB1_TT2_2_WG16_16_3
81,576,256,64,0,torch.bfloat16,torch.bfloat16,0.0,1.0,hsaco,3,6.16,Cijk_Ailk_Bljk_BBS_BH_UserArgs_MT16x32x32_SN_K1_PGR6_SB1_TT2_2_WG16_16_2
81,1536,256,64,0,torch.bfloat16,torch.bfloat16,0.0,1.0,hsaco,4,8.48,Cijk_Ailk_Bljk_BBS_BH_UserArgs_MT64x32x32_SN_K1_PGR6_SB1_TT2_2_WG16_16_3
81,3072,256,64,0,torch.bfloat16,torch.bfloat16,0.0,1.0,hsaco,0,8.4,Cijk_Ailk_Bljk_BBS_BH_UserArgs_MT64x32x32_SN_K1_PGR6_SB1_TT2_2_WG16_16_2
81,4096,256,64,0,torch.bfloat16,torch.bfloat16,0.0,1.0,hsaco,1,10.4,Cijk_Ailk_Bljk_BBS_BH_UserArgs_MT64x64x32_SN_K1_PGR6_SB1_TT2_2_WG16_16_2
81,4608,256,64,0,torch.bfloat16,torch.bfloat16,0.0,1.0,hsaco,1,9.52,Cijk_Ailk_Bljk_BBS_BH_UserArgs_MT64x64x32_SN_K1_PGR6_SB1_TT2_2_WG16_16_2
81,7168,256,64,0,torch.bfloat16,torch.bfloat16,0.0,1.0,hsaco,2,12.32,Cijk_Ailk_Bljk_BBS_BH_UserArgs_MT64x128x32_SN_K1_PGR6_SB1_TT2_8_WG16_16_2
81,576,512,64,0,torch.bfloat16,torch.bfloat16,0.0,1.0,hsaco,3,6.88,Cijk_Ailk_Bljk_BBS_BH_UserArgs_MT16x32x32_SN_K1_PGR6_SB1_TT2_2_WG16_16_2
81,1536,512,64,0,torch.bfloat16,torch.bfloat16,0.0,1.0,hsaco,4,10.64,Cijk_Ailk_Bljk_BBS_BH_UserArgs_MT64x32x32_SN_K1_PGR6_SB1_TT2_2_WG16_16_3
81,3072,512,64,0,torch.bfloat16,torch.bfloat16,0.0,1.0,hsaco,4,11.92,Cijk_Ailk_Bljk_BBS_BH_UserArgs_MT64x32x32_SN_K1_PGR6_SB1_TT2_2_WG16_16_3
81,4096,512,64,0,torch.bfloat16,torch.bfloat16,0.0,1.0,hsaco,5,12.56,Cijk_Ailk_Bljk_BBS_BH_UserArgs_MT64x64x32_SN_K1_PGR6_SB1_TT2_2_WG16_16_3
81,4608,512,64,0,torch.bfloat16,torch.bfloat16,0.0,1.0,hsaco,5,12.56,Cijk_Ailk_Bljk_BBS_BH_UserArgs_MT64x64x32_SN_K1_PGR6_SB1_TT2_2_WG16_16_3
81,7168,512,64,0,torch.bfloat16,torch.bfloat16,0.0,1.0,hsaco,6,16.0,Cijk_Ailk_Bljk_BBS_BH_UserArgs_MT64x128x32_SN_K1_PGR6_SB1_TT2_2_WG16_16_3
81,576,1536,64,0,torch.bfloat16,torch.bfloat16,0.0,1.0,hsaco,3,11.52,Cijk_Ailk_Bljk_BBS_BH_UserArgs_MT16x32x32_SN_K1_PGR6_SB1_TT2_2_WG16_16_2
81,1536,1536,64,0,torch.bfloat16,torch.bfloat16,0.0,1.0,hsaco,4,20.4,Cijk_Ailk_Bljk_BBS_BH_UserArgs_MT64x32x32_SN_K1_PGR6_SB1_TT2_2_WG16_16_3
81,3072,1536,64,0,torch.bfloat16,torch.bfloat16,0.0,1.0,hsaco,4,20.96,Cijk_Ailk_Bljk_BBS_BH_UserArgs_MT64x32x32_SN_K1_PGR6_SB1_TT2_2_WG16_16_3
81,4096,1536,64,0,torch.bfloat16,torch.bfloat16,0.0,1.0,hsaco,5,23.84,Cijk_Ailk_Bljk_BBS_BH_UserArgs_MT64x64x32_SN_K1_PGR6_SB1_TT2_2_WG16_16_3
81,4608,1536,64,0,torch.bfloat16,torch.bfloat16,0.0,1.0,hsaco,5,23.76,Cijk_Ailk_Bljk_BBS_BH_UserArgs_MT64x64x32_SN_K1_PGR6_SB1_TT2_2_WG16_16_3
81,7168,1536,64,0,torch.bfloat16,torch.bfloat16,0.0,1.0,hsaco,6,29.12,Cijk_Ailk_Bljk_BBS_BH_UserArgs_MT64x128x32_SN_K1_PGR6_SB1_TT2_2_WG16_16_3
81,512,2048,64,0,torch.bfloat16,torch.bfloat16,0.0,1.0,hsaco,3,13.28,Cijk_Ailk_Bljk_BBS_BH_UserArgs_MT16x32x32_SN_K1_PGR6_SB1_TT2_2_WG16_16_2
81,1536,2048,64,0,torch.bfloat16,torch.bfloat16,0.0,1.0,hsaco,4,25.12,Cijk_Ailk_Bljk_BBS_BH_UserArgs_MT64x32x32_SN_K1_PGR6_SB1_TT2_2_WG16_16_3
81,3072,2048,64,0,torch.bfloat16,torch.bfloat16,0.0,1.0,hsaco,4,26.0,Cijk_Ailk_Bljk_BBS_BH_UserArgs_MT64x32x32_SN_K1_PGR6_SB1_TT2_2_WG16_16_3
81,4096,2048,64,0,torch.bfloat16,torch.bfloat16,0.0,1.0,hsaco,5,29.2,Cijk_Ailk_Bljk_BBS_BH_UserArgs_MT64x64x32_SN_K1_PGR6_SB1_TT2_2_WG16_16_3
81,4608,2048,64,0,torch.bfloat16,torch.bfloat16,0.0,1.0,hsaco,5,29.04,Cijk_Ailk_Bljk_BBS_BH_UserArgs_MT64x64x32_SN_K1_PGR6_SB1_TT2_2_WG16_16_3
81,7168,2048,64,0,torch.bfloat16,torch.bfloat16,0.0,1.0,hsaco,6,35.2,Cijk_Ailk_Bljk_BBS_BH_UserArgs_MT64x128x32_SN_K1_PGR6_SB1_TT2_2_WG16_16_3
81,512,2304,64,0,torch.bfloat16,torch.bfloat16,0.0,1.0,hsaco,3,15.6,Cijk_Ailk_Bljk_BBS_BH_UserArgs_MT16x32x32_SN_K1_PGR6_SB1_TT2_2_WG16_16_2
81,1536,2304,64,0,torch.bfloat16,torch.bfloat16,0.0,1.0,hsaco,4,27.92,Cijk_Ailk_Bljk_BBS_BH_UserArgs_MT64x32x32_SN_K1_PGR6_SB1_TT2_2_WG16_16_3
81,3072,2304,64,0,torch.bfloat16,torch.bfloat16,0.0,1.0,hsaco,4,28.8,Cijk_Ailk_Bljk_BBS_BH_UserArgs_MT64x32x32_SN_K1_PGR6_SB1_TT2_2_WG16_16_3
81,4096,2304,64,0,torch.bfloat16,torch.bfloat16,0.0,1.0,hsaco,5,32.08,Cijk_Ailk_Bljk_BBS_BH_UserArgs_MT64x64x32_SN_K1_PGR6_SB1_TT2_2_WG16_16_3
81,4608,2304,64,0,torch.bfloat16,torch.bfloat16,0.0,1.0,hsaco,5,32.24,Cijk_Ailk_Bljk_BBS_BH_UserArgs_MT64x64x32_SN_K1_PGR6_SB1_TT2_2_WG16_16_3
81,7168,2304,64,0,torch.bfloat16,torch.bfloat16,0.0,1.0,hsaco,6,38.96,Cijk_Ailk_Bljk_BBS_BH_UserArgs_MT64x128x32_SN_K1_PGR6_SB1_TT2_2_WG16_16_3
81,512,7168,64,0,torch.bfloat16,torch.bfloat16,0.0,1.0,hsaco,3,38.0,Cijk_Ailk_Bljk_BBS_BH_UserArgs_MT16x32x32_SN_K1_PGR6_SB1_TT2_2_WG16_16_2
81,1536,7168,64,0,torch.bfloat16,torch.bfloat16,0.0,1.0,hsaco,4,73.76,Cijk_Ailk_Bljk_BBS_BH_UserArgs_MT64x32x32_SN_K1_PGR6_SB1_TT2_2_WG16_16_3
81,3072,7168,64,0,torch.bfloat16,torch.bfloat16,0.0,1.0,hsaco,4,75.36,Cijk_Ailk_Bljk_BBS_BH_UserArgs_MT64x32x32_SN_K1_PGR6_SB1_TT2_2_WG16_16_3
81,4096,7168,64,0,torch.bfloat16,torch.bfloat16,0.0,1.0,hsaco,5,84.32,Cijk_Ailk_Bljk_BBS_BH_UserArgs_MT64x64x32_SN_K1_PGR6_SB1_TT2_2_WG16_16_3
81,4608,7168,64,0,torch.bfloat16,torch.bfloat16,0.0,1.0,hsaco,5,86.32,Cijk_Ailk_Bljk_BBS_BH_UserArgs_MT64x64x32_SN_K1_PGR6_SB1_TT2_2_WG16_16_3
81,7168,7168,64,0,torch.bfloat16,torch.bfloat16,0.0,1.0,hsaco,6,101.6,Cijk_Ailk_Bljk_BBS_BH_UserArgs_MT64x128x32_SN_K1_PGR6_SB1_TT2_2_WG16_16_3
82,576,256,64,0,torch.bfloat16,torch.bfloat16,0.0,1.0,hsaco,3,6.08,Cijk_Ailk_Bljk_BBS_BH_UserArgs_MT16x32x32_SN_K1_PGR6_SB1_TT2_2_WG16_16_2
82,1536,256,64,0,torch.bfloat16,torch.bfloat16,0.0,1.0,hsaco,0,8.4,Cijk_Ailk_Bljk_BBS_BH_UserArgs_MT64x32x32_SN_K1_PGR6_SB1_TT2_2_WG16_16_2
82,3072,256,64,0,torch.bfloat16,torch.bfloat16,0.0,1.0,hsaco,0,8.4,Cijk_Ailk_Bljk_BBS_BH_UserArgs_MT64x32x32_SN_K1_PGR6_SB1_TT2_2_WG16_16_2
82,4096,256,64,0,torch.bfloat16,torch.bfloat16,0.0,1.0,hsaco,1,10.56,Cijk_Ailk_Bljk_BBS_BH_UserArgs_MT64x64x32_SN_K1_PGR6_SB1_TT2_2_WG16_16_2
82,4608,256,64,0,torch.bfloat16,torch.bfloat16,0.0,1.0,hsaco,1,9.68,Cijk_Ailk_Bljk_BBS_BH_UserArgs_MT64x64x32_SN_K1_PGR6_SB1_TT2_2_WG16_16_2
82,7168,256,64,0,torch.bfloat16,torch.bfloat16,0.0,1.0,hsaco,2,12.24,Cijk_Ailk_Bljk_BBS_BH_UserArgs_MT64x128x32_SN_K1_PGR6_SB1_TT2_8_WG16_16_2
82,576,512,64,0,torch.bfloat16,torch.bfloat16,0.0,1.0,hsaco,3,6.96,Cijk_Ailk_Bljk_BBS_BH_UserArgs_MT16x32x32_SN_K1_PGR6_SB1_TT2_2_WG16_16_2
82,1536,512,64,0,torch.bfloat16,torch.bfloat16,0.0,1.0,hsaco,4,10.8,Cijk_Ailk_Bljk_BBS_BH_UserArgs_MT64x32x32_SN_K1_PGR6_SB1_TT2_2_WG16_16_3
82,3072,512,64,0,torch.bfloat16,torch.bfloat16,0.0,1.0,hsaco,4,11.84,Cijk_Ailk_Bljk_BBS_BH_UserArgs_MT64x32x32_SN_K1_PGR6_SB1_TT2_2_WG16_16_3
82,4096,512,64,0,torch.bfloat16,torch.bfloat16,0.0,1.0,hsaco,5,12.56,Cijk_Ailk_Bljk_BBS_BH_UserArgs_MT64x64x32_SN_K1_PGR6_SB1_TT2_2_WG16_16_3
82,4608,512,64,0,torch.bfloat16,torch.bfloat16,0.0,1.0,hsaco,5,12.64,Cijk_Ailk_Bljk_BBS_BH_UserArgs_MT64x64x32_SN_K1_PGR6_SB1_TT2_2_WG16_16_3
82,7168,512,64,0,torch.bfloat16,torch.bfloat16,0.0,1.0,hsaco,6,16.0,Cijk_Ailk_Bljk_BBS_BH_UserArgs_MT64x128x32_SN_K1_PGR6_SB1_TT2_2_WG16_16_3
82,576,1536,64,0,torch.bfloat16,torch.bfloat16,0.0,1.0,hsaco,3,11.44,Cijk_Ailk_Bljk_BBS_BH_UserArgs_MT16x32x32_SN_K1_PGR6_SB1_TT2_2_WG16_16_2
82,1536,1536,64,0,torch.bfloat16,torch.bfloat16,0.0,1.0,hsaco,4,20.48,Cijk_Ailk_Bljk_BBS_BH_UserArgs_MT64x32x32_SN_K1_PGR6_SB1_TT2_2_WG16_16_3
82,3072,1536,64,0,torch.bfloat16,torch.bfloat16,0.0,1.0,hsaco,4,21.04,Cijk_Ailk_Bljk_BBS_BH_UserArgs_MT64x32x32_SN_K1_PGR6_SB1_TT2_2_WG16_16_3
82,4096,1536,64,0,torch.bfloat16,torch.bfloat16,0.0,1.0,hsaco,5,23.76,Cijk_Ailk_Bljk_BBS_BH_UserArgs_MT64x64x32_SN_K1_PGR6_SB1_TT2_2_WG16_16_3
82,4608,1536,64,0,torch.bfloat16,torch.bfloat16,0.0,1.0,hsaco,5,23.76,Cijk_Ailk_Bljk_BBS_BH_UserArgs_MT64x64x32_SN_K1_PGR6_SB1_TT2_2_WG16_16_3
82,7168,1536,64,0,torch.bfloat16,torch.bfloat16,0.0,1.0,hsaco,6,29.04,Cijk_Ailk_Bljk_BBS_BH_UserArgs_MT64x128x32_SN_K1_PGR6_SB1_TT2_2_WG16_16_3
82,512,2048,64,0,torch.bfloat16,torch.bfloat16,0.0,1.0,hsaco,3,13.28,Cijk_Ailk_Bljk_BBS_BH_UserArgs_MT16x32x32_SN_K1_PGR6_SB1_TT2_2_WG16_16_2
82,1536,2048,64,0,torch.bfloat16,torch.bfloat16,0.0,1.0,hsaco,4,25.2,Cijk_Ailk_Bljk_BBS_BH_UserArgs_MT64x32x32_SN_K1_PGR6_SB1_TT2_2_WG16_16_3
82,3072,2048,64,0,torch.bfloat16,torch.bfloat16,0.0,1.0,hsaco,4,25.92,Cijk_Ailk_Bljk_BBS_BH_UserArgs_MT64x32x32_SN_K1_PGR6_SB1_TT2_2_WG16_16_3
82,4096,2048,64,0,torch.bfloat16,torch.bfloat16,0.0,1.0,hsaco,5,29.2,Cijk_Ailk_Bljk_BBS_BH_UserArgs_MT64x64x32_SN_K1_PGR6_SB1_TT2_2_WG16_16_3
82,4608,2048,64,0,torch.bfloat16,torch.bfloat16,0.0,1.0,hsaco,5,29.04,Cijk_Ailk_Bljk_BBS_BH_UserArgs_MT64x64x32_SN_K1_PGR6_SB1_TT2_2_WG16_16_3
82,7168,2048,64,0,torch.bfloat16,torch.bfloat16,0.0,1.0,hsaco,6,35.28,Cijk_Ailk_Bljk_BBS_BH_UserArgs_MT64x128x32_SN_K1_PGR6_SB1_TT2_2_WG16_16_3
82,512,2304,64,0,torch.bfloat16,torch.bfloat16,0.0,1.0,hsaco,3,15.6,Cijk_Ailk_Bljk_BBS_BH_UserArgs_MT16x32x32_SN_K1_PGR6_SB1_TT2_2_WG16_16_2
82,1536,2304,64,0,torch.bfloat16,torch.bfloat16,0.0,1.0,hsaco,4,27.76,Cijk_Ailk_Bljk_BBS_BH_UserArgs_MT64x32x32_SN_K1_PGR6_SB1_TT2_2_WG16_16_3
82,3072,2304,64,0,torch.bfloat16,torch.bfloat16,0.0,1.0,hsaco,4,28.8,Cijk_Ailk_Bljk_BBS_BH_UserArgs_MT64x32x32_SN_K1_PGR6_SB1_TT2_2_WG16_16_3
82,4096,2304,64,0,torch.bfloat16,torch.bfloat16,0.0,1.0,hsaco,5,32.08,Cijk_Ailk_Bljk_BBS_BH_UserArgs_MT64x64x32_SN_K1_PGR6_SB1_TT2_2_WG16_16_3
82,4608,2304,64,0,torch.bfloat16,torch.bfloat16,0.0,1.0,hsaco,5,32.24,Cijk_Ailk_Bljk_BBS_BH_UserArgs_MT64x64x32_SN_K1_PGR6_SB1_TT2_2_WG16_16_3
82,7168,2304,64,0,torch.bfloat16,torch.bfloat16,0.0,1.0,hsaco,6,39.36,Cijk_Ailk_Bljk_BBS_BH_UserArgs_MT64x128x32_SN_K1_PGR6_SB1_TT2_2_WG16_16_3
82,512,7168,64,0,torch.bfloat16,torch.bfloat16,0.0,1.0,hsaco,3,38.4,Cijk_Ailk_Bljk_BBS_BH_UserArgs_MT16x32x32_SN_K1_PGR6_SB1_TT2_2_WG16_16_2
82,1536,7168,64,0,torch.bfloat16,torch.bfloat16,0.0,1.0,hsaco,4,73.92,Cijk_Ailk_Bljk_BBS_BH_UserArgs_MT64x32x32_SN_K1_PGR6_SB1_TT2_2_WG16_16_3
82,3072,7168,64,0,torch.bfloat16,torch.bfloat16,0.0,1.0,hsaco,4,75.36,Cijk_Ailk_Bljk_BBS_BH_UserArgs_MT64x32x32_SN_K1_PGR6_SB1_TT2_2_WG16_16_3
82,4096,7168,64,0,torch.bfloat16,torch.bfloat16,0.0,1.0,hsaco,5,84.32,Cijk_Ailk_Bljk_BBS_BH_UserArgs_MT64x64x32_SN_K1_PGR6_SB1_TT2_2_WG16_16_3
82,4608,7168,64,0,torch.bfloat16,torch.bfloat16,0.0,1.0,hsaco,5,84.32,Cijk_Ailk_Bljk_BBS_BH_UserArgs_MT64x64x32_SN_K1_PGR6_SB1_TT2_2_WG16_16_3
82,7168,7168,64,0,torch.bfloat16,torch.bfloat16,0.0,1.0,hsaco,6,102.48,Cijk_Ailk_Bljk_BBS_BH_UserArgs_MT64x128x32_SN_K1_PGR6_SB1_TT2_2_WG16_16_3
83,576,256,64,0,torch.bfloat16,torch.bfloat16,0.0,1.0,hsaco,3,6.08,Cijk_Ailk_Bljk_BBS_BH_UserArgs_MT16x32x32_SN_K1_PGR6_SB1_TT2_2_WG16_16_2
83,1536,256,64,0,torch.bfloat16,torch.bfloat16,0.0,1.0,hsaco,0,8.32,Cijk_Ailk_Bljk_BBS_BH_UserArgs_MT64x32x32_SN_K1_PGR6_SB1_TT2_2_WG16_16_2
83,3072,256,64,0,torch.bfloat16,torch.bfloat16,0.0,1.0,hsaco,0,8.32,Cijk_Ailk_Bljk_BBS_BH_UserArgs_MT64x32x32_SN_K1_PGR6_SB1_TT2_2_WG16_16_2
83,4096,256,64,0,torch.bfloat16,torch.bfloat16,0.0,1.0,hsaco,1,10.64,Cijk_Ailk_Bljk_BBS_BH_UserArgs_MT64x64x32_SN_K1_PGR6_SB1_TT2_2_WG16_16_2
83,4608,256,64,0,torch.bfloat16,torch.bfloat16,0.0,1.0,hsaco,1,9.68,Cijk_Ailk_Bljk_BBS_BH_UserArgs_MT64x64x32_SN_K1_PGR6_SB1_TT2_2_WG16_16_2
83,7168,256,64,0,torch.bfloat16,torch.bfloat16,0.0,1.0,hsaco,2,12.08,Cijk_Ailk_Bljk_BBS_BH_UserArgs_MT64x128x32_SN_K1_PGR6_SB1_TT2_8_WG16_16_2
83,576,512,64,0,torch.bfloat16,torch.bfloat16,0.0,1.0,hsaco,3,6.96,Cijk_Ailk_Bljk_BBS_BH_UserArgs_MT16x32x32_SN_K1_PGR6_SB1_TT2_2_WG16_16_2
83,1536,512,64,0,torch.bfloat16,torch.bfloat16,0.0,1.0,hsaco,4,11.04,Cijk_Ailk_Bljk_BBS_BH_UserArgs_MT64x32x32_SN_K1_PGR6_SB1_TT2_2_WG16_16_3
83,3072,512,64,0,torch.bfloat16,torch.bfloat16,0.0,1.0,hsaco,4,10.96,Cijk_Ailk_Bljk_BBS_BH_UserArgs_MT64x32x32_SN_K1_PGR6_SB1_TT2_2_WG16_16_3
83,4096,512,64,0,torch.bfloat16,torch.bfloat16,0.0,1.0,hsaco,5,12.64,Cijk_Ailk_Bljk_BBS_BH_UserArgs_MT64x64x32_SN_K1_PGR6_SB1_TT2_2_WG16_16_3
83,4608,512,64,0,torch.bfloat16,torch.bfloat16,0.0,1.0,hsaco,5,12.64,Cijk_Ailk_Bljk_BBS_BH_UserArgs_MT64x64x32_SN_K1_PGR6_SB1_TT2_2_WG16_16_3
83,7168,512,64,0,torch.bfloat16,torch.bfloat16,0.0,1.0,hsaco,6,15.92,Cijk_Ailk_Bljk_BBS_BH_UserArgs_MT64x128x32_SN_K1_PGR6_SB1_TT2_2_WG16_16_3
83,576,1536,64,0,torch.bfloat16,torch.bfloat16,0.0,1.0,hsaco,3,11.44,Cijk_Ailk_Bljk_BBS_BH_UserArgs_MT16x32x32_SN_K1_PGR6_SB1_TT2_2_WG16_16_2
83,1536,1536,64,0,torch.bfloat16,torch.bfloat16,0.0,1.0,hsaco,4,20.56,Cijk_Ailk_Bljk_BBS_BH_UserArgs_MT64x32x32_SN_K1_PGR6_SB1_TT2_2_WG16_16_3
83,3072,1536,64,0,torch.bfloat16,torch.bfloat16,0.0,1.0,hsaco,4,21.2,Cijk_Ailk_Bljk_BBS_BH_UserArgs_MT64x32x32_SN_K1_PGR6_SB1_TT2_2_WG16_16_3
83,4096,1536,64,0,torch.bfloat16,torch.bfloat16,0.0,1.0,hsaco,5,23.76,Cijk_Ailk_Bljk_BBS_BH_UserArgs_MT64x64x32_SN_K1_PGR6_SB1_TT2_2_WG16_16_3
83,4608,1536,64,0,torch.bfloat16,torch.bfloat16,0.0,1.0,hsaco,5,23.76,Cijk_Ailk_Bljk_BBS_BH_UserArgs_MT64x64x32_SN_K1_PGR6_SB1_TT2_2_WG16_16_3
83,7168,1536,64,0,torch.bfloat16,torch.bfloat16,0.0,1.0,hsaco,6,29.28,Cijk_Ailk_Bljk_BBS_BH_UserArgs_MT64x128x32_SN_K1_PGR6_SB1_TT2_2_WG16_16_3
83,512,2048,64,0,torch.bfloat16,torch.bfloat16,0.0,1.0,hsaco,3,13.36,Cijk_Ailk_Bljk_BBS_BH_UserArgs_MT16x32x32_SN_K1_PGR6_SB1_TT2_2_WG16_16_2
83,1536,2048,64,0,torch.bfloat16,torch.bfloat16,0.0,1.0,hsaco,4,25.28,Cijk_Ailk_Bljk_BBS_BH_UserArgs_MT64x32x32_SN_K1_PGR6_SB1_TT2_2_WG16_16_3
83,3072,2048,64,0,torch.bfloat16,torch.bfloat16,0.0,1.0,hsaco,4,26.08,Cijk_Ailk_Bljk_BBS_BH_UserArgs_MT64x32x32_SN_K1_PGR6_SB1_TT2_2_WG16_16_3
83,4096,2048,64,0,torch.bfloat16,torch.bfloat16,0.0,1.0,hsaco,5,29.28,Cijk_Ailk_Bljk_BBS_BH_UserArgs_MT64x64x32_SN_K1_PGR6_SB1_TT2_2_WG16_16_3
83,4608,2048,64,0,torch.bfloat16,torch.bfloat16,0.0,1.0,hsaco,5,28.96,Cijk_Ailk_Bljk_BBS_BH_UserArgs_MT64x64x32_SN_K1_PGR6_SB1_TT2_2_WG16_16_3
83,7168,2048,64,0,torch.bfloat16,torch.bfloat16,0.0,1.0,hsaco,6,35.2,Cijk_Ailk_Bljk_BBS_BH_UserArgs_MT64x128x32_SN_K1_PGR6_SB1_TT2_2_WG16_16_3
83,512,2304,64,0,torch.bfloat16,torch.bfloat16,0.0,1.0,hsaco,3,15.6,Cijk_Ailk_Bljk_BBS_BH_UserArgs_MT16x32x32_SN_K1_PGR6_SB1_TT2_2_WG16_16_2
83,1536,2304,64,0,torch.bfloat16,torch.bfloat16,0.0,1.0,hsaco,4,27.76,Cijk_Ailk_Bljk_BBS_BH_UserArgs_MT64x32x32_SN_K1_PGR6_SB1_TT2_2_WG16_16_3
83,3072,2304,64,0,torch.bfloat16,torch.bfloat16,0.0,1.0,hsaco,4,28.8,Cijk_Ailk_Bljk_BBS_BH_UserArgs_MT64x32x32_SN_K1_PGR6_SB1_TT2_2_WG16_16_3
83,4096,2304,64,0,torch.bfloat16,torch.bfloat16,0.0,1.0,hsaco,5,32.32,Cijk_Ailk_Bljk_BBS_BH_UserArgs_MT64x64x32_SN_K1_PGR6_SB1_TT2_2_WG16_16_3
83,4608,2304,64,0,torch.bfloat16,torch.bfloat16,0.0,1.0,hsaco,5,32.24,Cijk_Ailk_Bljk_BBS_BH_UserArgs_MT64x64x32_SN_K1_PGR6_SB1_TT2_2_WG16_16_3
83,7168,2304,64,0,torch.bfloat16,torch.bfloat16,0.0,1.0,hsaco,6,38.96,Cijk_Ailk_Bljk_BBS_BH_UserArgs_MT64x128x32_SN_K1_PGR6_SB1_TT2_2_WG16_16_3
83,512,7168,64,0,torch.bfloat16,torch.bfloat16,0.0,1.0,hsaco,3,38.08,Cijk_Ailk_Bljk_BBS_BH_UserArgs_MT16x32x32_SN_K1_PGR6_SB1_TT2_2_WG16_16_2
83,1536,7168,64,0,torch.bfloat16,torch.bfloat16,0.0,1.0,hsaco,4,73.92,Cijk_Ailk_Bljk_BBS_BH_UserArgs_MT64x32x32_SN_K1_PGR6_SB1_TT2_2_WG16_16_3
83,3072,7168,64,0,torch.bfloat16,torch.bfloat16,0.0,1.0,hsaco,4,75.28,Cijk_Ailk_Bljk_BBS_BH_UserArgs_MT64x32x32_SN_K1_PGR6_SB1_TT2_2_WG16_16_3
83,4096,7168,64,0,torch.bfloat16,torch.bfloat16,0.0,1.0,hsaco,5,84.96,Cijk_Ailk_Bljk_BBS_BH_UserArgs_MT64x64x32_SN_K1_PGR6_SB1_TT2_2_WG16_16_3
83,4608,7168,64,0,torch.bfloat16,torch.bfloat16,0.0,1.0,hsaco,5,86.24,Cijk_Ailk_Bljk_BBS_BH_UserArgs_MT64x64x32_SN_K1_PGR6_SB1_TT2_2_WG16_16_3
83,7168,7168,64,0,torch.bfloat16,torch.bfloat16,0.0,1.0,hsaco,6,102.4,Cijk_Ailk_Bljk_BBS_BH_UserArgs_MT64x128x32_SN_K1_PGR6_SB1_TT2_2_WG16_16_3
84,576,256,64,0,torch.bfloat16,torch.bfloat16,0.0,1.0,hsaco,3,6.08,Cijk_Ailk_Bljk_BBS_BH_UserArgs_MT16x32x32_SN_K1_PGR6_SB1_TT2_2_WG16_16_2
84,1536,256,64,0,torch.bfloat16,torch.bfloat16,0.0,1.0,hsaco,0,8.48,Cijk_Ailk_Bljk_BBS_BH_UserArgs_MT64x32x32_SN_K1_PGR6_SB1_TT2_2_WG16_16_2
84,3072,256,64,0,torch.bfloat16,torch.bfloat16,0.0,1.0,hsaco,0,8.32,Cijk_Ailk_Bljk_BBS_BH_UserArgs_MT64x32x32_SN_K1_PGR6_SB1_TT2_2_WG16_16_2
84,4096,256,64,0,torch.bfloat16,torch.bfloat16,0.0,1.0,hsaco,1,10.64,Cijk_Ailk_Bljk_BBS_BH_UserArgs_MT64x64x32_SN_K1_PGR6_SB1_TT2_2_WG16_16_2
84,4608,256,64,0,torch.bfloat16,torch.bfloat16,0.0,1.0,hsaco,1,9.76,Cijk_Ailk_Bljk_BBS_BH_UserArgs_MT64x64x32_SN_K1_PGR6_SB1_TT2_2_WG16_16_2
84,7168,256,64,0,torch.bfloat16,torch.bfloat16,0.0,1.0,hsaco,2,12.24,Cijk_Ailk_Bljk_BBS_BH_UserArgs_MT64x128x32_SN_K1_PGR6_SB1_TT2_8_WG16_16_2
84,576,512,64,0,torch.bfloat16,torch.bfloat16,0.0,1.0,hsaco,3,6.88,Cijk_Ailk_Bljk_BBS_BH_UserArgs_MT16x32x32_SN_K1_PGR6_SB1_TT2_2_WG16_16_2
84,1536,512,64,0,torch.bfloat16,torch.bfloat16,0.0,1.0,hsaco,4,10.72,Cijk_Ailk_Bljk_BBS_BH_UserArgs_MT64x32x32_SN_K1_PGR6_SB1_TT2_2_WG16_16_3
84,3072,512,64,0,torch.bfloat16,torch.bfloat16,0.0,1.0,hsaco,4,10.96,Cijk_Ailk_Bljk_BBS_BH_UserArgs_MT64x32x32_SN_K1_PGR6_SB1_TT2_2_WG16_16_3
84,4096,512,64,0,torch.bfloat16,torch.bfloat16,0.0,1.0,hsaco,5,12.64,Cijk_Ailk_Bljk_BBS_BH_UserArgs_MT64x64x32_SN_K1_PGR6_SB1_TT2_2_WG16_16_3
84,4608,512,64,0,torch.bfloat16,torch.bfloat16,0.0,1.0,hsaco,5,12.64,Cijk_Ailk_Bljk_BBS_BH_UserArgs_MT64x64x32_SN_K1_PGR6_SB1_TT2_2_WG16_16_3
84,7168,512,64,0,torch.bfloat16,torch.bfloat16,0.0,1.0,hsaco,6,16.0,Cijk_Ailk_Bljk_BBS_BH_UserArgs_MT64x128x32_SN_K1_PGR6_SB1_TT2_2_WG16_16_3
84,576,1536,64,0,torch.bfloat16,torch.bfloat16,0.0,1.0,hsaco,3,11.44,Cijk_Ailk_Bljk_BBS_BH_UserArgs_MT16x32x32_SN_K1_PGR6_SB1_TT2_2_WG16_16_2
84,1536,1536,64,0,torch.bfloat16,torch.bfloat16,0.0,1.0,hsaco,4,20.48,Cijk_Ailk_Bljk_BBS_BH_UserArgs_MT64x32x32_SN_K1_PGR6_SB1_TT2_2_WG16_16_3
84,3072,1536,64,0,torch.bfloat16,torch.bfloat16,0.0,1.0,hsaco,4,21.2,Cijk_Ailk_Bljk_BBS_BH_UserArgs_MT64x32x32_SN_K1_PGR6_SB1_TT2_2_WG16_16_3
84,4096,1536,64,0,torch.bfloat16,torch.bfloat16,0.0,1.0,hsaco,5,23.76,Cijk_Ailk_Bljk_BBS_BH_UserArgs_MT64x64x32_SN_K1_PGR6_SB1_TT2_2_WG16_16_3
84,4608,1536,64,0,torch.bfloat16,torch.bfloat16,0.0,1.0,hsaco,5,23.84,Cijk_Ailk_Bljk_BBS_BH_UserArgs_MT64x64x32_SN_K1_PGR6_SB1_TT2_2_WG16_16_3
84,7168,1536,64,0,torch.bfloat16,torch.bfloat16,0.0,1.0,hsaco,6,28.96,Cijk_Ailk_Bljk_BBS_BH_UserArgs_MT64x128x32_SN_K1_PGR6_SB1_TT2_2_WG16_16_3
84,512,2048,64,0,torch.bfloat16,torch.bfloat16,0.0,1.0,hsaco,3,13.44,Cijk_Ailk_Bljk_BBS_BH_UserArgs_MT16x32x32_SN_K1_PGR6_SB1_TT2_2_WG16_16_2
84,1536,2048,64,0,torch.bfloat16,torch.bfloat16,0.0,1.0,hsaco,4,25.28,Cijk_Ailk_Bljk_BBS_BH_UserArgs_MT64x32x32_SN_K1_PGR6_SB1_TT2_2_WG16_16_3
84,3072,2048,64,0,torch.bfloat16,torch.bfloat16,0.0,1.0,hsaco,4,26.0,Cijk_Ailk_Bljk_BBS_BH_UserArgs_MT64x32x32_SN_K1_PGR6_SB1_TT2_2_WG16_16_3
84,4096,2048,64,0,torch.bfloat16,torch.bfloat16,0.0,1.0,hsaco,5,29.44,Cijk_Ailk_Bljk_BBS_BH_UserArgs_MT64x64x32_SN_K1_PGR6_SB1_TT2_2_WG16_16_3
84,4608,2048,64,0,torch.bfloat16,torch.bfloat16,0.0,1.0,hsaco,5,29.04,Cijk_Ailk_Bljk_BBS_BH_UserArgs_MT64x64x32_SN_K1_PGR6_SB1_TT2_2_WG16_16_3
84,7168,2048,64,0,torch.bfloat16,torch.bfloat16,0.0,1.0,hsaco,6,35.36,Cijk_Ailk_Bljk_BBS_BH_UserArgs_MT64x128x32_SN_K1_PGR6_SB1_TT2_2_WG16_16_3
84,512,2304,64,0,torch.bfloat16,torch.bfloat16,0.0,1.0,hsaco,3,15.68,Cijk_Ailk_Bljk_BBS_BH_UserArgs_MT16x32x32_SN_K1_PGR6_SB1_TT2_2_WG16_16_2
84,1536,2304,64,0,torch.bfloat16,torch.bfloat16,0.0,1.0,hsaco,4,27.84,Cijk_Ailk_Bljk_BBS_BH_UserArgs_MT64x32x32_SN_K1_PGR6_SB1_TT2_2_WG16_16_3
84,3072,2304,64,0,torch.bfloat16,torch.bfloat16,0.0,1.0,hsaco,4,28.88,Cijk_Ailk_Bljk_BBS_BH_UserArgs_MT64x32x32_SN_K1_PGR6_SB1_TT2_2_WG16_16_3
84,4096,2304,64,0,torch.bfloat16,torch.bfloat16,0.0,1.0,hsaco,5,32.08,Cijk_Ailk_Bljk_BBS_BH_UserArgs_MT64x64x32_SN_K1_PGR6_SB1_TT2_2_WG16_16_3
84,4608,2304,64,0,torch.bfloat16,torch.bfloat16,0.0,1.0,hsaco,5,32.24,Cijk_Ailk_Bljk_BBS_BH_UserArgs_MT64x64x32_SN_K1_PGR6_SB1_TT2_2_WG16_16_3
84,7168,2304,64,0,torch.bfloat16,torch.bfloat16,0.0,1.0,hsaco,6,38.96,Cijk_Ailk_Bljk_BBS_BH_UserArgs_MT64x128x32_SN_K1_PGR6_SB1_TT2_2_WG16_16_3
84,512,7168,64,0,torch.bfloat16,torch.bfloat16,0.0,1.0,hsaco,3,38.16,Cijk_Ailk_Bljk_BBS_BH_UserArgs_MT16x32x32_SN_K1_PGR6_SB1_TT2_2_WG16_16_2
84,1536,7168,64,0,torch.bfloat16,torch.bfloat16,0.0,1.0,hsaco,4,74.08,Cijk_Ailk_Bljk_BBS_BH_UserArgs_MT64x32x32_SN_K1_PGR6_SB1_TT2_2_WG16_16_3
84,3072,7168,64,0,torch.bfloat16,torch.bfloat16,0.0,1.0,hsaco,4,75.44,Cijk_Ailk_Bljk_BBS_BH_UserArgs_MT64x32x32_SN_K1_PGR6_SB1_TT2_2_WG16_16_3
84,4096,7168,64,0,torch.bfloat16,torch.bfloat16,0.0,1.0,hsaco,5,84.0,Cijk_Ailk_Bljk_BBS_BH_UserArgs_MT64x64x32_SN_K1_PGR6_SB1_TT2_2_WG16_16_3
84,4608,7168,64,0,torch.bfloat16,torch.bfloat16,0.0,1.0,hsaco,5,84.56,Cijk_Ailk_Bljk_BBS_BH_UserArgs_MT64x64x32_SN_K1_PGR6_SB1_TT2_2_WG16_16_3
84,7168,7168,64,0,torch.bfloat16,torch.bfloat16,0.0,1.0,hsaco,6,100.4,Cijk_Ailk_Bljk_BBS_BH_UserArgs_MT64x128x32_SN_K1_PGR6_SB1_TT2_2_WG16_16_3
85,576,256,64,0,torch.bfloat16,torch.bfloat16,0.0,1.0,hsaco,3,6.08,Cijk_Ailk_Bljk_BBS_BH_UserArgs_MT16x32x32_SN_K1_PGR6_SB1_TT2_2_WG16_16_2
85,1536,256,64,0,torch.bfloat16,torch.bfloat16,0.0,1.0,hsaco,0,8.24,Cijk_Ailk_Bljk_BBS_BH_UserArgs_MT64x32x32_SN_K1_PGR6_SB1_TT2_2_WG16_16_2
85,3072,256,64,0,torch.bfloat16,torch.bfloat16,0.0,1.0,hsaco,0,8.32,Cijk_Ailk_Bljk_BBS_BH_UserArgs_MT64x32x32_SN_K1_PGR6_SB1_TT2_2_WG16_16_2
85,4096,256,64,0,torch.bfloat16,torch.bfloat16,0.0,1.0,hsaco,1,10.4,Cijk_Ailk_Bljk_BBS_BH_UserArgs_MT64x64x32_SN_K1_PGR6_SB1_TT2_2_WG16_16_2
85,4608,256,64,0,torch.bfloat16,torch.bfloat16,0.0,1.0,hsaco,1,9.84,Cijk_Ailk_Bljk_BBS_BH_UserArgs_MT64x64x32_SN_K1_PGR6_SB1_TT2_2_WG16_16_2
85,7168,256,64,0,torch.bfloat16,torch.bfloat16,0.0,1.0,hsaco,2,12.24,Cijk_Ailk_Bljk_BBS_BH_UserArgs_MT64x128x32_SN_K1_PGR6_SB1_TT2_8_WG16_16_2
85,576,512,64,0,torch.bfloat16,torch.bfloat16,0.0,1.0,hsaco,3,6.96,Cijk_Ailk_Bljk_BBS_BH_UserArgs_MT16x32x32_SN_K1_PGR6_SB1_TT2_2_WG16_16_2
85,1536,512,64,0,torch.bfloat16,torch.bfloat16,0.0,1.0,hsaco,4,10.88,Cijk_Ailk_Bljk_BBS_BH_UserArgs_MT64x32x32_SN_K1_PGR6_SB1_TT2_2_WG16_16_3
85,3072,512,64,0,torch.bfloat16,torch.bfloat16,0.0,1.0,hsaco,4,10.88,Cijk_Ailk_Bljk_BBS_BH_UserArgs_MT64x32x32_SN_K1_PGR6_SB1_TT2_2_WG16_16_3
85,4096,512,64,0,torch.bfloat16,torch.bfloat16,0.0,1.0,hsaco,5,12.56,Cijk_Ailk_Bljk_BBS_BH_UserArgs_MT64x64x32_SN_K1_PGR6_SB1_TT2_2_WG16_16_3
85,4608,512,64,0,torch.bfloat16,torch.bfloat16,0.0,1.0,hsaco,5,12.72,Cijk_Ailk_Bljk_BBS_BH_UserArgs_MT64x64x32_SN_K1_PGR6_SB1_TT2_2_WG16_16_3
85,7168,512,64,0,torch.bfloat16,torch.bfloat16,0.0,1.0,hsaco,6,16.08,Cijk_Ailk_Bljk_BBS_BH_UserArgs_MT64x128x32_SN_K1_PGR6_SB1_TT2_2_WG16_16_3
85,576,1536,64,0,torch.bfloat16,torch.bfloat16,0.0,1.0,hsaco,3,11.52,Cijk_Ailk_Bljk_BBS_BH_UserArgs_MT16x32x32_SN_K1_PGR6_SB1_TT2_2_WG16_16_2
85,1536,1536,64,0,torch.bfloat16,torch.bfloat16,0.0,1.0,hsaco,4,20.48,Cijk_Ailk_Bljk_BBS_BH_UserArgs_MT64x32x32_SN_K1_PGR6_SB1_TT2_2_WG16_16_3
85,3072,1536,64,0,torch.bfloat16,torch.bfloat16,0.0,1.0,hsaco,4,21.2,Cijk_Ailk_Bljk_BBS_BH_UserArgs_MT64x32x32_SN_K1_PGR6_SB1_TT2_2_WG16_16_3
85,4096,1536,64,0,torch.bfloat16,torch.bfloat16,0.0,1.0,hsaco,5,23.84,Cijk_Ailk_Bljk_BBS_BH_UserArgs_MT64x64x32_SN_K1_PGR6_SB1_TT2_2_WG16_16_3
85,4608,1536,64,0,torch.bfloat16,torch.bfloat16,0.0,1.0,hsaco,5,24.48,Cijk_Ailk_Bljk_BBS_BH_UserArgs_MT64x64x32_SN_K1_PGR6_SB1_TT2_2_WG16_16_3
85,7168,1536,64,0,torch.bfloat16,torch.bfloat16,0.0,1.0,hsaco,6,29.2,Cijk_Ailk_Bljk_BBS_BH_UserArgs_MT64x128x32_SN_K1_PGR6_SB1_TT2_2_WG16_16_3
85,512,2048,64,0,torch.bfloat16,torch.bfloat16,0.0,1.0,hsaco,3,13.36,Cijk_Ailk_Bljk_BBS_BH_UserArgs_MT16x32x32_SN_K1_PGR6_SB1_TT2_2_WG16_16_2
85,1536,2048,64,0,torch.bfloat16,torch.bfloat16,0.0,1.0,hsaco,4,25.28,Cijk_Ailk_Bljk_BBS_BH_UserArgs_MT64x32x32_SN_K1_PGR6_SB1_TT2_2_WG16_16_3
85,3072,2048,64,0,torch.bfloat16,torch.bfloat16,0.0,1.0,hsaco,4,26.0,Cijk_Ailk_Bljk_BBS_BH_UserArgs_MT64x32x32_SN_K1_PGR6_SB1_TT2_2_WG16_16_3
85,4096,2048,64,0,torch.bfloat16,torch.bfloat16,0.0,1.0,hsaco,5,29.36,Cijk_Ailk_Bljk_BBS_BH_UserArgs_MT64x64x32_SN_K1_PGR6_SB1_TT2_2_WG16_16_3
85,4608,2048,64,0,torch.bfloat16,torch.bfloat16,0.0,1.0,hsaco,5,28.96,Cijk_Ailk_Bljk_BBS_BH_UserArgs_MT64x64x32_SN_K1_PGR6_SB1_TT2_2_WG16_16_3
85,7168,2048,64,0,torch.bfloat16,torch.bfloat16,0.0,1.0,hsaco,6,35.68,Cijk_Ailk_Bljk_BBS_BH_UserArgs_MT64x128x32_SN_K1_PGR6_SB1_TT2_2_WG16_16_3
85,512,2304,64,0,torch.bfloat16,torch.bfloat16,0.0,1.0,hsaco,3,15.52,Cijk_Ailk_Bljk_BBS_BH_UserArgs_MT16x32x32_SN_K1_PGR6_SB1_TT2_2_WG16_16_2
85,1536,2304,64,0,torch.bfloat16,torch.bfloat16,0.0,1.0,hsaco,4,27.68,Cijk_Ailk_Bljk_BBS_BH_UserArgs_MT64x32x32_SN_K1_PGR6_SB1_TT2_2_WG16_16_3
85,3072,2304,64,0,torch.bfloat16,torch.bfloat16,0.0,1.0,hsaco,4,29.52,Cijk_Ailk_Bljk_BBS_BH_UserArgs_MT64x32x32_SN_K1_PGR6_SB1_TT2_2_WG16_16_3
85,4096,2304,64,0,torch.bfloat16,torch.bfloat16,0.0,1.0,hsaco,5,32.16,Cijk_Ailk_Bljk_BBS_BH_UserArgs_MT64x64x32_SN_K1_PGR6_SB1_TT2_2_WG16_16_3
85,4608,2304,64,0,torch.bfloat16,torch.bfloat16,0.0,1.0,hsaco,5,32.4,Cijk_Ailk_Bljk_BBS_BH_UserArgs_MT64x64x32_SN_K1_PGR6_SB1_TT2_2_WG16_16_3
85,7168,2304,64,0,torch.bfloat16,torch.bfloat16,0.0,1.0,hsaco,6,39.28,Cijk_Ailk_Bljk_BBS_BH_UserArgs_MT64x128x32_SN_K1_PGR6_SB1_TT2_2_WG16_16_3
85,512,7168,64,0,torch.bfloat16,torch.bfloat16,0.0,1.0,hsaco,3,38.56,Cijk_Ailk_Bljk_BBS_BH_UserArgs_MT16x32x32_SN_K1_PGR6_SB1_TT2_2_WG16_16_2
85,1536,7168,64,0,torch.bfloat16,torch.bfloat16,0.0,1.0,hsaco,4,73.84,Cijk_Ailk_Bljk_BBS_BH_UserArgs_MT64x32x32_SN_K1_PGR6_SB1_TT2_2_WG16_16_3
85,3072,7168,64,0,torch.bfloat16,torch.bfloat16,0.0,1.0,hsaco,4,75.28,Cijk_Ailk_Bljk_BBS_BH_UserArgs_MT64x32x32_SN_K1_PGR6_SB1_TT2_2_WG16_16_3
85,4096,7168,64,0,torch.bfloat16,torch.bfloat16,0.0,1.0,hsaco,5,84.32,Cijk_Ailk_Bljk_BBS_BH_UserArgs_MT64x64x32_SN_K1_PGR6_SB1_TT2_2_WG16_16_3
85,4608,7168,64,0,torch.bfloat16,torch.bfloat16,0.0,1.0,hsaco,5,84.88,Cijk_Ailk_Bljk_BBS_BH_UserArgs_MT64x64x32_SN_K1_PGR6_SB1_TT2_2_WG16_16_3
85,7168,7168,64,0,torch.bfloat16,torch.bfloat16,0.0,1.0,hsaco,6,102.56,Cijk_Ailk_Bljk_BBS_BH_UserArgs_MT64x128x32_SN_K1_PGR6_SB1_TT2_2_WG16_16_3
86,576,256,64,0,torch.bfloat16,torch.bfloat16,0.0,1.0,hsaco,3,6.08,Cijk_Ailk_Bljk_BBS_BH_UserArgs_MT16x32x32_SN_K1_PGR6_SB1_TT2_2_WG16_16_2
86,1536,256,64,0,torch.bfloat16,torch.bfloat16,0.0,1.0,hsaco,0,8.4,Cijk_Ailk_Bljk_BBS_BH_UserArgs_MT64x32x32_SN_K1_PGR6_SB1_TT2_2_WG16_16_2
86,3072,256,64,0,torch.bfloat16,torch.bfloat16,0.0,1.0,hsaco,0,8.32,Cijk_Ailk_Bljk_BBS_BH_UserArgs_MT64x32x32_SN_K1_PGR6_SB1_TT2_2_WG16_16_2
86,4096,256,64,0,torch.bfloat16,torch.bfloat16,0.0,1.0,hsaco,1,9.68,Cijk_Ailk_Bljk_BBS_BH_UserArgs_MT64x64x32_SN_K1_PGR6_SB1_TT2_2_WG16_16_2
86,4608,256,64,0,torch.bfloat16,torch.bfloat16,0.0,1.0,hsaco,1,9.92,Cijk_Ailk_Bljk_BBS_BH_UserArgs_MT64x64x32_SN_K1_PGR6_SB1_TT2_2_WG16_16_2
86,7168,256,64,0,torch.bfloat16,torch.bfloat16,0.0,1.0,hsaco,2,12.16,Cijk_Ailk_Bljk_BBS_BH_UserArgs_MT64x128x32_SN_K1_PGR6_SB1_TT2_8_WG16_16_2
86,576,512,64,0,torch.bfloat16,torch.bfloat16,0.0,1.0,hsaco,3,6.96,Cijk_Ailk_Bljk_BBS_BH_UserArgs_MT16x32x32_SN_K1_PGR6_SB1_TT2_2_WG16_16_2
86,1536,512,64,0,torch.bfloat16,torch.bfloat16,0.0,1.0,hsaco,4,10.72,Cijk_Ailk_Bljk_BBS_BH_UserArgs_MT64x32x32_SN_K1_PGR6_SB1_TT2_2_WG16_16_3
86,3072,512,64,0,torch.bfloat16,torch.bfloat16,0.0,1.0,hsaco,4,10.96,Cijk_Ailk_Bljk_BBS_BH_UserArgs_MT64x32x32_SN_K1_PGR6_SB1_TT2_2_WG16_16_3
86,4096,512,64,0,torch.bfloat16,torch.bfloat16,0.0,1.0,hsaco,5,12.64,Cijk_Ailk_Bljk_BBS_BH_UserArgs_MT64x64x32_SN_K1_PGR6_SB1_TT2_2_WG16_16_3
86,4608,512,64,0,torch.bfloat16,torch.bfloat16,0.0,1.0,hsaco,5,12.64,Cijk_Ailk_Bljk_BBS_BH_UserArgs_MT64x64x32_SN_K1_PGR6_SB1_TT2_2_WG16_16_3
86,7168,512,64,0,torch.bfloat16,torch.bfloat16,0.0,1.0,hsaco,6,16.0,Cijk_Ailk_Bljk_BBS_BH_UserArgs_MT64x128x32_SN_K1_PGR6_SB1_TT2_2_WG16_16_3
86,576,1536,64,0,torch.bfloat16,torch.bfloat16,0.0,1.0,hsaco,3,11.52,Cijk_Ailk_Bljk_BBS_BH_UserArgs_MT16x32x32_SN_K1_PGR6_SB1_TT2_2_WG16_16_2
86,1536,1536,64,0,torch.bfloat16,torch.bfloat16,0.0,1.0,hsaco,4,20.4,Cijk_Ailk_Bljk_BBS_BH_UserArgs_MT64x32x32_SN_K1_PGR6_SB1_TT2_2_WG16_16_3
86,3072,1536,64,0,torch.bfloat16,torch.bfloat16,0.0,1.0,hsaco,4,21.04,Cijk_Ailk_Bljk_BBS_BH_UserArgs_MT64x32x32_SN_K1_PGR6_SB1_TT2_2_WG16_16_3
86,4096,1536,64,0,torch.bfloat16,torch.bfloat16,0.0,1.0,hsaco,5,23.68,Cijk_Ailk_Bljk_BBS_BH_UserArgs_MT64x64x32_SN_K1_PGR6_SB1_TT2_2_WG16_16_3
86,4608,1536,64,0,torch.bfloat16,torch.bfloat16,0.0,1.0,hsaco,5,24.32,Cijk_Ailk_Bljk_BBS_BH_UserArgs_MT64x64x32_SN_K1_PGR6_SB1_TT2_2_WG16_16_3
86,7168,1536,64,0,torch.bfloat16,torch.bfloat16,0.0,1.0,hsaco,6,29.2,Cijk_Ailk_Bljk_BBS_BH_UserArgs_MT64x128x32_SN_K1_PGR6_SB1_TT2_2_WG16_16_3
86,512,2048,64,0,torch.bfloat16,torch.bfloat16,0.0,1.0,hsaco,3,13.44,Cijk_Ailk_Bljk_BBS_BH_UserArgs_MT16x32x32_SN_K1_PGR6_SB1_TT2_2_WG16_16_2
86,1536,2048,64,0,torch.bfloat16,torch.bfloat16,0.0,1.0,hsaco,4,25.28,Cijk_Ailk_Bljk_BBS_BH_UserArgs_MT64x32x32_SN_K1_PGR6_SB1_TT2_2_WG16_16_3
86,3072,2048,64,0,torch.bfloat16,torch.bfloat16,0.0,1.0,hsaco,4,26.0,Cijk_Ailk_Bljk_BBS_BH_UserArgs_MT64x32x32_SN_K1_PGR6_SB1_TT2_2_WG16_16_3
86,4096,2048,64,0,torch.bfloat16,torch.bfloat16,0.0,1.0,hsaco,5,29.28,Cijk_Ailk_Bljk_BBS_BH_UserArgs_MT64x64x32_SN_K1_PGR6_SB1_TT2_2_WG16_16_3
86,4608,2048,64,0,torch.bfloat16,torch.bfloat16,0.0,1.0,hsaco,5,29.04,Cijk_Ailk_Bljk_BBS_BH_UserArgs_MT64x64x32_SN_K1_PGR6_SB1_TT2_2_WG16_16_3
86,7168,2048,64,0,torch.bfloat16,torch.bfloat16,0.0,1.0,hsaco,6,35.52,Cijk_Ailk_Bljk_BBS_BH_UserArgs_MT64x128x32_SN_K1_PGR6_SB1_TT2_2_WG16_16_3
86,512,2304,64,0,torch.bfloat16,torch.bfloat16,0.0,1.0,hsaco,3,15.68,Cijk_Ailk_Bljk_BBS_BH_UserArgs_MT16x32x32_SN_K1_PGR6_SB1_TT2_2_WG16_16_2
86,1536,2304,64,0,torch.bfloat16,torch.bfloat16,0.0,1.0,hsaco,4,27.84,Cijk_Ailk_Bljk_BBS_BH_UserArgs_MT64x32x32_SN_K1_PGR6_SB1_TT2_2_WG16_16_3
86,3072,2304,64,0,torch.bfloat16,torch.bfloat16,0.0,1.0,hsaco,4,29.6,Cijk_Ailk_Bljk_BBS_BH_UserArgs_MT64x32x32_SN_K1_PGR6_SB1_TT2_2_WG16_16_3
86,4096,2304,64,0,torch.bfloat16,torch.bfloat16,0.0,1.0,hsaco,5,32.16,Cijk_Ailk_Bljk_BBS_BH_UserArgs_MT64x64x32_SN_K1_PGR6_SB1_TT2_2_WG16_16_3
86,4608,2304,64,0,torch.bfloat16,torch.bfloat16,0.0,1.0,hsaco,5,32.8,Cijk_Ailk_Bljk_BBS_BH_UserArgs_MT64x64x32_SN_K1_PGR6_SB1_TT2_2_WG16_16_3
86,7168,2304,64,0,torch.bfloat16,torch.bfloat16,0.0,1.0,hsaco,6,39.04,Cijk_Ailk_Bljk_BBS_BH_UserArgs_MT64x128x32_SN_K1_PGR6_SB1_TT2_2_WG16_16_3
86,512,7168,64,0,torch.bfloat16,torch.bfloat16,0.0,1.0,hsaco,3,38.32,Cijk_Ailk_Bljk_BBS_BH_UserArgs_MT16x32x32_SN_K1_PGR6_SB1_TT2_2_WG16_16_2
86,1536,7168,64,0,torch.bfloat16,torch.bfloat16,0.0,1.0,hsaco,4,74.08,Cijk_Ailk_Bljk_BBS_BH_UserArgs_MT64x32x32_SN_K1_PGR6_SB1_TT2_2_WG16_16_3
86,3072,7168,64,0,torch.bfloat16,torch.bfloat16,0.0,1.0,hsaco,4,75.12,Cijk_Ailk_Bljk_BBS_BH_UserArgs_MT64x32x32_SN_K1_PGR6_SB1_TT2_2_WG16_16_3
86,4096,7168,64,0,torch.bfloat16,torch.bfloat16,0.0,1.0,hsaco,5,84.4,Cijk_Ailk_Bljk_BBS_BH_UserArgs_MT64x64x32_SN_K1_PGR6_SB1_TT2_2_WG16_16_3
86,4608,7168,64,0,torch.bfloat16,torch.bfloat16,0.0,1.0,hsaco,5,84.64,Cijk_Ailk_Bljk_BBS_BH_UserArgs_MT64x64x32_SN_K1_PGR6_SB1_TT2_2_WG16_16_3
86,7168,7168,64,0,torch.bfloat16,torch.bfloat16,0.0,1.0,hsaco,6,103.28,Cijk_Ailk_Bljk_BBS_BH_UserArgs_MT64x128x32_SN_K1_PGR6_SB1_TT2_2_WG16_16_3
87,576,256,64,0,torch.bfloat16,torch.bfloat16,0.0,1.0,hsaco,3,6.08,Cijk_Ailk_Bljk_BBS_BH_UserArgs_MT16x32x32_SN_K1_PGR6_SB1_TT2_2_WG16_16_2
87,1536,256,64,0,torch.bfloat16,torch.bfloat16,0.0,1.0,hsaco,0,8.4,Cijk_Ailk_Bljk_BBS_BH_UserArgs_MT64x32x32_SN_K1_PGR6_SB1_TT2_2_WG16_16_2
87,3072,256,64,0,torch.bfloat16,torch.bfloat16,0.0,1.0,hsaco,0,8.32,Cijk_Ailk_Bljk_BBS_BH_UserArgs_MT64x32x32_SN_K1_PGR6_SB1_TT2_2_WG16_16_2
87,4096,256,64,0,torch.bfloat16,torch.bfloat16,0.0,1.0,hsaco,1,9.68,Cijk_Ailk_Bljk_BBS_BH_UserArgs_MT64x64x32_SN_K1_PGR6_SB1_TT2_2_WG16_16_2
87,4608,256,64,0,torch.bfloat16,torch.bfloat16,0.0,1.0,hsaco,1,9.68,Cijk_Ailk_Bljk_BBS_BH_UserArgs_MT64x64x32_SN_K1_PGR6_SB1_TT2_2_WG16_16_2
87,7168,256,64,0,torch.bfloat16,torch.bfloat16,0.0,1.0,hsaco,2,12.24,Cijk_Ailk_Bljk_BBS_BH_UserArgs_MT64x128x32_SN_K1_PGR6_SB1_TT2_8_WG16_16_2
87,576,512,64,0,torch.bfloat16,torch.bfloat16,0.0,1.0,hsaco,3,6.88,Cijk_Ailk_Bljk_BBS_BH_UserArgs_MT16x32x32_SN_K1_PGR6_SB1_TT2_2_WG16_16_2
87,1536,512,64,0,torch.bfloat16,torch.bfloat16,0.0,1.0,hsaco,4,10.72,Cijk_Ailk_Bljk_BBS_BH_UserArgs_MT64x32x32_SN_K1_PGR6_SB1_TT2_2_WG16_16_3
87,3072,512,64,0,torch.bfloat16,torch.bfloat16,0.0,1.0,hsaco,4,10.88,Cijk_Ailk_Bljk_BBS_BH_UserArgs_MT64x32x32_SN_K1_PGR6_SB1_TT2_2_WG16_16_3
87,4096,512,64,0,torch.bfloat16,torch.bfloat16,0.0,1.0,hsaco,5,12.56,Cijk_Ailk_Bljk_BBS_BH_UserArgs_MT64x64x32_SN_K1_PGR6_SB1_TT2_2_WG16_16_3
87,4608,512,64,0,torch.bfloat16,torch.bfloat16,0.0,1.0,hsaco,5,12.72,Cijk_Ailk_Bljk_BBS_BH_UserArgs_MT64x64x32_SN_K1_PGR6_SB1_TT2_2_WG16_16_3
87,7168,512,64,0,torch.bfloat16,torch.bfloat16,0.0,1.0,hsaco,6,16.08,Cijk_Ailk_Bljk_BBS_BH_UserArgs_MT64x128x32_SN_K1_PGR6_SB1_TT2_2_WG16_16_3
87,576,1536,64,0,torch.bfloat16,torch.bfloat16,0.0,1.0,hsaco,3,11.52,Cijk_Ailk_Bljk_BBS_BH_UserArgs_MT16x32x32_SN_K1_PGR6_SB1_TT2_2_WG16_16_2
87,1536,1536,64,0,torch.bfloat16,torch.bfloat16,0.0,1.0,hsaco,4,20.4,Cijk_Ailk_Bljk_BBS_BH_UserArgs_MT64x32x32_SN_K1_PGR6_SB1_TT2_2_WG16_16_3
87,3072,1536,64,0,torch.bfloat16,torch.bfloat16,0.0,1.0,hsaco,4,21.04,Cijk_Ailk_Bljk_BBS_BH_UserArgs_MT64x32x32_SN_K1_PGR6_SB1_TT2_2_WG16_16_3
87,4096,1536,64,0,torch.bfloat16,torch.bfloat16,0.0,1.0,hsaco,5,23.68,Cijk_Ailk_Bljk_BBS_BH_UserArgs_MT64x64x32_SN_K1_PGR6_SB1_TT2_2_WG16_16_3
87,4608,1536,64,0,torch.bfloat16,torch.bfloat16,0.0,1.0,hsaco,5,24.48,Cijk_Ailk_Bljk_BBS_BH_UserArgs_MT64x64x32_SN_K1_PGR6_SB1_TT2_2_WG16_16_3
87,7168,1536,64,0,torch.bfloat16,torch.bfloat16,0.0,1.0,hsaco,6,29.12,Cijk_Ailk_Bljk_BBS_BH_UserArgs_MT64x128x32_SN_K1_PGR6_SB1_TT2_2_WG16_16_3
87,512,2048,64,0,torch.bfloat16,torch.bfloat16,0.0,1.0,hsaco,3,13.52,Cijk_Ailk_Bljk_BBS_BH_UserArgs_MT16x32x32_SN_K1_PGR6_SB1_TT2_2_WG16_16_2
87,1536,2048,64,0,torch.bfloat16,torch.bfloat16,0.0,1.0,hsaco,4,25.2,Cijk_Ailk_Bljk_BBS_BH_UserArgs_MT64x32x32_SN_K1_PGR6_SB1_TT2_2_WG16_16_3
87,3072,2048,64,0,torch.bfloat16,torch.bfloat16,0.0,1.0,hsaco,4,25.92,Cijk_Ailk_Bljk_BBS_BH_UserArgs_MT64x32x32_SN_K1_PGR6_SB1_TT2_2_WG16_16_3
87,4096,2048,64,0,torch.bfloat16,torch.bfloat16,0.0,1.0,hsaco,5,29.76,Cijk_Ailk_Bljk_BBS_BH_UserArgs_MT64x64x32_SN_K1_PGR6_SB1_TT2_2_WG16_16_3
87,4608,2048,64,0,torch.bfloat16,torch.bfloat16,0.0,1.0,hsaco,5,29.12,Cijk_Ailk_Bljk_BBS_BH_UserArgs_MT64x64x32_SN_K1_PGR6_SB1_TT2_2_WG16_16_3
87,7168,2048,64,0,torch.bfloat16,torch.bfloat16,0.0,1.0,hsaco,6,35.28,Cijk_Ailk_Bljk_BBS_BH_UserArgs_MT64x128x32_SN_K1_PGR6_SB1_TT2_2_WG16_16_3
87,512,2304,64,0,torch.bfloat16,torch.bfloat16,0.0,1.0,hsaco,3,15.6,Cijk_Ailk_Bljk_BBS_BH_UserArgs_MT16x32x32_SN_K1_PGR6_SB1_TT2_2_WG16_16_2
87,1536,2304,64,0,torch.bfloat16,torch.bfloat16,0.0,1.0,hsaco,4,27.76,Cijk_Ailk_Bljk_BBS_BH_UserArgs_MT64x32x32_SN_K1_PGR6_SB1_TT2_2_WG16_16_3
87,3072,2304,64,0,torch.bfloat16,torch.bfloat16,0.0,1.0,hsaco,4,29.68,Cijk_Ailk_Bljk_BBS_BH_UserArgs_MT64x32x32_SN_K1_PGR6_SB1_TT2_2_WG16_16_3
87,4096,2304,64,0,torch.bfloat16,torch.bfloat16,0.0,1.0,hsaco,5,32.4,Cijk_Ailk_Bljk_BBS_BH_UserArgs_MT64x64x32_SN_K1_PGR6_SB1_TT2_2_WG16_16_3
87,4608,2304,64,0,torch.bfloat16,torch.bfloat16,0.0,1.0,hsaco,5,32.64,Cijk_Ailk_Bljk_BBS_BH_UserArgs_MT64x64x32_SN_K1_PGR6_SB1_TT2_2_WG16_16_3
87,7168,2304,64,0,torch.bfloat16,torch.bfloat16,0.0,1.0,hsaco,6,39.52,Cijk_Ailk_Bljk_BBS_BH_UserArgs_MT64x128x32_SN_K1_PGR6_SB1_TT2_2_WG16_16_3
87,512,7168,64,0,torch.bfloat16,torch.bfloat16,0.0,1.0,hsaco,3,38.56,Cijk_Ailk_Bljk_BBS_BH_UserArgs_MT16x32x32_SN_K1_PGR6_SB1_TT2_2_WG16_16_2
87,1536,7168,64,0,torch.bfloat16,torch.bfloat16,0.0,1.0,hsaco,4,74.16,Cijk_Ailk_Bljk_BBS_BH_UserArgs_MT64x32x32_SN_K1_PGR6_SB1_TT2_2_WG16_16_3
87,3072,7168,64,0,torch.bfloat16,torch.bfloat16,0.0,1.0,hsaco,4,75.36,Cijk_Ailk_Bljk_BBS_BH_UserArgs_MT64x32x32_SN_K1_PGR6_SB1_TT2_2_WG16_16_3
87,4096,7168,64,0,torch.bfloat16,torch.bfloat16,0.0,1.0,hsaco,5,84.48,Cijk_Ailk_Bljk_BBS_BH_UserArgs_MT64x64x32_SN_K1_PGR6_SB1_TT2_2_WG16_16_3
87,4608,7168,64,0,torch.bfloat16,torch.bfloat16,0.0,1.0,hsaco,5,86.64,Cijk_Ailk_Bljk_BBS_BH_UserArgs_MT64x64x32_SN_K1_PGR6_SB1_TT2_2_WG16_16_3
87,7168,7168,64,0,torch.bfloat16,torch.bfloat16,0.0,1.0,hsaco,6,102.96,Cijk_Ailk_Bljk_BBS_BH_UserArgs_MT64x128x32_SN_K1_PGR6_SB1_TT2_2_WG16_16_3
88,576,256,64,0,torch.bfloat16,torch.bfloat16,0.0,1.0,hsaco,3,6.08,Cijk_Ailk_Bljk_BBS_BH_UserArgs_MT16x32x32_SN_K1_PGR6_SB1_TT2_2_WG16_16_2
88,1536,256,64,0,torch.bfloat16,torch.bfloat16,0.0,1.0,hsaco,4,8.56,Cijk_Ailk_Bljk_BBS_BH_UserArgs_MT64x32x32_SN_K1_PGR6_SB1_TT2_2_WG16_16_3
88,3072,256,64,0,torch.bfloat16,torch.bfloat16,0.0,1.0,hsaco,0,8.32,Cijk_Ailk_Bljk_BBS_BH_UserArgs_MT64x32x32_SN_K1_PGR6_SB1_TT2_2_WG16_16_2
88,4096,256,64,0,torch.bfloat16,torch.bfloat16,0.0,1.0,hsaco,1,10.4,Cijk_Ailk_Bljk_BBS_BH_UserArgs_MT64x64x32_SN_K1_PGR6_SB1_TT2_2_WG16_16_2
88,4608,256,64,0,torch.bfloat16,torch.bfloat16,0.0,1.0,hsaco,1,9.76,Cijk_Ailk_Bljk_BBS_BH_UserArgs_MT64x64x32_SN_K1_PGR6_SB1_TT2_2_WG16_16_2
88,7168,256,64,0,torch.bfloat16,torch.bfloat16,0.0,1.0,hsaco,2,12.08,Cijk_Ailk_Bljk_BBS_BH_UserArgs_MT64x128x32_SN_K1_PGR6_SB1_TT2_8_WG16_16_2
88,576,512,64,0,torch.bfloat16,torch.bfloat16,0.0,1.0,hsaco,3,6.88,Cijk_Ailk_Bljk_BBS_BH_UserArgs_MT16x32x32_SN_K1_PGR6_SB1_TT2_2_WG16_16_2
88,1536,512,64,0,torch.bfloat16,torch.bfloat16,0.0,1.0,hsaco,4,10.8,Cijk_Ailk_Bljk_BBS_BH_UserArgs_MT64x32x32_SN_K1_PGR6_SB1_TT2_2_WG16_16_3
88,3072,512,64,0,torch.bfloat16,torch.bfloat16,0.0,1.0,hsaco,4,11.92,Cijk_Ailk_Bljk_BBS_BH_UserArgs_MT64x32x32_SN_K1_PGR6_SB1_TT2_2_WG16_16_3
88,4096,512,64,0,torch.bfloat16,torch.bfloat16,0.0,1.0,hsaco,5,12.48,Cijk_Ailk_Bljk_BBS_BH_UserArgs_MT64x64x32_SN_K1_PGR6_SB1_TT2_2_WG16_16_3
88,4608,512,64,0,torch.bfloat16,torch.bfloat16,0.0,1.0,hsaco,5,12.64,Cijk_Ailk_Bljk_BBS_BH_UserArgs_MT64x64x32_SN_K1_PGR6_SB1_TT2_2_WG16_16_3
88,7168,512,64,0,torch.bfloat16,torch.bfloat16,0.0,1.0,hsaco,6,16.0,Cijk_Ailk_Bljk_BBS_BH_UserArgs_MT64x128x32_SN_K1_PGR6_SB1_TT2_2_WG16_16_3
88,576,1536,64,0,torch.bfloat16,torch.bfloat16,0.0,1.0,hsaco,3,11.6,Cijk_Ailk_Bljk_BBS_BH_UserArgs_MT16x32x32_SN_K1_PGR6_SB1_TT2_2_WG16_16_2
88,1536,1536,64,0,torch.bfloat16,torch.bfloat16,0.0,1.0,hsaco,4,20.56,Cijk_Ailk_Bljk_BBS_BH_UserArgs_MT64x32x32_SN_K1_PGR6_SB1_TT2_2_WG16_16_3
88,3072,1536,64,0,torch.bfloat16,torch.bfloat16,0.0,1.0,hsaco,4,21.04,Cijk_Ailk_Bljk_BBS_BH_UserArgs_MT64x32x32_SN_K1_PGR6_SB1_TT2_2_WG16_16_3
88,4096,1536,64,0,torch.bfloat16,torch.bfloat16,0.0,1.0,hsaco,5,23.68,Cijk_Ailk_Bljk_BBS_BH_UserArgs_MT64x64x32_SN_K1_PGR6_SB1_TT2_2_WG16_16_3
88,4608,1536,64,0,torch.bfloat16,torch.bfloat16,0.0,1.0,hsaco,5,24.48,Cijk_Ailk_Bljk_BBS_BH_UserArgs_MT64x64x32_SN_K1_PGR6_SB1_TT2_2_WG16_16_3
88,7168,1536,64,0,torch.bfloat16,torch.bfloat16,0.0,1.0,hsaco,6,29.28,Cijk_Ailk_Bljk_BBS_BH_UserArgs_MT64x128x32_SN_K1_PGR6_SB1_TT2_2_WG16_16_3
88,512,2048,64,0,torch.bfloat16,torch.bfloat16,0.0,1.0,hsaco,3,13.36,Cijk_Ailk_Bljk_BBS_BH_UserArgs_MT16x32x32_SN_K1_PGR6_SB1_TT2_2_WG16_16_2
88,1536,2048,64,0,torch.bfloat16,torch.bfloat16,0.0,1.0,hsaco,4,25.12,Cijk_Ailk_Bljk_BBS_BH_UserArgs_MT64x32x32_SN_K1_PGR6_SB1_TT2_2_WG16_16_3
88,3072,2048,64,0,torch.bfloat16,torch.bfloat16,0.0,1.0,hsaco,4,26.08,Cijk_Ailk_Bljk_BBS_BH_UserArgs_MT64x32x32_SN_K1_PGR6_SB1_TT2_2_WG16_16_3
88,4096,2048,64,0,torch.bfloat16,torch.bfloat16,0.0,1.0,hsaco,5,29.2,Cijk_Ailk_Bljk_BBS_BH_UserArgs_MT64x64x32_SN_K1_PGR6_SB1_TT2_2_WG16_16_3
88,4608,2048,64,0,torch.bfloat16,torch.bfloat16,0.0,1.0,hsaco,5,29.12,Cijk_Ailk_Bljk_BBS_BH_UserArgs_MT64x64x32_SN_K1_PGR6_SB1_TT2_2_WG16_16_3
88,7168,2048,64,0,torch.bfloat16,torch.bfloat16,0.0,1.0,hsaco,6,35.36,Cijk_Ailk_Bljk_BBS_BH_UserArgs_MT64x128x32_SN_K1_PGR6_SB1_TT2_2_WG16_16_3
88,512,2304,64,0,torch.bfloat16,torch.bfloat16,0.0,1.0,hsaco,3,15.6,Cijk_Ailk_Bljk_BBS_BH_UserArgs_MT16x32x32_SN_K1_PGR6_SB1_TT2_2_WG16_16_2
88,1536,2304,64,0,torch.bfloat16,torch.bfloat16,0.0,1.0,hsaco,4,27.84,Cijk_Ailk_Bljk_BBS_BH_UserArgs_MT64x32x32_SN_K1_PGR6_SB1_TT2_2_WG16_16_3
88,3072,2304,64,0,torch.bfloat16,torch.bfloat16,0.0,1.0,hsaco,4,29.68,Cijk_Ailk_Bljk_BBS_BH_UserArgs_MT64x32x32_SN_K1_PGR6_SB1_TT2_2_WG16_16_3
88,4096,2304,64,0,torch.bfloat16,torch.bfloat16,0.0,1.0,hsaco,5,32.24,Cijk_Ailk_Bljk_BBS_BH_UserArgs_MT64x64x32_SN_K1_PGR6_SB1_TT2_2_WG16_16_3
88,4608,2304,64,0,torch.bfloat16,torch.bfloat16,0.0,1.0,hsaco,5,32.24,Cijk_Ailk_Bljk_BBS_BH_UserArgs_MT64x64x32_SN_K1_PGR6_SB1_TT2_2_WG16_16_3
88,7168,2304,64,0,torch.bfloat16,torch.bfloat16,0.0,1.0,hsaco,6,39.04,Cijk_Ailk_Bljk_BBS_BH_UserArgs_MT64x128x32_SN_K1_PGR6_SB1_TT2_2_WG16_16_3
88,512,7168,64,0,torch.bfloat16,torch.bfloat16,0.0,1.0,hsaco,3,38.48,Cijk_Ailk_Bljk_BBS_BH_UserArgs_MT16x32x32_SN_K1_PGR6_SB1_TT2_2_WG16_16_2
88,1536,7168,64,0,torch.bfloat16,torch.bfloat16,0.0,1.0,hsaco,4,74.0,Cijk_Ailk_Bljk_BBS_BH_UserArgs_MT64x32x32_SN_K1_PGR6_SB1_TT2_2_WG16_16_3
88,3072,7168,64,0,torch.bfloat16,torch.bfloat16,0.0,1.0,hsaco,4,75.44,Cijk_Ailk_Bljk_BBS_BH_UserArgs_MT64x32x32_SN_K1_PGR6_SB1_TT2_2_WG16_16_3
88,4096,7168,64,0,torch.bfloat16,torch.bfloat16,0.0,1.0,hsaco,5,84.48,Cijk_Ailk_Bljk_BBS_BH_UserArgs_MT64x64x32_SN_K1_PGR6_SB1_TT2_2_WG16_16_3
88,4608,7168,64,0,torch.bfloat16,torch.bfloat16,0.0,1.0,hsaco,5,85.68,Cijk_Ailk_Bljk_BBS_BH_UserArgs_MT64x64x32_SN_K1_PGR6_SB1_TT2_2_WG16_16_3
88,7168,7168,64,0,torch.bfloat16,torch.bfloat16,0.0,1.0,hsaco,6,102.48,Cijk_Ailk_Bljk_BBS_BH_UserArgs_MT64x128x32_SN_K1_PGR6_SB1_TT2_2_WG16_16_3
89,576,256,64,0,torch.bfloat16,torch.bfloat16,0.0,1.0,hsaco,3,6.08,Cijk_Ailk_Bljk_BBS_BH_UserArgs_MT16x32x32_SN_K1_PGR6_SB1_TT2_2_WG16_16_2
89,1536,256,64,0,torch.bfloat16,torch.bfloat16,0.0,1.0,hsaco,0,8.24,Cijk_Ailk_Bljk_BBS_BH_UserArgs_MT64x32x32_SN_K1_PGR6_SB1_TT2_2_WG16_16_2
89,3072,256,64,0,torch.bfloat16,torch.bfloat16,0.0,1.0,hsaco,0,8.4,Cijk_Ailk_Bljk_BBS_BH_UserArgs_MT64x32x32_SN_K1_PGR6_SB1_TT2_2_WG16_16_2
89,4096,256,64,0,torch.bfloat16,torch.bfloat16,0.0,1.0,hsaco,1,9.76,Cijk_Ailk_Bljk_BBS_BH_UserArgs_MT64x64x32_SN_K1_PGR6_SB1_TT2_2_WG16_16_2
89,4608,256,64,0,torch.bfloat16,torch.bfloat16,0.0,1.0,hsaco,1,9.84,Cijk_Ailk_Bljk_BBS_BH_UserArgs_MT64x64x32_SN_K1_PGR6_SB1_TT2_2_WG16_16_2
89,7168,256,64,0,torch.bfloat16,torch.bfloat16,0.0,1.0,hsaco,2,12.16,Cijk_Ailk_Bljk_BBS_BH_UserArgs_MT64x128x32_SN_K1_PGR6_SB1_TT2_8_WG16_16_2
89,576,512,64,0,torch.bfloat16,torch.bfloat16,0.0,1.0,hsaco,3,6.88,Cijk_Ailk_Bljk_BBS_BH_UserArgs_MT16x32x32_SN_K1_PGR6_SB1_TT2_2_WG16_16_2
89,1536,512,64,0,torch.bfloat16,torch.bfloat16,0.0,1.0,hsaco,4,10.8,Cijk_Ailk_Bljk_BBS_BH_UserArgs_MT64x32x32_SN_K1_PGR6_SB1_TT2_2_WG16_16_3
89,3072,512,64,0,torch.bfloat16,torch.bfloat16,0.0,1.0,hsaco,4,11.84,Cijk_Ailk_Bljk_BBS_BH_UserArgs_MT64x32x32_SN_K1_PGR6_SB1_TT2_2_WG16_16_3
89,4096,512,64,0,torch.bfloat16,torch.bfloat16,0.0,1.0,hsaco,5,12.64,Cijk_Ailk_Bljk_BBS_BH_UserArgs_MT64x64x32_SN_K1_PGR6_SB1_TT2_2_WG16_16_3
89,4608,512,64,0,torch.bfloat16,torch.bfloat16,0.0,1.0,hsaco,5,12.64,Cijk_Ailk_Bljk_BBS_BH_UserArgs_MT64x64x32_SN_K1_PGR6_SB1_TT2_2_WG16_16_3
89,7168,512,64,0,torch.bfloat16,torch.bfloat16,0.0,1.0,hsaco,6,16.24,Cijk_Ailk_Bljk_BBS_BH_UserArgs_MT64x128x32_SN_K1_PGR6_SB1_TT2_2_WG16_16_3
89,576,1536,64,0,torch.bfloat16,torch.bfloat16,0.0,1.0,hsaco,3,11.6,Cijk_Ailk_Bljk_BBS_BH_UserArgs_MT16x32x32_SN_K1_PGR6_SB1_TT2_2_WG16_16_2
89,1536,1536,64,0,torch.bfloat16,torch.bfloat16,0.0,1.0,hsaco,4,20.48,Cijk_Ailk_Bljk_BBS_BH_UserArgs_MT64x32x32_SN_K1_PGR6_SB1_TT2_2_WG16_16_3
89,3072,1536,64,0,torch.bfloat16,torch.bfloat16,0.0,1.0,hsaco,4,21.12,Cijk_Ailk_Bljk_BBS_BH_UserArgs_MT64x32x32_SN_K1_PGR6_SB1_TT2_2_WG16_16_3
89,4096,1536,64,0,torch.bfloat16,torch.bfloat16,0.0,1.0,hsaco,5,23.84,Cijk_Ailk_Bljk_BBS_BH_UserArgs_MT64x64x32_SN_K1_PGR6_SB1_TT2_2_WG16_16_3
89,4608,1536,64,0,torch.bfloat16,torch.bfloat16,0.0,1.0,hsaco,5,24.48,Cijk_Ailk_Bljk_BBS_BH_UserArgs_MT64x64x32_SN_K1_PGR6_SB1_TT2_2_WG16_16_3
89,7168,1536,64,0,torch.bfloat16,torch.bfloat16,0.0,1.0,hsaco,6,29.52,Cijk_Ailk_Bljk_BBS_BH_UserArgs_MT64x128x32_SN_K1_PGR6_SB1_TT2_2_WG16_16_3
89,512,2048,64,0,torch.bfloat16,torch.bfloat16,0.0,1.0,hsaco,3,13.52,Cijk_Ailk_Bljk_BBS_BH_UserArgs_MT16x32x32_SN_K1_PGR6_SB1_TT2_2_WG16_16_2
89,1536,2048,64,0,torch.bfloat16,torch.bfloat16,0.0,1.0,hsaco,4,25.2,Cijk_Ailk_Bljk_BBS_BH_UserArgs_MT64x32x32_SN_K1_PGR6_SB1_TT2_2_WG16_16_3
89,3072,2048,64,0,torch.bfloat16,torch.bfloat16,0.0,1.0,hsaco,4,26.16,Cijk_Ailk_Bljk_BBS_BH_UserArgs_MT64x32x32_SN_K1_PGR6_SB1_TT2_2_WG16_16_3
89,4096,2048,64,0,torch.bfloat16,torch.bfloat16,0.0,1.0,hsaco,5,29.36,Cijk_Ailk_Bljk_BBS_BH_UserArgs_MT64x64x32_SN_K1_PGR6_SB1_TT2_2_WG16_16_3
89,4608,2048,64,0,torch.bfloat16,torch.bfloat16,0.0,1.0,hsaco,5,29.2,Cijk_Ailk_Bljk_BBS_BH_UserArgs_MT64x64x32_SN_K1_PGR6_SB1_TT2_2_WG16_16_3
89,7168,2048,64,0,torch.bfloat16,torch.bfloat16,0.0,1.0,hsaco,6,35.04,Cijk_Ailk_Bljk_BBS_BH_UserArgs_MT64x128x32_SN_K1_PGR6_SB1_TT2_2_WG16_16_3
89,512,2304,64,0,torch.bfloat16,torch.bfloat16,0.0,1.0,hsaco,3,15.68,Cijk_Ailk_Bljk_BBS_BH_UserArgs_MT16x32x32_SN_K1_PGR6_SB1_TT2_2_WG16_16_2
89,1536,2304,64,0,torch.bfloat16,torch.bfloat16,0.0,1.0,hsaco,4,27.92,Cijk_Ailk_Bljk_BBS_BH_UserArgs_MT64x32x32_SN_K1_PGR6_SB1_TT2_2_WG16_16_3
89,3072,2304,64,0,torch.bfloat16,torch.bfloat16,0.0,1.0,hsaco,4,29.6,Cijk_Ailk_Bljk_BBS_BH_UserArgs_MT64x32x32_SN_K1_PGR6_SB1_TT2_2_WG16_16_3
89,4096,2304,64,0,torch.bfloat16,torch.bfloat16,0.0,1.0,hsaco,5,32.48,Cijk_Ailk_Bljk_BBS_BH_UserArgs_MT64x64x32_SN_K1_PGR6_SB1_TT2_2_WG16_16_3
89,4608,2304,64,0,torch.bfloat16,torch.bfloat16,0.0,1.0,hsaco,5,32.56,Cijk_Ailk_Bljk_BBS_BH_UserArgs_MT64x64x32_SN_K1_PGR6_SB1_TT2_2_WG16_16_3
89,7168,2304,64,0,torch.bfloat16,torch.bfloat16,0.0,1.0,hsaco,6,39.28,Cijk_Ailk_Bljk_BBS_BH_UserArgs_MT64x128x32_SN_K1_PGR6_SB1_TT2_2_WG16_16_3
89,512,7168,64,0,torch.bfloat16,torch.bfloat16,0.0,1.0,hsaco,3,38.72,Cijk_Ailk_Bljk_BBS_BH_UserArgs_MT16x32x32_SN_K1_PGR6_SB1_TT2_2_WG16_16_2
89,1536,7168,64,0,torch.bfloat16,torch.bfloat16,0.0,1.0,hsaco,4,73.84,Cijk_Ailk_Bljk_BBS_BH_UserArgs_MT64x32x32_SN_K1_PGR6_SB1_TT2_2_WG16_16_3
89,3072,7168,64,0,torch.bfloat16,torch.bfloat16,0.0,1.0,hsaco,4,75.6,Cijk_Ailk_Bljk_BBS_BH_UserArgs_MT64x32x32_SN_K1_PGR6_SB1_TT2_2_WG16_16_3
89,4096,7168,64,0,torch.bfloat16,torch.bfloat16,0.0,1.0,hsaco,5,84.4,Cijk_Ailk_Bljk_BBS_BH_UserArgs_MT64x64x32_SN_K1_PGR6_SB1_TT2_2_WG16_16_3
89,4608,7168,64,0,torch.bfloat16,torch.bfloat16,0.0,1.0,hsaco,5,86.32,Cijk_Ailk_Bljk_BBS_BH_UserArgs_MT64x64x32_SN_K1_PGR6_SB1_TT2_2_WG16_16_3
89,7168,7168,64,0,torch.bfloat16,torch.bfloat16,0.0,1.0,hsaco,6,102.96,Cijk_Ailk_Bljk_BBS_BH_UserArgs_MT64x128x32_SN_K1_PGR6_SB1_TT2_2_WG16_16_3
90,576,256,64,0,torch.bfloat16,torch.bfloat16,0.0,1.0,hsaco,3,6.08,Cijk_Ailk_Bljk_BBS_BH_UserArgs_MT16x32x32_SN_K1_PGR6_SB1_TT2_2_WG16_16_2
90,1536,256,64,0,torch.bfloat16,torch.bfloat16,0.0,1.0,hsaco,0,8.32,Cijk_Ailk_Bljk_BBS_BH_UserArgs_MT64x32x32_SN_K1_PGR6_SB1_TT2_2_WG16_16_2
90,3072,256,64,0,torch.bfloat16,torch.bfloat16,0.0,1.0,hsaco,0,8.32,Cijk_Ailk_Bljk_BBS_BH_UserArgs_MT64x32x32_SN_K1_PGR6_SB1_TT2_2_WG16_16_2
90,4096,256,64,0,torch.bfloat16,torch.bfloat16,0.0,1.0,hsaco,1,9.68,Cijk_Ailk_Bljk_BBS_BH_UserArgs_MT64x64x32_SN_K1_PGR6_SB1_TT2_2_WG16_16_2
90,4608,256,64,0,torch.bfloat16,torch.bfloat16,0.0,1.0,hsaco,1,10.72,Cijk_Ailk_Bljk_BBS_BH_UserArgs_MT64x64x32_SN_K1_PGR6_SB1_TT2_2_WG16_16_2
90,7168,256,64,0,torch.bfloat16,torch.bfloat16,0.0,1.0,hsaco,2,12.32,Cijk_Ailk_Bljk_BBS_BH_UserArgs_MT64x128x32_SN_K1_PGR6_SB1_TT2_8_WG16_16_2
90,576,512,64,0,torch.bfloat16,torch.bfloat16,0.0,1.0,hsaco,3,6.96,Cijk_Ailk_Bljk_BBS_BH_UserArgs_MT16x32x32_SN_K1_PGR6_SB1_TT2_2_WG16_16_2
90,1536,512,64,0,torch.bfloat16,torch.bfloat16,0.0,1.0,hsaco,4,10.72,Cijk_Ailk_Bljk_BBS_BH_UserArgs_MT64x32x32_SN_K1_PGR6_SB1_TT2_2_WG16_16_3
90,3072,512,64,0,torch.bfloat16,torch.bfloat16,0.0,1.0,hsaco,4,10.88,Cijk_Ailk_Bljk_BBS_BH_UserArgs_MT64x32x32_SN_K1_PGR6_SB1_TT2_2_WG16_16_3
90,4096,512,64,0,torch.bfloat16,torch.bfloat16,0.0,1.0,hsaco,5,12.48,Cijk_Ailk_Bljk_BBS_BH_UserArgs_MT64x64x32_SN_K1_PGR6_SB1_TT2_2_WG16_16_3
90,4608,512,64,0,torch.bfloat16,torch.bfloat16,0.0,1.0,hsaco,5,12.64,Cijk_Ailk_Bljk_BBS_BH_UserArgs_MT64x64x32_SN_K1_PGR6_SB1_TT2_2_WG16_16_3
90,7168,512,64,0,torch.bfloat16,torch.bfloat16,0.0,1.0,hsaco,6,16.08,Cijk_Ailk_Bljk_BBS_BH_UserArgs_MT64x128x32_SN_K1_PGR6_SB1_TT2_2_WG16_16_3
90,576,1536,64,0,torch.bfloat16,torch.bfloat16,0.0,1.0,hsaco,3,11.68,Cijk_Ailk_Bljk_BBS_BH_UserArgs_MT16x32x32_SN_K1_PGR6_SB1_TT2_2_WG16_16_2
90,1536,1536,64,0,torch.bfloat16,torch.bfloat16,0.0,1.0,hsaco,4,20.4,Cijk_Ailk_Bljk_BBS_BH_UserArgs_MT64x32x32_SN_K1_PGR6_SB1_TT2_2_WG16_16_3
90,3072,1536,64,0,torch.bfloat16,torch.bfloat16,0.0,1.0,hsaco,4,21.12,Cijk_Ailk_Bljk_BBS_BH_UserArgs_MT64x32x32_SN_K1_PGR6_SB1_TT2_2_WG16_16_3
90,4096,1536,64,0,torch.bfloat16,torch.bfloat16,0.0,1.0,hsaco,5,23.68,Cijk_Ailk_Bljk_BBS_BH_UserArgs_MT64x64x32_SN_K1_PGR6_SB1_TT2_2_WG16_16_3
90,4608,1536,64,0,torch.bfloat16,torch.bfloat16,0.0,1.0,hsaco,5,24.24,Cijk_Ailk_Bljk_BBS_BH_UserArgs_MT64x64x32_SN_K1_PGR6_SB1_TT2_2_WG16_16_3
90,7168,1536,64,0,torch.bfloat16,torch.bfloat16,0.0,1.0,hsaco,6,29.68,Cijk_Ailk_Bljk_BBS_BH_UserArgs_MT64x128x32_SN_K1_PGR6_SB1_TT2_2_WG16_16_3
90,512,2048,64,0,torch.bfloat16,torch.bfloat16,0.0,1.0,hsaco,3,13.44,Cijk_Ailk_Bljk_BBS_BH_UserArgs_MT16x32x32_SN_K1_PGR6_SB1_TT2_2_WG16_16_2
90,1536,2048,64,0,torch.bfloat16,torch.bfloat16,0.0,1.0,hsaco,4,25.36,Cijk_Ailk_Bljk_BBS_BH_UserArgs_MT64x32x32_SN_K1_PGR6_SB1_TT2_2_WG16_16_3
90,3072,2048,64,0,torch.bfloat16,torch.bfloat16,0.0,1.0,hsaco,4,26.0,Cijk_Ailk_Bljk_BBS_BH_UserArgs_MT64x32x32_SN_K1_PGR6_SB1_TT2_2_WG16_16_3
90,4096,2048,64,0,torch.bfloat16,torch.bfloat16,0.0,1.0,hsaco,5,29.28,Cijk_Ailk_Bljk_BBS_BH_UserArgs_MT64x64x32_SN_K1_PGR6_SB1_TT2_2_WG16_16_3
90,4608,2048,64,0,torch.bfloat16,torch.bfloat16,0.0,1.0,hsaco,5,29.04,Cijk_Ailk_Bljk_BBS_BH_UserArgs_MT64x64x32_SN_K1_PGR6_SB1_TT2_2_WG16_16_3
90,7168,2048,64,0,torch.bfloat16,torch.bfloat16,0.0,1.0,hsaco,6,35.28,Cijk_Ailk_Bljk_BBS_BH_UserArgs_MT64x128x32_SN_K1_PGR6_SB1_TT2_2_WG16_16_3
90,512,2304,64,0,torch.bfloat16,torch.bfloat16,0.0,1.0,hsaco,3,15.76,Cijk_Ailk_Bljk_BBS_BH_UserArgs_MT16x32x32_SN_K1_PGR6_SB1_TT2_2_WG16_16_2
90,1536,2304,64,0,torch.bfloat16,torch.bfloat16,0.0,1.0,hsaco,4,28.08,Cijk_Ailk_Bljk_BBS_BH_UserArgs_MT64x32x32_SN_K1_PGR6_SB1_TT2_2_WG16_16_3
90,3072,2304,64,0,torch.bfloat16,torch.bfloat16,0.0,1.0,hsaco,4,29.76,Cijk_Ailk_Bljk_BBS_BH_UserArgs_MT64x32x32_SN_K1_PGR6_SB1_TT2_2_WG16_16_3
90,4096,2304,64,0,torch.bfloat16,torch.bfloat16,0.0,1.0,hsaco,5,32.24,Cijk_Ailk_Bljk_BBS_BH_UserArgs_MT64x64x32_SN_K1_PGR6_SB1_TT2_2_WG16_16_3
90,4608,2304,64,0,torch.bfloat16,torch.bfloat16,0.0,1.0,hsaco,5,32.4,Cijk_Ailk_Bljk_BBS_BH_UserArgs_MT64x64x32_SN_K1_PGR6_SB1_TT2_2_WG16_16_3
90,7168,2304,64,0,torch.bfloat16,torch.bfloat16,0.0,1.0,hsaco,6,39.52,Cijk_Ailk_Bljk_BBS_BH_UserArgs_MT64x128x32_SN_K1_PGR6_SB1_TT2_2_WG16_16_3
90,512,7168,64,0,torch.bfloat16,torch.bfloat16,0.0,1.0,hsaco,3,39.2,Cijk_Ailk_Bljk_BBS_BH_UserArgs_MT16x32x32_SN_K1_PGR6_SB1_TT2_2_WG16_16_2
90,1536,7168,64,0,torch.bfloat16,torch.bfloat16,0.0,1.0,hsaco,4,73.84,Cijk_Ailk_Bljk_BBS_BH_UserArgs_MT64x32x32_SN_K1_PGR6_SB1_TT2_2_WG16_16_3
90,3072,7168,64,0,torch.bfloat16,torch.bfloat16,0.0,1.0,hsaco,4,75.6,Cijk_Ailk_Bljk_BBS_BH_UserArgs_MT64x32x32_SN_K1_PGR6_SB1_TT2_2_WG16_16_3
90,4096,7168,64,0,torch.bfloat16,torch.bfloat16,0.0,1.0,hsaco,5,84.64,Cijk_Ailk_Bljk_BBS_BH_UserArgs_MT64x64x32_SN_K1_PGR6_SB1_TT2_2_WG16_16_3
90,4608,7168,64,0,torch.bfloat16,torch.bfloat16,0.0,1.0,hsaco,5,85.2,Cijk_Ailk_Bljk_BBS_BH_UserArgs_MT64x64x32_SN_K1_PGR6_SB1_TT2_2_WG16_16_3
90,7168,7168,64,0,torch.bfloat16,torch.bfloat16,0.0,1.0,hsaco,6,102.72,Cijk_Ailk_Bljk_BBS_BH_UserArgs_MT64x128x32_SN_K1_PGR6_SB1_TT2_2_WG16_16_3
91,576,256,64,0,torch.bfloat16,torch.bfloat16,0.0,1.0,hsaco,3,6.08,Cijk_Ailk_Bljk_BBS_BH_UserArgs_MT16x32x32_SN_K1_PGR6_SB1_TT2_2_WG16_16_2
91,1536,256,64,0,torch.bfloat16,torch.bfloat16,0.0,1.0,hsaco,0,8.48,Cijk_Ailk_Bljk_BBS_BH_UserArgs_MT64x32x32_SN_K1_PGR6_SB1_TT2_2_WG16_16_2
91,3072,256,64,0,torch.bfloat16,torch.bfloat16,0.0,1.0,hsaco,0,8.4,Cijk_Ailk_Bljk_BBS_BH_UserArgs_MT64x32x32_SN_K1_PGR6_SB1_TT2_2_WG16_16_2
91,4096,256,64,0,torch.bfloat16,torch.bfloat16,0.0,1.0,hsaco,1,10.24,Cijk_Ailk_Bljk_BBS_BH_UserArgs_MT64x64x32_SN_K1_PGR6_SB1_TT2_2_WG16_16_2
91,4608,256,64,0,torch.bfloat16,torch.bfloat16,0.0,1.0,hsaco,1,10.48,Cijk_Ailk_Bljk_BBS_BH_UserArgs_MT64x64x32_SN_K1_PGR6_SB1_TT2_2_WG16_16_2
91,7168,256,64,0,torch.bfloat16,torch.bfloat16,0.0,1.0,hsaco,2,12.24,Cijk_Ailk_Bljk_BBS_BH_UserArgs_MT64x128x32_SN_K1_PGR6_SB1_TT2_8_WG16_16_2
91,576,512,64,0,torch.bfloat16,torch.bfloat16,0.0,1.0,hsaco,3,6.96,Cijk_Ailk_Bljk_BBS_BH_UserArgs_MT16x32x32_SN_K1_PGR6_SB1_TT2_2_WG16_16_2
91,1536,512,64,0,torch.bfloat16,torch.bfloat16,0.0,1.0,hsaco,4,10.72,Cijk_Ailk_Bljk_BBS_BH_UserArgs_MT64x32x32_SN_K1_PGR6_SB1_TT2_2_WG16_16_3
91,3072,512,64,0,torch.bfloat16,torch.bfloat16,0.0,1.0,hsaco,4,10.96,Cijk_Ailk_Bljk_BBS_BH_UserArgs_MT64x32x32_SN_K1_PGR6_SB1_TT2_2_WG16_16_3
91,4096,512,64,0,torch.bfloat16,torch.bfloat16,0.0,1.0,hsaco,5,12.64,Cijk_Ailk_Bljk_BBS_BH_UserArgs_MT64x64x32_SN_K1_PGR6_SB1_TT2_2_WG16_16_3
91,4608,512,64,0,torch.bfloat16,torch.bfloat16,0.0,1.0,hsaco,5,12.64,Cijk_Ailk_Bljk_BBS_BH_UserArgs_MT64x64x32_SN_K1_PGR6_SB1_TT2_2_WG16_16_3
91,7168,512,64,0,torch.bfloat16,torch.bfloat16,0.0,1.0,hsaco,6,16.08,Cijk_Ailk_Bljk_BBS_BH_UserArgs_MT64x128x32_SN_K1_PGR6_SB1_TT2_2_WG16_16_3
91,576,1536,64,0,torch.bfloat16,torch.bfloat16,0.0,1.0,hsaco,3,11.52,Cijk_Ailk_Bljk_BBS_BH_UserArgs_MT16x32x32_SN_K1_PGR6_SB1_TT2_2_WG16_16_2
91,1536,1536,64,0,torch.bfloat16,torch.bfloat16,0.0,1.0,hsaco,4,20.48,Cijk_Ailk_Bljk_BBS_BH_UserArgs_MT64x32x32_SN_K1_PGR6_SB1_TT2_2_WG16_16_3
91,3072,1536,64,0,torch.bfloat16,torch.bfloat16,0.0,1.0,hsaco,4,21.04,Cijk_Ailk_Bljk_BBS_BH_UserArgs_MT64x32x32_SN_K1_PGR6_SB1_TT2_2_WG16_16_3
91,4096,1536,64,0,torch.bfloat16,torch.bfloat16,0.0,1.0,hsaco,5,23.76,Cijk_Ailk_Bljk_BBS_BH_UserArgs_MT64x64x32_SN_K1_PGR6_SB1_TT2_2_WG16_16_3
91,4608,1536,64,0,torch.bfloat16,torch.bfloat16,0.0,1.0,hsaco,5,24.64,Cijk_Ailk_Bljk_BBS_BH_UserArgs_MT64x64x32_SN_K1_PGR6_SB1_TT2_2_WG16_16_3
91,7168,1536,64,0,torch.bfloat16,torch.bfloat16,0.0,1.0,hsaco,6,29.44,Cijk_Ailk_Bljk_BBS_BH_UserArgs_MT64x128x32_SN_K1_PGR6_SB1_TT2_2_WG16_16_3
91,512,2048,64,0,torch.bfloat16,torch.bfloat16,0.0,1.0,hsaco,3,13.44,Cijk_Ailk_Bljk_BBS_BH_UserArgs_MT16x32x32_SN_K1_PGR6_SB1_TT2_2_WG16_16_2
91,1536,2048,64,0,torch.bfloat16,torch.bfloat16,0.0,1.0,hsaco,4,25.12,Cijk_Ailk_Bljk_BBS_BH_UserArgs_MT64x32x32_SN_K1_PGR6_SB1_TT2_2_WG16_16_3
91,3072,2048,64,0,torch.bfloat16,torch.bfloat16,0.0,1.0,hsaco,4,26.72,Cijk_Ailk_Bljk_BBS_BH_UserArgs_MT64x32x32_SN_K1_PGR6_SB1_TT2_2_WG16_16_3
91,4096,2048,64,0,torch.bfloat16,torch.bfloat16,0.0,1.0,hsaco,5,29.2,Cijk_Ailk_Bljk_BBS_BH_UserArgs_MT64x64x32_SN_K1_PGR6_SB1_TT2_2_WG16_16_3
91,4608,2048,64,0,torch.bfloat16,torch.bfloat16,0.0,1.0,hsaco,5,29.12,Cijk_Ailk_Bljk_BBS_BH_UserArgs_MT64x64x32_SN_K1_PGR6_SB1_TT2_2_WG16_16_3
91,7168,2048,64,0,torch.bfloat16,torch.bfloat16,0.0,1.0,hsaco,6,35.44,Cijk_Ailk_Bljk_BBS_BH_UserArgs_MT64x128x32_SN_K1_PGR6_SB1_TT2_2_WG16_16_3
91,512,2304,64,0,torch.bfloat16,torch.bfloat16,0.0,1.0,hsaco,3,15.92,Cijk_Ailk_Bljk_BBS_BH_UserArgs_MT16x32x32_SN_K1_PGR6_SB1_TT2_2_WG16_16_2
91,1536,2304,64,0,torch.bfloat16,torch.bfloat16,0.0,1.0,hsaco,4,27.76,Cijk_Ailk_Bljk_BBS_BH_UserArgs_MT64x32x32_SN_K1_PGR6_SB1_TT2_2_WG16_16_3
91,3072,2304,64,0,torch.bfloat16,torch.bfloat16,0.0,1.0,hsaco,4,29.52,Cijk_Ailk_Bljk_BBS_BH_UserArgs_MT64x32x32_SN_K1_PGR6_SB1_TT2_2_WG16_16_3
91,4096,2304,64,0,torch.bfloat16,torch.bfloat16,0.0,1.0,hsaco,5,32.24,Cijk_Ailk_Bljk_BBS_BH_UserArgs_MT64x64x32_SN_K1_PGR6_SB1_TT2_2_WG16_16_3
91,4608,2304,64,0,torch.bfloat16,torch.bfloat16,0.0,1.0,hsaco,5,32.8,Cijk_Ailk_Bljk_BBS_BH_UserArgs_MT64x64x32_SN_K1_PGR6_SB1_TT2_2_WG16_16_3
91,7168,2304,64,0,torch.bfloat16,torch.bfloat16,0.0,1.0,hsaco,6,39.6,Cijk_Ailk_Bljk_BBS_BH_UserArgs_MT64x128x32_SN_K1_PGR6_SB1_TT2_2_WG16_16_3
91,512,7168,64,0,torch.bfloat16,torch.bfloat16,0.0,1.0,hsaco,3,39.52,Cijk_Ailk_Bljk_BBS_BH_UserArgs_MT16x32x32_SN_K1_PGR6_SB1_TT2_2_WG16_16_2
91,1536,7168,64,0,torch.bfloat16,torch.bfloat16,0.0,1.0,hsaco,4,74.24,Cijk_Ailk_Bljk_BBS_BH_UserArgs_MT64x32x32_SN_K1_PGR6_SB1_TT2_2_WG16_16_3
91,3072,7168,64,0,torch.bfloat16,torch.bfloat16,0.0,1.0,hsaco,4,75.68,Cijk_Ailk_Bljk_BBS_BH_UserArgs_MT64x32x32_SN_K1_PGR6_SB1_TT2_2_WG16_16_3
91,4096,7168,64,0,torch.bfloat16,torch.bfloat16,0.0,1.0,hsaco,5,84.56,Cijk_Ailk_Bljk_BBS_BH_UserArgs_MT64x64x32_SN_K1_PGR6_SB1_TT2_2_WG16_16_3
91,4608,7168,64,0,torch.bfloat16,torch.bfloat16,0.0,1.0,hsaco,5,88.56,Cijk_Ailk_Bljk_BBS_BH_UserArgs_MT64x64x32_SN_K1_PGR6_SB1_TT2_2_WG16_16_3
91,7168,7168,64,0,torch.bfloat16,torch.bfloat16,0.0,1.0,hsaco,6,102.8,Cijk_Ailk_Bljk_BBS_BH_UserArgs_MT64x128x32_SN_K1_PGR6_SB1_TT2_2_WG16_16_3
92,576,256,64,0,torch.bfloat16,torch.bfloat16,0.0,1.0,hsaco,3,6.16,Cijk_Ailk_Bljk_BBS_BH_UserArgs_MT16x32x32_SN_K1_PGR6_SB1_TT2_2_WG16_16_2
92,1536,256,64,0,torch.bfloat16,torch.bfloat16,0.0,1.0,hsaco,0,8.32,Cijk_Ailk_Bljk_BBS_BH_UserArgs_MT64x32x32_SN_K1_PGR6_SB1_TT2_2_WG16_16_2
92,3072,256,64,0,torch.bfloat16,torch.bfloat16,0.0,1.0,hsaco,0,8.32,Cijk_Ailk_Bljk_BBS_BH_UserArgs_MT64x32x32_SN_K1_PGR6_SB1_TT2_2_WG16_16_2
92,4096,256,64,0,torch.bfloat16,torch.bfloat16,0.0,1.0,hsaco,1,10.16,Cijk_Ailk_Bljk_BBS_BH_UserArgs_MT64x64x32_SN_K1_PGR6_SB1_TT2_2_WG16_16_2
92,4608,256,64,0,torch.bfloat16,torch.bfloat16,0.0,1.0,hsaco,1,10.8,Cijk_Ailk_Bljk_BBS_BH_UserArgs_MT64x64x32_SN_K1_PGR6_SB1_TT2_2_WG16_16_2
92,7168,256,64,0,torch.bfloat16,torch.bfloat16,0.0,1.0,hsaco,2,12.24,Cijk_Ailk_Bljk_BBS_BH_UserArgs_MT64x128x32_SN_K1_PGR6_SB1_TT2_8_WG16_16_2
92,576,512,64,0,torch.bfloat16,torch.bfloat16,0.0,1.0,hsaco,3,6.88,Cijk_Ailk_Bljk_BBS_BH_UserArgs_MT16x32x32_SN_K1_PGR6_SB1_TT2_2_WG16_16_2
92,1536,512,64,0,torch.bfloat16,torch.bfloat16,0.0,1.0,hsaco,4,10.8,Cijk_Ailk_Bljk_BBS_BH_UserArgs_MT64x32x32_SN_K1_PGR6_SB1_TT2_2_WG16_16_3
92,3072,512,64,0,torch.bfloat16,torch.bfloat16,0.0,1.0,hsaco,4,11.12,Cijk_Ailk_Bljk_BBS_BH_UserArgs_MT64x32x32_SN_K1_PGR6_SB1_TT2_2_WG16_16_3
92,4096,512,64,0,torch.bfloat16,torch.bfloat16,0.0,1.0,hsaco,5,12.56,Cijk_Ailk_Bljk_BBS_BH_UserArgs_MT64x64x32_SN_K1_PGR6_SB1_TT2_2_WG16_16_3
92,4608,512,64,0,torch.bfloat16,torch.bfloat16,0.0,1.0,hsaco,5,12.72,Cijk_Ailk_Bljk_BBS_BH_UserArgs_MT64x64x32_SN_K1_PGR6_SB1_TT2_2_WG16_16_3
92,7168,512,64,0,torch.bfloat16,torch.bfloat16,0.0,1.0,hsaco,6,16.08,Cijk_Ailk_Bljk_BBS_BH_UserArgs_MT64x128x32_SN_K1_PGR6_SB1_TT2_2_WG16_16_3
92,576,1536,64,0,torch.bfloat16,torch.bfloat16,0.0,1.0,hsaco,3,11.68,Cijk_Ailk_Bljk_BBS_BH_UserArgs_MT16x32x32_SN_K1_PGR6_SB1_TT2_2_WG16_16_2
92,1536,1536,64,0,torch.bfloat16,torch.bfloat16,0.0,1.0,hsaco,4,20.4,Cijk_Ailk_Bljk_BBS_BH_UserArgs_MT64x32x32_SN_K1_PGR6_SB1_TT2_2_WG16_16_3
92,3072,1536,64,0,torch.bfloat16,torch.bfloat16,0.0,1.0,hsaco,4,21.28,Cijk_Ailk_Bljk_BBS_BH_UserArgs_MT64x32x32_SN_K1_PGR6_SB1_TT2_2_WG16_16_3
92,4096,1536,64,0,torch.bfloat16,torch.bfloat16,0.0,1.0,hsaco,5,23.76,Cijk_Ailk_Bljk_BBS_BH_UserArgs_MT64x64x32_SN_K1_PGR6_SB1_TT2_2_WG16_16_3
92,4608,1536,64,0,torch.bfloat16,torch.bfloat16,0.0,1.0,hsaco,5,24.56,Cijk_Ailk_Bljk_BBS_BH_UserArgs_MT64x64x32_SN_K1_PGR6_SB1_TT2_2_WG16_16_3
92,7168,1536,64,0,torch.bfloat16,torch.bfloat16,0.0,1.0,hsaco,6,29.2,Cijk_Ailk_Bljk_BBS_BH_UserArgs_MT64x128x32_SN_K1_PGR6_SB1_TT2_2_WG16_16_3
92,512,2048,64,0,torch.bfloat16,torch.bfloat16,0.0,1.0,hsaco,3,13.6,Cijk_Ailk_Bljk_BBS_BH_UserArgs_MT16x32x32_SN_K1_PGR6_SB1_TT2_2_WG16_16_2
92,1536,2048,64,0,torch.bfloat16,torch.bfloat16,0.0,1.0,hsaco,4,25.12,Cijk_Ailk_Bljk_BBS_BH_UserArgs_MT64x32x32_SN_K1_PGR6_SB1_TT2_2_WG16_16_3
92,3072,2048,64,0,torch.bfloat16,torch.bfloat16,0.0,1.0,hsaco,4,26.88,Cijk_Ailk_Bljk_BBS_BH_UserArgs_MT64x32x32_SN_K1_PGR6_SB1_TT2_2_WG16_16_3
92,4096,2048,64,0,torch.bfloat16,torch.bfloat16,0.0,1.0,hsaco,5,29.36,Cijk_Ailk_Bljk_BBS_BH_UserArgs_MT64x64x32_SN_K1_PGR6_SB1_TT2_2_WG16_16_3
92,4608,2048,64,0,torch.bfloat16,torch.bfloat16,0.0,1.0,hsaco,5,29.12,Cijk_Ailk_Bljk_BBS_BH_UserArgs_MT64x64x32_SN_K1_PGR6_SB1_TT2_2_WG16_16_3
92,7168,2048,64,0,torch.bfloat16,torch.bfloat16,0.0,1.0,hsaco,6,35.28,Cijk_Ailk_Bljk_BBS_BH_UserArgs_MT64x128x32_SN_K1_PGR6_SB1_TT2_2_WG16_16_3
92,512,2304,64,0,torch.bfloat16,torch.bfloat16,0.0,1.0,hsaco,3,16.0,Cijk_Ailk_Bljk_BBS_BH_UserArgs_MT16x32x32_SN_K1_PGR6_SB1_TT2_2_WG16_16_2
92,1536,2304,64,0,torch.bfloat16,torch.bfloat16,0.0,1.0,hsaco,4,27.76,Cijk_Ailk_Bljk_BBS_BH_UserArgs_MT64x32x32_SN_K1_PGR6_SB1_TT2_2_WG16_16_3
92,3072,2304,64,0,torch.bfloat16,torch.bfloat16,0.0,1.0,hsaco,4,28.72,Cijk_Ailk_Bljk_BBS_BH_UserArgs_MT64x32x32_SN_K1_PGR6_SB1_TT2_2_WG16_16_3
92,4096,2304,64,0,torch.bfloat16,torch.bfloat16,0.0,1.0,hsaco,5,32.32,Cijk_Ailk_Bljk_BBS_BH_UserArgs_MT64x64x32_SN_K1_PGR6_SB1_TT2_2_WG16_16_3
92,4608,2304,64,0,torch.bfloat16,torch.bfloat16,0.0,1.0,hsaco,5,32.56,Cijk_Ailk_Bljk_BBS_BH_UserArgs_MT64x64x32_SN_K1_PGR6_SB1_TT2_2_WG16_16_3
92,7168,2304,64,0,torch.bfloat16,torch.bfloat16,0.0,1.0,hsaco,6,39.52,Cijk_Ailk_Bljk_BBS_BH_UserArgs_MT64x128x32_SN_K1_PGR6_SB1_TT2_2_WG16_16_3
92,512,7168,64,0,torch.bfloat16,torch.bfloat16,0.0,1.0,hsaco,3,39.2,Cijk_Ailk_Bljk_BBS_BH_UserArgs_MT16x32x32_SN_K1_PGR6_SB1_TT2_2_WG16_16_2
92,1536,7168,64,0,torch.bfloat16,torch.bfloat16,0.0,1.0,hsaco,4,74.32,Cijk_Ailk_Bljk_BBS_BH_UserArgs_MT64x32x32_SN_K1_PGR6_SB1_TT2_2_WG16_16_3
92,3072,7168,64,0,torch.bfloat16,torch.bfloat16,0.0,1.0,hsaco,4,75.84,Cijk_Ailk_Bljk_BBS_BH_UserArgs_MT64x32x32_SN_K1_PGR6_SB1_TT2_2_WG16_16_3
92,4096,7168,64,0,torch.bfloat16,torch.bfloat16,0.0,1.0,hsaco,5,84.24,Cijk_Ailk_Bljk_BBS_BH_UserArgs_MT64x64x32_SN_K1_PGR6_SB1_TT2_2_WG16_16_3
92,4608,7168,64,0,torch.bfloat16,torch.bfloat16,0.0,1.0,hsaco,5,86.32,Cijk_Ailk_Bljk_BBS_BH_UserArgs_MT64x64x32_SN_K1_PGR6_SB1_TT2_2_WG16_16_3
92,7168,7168,64,0,torch.bfloat16,torch.bfloat16,0.0,1.0,hsaco,6,102.0,Cijk_Ailk_Bljk_BBS_BH_UserArgs_MT64x128x32_SN_K1_PGR6_SB1_TT2_2_WG16_16_3
93,576,256,64,0,torch.bfloat16,torch.bfloat16,0.0,1.0,hsaco,3,6.08,Cijk_Ailk_Bljk_BBS_BH_UserArgs_MT16x32x32_SN_K1_PGR6_SB1_TT2_2_WG16_16_2
93,1536,256,64,0,torch.bfloat16,torch.bfloat16,0.0,1.0,hsaco,0,8.4,Cijk_Ailk_Bljk_BBS_BH_UserArgs_MT64x32x32_SN_K1_PGR6_SB1_TT2_2_WG16_16_2
93,3072,256,64,0,torch.bfloat16,torch.bfloat16,0.0,1.0,hsaco,0,8.16,Cijk_Ailk_Bljk_BBS_BH_UserArgs_MT64x32x32_SN_K1_PGR6_SB1_TT2_2_WG16_16_2
93,4096,256,64,0,torch.bfloat16,torch.bfloat16,0.0,1.0,hsaco,1,10.16,Cijk_Ailk_Bljk_BBS_BH_UserArgs_MT64x64x32_SN_K1_PGR6_SB1_TT2_2_WG16_16_2
93,4608,256,64,0,torch.bfloat16,torch.bfloat16,0.0,1.0,hsaco,1,10.64,Cijk_Ailk_Bljk_BBS_BH_UserArgs_MT64x64x32_SN_K1_PGR6_SB1_TT2_2_WG16_16_2
93,7168,256,64,0,torch.bfloat16,torch.bfloat16,0.0,1.0,hsaco,2,12.32,Cijk_Ailk_Bljk_BBS_BH_UserArgs_MT64x128x32_SN_K1_PGR6_SB1_TT2_8_WG16_16_2
93,576,512,64,0,torch.bfloat16,torch.bfloat16,0.0,1.0,hsaco,3,6.96,Cijk_Ailk_Bljk_BBS_BH_UserArgs_MT16x32x32_SN_K1_PGR6_SB1_TT2_2_WG16_16_2
93,1536,512,64,0,torch.bfloat16,torch.bfloat16,0.0,1.0,hsaco,4,10.72,Cijk_Ailk_Bljk_BBS_BH_UserArgs_MT64x32x32_SN_K1_PGR6_SB1_TT2_2_WG16_16_3
93,3072,512,64,0,torch.bfloat16,torch.bfloat16,0.0,1.0,hsaco,4,10.96,Cijk_Ailk_Bljk_BBS_BH_UserArgs_MT64x32x32_SN_K1_PGR6_SB1_TT2_2_WG16_16_3
93,4096,512,64,0,torch.bfloat16,torch.bfloat16,0.0,1.0,hsaco,5,12.64,Cijk_Ailk_Bljk_BBS_BH_UserArgs_MT64x64x32_SN_K1_PGR6_SB1_TT2_2_WG16_16_3
93,4608,512,64,0,torch.bfloat16,torch.bfloat16,0.0,1.0,hsaco,5,12.72,Cijk_Ailk_Bljk_BBS_BH_UserArgs_MT64x64x32_SN_K1_PGR6_SB1_TT2_2_WG16_16_3
93,7168,512,64,0,torch.bfloat16,torch.bfloat16,0.0,1.0,hsaco,6,16.16,Cijk_Ailk_Bljk_BBS_BH_UserArgs_MT64x128x32_SN_K1_PGR6_SB1_TT2_2_WG16_16_3
93,576,1536,64,0,torch.bfloat16,torch.bfloat16,0.0,1.0,hsaco,3,11.76,Cijk_Ailk_Bljk_BBS_BH_UserArgs_MT16x32x32_SN_K1_PGR6_SB1_TT2_2_WG16_16_2
93,1536,1536,64,0,torch.bfloat16,torch.bfloat16,0.0,1.0,hsaco,4,20.48,Cijk_Ailk_Bljk_BBS_BH_UserArgs_MT64x32x32_SN_K1_PGR6_SB1_TT2_2_WG16_16_3
93,3072,1536,64,0,torch.bfloat16,torch.bfloat16,0.0,1.0,hsaco,4,21.2,Cijk_Ailk_Bljk_BBS_BH_UserArgs_MT64x32x32_SN_K1_PGR6_SB1_TT2_2_WG16_16_3
93,4096,1536,64,0,torch.bfloat16,torch.bfloat16,0.0,1.0,hsaco,5,23.84,Cijk_Ailk_Bljk_BBS_BH_UserArgs_MT64x64x32_SN_K1_PGR6_SB1_TT2_2_WG16_16_3
93,4608,1536,64,0,torch.bfloat16,torch.bfloat16,0.0,1.0,hsaco,5,24.56,Cijk_Ailk_Bljk_BBS_BH_UserArgs_MT64x64x32_SN_K1_PGR6_SB1_TT2_2_WG16_16_3
93,7168,1536,64,0,torch.bfloat16,torch.bfloat16,0.0,1.0,hsaco,6,29.12,Cijk_Ailk_Bljk_BBS_BH_UserArgs_MT64x128x32_SN_K1_PGR6_SB1_TT2_2_WG16_16_3
93,512,2048,64,0,torch.bfloat16,torch.bfloat16,0.0,1.0,hsaco,3,13.52,Cijk_Ailk_Bljk_BBS_BH_UserArgs_MT16x32x32_SN_K1_PGR6_SB1_TT2_2_WG16_16_2
93,1536,2048,64,0,torch.bfloat16,torch.bfloat16,0.0,1.0,hsaco,4,25.12,Cijk_Ailk_Bljk_BBS_BH_UserArgs_MT64x32x32_SN_K1_PGR6_SB1_TT2_2_WG16_16_3
93,3072,2048,64,0,torch.bfloat16,torch.bfloat16,0.0,1.0,hsaco,4,26.88,Cijk_Ailk_Bljk_BBS_BH_UserArgs_MT64x32x32_SN_K1_PGR6_SB1_TT2_2_WG16_16_3
93,4096,2048,64,0,torch.bfloat16,torch.bfloat16,0.0,1.0,hsaco,5,29.28,Cijk_Ailk_Bljk_BBS_BH_UserArgs_MT64x64x32_SN_K1_PGR6_SB1_TT2_2_WG16_16_3
93,4608,2048,64,0,torch.bfloat16,torch.bfloat16,0.0,1.0,hsaco,5,29.2,Cijk_Ailk_Bljk_BBS_BH_UserArgs_MT64x64x32_SN_K1_PGR6_SB1_TT2_2_WG16_16_3
93,7168,2048,64,0,torch.bfloat16,torch.bfloat16,0.0,1.0,hsaco,6,35.44,Cijk_Ailk_Bljk_BBS_BH_UserArgs_MT64x128x32_SN_K1_PGR6_SB1_TT2_2_WG16_16_3
93,512,2304,64,0,torch.bfloat16,torch.bfloat16,0.0,1.0,hsaco,3,16.0,Cijk_Ailk_Bljk_BBS_BH_UserArgs_MT16x32x32_SN_K1_PGR6_SB1_TT2_2_WG16_16_2
93,1536,2304,64,0,torch.bfloat16,torch.bfloat16,0.0,1.0,hsaco,4,28.0,Cijk_Ailk_Bljk_BBS_BH_UserArgs_MT64x32x32_SN_K1_PGR6_SB1_TT2_2_WG16_16_3
93,3072,2304,64,0,torch.bfloat16,torch.bfloat16,0.0,1.0,hsaco,4,28.96,Cijk_Ailk_Bljk_BBS_BH_UserArgs_MT64x32x32_SN_K1_PGR6_SB1_TT2_2_WG16_16_3
93,4096,2304,64,0,torch.bfloat16,torch.bfloat16,0.0,1.0,hsaco,5,32.32,Cijk_Ailk_Bljk_BBS_BH_UserArgs_MT64x64x32_SN_K1_PGR6_SB1_TT2_2_WG16_16_3
93,4608,2304,64,0,torch.bfloat16,torch.bfloat16,0.0,1.0,hsaco,5,32.56,Cijk_Ailk_Bljk_BBS_BH_UserArgs_MT64x64x32_SN_K1_PGR6_SB1_TT2_2_WG16_16_3
93,7168,2304,64,0,torch.bfloat16,torch.bfloat16,0.0,1.0,hsaco,6,39.44,Cijk_Ailk_Bljk_BBS_BH_UserArgs_MT64x128x32_SN_K1_PGR6_SB1_TT2_2_WG16_16_3
93,512,7168,64,0,torch.bfloat16,torch.bfloat16,0.0,1.0,hsaco,3,39.68,Cijk_Ailk_Bljk_BBS_BH_UserArgs_MT16x32x32_SN_K1_PGR6_SB1_TT2_2_WG16_16_2
93,1536,7168,64,0,torch.bfloat16,torch.bfloat16,0.0,1.0,hsaco,4,74.08,Cijk_Ailk_Bljk_BBS_BH_UserArgs_MT64x32x32_SN_K1_PGR6_SB1_TT2_2_WG16_16_3
93,3072,7168,64,0,torch.bfloat16,torch.bfloat16,0.0,1.0,hsaco,4,75.76,Cijk_Ailk_Bljk_BBS_BH_UserArgs_MT64x32x32_SN_K1_PGR6_SB1_TT2_2_WG16_16_3
93,4096,7168,64,0,torch.bfloat16,torch.bfloat16,0.0,1.0,hsaco,5,84.16,Cijk_Ailk_Bljk_BBS_BH_UserArgs_MT64x64x32_SN_K1_PGR6_SB1_TT2_2_WG16_16_3
93,4608,7168,64,0,torch.bfloat16,torch.bfloat16,0.0,1.0,hsaco,5,87.68,Cijk_Ailk_Bljk_BBS_BH_UserArgs_MT64x64x32_SN_K1_PGR6_SB1_TT2_2_WG16_16_3
93,7168,7168,64,0,torch.bfloat16,torch.bfloat16,0.0,1.0,hsaco,6,102.08,Cijk_Ailk_Bljk_BBS_BH_UserArgs_MT64x128x32_SN_K1_PGR6_SB1_TT2_2_WG16_16_3
94,576,256,64,0,torch.bfloat16,torch.bfloat16,0.0,1.0,hsaco,3,6.08,Cijk_Ailk_Bljk_BBS_BH_UserArgs_MT16x32x32_SN_K1_PGR6_SB1_TT2_2_WG16_16_2
94,1536,256,64,0,torch.bfloat16,torch.bfloat16,0.0,1.0,hsaco,0,8.24,Cijk_Ailk_Bljk_BBS_BH_UserArgs_MT64x32x32_SN_K1_PGR6_SB1_TT2_2_WG16_16_2
94,3072,256,64,0,torch.bfloat16,torch.bfloat16,0.0,1.0,hsaco,0,8.4,Cijk_Ailk_Bljk_BBS_BH_UserArgs_MT64x32x32_SN_K1_PGR6_SB1_TT2_2_WG16_16_2
94,4096,256,64,0,torch.bfloat16,torch.bfloat16,0.0,1.0,hsaco,1,10.16,Cijk_Ailk_Bljk_BBS_BH_UserArgs_MT64x64x32_SN_K1_PGR6_SB1_TT2_2_WG16_16_2
94,4608,256,64,0,torch.bfloat16,torch.bfloat16,0.0,1.0,hsaco,1,10.64,Cijk_Ailk_Bljk_BBS_BH_UserArgs_MT64x64x32_SN_K1_PGR6_SB1_TT2_2_WG16_16_2
94,7168,256,64,0,torch.bfloat16,torch.bfloat16,0.0,1.0,hsaco,2,12.24,Cijk_Ailk_Bljk_BBS_BH_UserArgs_MT64x128x32_SN_K1_PGR6_SB1_TT2_8_WG16_16_2
94,576,512,64,0,torch.bfloat16,torch.bfloat16,0.0,1.0,hsaco,3,6.8,Cijk_Ailk_Bljk_BBS_BH_UserArgs_MT16x32x32_SN_K1_PGR6_SB1_TT2_2_WG16_16_2
94,1536,512,64,0,torch.bfloat16,torch.bfloat16,0.0,1.0,hsaco,4,10.72,Cijk_Ailk_Bljk_BBS_BH_UserArgs_MT64x32x32_SN_K1_PGR6_SB1_TT2_2_WG16_16_3
94,3072,512,64,0,torch.bfloat16,torch.bfloat16,0.0,1.0,hsaco,4,11.84,Cijk_Ailk_Bljk_BBS_BH_UserArgs_MT64x32x32_SN_K1_PGR6_SB1_TT2_2_WG16_16_3
94,4096,512,64,0,torch.bfloat16,torch.bfloat16,0.0,1.0,hsaco,5,12.64,Cijk_Ailk_Bljk_BBS_BH_UserArgs_MT64x64x32_SN_K1_PGR6_SB1_TT2_2_WG16_16_3
94,4608,512,64,0,torch.bfloat16,torch.bfloat16,0.0,1.0,hsaco,5,12.72,Cijk_Ailk_Bljk_BBS_BH_UserArgs_MT64x64x32_SN_K1_PGR6_SB1_TT2_2_WG16_16_3
94,7168,512,64,0,torch.bfloat16,torch.bfloat16,0.0,1.0,hsaco,6,16.0,Cijk_Ailk_Bljk_BBS_BH_UserArgs_MT64x128x32_SN_K1_PGR6_SB1_TT2_2_WG16_16_3
94,576,1536,64,0,torch.bfloat16,torch.bfloat16,0.0,1.0,hsaco,3,11.76,Cijk_Ailk_Bljk_BBS_BH_UserArgs_MT16x32x32_SN_K1_PGR6_SB1_TT2_2_WG16_16_2
94,1536,1536,64,0,torch.bfloat16,torch.bfloat16,0.0,1.0,hsaco,4,20.4,Cijk_Ailk_Bljk_BBS_BH_UserArgs_MT64x32x32_SN_K1_PGR6_SB1_TT2_2_WG16_16_3
94,3072,1536,64,0,torch.bfloat16,torch.bfloat16,0.0,1.0,hsaco,4,21.28,Cijk_Ailk_Bljk_BBS_BH_UserArgs_MT64x32x32_SN_K1_PGR6_SB1_TT2_2_WG16_16_3
94,4096,1536,64,0,torch.bfloat16,torch.bfloat16,0.0,1.0,hsaco,5,23.92,Cijk_Ailk_Bljk_BBS_BH_UserArgs_MT64x64x32_SN_K1_PGR6_SB1_TT2_2_WG16_16_3
94,4608,1536,64,0,torch.bfloat16,torch.bfloat16,0.0,1.0,hsaco,5,24.48,Cijk_Ailk_Bljk_BBS_BH_UserArgs_MT64x64x32_SN_K1_PGR6_SB1_TT2_2_WG16_16_3
94,7168,1536,64,0,torch.bfloat16,torch.bfloat16,0.0,1.0,hsaco,6,29.36,Cijk_Ailk_Bljk_BBS_BH_UserArgs_MT64x128x32_SN_K1_PGR6_SB1_TT2_2_WG16_16_3
94,512,2048,64,0,torch.bfloat16,torch.bfloat16,0.0,1.0,hsaco,3,13.68,Cijk_Ailk_Bljk_BBS_BH_UserArgs_MT16x32x32_SN_K1_PGR6_SB1_TT2_2_WG16_16_2
94,1536,2048,64,0,torch.bfloat16,torch.bfloat16,0.0,1.0,hsaco,4,25.2,Cijk_Ailk_Bljk_BBS_BH_UserArgs_MT64x32x32_SN_K1_PGR6_SB1_TT2_2_WG16_16_3
94,3072,2048,64,0,torch.bfloat16,torch.bfloat16,0.0,1.0,hsaco,4,26.88,Cijk_Ailk_Bljk_BBS_BH_UserArgs_MT64x32x32_SN_K1_PGR6_SB1_TT2_2_WG16_16_3
94,4096,2048,64,0,torch.bfloat16,torch.bfloat16,0.0,1.0,hsaco,5,29.28,Cijk_Ailk_Bljk_BBS_BH_UserArgs_MT64x64x32_SN_K1_PGR6_SB1_TT2_2_WG16_16_3
94,4608,2048,64,0,torch.bfloat16,torch.bfloat16,0.0,1.0,hsaco,5,29.2,Cijk_Ailk_Bljk_BBS_BH_UserArgs_MT64x64x32_SN_K1_PGR6_SB1_TT2_2_WG16_16_3
94,7168,2048,64,0,torch.bfloat16,torch.bfloat16,0.0,1.0,hsaco,6,35.28,Cijk_Ailk_Bljk_BBS_BH_UserArgs_MT64x128x32_SN_K1_PGR6_SB1_TT2_2_WG16_16_3
94,512,2304,64,0,torch.bfloat16,torch.bfloat16,0.0,1.0,hsaco,3,16.0,Cijk_Ailk_Bljk_BBS_BH_UserArgs_MT16x32x32_SN_K1_PGR6_SB1_TT2_2_WG16_16_2
94,1536,2304,64,0,torch.bfloat16,torch.bfloat16,0.0,1.0,hsaco,4,27.76,Cijk_Ailk_Bljk_BBS_BH_UserArgs_MT64x32x32_SN_K1_PGR6_SB1_TT2_2_WG16_16_3
94,3072,2304,64,0,torch.bfloat16,torch.bfloat16,0.0,1.0,hsaco,4,28.96,Cijk_Ailk_Bljk_BBS_BH_UserArgs_MT64x32x32_SN_K1_PGR6_SB1_TT2_2_WG16_16_3
94,4096,2304,64,0,torch.bfloat16,torch.bfloat16,0.0,1.0,hsaco,5,32.32,Cijk_Ailk_Bljk_BBS_BH_UserArgs_MT64x64x32_SN_K1_PGR6_SB1_TT2_2_WG16_16_3
94,4608,2304,64,0,torch.bfloat16,torch.bfloat16,0.0,1.0,hsaco,5,32.4,Cijk_Ailk_Bljk_BBS_BH_UserArgs_MT64x64x32_SN_K1_PGR6_SB1_TT2_2_WG16_16_3
94,7168,2304,64,0,torch.bfloat16,torch.bfloat16,0.0,1.0,hsaco,6,39.6,Cijk_Ailk_Bljk_BBS_BH_UserArgs_MT64x128x32_SN_K1_PGR6_SB1_TT2_2_WG16_16_3
94,512,7168,64,0,torch.bfloat16,torch.bfloat16,0.0,1.0,hsaco,3,40.0,Cijk_Ailk_Bljk_BBS_BH_UserArgs_MT16x32x32_SN_K1_PGR6_SB1_TT2_2_WG16_16_2
94,1536,7168,64,0,torch.bfloat16,torch.bfloat16,0.0,1.0,hsaco,4,73.92,Cijk_Ailk_Bljk_BBS_BH_UserArgs_MT64x32x32_SN_K1_PGR6_SB1_TT2_2_WG16_16_3
94,3072,7168,64,0,torch.bfloat16,torch.bfloat16,0.0,1.0,hsaco,4,76.0,Cijk_Ailk_Bljk_BBS_BH_UserArgs_MT64x32x32_SN_K1_PGR6_SB1_TT2_2_WG16_16_3
94,4096,7168,64,0,torch.bfloat16,torch.bfloat16,0.0,1.0,hsaco,5,84.16,Cijk_Ailk_Bljk_BBS_BH_UserArgs_MT64x64x32_SN_K1_PGR6_SB1_TT2_2_WG16_16_3
94,4608,7168,64,0,torch.bfloat16,torch.bfloat16,0.0,1.0,hsaco,5,84.56,Cijk_Ailk_Bljk_BBS_BH_UserArgs_MT64x64x32_SN_K1_PGR6_SB1_TT2_2_WG16_16_3
94,7168,7168,64,0,torch.bfloat16,torch.bfloat16,0.0,1.0,hsaco,6,101.68,Cijk_Ailk_Bljk_BBS_BH_UserArgs_MT64x128x32_SN_K1_PGR6_SB1_TT2_2_WG16_16_3
95,576,256,64,0,torch.bfloat16,torch.bfloat16,0.0,1.0,hsaco,3,6.08,Cijk_Ailk_Bljk_BBS_BH_UserArgs_MT16x32x32_SN_K1_PGR6_SB1_TT2_2_WG16_16_2
95,1536,256,64,0,torch.bfloat16,torch.bfloat16,0.0,1.0,hsaco,0,8.24,Cijk_Ailk_Bljk_BBS_BH_UserArgs_MT64x32x32_SN_K1_PGR6_SB1_TT2_2_WG16_16_2
95,3072,256,64,0,torch.bfloat16,torch.bfloat16,0.0,1.0,hsaco,0,8.24,Cijk_Ailk_Bljk_BBS_BH_UserArgs_MT64x32x32_SN_K1_PGR6_SB1_TT2_2_WG16_16_2
95,4096,256,64,0,torch.bfloat16,torch.bfloat16,0.0,1.0,hsaco,1,10.32,Cijk_Ailk_Bljk_BBS_BH_UserArgs_MT64x64x32_SN_K1_PGR6_SB1_TT2_2_WG16_16_2
95,4608,256,64,0,torch.bfloat16,torch.bfloat16,0.0,1.0,hsaco,1,10.64,Cijk_Ailk_Bljk_BBS_BH_UserArgs_MT64x64x32_SN_K1_PGR6_SB1_TT2_2_WG16_16_2
95,7168,256,64,0,torch.bfloat16,torch.bfloat16,0.0,1.0,hsaco,2,12.4,Cijk_Ailk_Bljk_BBS_BH_UserArgs_MT64x128x32_SN_K1_PGR6_SB1_TT2_8_WG16_16_2
95,576,512,64,0,torch.bfloat16,torch.bfloat16,0.0,1.0,hsaco,3,6.96,Cijk_Ailk_Bljk_BBS_BH_UserArgs_MT16x32x32_SN_K1_PGR6_SB1_TT2_2_WG16_16_2
95,1536,512,64,0,torch.bfloat16,torch.bfloat16,0.0,1.0,hsaco,4,10.72,Cijk_Ailk_Bljk_BBS_BH_UserArgs_MT64x32x32_SN_K1_PGR6_SB1_TT2_2_WG16_16_3
95,3072,512,64,0,torch.bfloat16,torch.bfloat16,0.0,1.0,hsaco,4,11.76,Cijk_Ailk_Bljk_BBS_BH_UserArgs_MT64x32x32_SN_K1_PGR6_SB1_TT2_2_WG16_16_3
95,4096,512,64,0,torch.bfloat16,torch.bfloat16,0.0,1.0,hsaco,5,12.64,Cijk_Ailk_Bljk_BBS_BH_UserArgs_MT64x64x32_SN_K1_PGR6_SB1_TT2_2_WG16_16_3
95,4608,512,64,0,torch.bfloat16,torch.bfloat16,0.0,1.0,hsaco,5,12.64,Cijk_Ailk_Bljk_BBS_BH_UserArgs_MT64x64x32_SN_K1_PGR6_SB1_TT2_2_WG16_16_3
95,7168,512,64,0,torch.bfloat16,torch.bfloat16,0.0,1.0,hsaco,6,16.16,Cijk_Ailk_Bljk_BBS_BH_UserArgs_MT64x128x32_SN_K1_PGR6_SB1_TT2_2_WG16_16_3
95,576,1536,64,0,torch.bfloat16,torch.bfloat16,0.0,1.0,hsaco,3,11.84,Cijk_Ailk_Bljk_BBS_BH_UserArgs_MT16x32x32_SN_K1_PGR6_SB1_TT2_2_WG16_16_2
95,1536,1536,64,0,torch.bfloat16,torch.bfloat16,0.0,1.0,hsaco,4,20.48,Cijk_Ailk_Bljk_BBS_BH_UserArgs_MT64x32x32_SN_K1_PGR6_SB1_TT2_2_WG16_16_3
95,3072,1536,64,0,torch.bfloat16,torch.bfloat16,0.0,1.0,hsaco,4,21.36,Cijk_Ailk_Bljk_BBS_BH_UserArgs_MT64x32x32_SN_K1_PGR6_SB1_TT2_2_WG16_16_3
95,4096,1536,64,0,torch.bfloat16,torch.bfloat16,0.0,1.0,hsaco,5,23.84,Cijk_Ailk_Bljk_BBS_BH_UserArgs_MT64x64x32_SN_K1_PGR6_SB1_TT2_2_WG16_16_3
95,4608,1536,64,0,torch.bfloat16,torch.bfloat16,0.0,1.0,hsaco,5,24.56,Cijk_Ailk_Bljk_BBS_BH_UserArgs_MT64x64x32_SN_K1_PGR6_SB1_TT2_2_WG16_16_3
95,7168,1536,64,0,torch.bfloat16,torch.bfloat16,0.0,1.0,hsaco,6,29.2,Cijk_Ailk_Bljk_BBS_BH_UserArgs_MT64x128x32_SN_K1_PGR6_SB1_TT2_2_WG16_16_3
95,512,2048,64,0,torch.bfloat16,torch.bfloat16,0.0,1.0,hsaco,3,13.84,Cijk_Ailk_Bljk_BBS_BH_UserArgs_MT16x32x32_SN_K1_PGR6_SB1_TT2_2_WG16_16_2
95,1536,2048,64,0,torch.bfloat16,torch.bfloat16,0.0,1.0,hsaco,4,25.2,Cijk_Ailk_Bljk_BBS_BH_UserArgs_MT64x32x32_SN_K1_PGR6_SB1_TT2_2_WG16_16_3
95,3072,2048,64,0,torch.bfloat16,torch.bfloat16,0.0,1.0,hsaco,4,26.8,Cijk_Ailk_Bljk_BBS_BH_UserArgs_MT64x32x32_SN_K1_PGR6_SB1_TT2_2_WG16_16_3
95,4096,2048,64,0,torch.bfloat16,torch.bfloat16,0.0,1.0,hsaco,5,29.28,Cijk_Ailk_Bljk_BBS_BH_UserArgs_MT64x64x32_SN_K1_PGR6_SB1_TT2_2_WG16_16_3
95,4608,2048,64,0,torch.bfloat16,torch.bfloat16,0.0,1.0,hsaco,5,29.04,Cijk_Ailk_Bljk_BBS_BH_UserArgs_MT64x64x32_SN_K1_PGR6_SB1_TT2_2_WG16_16_3
95,7168,2048,64,0,torch.bfloat16,torch.bfloat16,0.0,1.0,hsaco,6,35.28,Cijk_Ailk_Bljk_BBS_BH_UserArgs_MT64x128x32_SN_K1_PGR6_SB1_TT2_2_WG16_16_3
95,512,2304,64,0,torch.bfloat16,torch.bfloat16,0.0,1.0,hsaco,3,16.16,Cijk_Ailk_Bljk_BBS_BH_UserArgs_MT16x32x32_SN_K1_PGR6_SB1_TT2_2_WG16_16_2
95,1536,2304,64,0,torch.bfloat16,torch.bfloat16,0.0,1.0,hsaco,4,27.92,Cijk_Ailk_Bljk_BBS_BH_UserArgs_MT64x32x32_SN_K1_PGR6_SB1_TT2_2_WG16_16_3
95,3072,2304,64,0,torch.bfloat16,torch.bfloat16,0.0,1.0,hsaco,4,28.96,Cijk_Ailk_Bljk_BBS_BH_UserArgs_MT64x32x32_SN_K1_PGR6_SB1_TT2_2_WG16_16_3
95,4096,2304,64,0,torch.bfloat16,torch.bfloat16,0.0,1.0,hsaco,5,32.48,Cijk_Ailk_Bljk_BBS_BH_UserArgs_MT64x64x32_SN_K1_PGR6_SB1_TT2_2_WG16_16_3
95,4608,2304,64,0,torch.bfloat16,torch.bfloat16,0.0,1.0,hsaco,5,32.4,Cijk_Ailk_Bljk_BBS_BH_UserArgs_MT64x64x32_SN_K1_PGR6_SB1_TT2_2_WG16_16_3
95,7168,2304,64,0,torch.bfloat16,torch.bfloat16,0.0,1.0,hsaco,6,39.52,Cijk_Ailk_Bljk_BBS_BH_UserArgs_MT64x128x32_SN_K1_PGR6_SB1_TT2_2_WG16_16_3
95,512,7168,64,0,torch.bfloat16,torch.bfloat16,0.0,1.0,hsaco,3,39.84,Cijk_Ailk_Bljk_BBS_BH_UserArgs_MT16x32x32_SN_K1_PGR6_SB1_TT2_2_WG16_16_2
95,1536,7168,64,0,torch.bfloat16,torch.bfloat16,0.0,1.0,hsaco,4,74.0,Cijk_Ailk_Bljk_BBS_BH_UserArgs_MT64x32x32_SN_K1_PGR6_SB1_TT2_2_WG16_16_3
95,3072,7168,64,0,torch.bfloat16,torch.bfloat16,0.0,1.0,hsaco,4,75.68,Cijk_Ailk_Bljk_BBS_BH_UserArgs_MT64x32x32_SN_K1_PGR6_SB1_TT2_2_WG16_16_3
95,4096,7168,64,0,torch.bfloat16,torch.bfloat16,0.0,1.0,hsaco,5,84.88,Cijk_Ailk_Bljk_BBS_BH_UserArgs_MT64x64x32_SN_K1_PGR6_SB1_TT2_2_WG16_16_3
95,4608,7168,64,0,torch.bfloat16,torch.bfloat16,0.0,1.0,hsaco,5,86.88,Cijk_Ailk_Bljk_BBS_BH_UserArgs_MT64x64x32_SN_K1_PGR6_SB1_TT2_2_WG16_16_3
95,7168,7168,64,0,torch.bfloat16,torch.bfloat16,0.0,1.0,hsaco,6,102.32,Cijk_Ailk_Bljk_BBS_BH_UserArgs_MT64x128x32_SN_K1_PGR6_SB1_TT2_2_WG16_16_3
96,576,256,64,0,torch.bfloat16,torch.bfloat16,0.0,1.0,hsaco,3,6.0,Cijk_Ailk_Bljk_BBS_BH_UserArgs_MT16x32x32_SN_K1_PGR6_SB1_TT2_2_WG16_16_2
96,1536,256,64,0,torch.bfloat16,torch.bfloat16,0.0,1.0,hsaco,0,8.4,Cijk_Ailk_Bljk_BBS_BH_UserArgs_MT64x32x32_SN_K1_PGR6_SB1_TT2_2_WG16_16_2
96,3072,256,64,0,torch.bfloat16,torch.bfloat16,0.0,1.0,hsaco,0,8.56,Cijk_Ailk_Bljk_BBS_BH_UserArgs_MT64x32x32_SN_K1_PGR6_SB1_TT2_2_WG16_16_2
96,4096,256,64,0,torch.bfloat16,torch.bfloat16,0.0,1.0,hsaco,1,10.16,Cijk_Ailk_Bljk_BBS_BH_UserArgs_MT64x64x32_SN_K1_PGR6_SB1_TT2_2_WG16_16_2
96,4608,256,64,0,torch.bfloat16,torch.bfloat16,0.0,1.0,hsaco,1,10.56,Cijk_Ailk_Bljk_BBS_BH_UserArgs_MT64x64x32_SN_K1_PGR6_SB1_TT2_2_WG16_16_2
96,7168,256,64,0,torch.bfloat16,torch.bfloat16,0.0,1.0,hsaco,2,12.16,Cijk_Ailk_Bljk_BBS_BH_UserArgs_MT64x128x32_SN_K1_PGR6_SB1_TT2_8_WG16_16_2
96,576,512,64,0,torch.bfloat16,torch.bfloat16,0.0,1.0,hsaco,3,6.96,Cijk_Ailk_Bljk_BBS_BH_UserArgs_MT16x32x32_SN_K1_PGR6_SB1_TT2_2_WG16_16_2
96,1536,512,64,0,torch.bfloat16,torch.bfloat16,0.0,1.0,hsaco,4,10.72,Cijk_Ailk_Bljk_BBS_BH_UserArgs_MT64x32x32_SN_K1_PGR6_SB1_TT2_2_WG16_16_3
96,3072,512,64,0,torch.bfloat16,torch.bfloat16,0.0,1.0,hsaco,4,11.84,Cijk_Ailk_Bljk_BBS_BH_UserArgs_MT64x32x32_SN_K1_PGR6_SB1_TT2_2_WG16_16_3
96,4096,512,64,0,torch.bfloat16,torch.bfloat16,0.0,1.0,hsaco,5,12.56,Cijk_Ailk_Bljk_BBS_BH_UserArgs_MT64x64x32_SN_K1_PGR6_SB1_TT2_2_WG16_16_3
96,4608,512,64,0,torch.bfloat16,torch.bfloat16,0.0,1.0,hsaco,5,12.72,Cijk_Ailk_Bljk_BBS_BH_UserArgs_MT64x64x32_SN_K1_PGR6_SB1_TT2_2_WG16_16_3
96,7168,512,64,0,torch.bfloat16,torch.bfloat16,0.0,1.0,hsaco,6,16.08,Cijk_Ailk_Bljk_BBS_BH_UserArgs_MT64x128x32_SN_K1_PGR6_SB1_TT2_2_WG16_16_3
96,576,1536,64,0,torch.bfloat16,torch.bfloat16,0.0,1.0,hsaco,3,11.84,Cijk_Ailk_Bljk_BBS_BH_UserArgs_MT16x32x32_SN_K1_PGR6_SB1_TT2_2_WG16_16_2
96,1536,1536,64,0,torch.bfloat16,torch.bfloat16,0.0,1.0,hsaco,4,20.56,Cijk_Ailk_Bljk_BBS_BH_UserArgs_MT64x32x32_SN_K1_PGR6_SB1_TT2_2_WG16_16_3
96,3072,1536,64,0,torch.bfloat16,torch.bfloat16,0.0,1.0,hsaco,4,21.12,Cijk_Ailk_Bljk_BBS_BH_UserArgs_MT64x32x32_SN_K1_PGR6_SB1_TT2_2_WG16_16_3
96,4096,1536,64,0,torch.bfloat16,torch.bfloat16,0.0,1.0,hsaco,5,24.56,Cijk_Ailk_Bljk_BBS_BH_UserArgs_MT64x64x32_SN_K1_PGR6_SB1_TT2_2_WG16_16_3
96,4608,1536,64,0,torch.bfloat16,torch.bfloat16,0.0,1.0,hsaco,5,24.56,Cijk_Ailk_Bljk_BBS_BH_UserArgs_MT64x64x32_SN_K1_PGR6_SB1_TT2_2_WG16_16_3
96,7168,1536,64,0,torch.bfloat16,torch.bfloat16,0.0,1.0,hsaco,6,29.68,Cijk_Ailk_Bljk_BBS_BH_UserArgs_MT64x128x32_SN_K1_PGR6_SB1_TT2_2_WG16_16_3
96,512,2048,64,0,torch.bfloat16,torch.bfloat16,0.0,1.0,hsaco,3,13.68,Cijk_Ailk_Bljk_BBS_BH_UserArgs_MT16x32x32_SN_K1_PGR6_SB1_TT2_2_WG16_16_2
96,1536,2048,64,0,torch.bfloat16,torch.bfloat16,0.0,1.0,hsaco,4,25.2,Cijk_Ailk_Bljk_BBS_BH_UserArgs_MT64x32x32_SN_K1_PGR6_SB1_TT2_2_WG16_16_3
96,3072,2048,64,0,torch.bfloat16,torch.bfloat16,0.0,1.0,hsaco,4,26.88,Cijk_Ailk_Bljk_BBS_BH_UserArgs_MT64x32x32_SN_K1_PGR6_SB1_TT2_2_WG16_16_3
96,4096,2048,64,0,torch.bfloat16,torch.bfloat16,0.0,1.0,hsaco,5,29.28,Cijk_Ailk_Bljk_BBS_BH_UserArgs_MT64x64x32_SN_K1_PGR6_SB1_TT2_2_WG16_16_3
96,4608,2048,64,0,torch.bfloat16,torch.bfloat16,0.0,1.0,hsaco,5,29.12,Cijk_Ailk_Bljk_BBS_BH_UserArgs_MT64x64x32_SN_K1_PGR6_SB1_TT2_2_WG16_16_3
96,7168,2048,64,0,torch.bfloat16,torch.bfloat16,0.0,1.0,hsaco,6,35.28,Cijk_Ailk_Bljk_BBS_BH_UserArgs_MT64x128x32_SN_K1_PGR6_SB1_TT2_2_WG16_16_3
96,512,2304,64,0,torch.bfloat16,torch.bfloat16,0.0,1.0,hsaco,3,16.32,Cijk_Ailk_Bljk_BBS_BH_UserArgs_MT16x32x32_SN_K1_PGR6_SB1_TT2_2_WG16_16_2
96,1536,2304,64,0,torch.bfloat16,torch.bfloat16,0.0,1.0,hsaco,4,27.92,Cijk_Ailk_Bljk_BBS_BH_UserArgs_MT64x32x32_SN_K1_PGR6_SB1_TT2_2_WG16_16_3
96,3072,2304,64,0,torch.bfloat16,torch.bfloat16,0.0,1.0,hsaco,4,28.96,Cijk_Ailk_Bljk_BBS_BH_UserArgs_MT64x32x32_SN_K1_PGR6_SB1_TT2_2_WG16_16_3
96,4096,2304,64,0,torch.bfloat16,torch.bfloat16,0.0,1.0,hsaco,5,32.64,Cijk_Ailk_Bljk_BBS_BH_UserArgs_MT64x64x32_SN_K1_PGR6_SB1_TT2_2_WG16_16_3
96,4608,2304,64,0,torch.bfloat16,torch.bfloat16,0.0,1.0,hsaco,5,32.48,Cijk_Ailk_Bljk_BBS_BH_UserArgs_MT64x64x32_SN_K1_PGR6_SB1_TT2_2_WG16_16_3
96,7168,2304,64,0,torch.bfloat16,torch.bfloat16,0.0,1.0,hsaco,6,39.6,Cijk_Ailk_Bljk_BBS_BH_UserArgs_MT64x128x32_SN_K1_PGR6_SB1_TT2_2_WG16_16_3
96,512,7168,64,0,torch.bfloat16,torch.bfloat16,0.0,1.0,hsaco,3,40.08,Cijk_Ailk_Bljk_BBS_BH_UserArgs_MT16x32x32_SN_K1_PGR6_SB1_TT2_2_WG16_16_2
96,1536,7168,64,0,torch.bfloat16,torch.bfloat16,0.0,1.0,hsaco,4,74.08,Cijk_Ailk_Bljk_BBS_BH_UserArgs_MT64x32x32_SN_K1_PGR6_SB1_TT2_2_WG16_16_3
96,3072,7168,64,0,torch.bfloat16,torch.bfloat16,0.0,1.0,hsaco,4,75.76,Cijk_Ailk_Bljk_BBS_BH_UserArgs_MT64x32x32_SN_K1_PGR6_SB1_TT2_2_WG16_16_3
96,4096,7168,64,0,torch.bfloat16,torch.bfloat16,0.0,1.0,hsaco,5,84.24,Cijk_Ailk_Bljk_BBS_BH_UserArgs_MT64x64x32_SN_K1_PGR6_SB1_TT2_2_WG16_16_3
96,4608,7168,64,0,torch.bfloat16,torch.bfloat16,0.0,1.0,hsaco,5,85.28,Cijk_Ailk_Bljk_BBS_BH_UserArgs_MT64x64x32_SN_K1_PGR6_SB1_TT2_2_WG16_16_3
96,7168,7168,64,0,torch.bfloat16,torch.bfloat16,0.0,1.0,hsaco,6,102.64,Cijk_Ailk_Bljk_BBS_BH_UserArgs_MT64x128x32_SN_K1_PGR6_SB1_TT2_2_WG16_16_3
97,576,256,64,0,torch.bfloat16,torch.bfloat16,0.0,1.0,hsaco,3,6.08,Cijk_Ailk_Bljk_BBS_BH_UserArgs_MT16x32x32_SN_K1_PGR6_SB1_TT2_2_WG16_16_2
97,1536,256,64,0,torch.bfloat16,torch.bfloat16,0.0,1.0,hsaco,0,8.24,Cijk_Ailk_Bljk_BBS_BH_UserArgs_MT64x32x32_SN_K1_PGR6_SB1_TT2_2_WG16_16_2
97,3072,256,64,0,torch.bfloat16,torch.bfloat16,0.0,1.0,hsaco,1,10.24,Cijk_Ailk_Bljk_BBS_BH_UserArgs_MT64x64x32_SN_K1_PGR6_SB1_TT2_2_WG16_16_2
97,4096,256,64,0,torch.bfloat16,torch.bfloat16,0.0,1.0,hsaco,1,10.24,Cijk_Ailk_Bljk_BBS_BH_UserArgs_MT64x64x32_SN_K1_PGR6_SB1_TT2_2_WG16_16_2
97,4608,256,64,0,torch.bfloat16,torch.bfloat16,0.0,1.0,hsaco,1,10.48,Cijk_Ailk_Bljk_BBS_BH_UserArgs_MT64x64x32_SN_K1_PGR6_SB1_TT2_2_WG16_16_2
97,7168,256,64,0,torch.bfloat16,torch.bfloat16,0.0,1.0,hsaco,2,12.16,Cijk_Ailk_Bljk_BBS_BH_UserArgs_MT64x128x32_SN_K1_PGR6_SB1_TT2_8_WG16_16_2
97,576,512,64,0,torch.bfloat16,torch.bfloat16,0.0,1.0,hsaco,3,6.96,Cijk_Ailk_Bljk_BBS_BH_UserArgs_MT16x32x32_SN_K1_PGR6_SB1_TT2_2_WG16_16_2
97,1536,512,64,0,torch.bfloat16,torch.bfloat16,0.0,1.0,hsaco,4,10.8,Cijk_Ailk_Bljk_BBS_BH_UserArgs_MT64x32x32_SN_K1_PGR6_SB1_TT2_2_WG16_16_3
97,3072,512,64,0,torch.bfloat16,torch.bfloat16,0.0,1.0,hsaco,5,13.52,Cijk_Ailk_Bljk_BBS_BH_UserArgs_MT64x64x32_SN_K1_PGR6_SB1_TT2_2_WG16_16_3
97,4096,512,64,0,torch.bfloat16,torch.bfloat16,0.0,1.0,hsaco,5,12.56,Cijk_Ailk_Bljk_BBS_BH_UserArgs_MT64x64x32_SN_K1_PGR6_SB1_TT2_2_WG16_16_3
97,4608,512,64,0,torch.bfloat16,torch.bfloat16,0.0,1.0,hsaco,5,12.64,Cijk_Ailk_Bljk_BBS_BH_UserArgs_MT64x64x32_SN_K1_PGR6_SB1_TT2_2_WG16_16_3
97,7168,512,64,0,torch.bfloat16,torch.bfloat16,0.0,1.0,hsaco,6,16.08,Cijk_Ailk_Bljk_BBS_BH_UserArgs_MT64x128x32_SN_K1_PGR6_SB1_TT2_2_WG16_16_3
97,576,1536,64,0,torch.bfloat16,torch.bfloat16,0.0,1.0,hsaco,3,12.0,Cijk_Ailk_Bljk_BBS_BH_UserArgs_MT16x32x32_SN_K1_PGR6_SB1_TT2_2_WG16_16_2
97,1536,1536,64,0,torch.bfloat16,torch.bfloat16,0.0,1.0,hsaco,4,20.32,Cijk_Ailk_Bljk_BBS_BH_UserArgs_MT64x32x32_SN_K1_PGR6_SB1_TT2_2_WG16_16_3
97,3072,1536,64,0,torch.bfloat16,torch.bfloat16,0.0,1.0,hsaco,5,23.6,Cijk_Ailk_Bljk_BBS_BH_UserArgs_MT64x64x32_SN_K1_PGR6_SB1_TT2_2_WG16_16_3
97,4096,1536,64,0,torch.bfloat16,torch.bfloat16,0.0,1.0,hsaco,5,24.56,Cijk_Ailk_Bljk_BBS_BH_UserArgs_MT64x64x32_SN_K1_PGR6_SB1_TT2_2_WG16_16_3
97,4608,1536,64,0,torch.bfloat16,torch.bfloat16,0.0,1.0,hsaco,5,24.24,Cijk_Ailk_Bljk_BBS_BH_UserArgs_MT64x64x32_SN_K1_PGR6_SB1_TT2_2_WG16_16_3
97,7168,1536,64,0,torch.bfloat16,torch.bfloat16,0.0,1.0,hsaco,6,29.36,Cijk_Ailk_Bljk_BBS_BH_UserArgs_MT64x128x32_SN_K1_PGR6_SB1_TT2_2_WG16_16_3
97,512,2048,64,0,torch.bfloat16,torch.bfloat16,0.0,1.0,hsaco,3,13.84,Cijk_Ailk_Bljk_BBS_BH_UserArgs_MT16x32x32_SN_K1_PGR6_SB1_TT2_2_WG16_16_2
97,1536,2048,64,0,torch.bfloat16,torch.bfloat16,0.0,1.0,hsaco,4,25.28,Cijk_Ailk_Bljk_BBS_BH_UserArgs_MT64x32x32_SN_K1_PGR6_SB1_TT2_2_WG16_16_3
97,3072,2048,64,0,torch.bfloat16,torch.bfloat16,0.0,1.0,hsaco,5,29.76,Cijk_Ailk_Bljk_BBS_BH_UserArgs_MT64x64x32_SN_K1_PGR6_SB1_TT2_2_WG16_16_3
97,4096,2048,64,0,torch.bfloat16,torch.bfloat16,0.0,1.0,hsaco,5,29.28,Cijk_Ailk_Bljk_BBS_BH_UserArgs_MT64x64x32_SN_K1_PGR6_SB1_TT2_2_WG16_16_3
97,4608,2048,64,0,torch.bfloat16,torch.bfloat16,0.0,1.0,hsaco,5,29.28,Cijk_Ailk_Bljk_BBS_BH_UserArgs_MT64x64x32_SN_K1_PGR6_SB1_TT2_2_WG16_16_3
97,7168,2048,64,0,torch.bfloat16,torch.bfloat16,0.0,1.0,hsaco,6,35.52,Cijk_Ailk_Bljk_BBS_BH_UserArgs_MT64x128x32_SN_K1_PGR6_SB1_TT2_2_WG16_16_3
97,512,2304,64,0,torch.bfloat16,torch.bfloat16,0.0,1.0,hsaco,3,15.92,Cijk_Ailk_Bljk_BBS_BH_UserArgs_MT16x32x32_SN_K1_PGR6_SB1_TT2_2_WG16_16_2
97,1536,2304,64,0,torch.bfloat16,torch.bfloat16,0.0,1.0,hsaco,4,27.92,Cijk_Ailk_Bljk_BBS_BH_UserArgs_MT64x32x32_SN_K1_PGR6_SB1_TT2_2_WG16_16_3
97,3072,2304,64,0,torch.bfloat16,torch.bfloat16,0.0,1.0,hsaco,5,31.84,Cijk_Ailk_Bljk_BBS_BH_UserArgs_MT64x64x32_SN_K1_PGR6_SB1_TT2_2_WG16_16_3
97,4096,2304,64,0,torch.bfloat16,torch.bfloat16,0.0,1.0,hsaco,5,32.48,Cijk_Ailk_Bljk_BBS_BH_UserArgs_MT64x64x32_SN_K1_PGR6_SB1_TT2_2_WG16_16_3
97,4608,2304,64,0,torch.bfloat16,torch.bfloat16,0.0,1.0,hsaco,5,32.56,Cijk_Ailk_Bljk_BBS_BH_UserArgs_MT64x64x32_SN_K1_PGR6_SB1_TT2_2_WG16_16_3
97,7168,2304,64,0,torch.bfloat16,torch.bfloat16,0.0,1.0,hsaco,6,39.76,Cijk_Ailk_Bljk_BBS_BH_UserArgs_MT64x128x32_SN_K1_PGR6_SB1_TT2_2_WG16_16_3
97,512,7168,64,0,torch.bfloat16,torch.bfloat16,0.0,1.0,hsaco,3,36.16,Cijk_Ailk_Bljk_BBS_BH_UserArgs_MT16x32x32_SN_K1_PGR6_SB1_TT2_2_WG16_16_2
97,1536,7168,64,0,torch.bfloat16,torch.bfloat16,0.0,1.0,hsaco,4,74.24,Cijk_Ailk_Bljk_BBS_BH_UserArgs_MT64x32x32_SN_K1_PGR6_SB1_TT2_2_WG16_16_3
97,3072,7168,64,0,torch.bfloat16,torch.bfloat16,0.0,1.0,hsaco,5,83.2,Cijk_Ailk_Bljk_BBS_BH_UserArgs_MT64x64x32_SN_K1_PGR6_SB1_TT2_2_WG16_16_3
97,4096,7168,64,0,torch.bfloat16,torch.bfloat16,0.0,1.0,hsaco,5,84.72,Cijk_Ailk_Bljk_BBS_BH_UserArgs_MT64x64x32_SN_K1_PGR6_SB1_TT2_2_WG16_16_3
97,4608,7168,64,0,torch.bfloat16,torch.bfloat16,0.0,1.0,hsaco,5,88.4,Cijk_Ailk_Bljk_BBS_BH_UserArgs_MT64x64x32_SN_K1_PGR6_SB1_TT2_2_WG16_16_3
97,7168,7168,64,0,torch.bfloat16,torch.bfloat16,0.0,1.0,hsaco,6,102.08,Cijk_Ailk_Bljk_BBS_BH_UserArgs_MT64x128x32_SN_K1_PGR6_SB1_TT2_2_WG16_16_3
98,576,256,64,0,torch.bfloat16,torch.bfloat16,0.0,1.0,hsaco,3,6.08,Cijk_Ailk_Bljk_BBS_BH_UserArgs_MT16x32x32_SN_K1_PGR6_SB1_TT2_2_WG16_16_2
98,1536,256,64,0,torch.bfloat16,torch.bfloat16,0.0,1.0,hsaco,0,8.24,Cijk_Ailk_Bljk_BBS_BH_UserArgs_MT64x32x32_SN_K1_PGR6_SB1_TT2_2_WG16_16_2
98,3072,256,64,0,torch.bfloat16,torch.bfloat16,0.0,1.0,hsaco,1,9.52,Cijk_Ailk_Bljk_BBS_BH_UserArgs_MT64x64x32_SN_K1_PGR6_SB1_TT2_2_WG16_16_2
98,4096,256,64,0,torch.bfloat16,torch.bfloat16,0.0,1.0,hsaco,1,10.32,Cijk_Ailk_Bljk_BBS_BH_UserArgs_MT64x64x32_SN_K1_PGR6_SB1_TT2_2_WG16_16_2
98,4608,256,64,0,torch.bfloat16,torch.bfloat16,0.0,1.0,hsaco,1,10.72,Cijk_Ailk_Bljk_BBS_BH_UserArgs_MT64x64x32_SN_K1_PGR6_SB1_TT2_2_WG16_16_2
98,7168,256,64,0,torch.bfloat16,torch.bfloat16,0.0,1.0,hsaco,2,12.24,Cijk_Ailk_Bljk_BBS_BH_UserArgs_MT64x128x32_SN_K1_PGR6_SB1_TT2_8_WG16_16_2
98,576,512,64,0,torch.bfloat16,torch.bfloat16,0.0,1.0,hsaco,3,7.04,Cijk_Ailk_Bljk_BBS_BH_UserArgs_MT16x32x32_SN_K1_PGR6_SB1_TT2_2_WG16_16_2
98,1536,512,64,0,torch.bfloat16,torch.bfloat16,0.0,1.0,hsaco,4,10.72,Cijk_Ailk_Bljk_BBS_BH_UserArgs_MT64x32x32_SN_K1_PGR6_SB1_TT2_2_WG16_16_3
98,3072,512,64,0,torch.bfloat16,torch.bfloat16,0.0,1.0,hsaco,5,13.52,Cijk_Ailk_Bljk_BBS_BH_UserArgs_MT64x64x32_SN_K1_PGR6_SB1_TT2_2_WG16_16_3
98,4096,512,64,0,torch.bfloat16,torch.bfloat16,0.0,1.0,hsaco,5,12.64,Cijk_Ailk_Bljk_BBS_BH_UserArgs_MT64x64x32_SN_K1_PGR6_SB1_TT2_2_WG16_16_3
98,4608,512,64,0,torch.bfloat16,torch.bfloat16,0.0,1.0,hsaco,5,13.28,Cijk_Ailk_Bljk_BBS_BH_UserArgs_MT64x64x32_SN_K1_PGR6_SB1_TT2_2_WG16_16_3
98,7168,512,64,0,torch.bfloat16,torch.bfloat16,0.0,1.0,hsaco,6,16.08,Cijk_Ailk_Bljk_BBS_BH_UserArgs_MT64x128x32_SN_K1_PGR6_SB1_TT2_2_WG16_16_3
98,576,1536,64,0,torch.bfloat16,torch.bfloat16,0.0,1.0,hsaco,3,12.0,Cijk_Ailk_Bljk_BBS_BH_UserArgs_MT16x32x32_SN_K1_PGR6_SB1_TT2_2_WG16_16_2
98,1536,1536,64,0,torch.bfloat16,torch.bfloat16,0.0,1.0,hsaco,4,20.48,Cijk_Ailk_Bljk_BBS_BH_UserArgs_MT64x32x32_SN_K1_PGR6_SB1_TT2_2_WG16_16_3
98,3072,1536,64,0,torch.bfloat16,torch.bfloat16,0.0,1.0,hsaco,5,23.68,Cijk_Ailk_Bljk_BBS_BH_UserArgs_MT64x64x32_SN_K1_PGR6_SB1_TT2_2_WG16_16_3
98,4096,1536,64,0,torch.bfloat16,torch.bfloat16,0.0,1.0,hsaco,5,24.48,Cijk_Ailk_Bljk_BBS_BH_UserArgs_MT64x64x32_SN_K1_PGR6_SB1_TT2_2_WG16_16_3
98,4608,1536,64,0,torch.bfloat16,torch.bfloat16,0.0,1.0,hsaco,5,24.64,Cijk_Ailk_Bljk_BBS_BH_UserArgs_MT64x64x32_SN_K1_PGR6_SB1_TT2_2_WG16_16_3
98,7168,1536,64,0,torch.bfloat16,torch.bfloat16,0.0,1.0,hsaco,6,29.28,Cijk_Ailk_Bljk_BBS_BH_UserArgs_MT64x128x32_SN_K1_PGR6_SB1_TT2_2_WG16_16_3
98,512,2048,64,0,torch.bfloat16,torch.bfloat16,0.0,1.0,hsaco,3,13.84,Cijk_Ailk_Bljk_BBS_BH_UserArgs_MT16x32x32_SN_K1_PGR6_SB1_TT2_2_WG16_16_2
98,1536,2048,64,0,torch.bfloat16,torch.bfloat16,0.0,1.0,hsaco,4,25.2,Cijk_Ailk_Bljk_BBS_BH_UserArgs_MT64x32x32_SN_K1_PGR6_SB1_TT2_2_WG16_16_3
98,3072,2048,64,0,torch.bfloat16,torch.bfloat16,0.0,1.0,hsaco,5,28.8,Cijk_Ailk_Bljk_BBS_BH_UserArgs_MT64x64x32_SN_K1_PGR6_SB1_TT2_2_WG16_16_3
98,4096,2048,64,0,torch.bfloat16,torch.bfloat16,0.0,1.0,hsaco,5,29.28,Cijk_Ailk_Bljk_BBS_BH_UserArgs_MT64x64x32_SN_K1_PGR6_SB1_TT2_2_WG16_16_3
98,4608,2048,64,0,torch.bfloat16,torch.bfloat16,0.0,1.0,hsaco,5,29.04,Cijk_Ailk_Bljk_BBS_BH_UserArgs_MT64x64x32_SN_K1_PGR6_SB1_TT2_2_WG16_16_3
98,7168,2048,64,0,torch.bfloat16,torch.bfloat16,0.0,1.0,hsaco,6,35.92,Cijk_Ailk_Bljk_BBS_BH_UserArgs_MT64x128x32_SN_K1_PGR6_SB1_TT2_2_WG16_16_3
98,512,2304,64,0,torch.bfloat16,torch.bfloat16,0.0,1.0,hsaco,3,15.84,Cijk_Ailk_Bljk_BBS_BH_UserArgs_MT16x32x32_SN_K1_PGR6_SB1_TT2_2_WG16_16_2
98,1536,2304,64,0,torch.bfloat16,torch.bfloat16,0.0,1.0,hsaco,4,27.84,Cijk_Ailk_Bljk_BBS_BH_UserArgs_MT64x32x32_SN_K1_PGR6_SB1_TT2_2_WG16_16_3
98,3072,2304,64,0,torch.bfloat16,torch.bfloat16,0.0,1.0,hsaco,5,31.84,Cijk_Ailk_Bljk_BBS_BH_UserArgs_MT64x64x32_SN_K1_PGR6_SB1_TT2_2_WG16_16_3
98,4096,2304,64,0,torch.bfloat16,torch.bfloat16,0.0,1.0,hsaco,5,32.48,Cijk_Ailk_Bljk_BBS_BH_UserArgs_MT64x64x32_SN_K1_PGR6_SB1_TT2_2_WG16_16_3
98,4608,2304,64,0,torch.bfloat16,torch.bfloat16,0.0,1.0,hsaco,5,32.72,Cijk_Ailk_Bljk_BBS_BH_UserArgs_MT64x64x32_SN_K1_PGR6_SB1_TT2_2_WG16_16_3
98,7168,2304,64,0,torch.bfloat16,torch.bfloat16,0.0,1.0,hsaco,6,39.6,Cijk_Ailk_Bljk_BBS_BH_UserArgs_MT64x128x32_SN_K1_PGR6_SB1_TT2_2_WG16_16_3
98,512,7168,64,0,torch.bfloat16,torch.bfloat16,0.0,1.0,hsaco,3,36.8,Cijk_Ailk_Bljk_BBS_BH_UserArgs_MT16x32x32_SN_K1_PGR6_SB1_TT2_2_WG16_16_2
98,1536,7168,64,0,torch.bfloat16,torch.bfloat16,0.0,1.0,hsaco,4,74.08,Cijk_Ailk_Bljk_BBS_BH_UserArgs_MT64x32x32_SN_K1_PGR6_SB1_TT2_2_WG16_16_3
98,3072,7168,64,0,torch.bfloat16,torch.bfloat16,0.0,1.0,hsaco,5,83.28,Cijk_Ailk_Bljk_BBS_BH_UserArgs_MT64x64x32_SN_K1_PGR6_SB1_TT2_2_WG16_16_3
98,4096,7168,64,0,torch.bfloat16,torch.bfloat16,0.0,1.0,hsaco,5,84.32,Cijk_Ailk_Bljk_BBS_BH_UserArgs_MT64x64x32_SN_K1_PGR6_SB1_TT2_2_WG16_16_3
98,4608,7168,64,0,torch.bfloat16,torch.bfloat16,0.0,1.0,hsaco,5,85.76,Cijk_Ailk_Bljk_BBS_BH_UserArgs_MT64x64x32_SN_K1_PGR6_SB1_TT2_2_WG16_16_3
98,7168,7168,64,0,torch.bfloat16,torch.bfloat16,0.0,1.0,hsaco,6,103.04,Cijk_Ailk_Bljk_BBS_BH_UserArgs_MT64x128x32_SN_K1_PGR6_SB1_TT2_2_WG16_16_3
99,576,256,64,0,torch.bfloat16,torch.bfloat16,0.0,1.0,hsaco,3,6.16,Cijk_Ailk_Bljk_BBS_BH_UserArgs_MT16x32x32_SN_K1_PGR6_SB1_TT2_2_WG16_16_2
99,1536,256,64,0,torch.bfloat16,torch.bfloat16,0.0,1.0,hsaco,0,8.32,Cijk_Ailk_Bljk_BBS_BH_UserArgs_MT64x32x32_SN_K1_PGR6_SB1_TT2_2_WG16_16_2
99,3072,256,64,0,torch.bfloat16,torch.bfloat16,0.0,1.0,hsaco,1,9.52,Cijk_Ailk_Bljk_BBS_BH_UserArgs_MT64x64x32_SN_K1_PGR6_SB1_TT2_2_WG16_16_2
99,4096,256,64,0,torch.bfloat16,torch.bfloat16,0.0,1.0,hsaco,1,10.16,Cijk_Ailk_Bljk_BBS_BH_UserArgs_MT64x64x32_SN_K1_PGR6_SB1_TT2_2_WG16_16_2
99,4608,256,64,0,torch.bfloat16,torch.bfloat16,0.0,1.0,hsaco,1,10.56,Cijk_Ailk_Bljk_BBS_BH_UserArgs_MT64x64x32_SN_K1_PGR6_SB1_TT2_2_WG16_16_2
99,7168,256,64,0,torch.bfloat16,torch.bfloat16,0.0,1.0,hsaco,2,12.24,Cijk_Ailk_Bljk_BBS_BH_UserArgs_MT64x128x32_SN_K1_PGR6_SB1_TT2_8_WG16_16_2
99,576,512,64,0,torch.bfloat16,torch.bfloat16,0.0,1.0,hsaco,3,7.04,Cijk_Ailk_Bljk_BBS_BH_UserArgs_MT16x32x32_SN_K1_PGR6_SB1_TT2_2_WG16_16_2
99,1536,512,64,0,torch.bfloat16,torch.bfloat16,0.0,1.0,hsaco,4,10.8,Cijk_Ailk_Bljk_BBS_BH_UserArgs_MT64x32x32_SN_K1_PGR6_SB1_TT2_2_WG16_16_3
99,3072,512,64,0,torch.bfloat16,torch.bfloat16,0.0,1.0,hsaco,5,13.36,Cijk_Ailk_Bljk_BBS_BH_UserArgs_MT64x64x32_SN_K1_PGR6_SB1_TT2_2_WG16_16_3
99,4096,512,64,0,torch.bfloat16,torch.bfloat16,0.0,1.0,hsaco,5,12.64,Cijk_Ailk_Bljk_BBS_BH_UserArgs_MT64x64x32_SN_K1_PGR6_SB1_TT2_2_WG16_16_3
99,4608,512,64,0,torch.bfloat16,torch.bfloat16,0.0,1.0,hsaco,5,12.72,Cijk_Ailk_Bljk_BBS_BH_UserArgs_MT64x64x32_SN_K1_PGR6_SB1_TT2_2_WG16_16_3
99,7168,512,64,0,torch.bfloat16,torch.bfloat16,0.0,1.0,hsaco,6,16.0,Cijk_Ailk_Bljk_BBS_BH_UserArgs_MT64x128x32_SN_K1_PGR6_SB1_TT2_2_WG16_16_3
99,576,1536,64,0,torch.bfloat16,torch.bfloat16,0.0,1.0,hsaco,3,12.0,Cijk_Ailk_Bljk_BBS_BH_UserArgs_MT16x32x32_SN_K1_PGR6_SB1_TT2_2_WG16_16_2
99,1536,1536,64,0,torch.bfloat16,torch.bfloat16,0.0,1.0,hsaco,4,20.56,Cijk_Ailk_Bljk_BBS_BH_UserArgs_MT64x32x32_SN_K1_PGR6_SB1_TT2_2_WG16_16_3
99,3072,1536,64,0,torch.bfloat16,torch.bfloat16,0.0,1.0,hsaco,5,23.68,Cijk_Ailk_Bljk_BBS_BH_UserArgs_MT64x64x32_SN_K1_PGR6_SB1_TT2_2_WG16_16_3
99,4096,1536,64,0,torch.bfloat16,torch.bfloat16,0.0,1.0,hsaco,5,24.32,Cijk_Ailk_Bljk_BBS_BH_UserArgs_MT64x64x32_SN_K1_PGR6_SB1_TT2_2_WG16_16_3
99,4608,1536,64,0,torch.bfloat16,torch.bfloat16,0.0,1.0,hsaco,5,24.56,Cijk_Ailk_Bljk_BBS_BH_UserArgs_MT64x64x32_SN_K1_PGR6_SB1_TT2_2_WG16_16_3
99,7168,1536,64,0,torch.bfloat16,torch.bfloat16,0.0,1.0,hsaco,6,29.68,Cijk_Ailk_Bljk_BBS_BH_UserArgs_MT64x128x32_SN_K1_PGR6_SB1_TT2_2_WG16_16_3
99,512,2048,64,0,torch.bfloat16,torch.bfloat16,0.0,1.0,hsaco,3,14.08,Cijk_Ailk_Bljk_BBS_BH_UserArgs_MT16x32x32_SN_K1_PGR6_SB1_TT2_2_WG16_16_2
99,1536,2048,64,0,torch.bfloat16,torch.bfloat16,0.0,1.0,hsaco,4,25.2,Cijk_Ailk_Bljk_BBS_BH_UserArgs_MT64x32x32_SN_K1_PGR6_SB1_TT2_2_WG16_16_3
99,3072,2048,64,0,torch.bfloat16,torch.bfloat16,0.0,1.0,hsaco,5,28.88,Cijk_Ailk_Bljk_BBS_BH_UserArgs_MT64x64x32_SN_K1_PGR6_SB1_TT2_2_WG16_16_3
99,4096,2048,64,0,torch.bfloat16,torch.bfloat16,0.0,1.0,hsaco,5,29.52,Cijk_Ailk_Bljk_BBS_BH_UserArgs_MT64x64x32_SN_K1_PGR6_SB1_TT2_2_WG16_16_3
99,4608,2048,64,0,torch.bfloat16,torch.bfloat16,0.0,1.0,hsaco,5,29.04,Cijk_Ailk_Bljk_BBS_BH_UserArgs_MT64x64x32_SN_K1_PGR6_SB1_TT2_2_WG16_16_3
99,7168,2048,64,0,torch.bfloat16,torch.bfloat16,0.0,1.0,hsaco,6,35.6,Cijk_Ailk_Bljk_BBS_BH_UserArgs_MT64x128x32_SN_K1_PGR6_SB1_TT2_2_WG16_16_3
99,512,2304,64,0,torch.bfloat16,torch.bfloat16,0.0,1.0,hsaco,3,15.92,Cijk_Ailk_Bljk_BBS_BH_UserArgs_MT16x32x32_SN_K1_PGR6_SB1_TT2_2_WG16_16_2
99,1536,2304,64,0,torch.bfloat16,torch.bfloat16,0.0,1.0,hsaco,4,27.84,Cijk_Ailk_Bljk_BBS_BH_UserArgs_MT64x32x32_SN_K1_PGR6_SB1_TT2_2_WG16_16_3
99,3072,2304,64,0,torch.bfloat16,torch.bfloat16,0.0,1.0,hsaco,5,31.92,Cijk_Ailk_Bljk_BBS_BH_UserArgs_MT64x64x32_SN_K1_PGR6_SB1_TT2_2_WG16_16_3
99,4096,2304,64,0,torch.bfloat16,torch.bfloat16,0.0,1.0,hsaco,5,32.4,Cijk_Ailk_Bljk_BBS_BH_UserArgs_MT64x64x32_SN_K1_PGR6_SB1_TT2_2_WG16_16_3
99,4608,2304,64,0,torch.bfloat16,torch.bfloat16,0.0,1.0,hsaco,5,32.56,Cijk_Ailk_Bljk_BBS_BH_UserArgs_MT64x64x32_SN_K1_PGR6_SB1_TT2_2_WG16_16_3
99,7168,2304,64,0,torch.bfloat16,torch.bfloat16,0.0,1.0,hsaco,6,39.84,Cijk_Ailk_Bljk_BBS_BH_UserArgs_MT64x128x32_SN_K1_PGR6_SB1_TT2_2_WG16_16_3
99,512,7168,64,0,torch.bfloat16,torch.bfloat16,0.0,1.0,hsaco,3,36.72,Cijk_Ailk_Bljk_BBS_BH_UserArgs_MT16x32x32_SN_K1_PGR6_SB1_TT2_2_WG16_16_2
99,1536,7168,64,0,torch.bfloat16,torch.bfloat16,0.0,1.0,hsaco,4,73.68,Cijk_Ailk_Bljk_BBS_BH_UserArgs_MT64x32x32_SN_K1_PGR6_SB1_TT2_2_WG16_16_3
99,3072,7168,64,0,torch.bfloat16,torch.bfloat16,0.0,1.0,hsaco,5,83.28,Cijk_Ailk_Bljk_BBS_BH_UserArgs_MT64x64x32_SN_K1_PGR6_SB1_TT2_2_WG16_16_3
99,4096,7168,64,0,torch.bfloat16,torch.bfloat16,0.0,1.0,hsaco,5,84.8,Cijk_Ailk_Bljk_BBS_BH_UserArgs_MT64x64x32_SN_K1_PGR6_SB1_TT2_2_WG16_16_3
99,4608,7168,64,0,torch.bfloat16,torch.bfloat16,0.0,1.0,hsaco,5,88.24,Cijk_Ailk_Bljk_BBS_BH_UserArgs_MT64x64x32_SN_K1_PGR6_SB1_TT2_2_WG16_16_3
99,7168,7168,64,0,torch.bfloat16,torch.bfloat16,0.0,1.0,hsaco,6,102.08,Cijk_Ailk_Bljk_BBS_BH_UserArgs_MT64x128x32_SN_K1_PGR6_SB1_TT2_2_WG16_16_3
100,576,256,64,0,torch.bfloat16,torch.bfloat16,0.0,1.0,hsaco,3,6.16,Cijk_Ailk_Bljk_BBS_BH_UserArgs_MT16x32x32_SN_K1_PGR6_SB1_TT2_2_WG16_16_2
100,1536,256,64,0,torch.bfloat16,torch.bfloat16,0.0,1.0,hsaco,0,8.24,Cijk_Ailk_Bljk_BBS_BH_UserArgs_MT64x32x32_SN_K1_PGR6_SB1_TT2_2_WG16_16_2
100,3072,256,64,0,torch.bfloat16,torch.bfloat16,0.0,1.0,hsaco,1,10.32,Cijk_Ailk_Bljk_BBS_BH_UserArgs_MT64x64x32_SN_K1_PGR6_SB1_TT2_2_WG16_16_2
100,4096,256,64,0,torch.bfloat16,torch.bfloat16,0.0,1.0,hsaco,1,10.16,Cijk_Ailk_Bljk_BBS_BH_UserArgs_MT64x64x32_SN_K1_PGR6_SB1_TT2_2_WG16_16_2
100,4608,256,64,0,torch.bfloat16,torch.bfloat16,0.0,1.0,hsaco,1,10.48,Cijk_Ailk_Bljk_BBS_BH_UserArgs_MT64x64x32_SN_K1_PGR6_SB1_TT2_2_WG16_16_2
100,7168,256,64,0,torch.bfloat16,torch.bfloat16,0.0,1.0,hsaco,2,12.4,Cijk_Ailk_Bljk_BBS_BH_UserArgs_MT64x128x32_SN_K1_PGR6_SB1_TT2_8_WG16_16_2
100,576,512,64,0,torch.bfloat16,torch.bfloat16,0.0,1.0,hsaco,3,7.04,Cijk_Ailk_Bljk_BBS_BH_UserArgs_MT16x32x32_SN_K1_PGR6_SB1_TT2_2_WG16_16_2
100,1536,512,64,0,torch.bfloat16,torch.bfloat16,0.0,1.0,hsaco,4,10.72,Cijk_Ailk_Bljk_BBS_BH_UserArgs_MT64x32x32_SN_K1_PGR6_SB1_TT2_2_WG16_16_3
100,3072,512,64,0,torch.bfloat16,torch.bfloat16,0.0,1.0,hsaco,5,13.52,Cijk_Ailk_Bljk_BBS_BH_UserArgs_MT64x64x32_SN_K1_PGR6_SB1_TT2_2_WG16_16_3
100,4096,512,64,0,torch.bfloat16,torch.bfloat16,0.0,1.0,hsaco,5,12.64,Cijk_Ailk_Bljk_BBS_BH_UserArgs_MT64x64x32_SN_K1_PGR6_SB1_TT2_2_WG16_16_3
100,4608,512,64,0,torch.bfloat16,torch.bfloat16,0.0,1.0,hsaco,5,12.64,Cijk_Ailk_Bljk_BBS_BH_UserArgs_MT64x64x32_SN_K1_PGR6_SB1_TT2_2_WG16_16_3
100,7168,512,64,0,torch.bfloat16,torch.bfloat16,0.0,1.0,hsaco,6,16.16,Cijk_Ailk_Bljk_BBS_BH_UserArgs_MT64x128x32_SN_K1_PGR6_SB1_TT2_2_WG16_16_3
100,576,1536,64,0,torch.bfloat16,torch.bfloat16,0.0,1.0,hsaco,3,12.08,Cijk_Ailk_Bljk_BBS_BH_UserArgs_MT16x32x32_SN_K1_PGR6_SB1_TT2_2_WG16_16_2
100,1536,1536,64,0,torch.bfloat16,torch.bfloat16,0.0,1.0,hsaco,4,20.4,Cijk_Ailk_Bljk_BBS_BH_UserArgs_MT64x32x32_SN_K1_PGR6_SB1_TT2_2_WG16_16_3
100,3072,1536,64,0,torch.bfloat16,torch.bfloat16,0.0,1.0,hsaco,5,23.68,Cijk_Ailk_Bljk_BBS_BH_UserArgs_MT64x64x32_SN_K1_PGR6_SB1_TT2_2_WG16_16_3
100,4096,1536,64,0,torch.bfloat16,torch.bfloat16,0.0,1.0,hsaco,5,24.4,Cijk_Ailk_Bljk_BBS_BH_UserArgs_MT64x64x32_SN_K1_PGR6_SB1_TT2_2_WG16_16_3
100,4608,1536,64,0,torch.bfloat16,torch.bfloat16,0.0,1.0,hsaco,5,24.56,Cijk_Ailk_Bljk_BBS_BH_UserArgs_MT64x64x32_SN_K1_PGR6_SB1_TT2_2_WG16_16_3
100,7168,1536,64,0,torch.bfloat16,torch.bfloat16,0.0,1.0,hsaco,6,29.44,Cijk_Ailk_Bljk_BBS_BH_UserArgs_MT64x128x32_SN_K1_PGR6_SB1_TT2_2_WG16_16_3
100,512,2048,64,0,torch.bfloat16,torch.bfloat16,0.0,1.0,hsaco,3,14.24,Cijk_Ailk_Bljk_BBS_BH_UserArgs_MT16x32x32_SN_K1_PGR6_SB1_TT2_2_WG16_16_2
100,1536,2048,64,0,torch.bfloat16,torch.bfloat16,0.0,1.0,hsaco,4,25.28,Cijk_Ailk_Bljk_BBS_BH_UserArgs_MT64x32x32_SN_K1_PGR6_SB1_TT2_2_WG16_16_3
100,3072,2048,64,0,torch.bfloat16,torch.bfloat16,0.0,1.0,hsaco,5,28.8,Cijk_Ailk_Bljk_BBS_BH_UserArgs_MT64x64x32_SN_K1_PGR6_SB1_TT2_2_WG16_16_3
100,4096,2048,64,0,torch.bfloat16,torch.bfloat16,0.0,1.0,hsaco,5,29.28,Cijk_Ailk_Bljk_BBS_BH_UserArgs_MT64x64x32_SN_K1_PGR6_SB1_TT2_2_WG16_16_3
100,4608,2048,64,0,torch.bfloat16,torch.bfloat16,0.0,1.0,hsaco,5,30.08,Cijk_Ailk_Bljk_BBS_BH_UserArgs_MT64x64x32_SN_K1_PGR6_SB1_TT2_2_WG16_16_3
100,7168,2048,64,0,torch.bfloat16,torch.bfloat16,0.0,1.0,hsaco,6,35.52,Cijk_Ailk_Bljk_BBS_BH_UserArgs_MT64x128x32_SN_K1_PGR6_SB1_TT2_2_WG16_16_3
100,512,2304,64,0,torch.bfloat16,torch.bfloat16,0.0,1.0,hsaco,3,15.92,Cijk_Ailk_Bljk_BBS_BH_UserArgs_MT16x32x32_SN_K1_PGR6_SB1_TT2_2_WG16_16_2
100,1536,2304,64,0,torch.bfloat16,torch.bfloat16,0.0,1.0,hsaco,4,27.76,Cijk_Ailk_Bljk_BBS_BH_UserArgs_MT64x32x32_SN_K1_PGR6_SB1_TT2_2_WG16_16_3
100,3072,2304,64,0,torch.bfloat16,torch.bfloat16,0.0,1.0,hsaco,5,31.92,Cijk_Ailk_Bljk_BBS_BH_UserArgs_MT64x64x32_SN_K1_PGR6_SB1_TT2_2_WG16_16_3
100,4096,2304,64,0,torch.bfloat16,torch.bfloat16,0.0,1.0,hsaco,5,33.6,Cijk_Ailk_Bljk_BBS_BH_UserArgs_MT64x64x32_SN_K1_PGR6_SB1_TT2_2_WG16_16_3
100,4608,2304,64,0,torch.bfloat16,torch.bfloat16,0.0,1.0,hsaco,5,32.4,Cijk_Ailk_Bljk_BBS_BH_UserArgs_MT64x64x32_SN_K1_PGR6_SB1_TT2_2_WG16_16_3
100,7168,2304,64,0,torch.bfloat16,torch.bfloat16,0.0,1.0,hsaco,6,39.68,Cijk_Ailk_Bljk_BBS_BH_UserArgs_MT64x128x32_SN_K1_PGR6_SB1_TT2_2_WG16_16_3
100,512,7168,64,0,torch.bfloat16,torch.bfloat16,0.0,1.0,hsaco,3,36.72,Cijk_Ailk_Bljk_BBS_BH_UserArgs_MT16x32x32_SN_K1_PGR6_SB1_TT2_2_WG16_16_2
100,1536,7168,64,0,torch.bfloat16,torch.bfloat16,0.0,1.0,hsaco,4,73.84,Cijk_Ailk_Bljk_BBS_BH_UserArgs_MT64x32x32_SN_K1_PGR6_SB1_TT2_2_WG16_16_3
100,3072,7168,64,0,torch.bfloat16,torch.bfloat16,0.0,1.0,hsaco,5,83.28,Cijk_Ailk_Bljk_BBS_BH_UserArgs_MT64x64x32_SN_K1_PGR6_SB1_TT2_2_WG16_16_3
100,4096,7168,64,0,torch.bfloat16,torch.bfloat16,0.0,1.0,hsaco,5,84.72,Cijk_Ailk_Bljk_BBS_BH_UserArgs_MT64x64x32_SN_K1_PGR6_SB1_TT2_2_WG16_16_3
100,4608,7168,64,0,torch.bfloat16,torch.bfloat16,0.0,1.0,hsaco,5,84.48,Cijk_Ailk_Bljk_BBS_BH_UserArgs_MT64x64x32_SN_K1_PGR6_SB1_TT2_2_WG16_16_3
100,7168,7168,64,0,torch.bfloat16,torch.bfloat16,0.0,1.0,hsaco,6,102.88,Cijk_Ailk_Bljk_BBS_BH_UserArgs_MT64x128x32_SN_K1_PGR6_SB1_TT2_2_WG16_16_3
101,576,256,64,0,torch.bfloat16,torch.bfloat16,0.0,1.0,hsaco,3,6.16,Cijk_Ailk_Bljk_BBS_BH_UserArgs_MT16x32x32_SN_K1_PGR6_SB1_TT2_2_WG16_16_2
101,1536,256,64,0,torch.bfloat16,torch.bfloat16,0.0,1.0,hsaco,0,8.32,Cijk_Ailk_Bljk_BBS_BH_UserArgs_MT64x32x32_SN_K1_PGR6_SB1_TT2_2_WG16_16_2
101,3072,256,64,0,torch.bfloat16,torch.bfloat16,0.0,1.0,hsaco,1,10.4,Cijk_Ailk_Bljk_BBS_BH_UserArgs_MT64x64x32_SN_K1_PGR6_SB1_TT2_2_WG16_16_2
101,4096,256,64,0,torch.bfloat16,torch.bfloat16,0.0,1.0,hsaco,1,10.24,Cijk_Ailk_Bljk_BBS_BH_UserArgs_MT64x64x32_SN_K1_PGR6_SB1_TT2_2_WG16_16_2
101,4608,256,64,0,torch.bfloat16,torch.bfloat16,0.0,1.0,hsaco,1,10.56,Cijk_Ailk_Bljk_BBS_BH_UserArgs_MT64x64x32_SN_K1_PGR6_SB1_TT2_2_WG16_16_2
101,7168,256,64,0,torch.bfloat16,torch.bfloat16,0.0,1.0,hsaco,2,12.16,Cijk_Ailk_Bljk_BBS_BH_UserArgs_MT64x128x32_SN_K1_PGR6_SB1_TT2_8_WG16_16_2
101,576,512,64,0,torch.bfloat16,torch.bfloat16,0.0,1.0,hsaco,3,7.12,Cijk_Ailk_Bljk_BBS_BH_UserArgs_MT16x32x32_SN_K1_PGR6_SB1_TT2_2_WG16_16_2
101,1536,512,64,0,torch.bfloat16,torch.bfloat16,0.0,1.0,hsaco,4,10.72,Cijk_Ailk_Bljk_BBS_BH_UserArgs_MT64x32x32_SN_K1_PGR6_SB1_TT2_2_WG16_16_3
101,3072,512,64,0,torch.bfloat16,torch.bfloat16,0.0,1.0,hsaco,5,13.52,Cijk_Ailk_Bljk_BBS_BH_UserArgs_MT64x64x32_SN_K1_PGR6_SB1_TT2_2_WG16_16_3
101,4096,512,64,0,torch.bfloat16,torch.bfloat16,0.0,1.0,hsaco,5,12.64,Cijk_Ailk_Bljk_BBS_BH_UserArgs_MT64x64x32_SN_K1_PGR6_SB1_TT2_2_WG16_16_3
101,4608,512,64,0,torch.bfloat16,torch.bfloat16,0.0,1.0,hsaco,5,12.64,Cijk_Ailk_Bljk_BBS_BH_UserArgs_MT64x64x32_SN_K1_PGR6_SB1_TT2_2_WG16_16_3
101,7168,512,64,0,torch.bfloat16,torch.bfloat16,0.0,1.0,hsaco,6,16.0,Cijk_Ailk_Bljk_BBS_BH_UserArgs_MT64x128x32_SN_K1_PGR6_SB1_TT2_2_WG16_16_3
101,576,1536,64,0,torch.bfloat16,torch.bfloat16,0.0,1.0,hsaco,3,12.0,Cijk_Ailk_Bljk_BBS_BH_UserArgs_MT16x32x32_SN_K1_PGR6_SB1_TT2_2_WG16_16_2
101,1536,1536,64,0,torch.bfloat16,torch.bfloat16,0.0,1.0,hsaco,4,20.48,Cijk_Ailk_Bljk_BBS_BH_UserArgs_MT64x32x32_SN_K1_PGR6_SB1_TT2_2_WG16_16_3
101,3072,1536,64,0,torch.bfloat16,torch.bfloat16,0.0,1.0,hsaco,5,23.68,Cijk_Ailk_Bljk_BBS_BH_UserArgs_MT64x64x32_SN_K1_PGR6_SB1_TT2_2_WG16_16_3
101,4096,1536,64,0,torch.bfloat16,torch.bfloat16,0.0,1.0,hsaco,5,24.48,Cijk_Ailk_Bljk_BBS_BH_UserArgs_MT64x64x32_SN_K1_PGR6_SB1_TT2_2_WG16_16_3
101,4608,1536,64,0,torch.bfloat16,torch.bfloat16,0.0,1.0,hsaco,5,24.08,Cijk_Ailk_Bljk_BBS_BH_UserArgs_MT64x64x32_SN_K1_PGR6_SB1_TT2_2_WG16_16_3
101,7168,1536,64,0,torch.bfloat16,torch.bfloat16,0.0,1.0,hsaco,6,29.36,Cijk_Ailk_Bljk_BBS_BH_UserArgs_MT64x128x32_SN_K1_PGR6_SB1_TT2_2_WG16_16_3
101,512,2048,64,0,torch.bfloat16,torch.bfloat16,0.0,1.0,hsaco,3,14.16,Cijk_Ailk_Bljk_BBS_BH_UserArgs_MT16x32x32_SN_K1_PGR6_SB1_TT2_2_WG16_16_2
101,1536,2048,64,0,torch.bfloat16,torch.bfloat16,0.0,1.0,hsaco,4,25.12,Cijk_Ailk_Bljk_BBS_BH_UserArgs_MT64x32x32_SN_K1_PGR6_SB1_TT2_2_WG16_16_3
101,3072,2048,64,0,torch.bfloat16,torch.bfloat16,0.0,1.0,hsaco,5,28.88,Cijk_Ailk_Bljk_BBS_BH_UserArgs_MT64x64x32_SN_K1_PGR6_SB1_TT2_2_WG16_16_3
101,4096,2048,64,0,torch.bfloat16,torch.bfloat16,0.0,1.0,hsaco,5,29.36,Cijk_Ailk_Bljk_BBS_BH_UserArgs_MT64x64x32_SN_K1_PGR6_SB1_TT2_2_WG16_16_3
101,4608,2048,64,0,torch.bfloat16,torch.bfloat16,0.0,1.0,hsaco,5,30.32,Cijk_Ailk_Bljk_BBS_BH_UserArgs_MT64x64x32_SN_K1_PGR6_SB1_TT2_2_WG16_16_3
101,7168,2048,64,0,torch.bfloat16,torch.bfloat16,0.0,1.0,hsaco,6,35.36,Cijk_Ailk_Bljk_BBS_BH_UserArgs_MT64x128x32_SN_K1_PGR6_SB1_TT2_2_WG16_16_3
101,512,2304,64,0,torch.bfloat16,torch.bfloat16,0.0,1.0,hsaco,3,15.68,Cijk_Ailk_Bljk_BBS_BH_UserArgs_MT16x32x32_SN_K1_PGR6_SB1_TT2_2_WG16_16_2
101,1536,2304,64,0,torch.bfloat16,torch.bfloat16,0.0,1.0,hsaco,4,27.76,Cijk_Ailk_Bljk_BBS_BH_UserArgs_MT64x32x32_SN_K1_PGR6_SB1_TT2_2_WG16_16_3
101,3072,2304,64,0,torch.bfloat16,torch.bfloat16,0.0,1.0,hsaco,5,32.0,Cijk_Ailk_Bljk_BBS_BH_UserArgs_MT64x64x32_SN_K1_PGR6_SB1_TT2_2_WG16_16_3
101,4096,2304,64,0,torch.bfloat16,torch.bfloat16,0.0,1.0,hsaco,5,33.44,Cijk_Ailk_Bljk_BBS_BH_UserArgs_MT64x64x32_SN_K1_PGR6_SB1_TT2_2_WG16_16_3
101,4608,2304,64,0,torch.bfloat16,torch.bfloat16,0.0,1.0,hsaco,5,32.64,Cijk_Ailk_Bljk_BBS_BH_UserArgs_MT64x64x32_SN_K1_PGR6_SB1_TT2_2_WG16_16_3
101,7168,2304,64,0,torch.bfloat16,torch.bfloat16,0.0,1.0,hsaco,6,39.92,Cijk_Ailk_Bljk_BBS_BH_UserArgs_MT64x128x32_SN_K1_PGR6_SB1_TT2_2_WG16_16_3
101,512,7168,64,0,torch.bfloat16,torch.bfloat16,0.0,1.0,hsaco,3,37.04,Cijk_Ailk_Bljk_BBS_BH_UserArgs_MT16x32x32_SN_K1_PGR6_SB1_TT2_2_WG16_16_2
101,1536,7168,64,0,torch.bfloat16,torch.bfloat16,0.0,1.0,hsaco,4,74.0,Cijk_Ailk_Bljk_BBS_BH_UserArgs_MT64x32x32_SN_K1_PGR6_SB1_TT2_2_WG16_16_3
101,3072,7168,64,0,torch.bfloat16,torch.bfloat16,0.0,1.0,hsaco,5,83.36,Cijk_Ailk_Bljk_BBS_BH_UserArgs_MT64x64x32_SN_K1_PGR6_SB1_TT2_2_WG16_16_3
101,4096,7168,64,0,torch.bfloat16,torch.bfloat16,0.0,1.0,hsaco,5,84.48,Cijk_Ailk_Bljk_BBS_BH_UserArgs_MT64x64x32_SN_K1_PGR6_SB1_TT2_2_WG16_16_3
101,4608,7168,64,0,torch.bfloat16,torch.bfloat16,0.0,1.0,hsaco,5,86.16,Cijk_Ailk_Bljk_BBS_BH_UserArgs_MT64x64x32_SN_K1_PGR6_SB1_TT2_2_WG16_16_3
101,7168,7168,64,0,torch.bfloat16,torch.bfloat16,0.0,1.0,hsaco,6,102.72,Cijk_Ailk_Bljk_BBS_BH_UserArgs_MT64x128x32_SN_K1_PGR6_SB1_TT2_2_WG16_16_3
102,576,256,64,0,torch.bfloat16,torch.bfloat16,0.0,1.0,hsaco,3,6.16,Cijk_Ailk_Bljk_BBS_BH_UserArgs_MT16x32x32_SN_K1_PGR6_SB1_TT2_2_WG16_16_2
102,1536,256,64,0,torch.bfloat16,torch.bfloat16,0.0,1.0,hsaco,0,8.16,Cijk_Ailk_Bljk_BBS_BH_UserArgs_MT64x32x32_SN_K1_PGR6_SB1_TT2_2_WG16_16_2
102,3072,256,64,0,torch.bfloat16,torch.bfloat16,0.0,1.0,hsaco,1,10.4,Cijk_Ailk_Bljk_BBS_BH_UserArgs_MT64x64x32_SN_K1_PGR6_SB1_TT2_2_WG16_16_2
102,4096,256,64,0,torch.bfloat16,torch.bfloat16,0.0,1.0,hsaco,1,10.24,Cijk_Ailk_Bljk_BBS_BH_UserArgs_MT64x64x32_SN_K1_PGR6_SB1_TT2_2_WG16_16_2
102,4608,256,64,0,torch.bfloat16,torch.bfloat16,0.0,1.0,hsaco,1,10.64,Cijk_Ailk_Bljk_BBS_BH_UserArgs_MT64x64x32_SN_K1_PGR6_SB1_TT2_2_WG16_16_2
102,7168,256,64,0,torch.bfloat16,torch.bfloat16,0.0,1.0,hsaco,2,12.32,Cijk_Ailk_Bljk_BBS_BH_UserArgs_MT64x128x32_SN_K1_PGR6_SB1_TT2_8_WG16_16_2
102,576,512,64,0,torch.bfloat16,torch.bfloat16,0.0,1.0,hsaco,3,6.96,Cijk_Ailk_Bljk_BBS_BH_UserArgs_MT16x32x32_SN_K1_PGR6_SB1_TT2_2_WG16_16_2
102,1536,512,64,0,torch.bfloat16,torch.bfloat16,0.0,1.0,hsaco,4,10.72,Cijk_Ailk_Bljk_BBS_BH_UserArgs_MT64x32x32_SN_K1_PGR6_SB1_TT2_2_WG16_16_3
102,3072,512,64,0,torch.bfloat16,torch.bfloat16,0.0,1.0,hsaco,5,13.44,Cijk_Ailk_Bljk_BBS_BH_UserArgs_MT64x64x32_SN_K1_PGR6_SB1_TT2_2_WG16_16_3
102,4096,512,64,0,torch.bfloat16,torch.bfloat16,0.0,1.0,hsaco,5,12.64,Cijk_Ailk_Bljk_BBS_BH_UserArgs_MT64x64x32_SN_K1_PGR6_SB1_TT2_2_WG16_16_3
102,4608,512,64,0,torch.bfloat16,torch.bfloat16,0.0,1.0,hsaco,5,12.64,Cijk_Ailk_Bljk_BBS_BH_UserArgs_MT64x64x32_SN_K1_PGR6_SB1_TT2_2_WG16_16_3
102,7168,512,64,0,torch.bfloat16,torch.bfloat16,0.0,1.0,hsaco,6,16.0,Cijk_Ailk_Bljk_BBS_BH_UserArgs_MT64x128x32_SN_K1_PGR6_SB1_TT2_2_WG16_16_3
102,576,1536,64,0,torch.bfloat16,torch.bfloat16,0.0,1.0,hsaco,3,12.0,Cijk_Ailk_Bljk_BBS_BH_UserArgs_MT16x32x32_SN_K1_PGR6_SB1_TT2_2_WG16_16_2
102,1536,1536,64,0,torch.bfloat16,torch.bfloat16,0.0,1.0,hsaco,4,20.48,Cijk_Ailk_Bljk_BBS_BH_UserArgs_MT64x32x32_SN_K1_PGR6_SB1_TT2_2_WG16_16_3
102,3072,1536,64,0,torch.bfloat16,torch.bfloat16,0.0,1.0,hsaco,5,23.76,Cijk_Ailk_Bljk_BBS_BH_UserArgs_MT64x64x32_SN_K1_PGR6_SB1_TT2_2_WG16_16_3
102,4096,1536,64,0,torch.bfloat16,torch.bfloat16,0.0,1.0,hsaco,5,24.48,Cijk_Ailk_Bljk_BBS_BH_UserArgs_MT64x64x32_SN_K1_PGR6_SB1_TT2_2_WG16_16_3
102,4608,1536,64,0,torch.bfloat16,torch.bfloat16,0.0,1.0,hsaco,5,24.16,Cijk_Ailk_Bljk_BBS_BH_UserArgs_MT64x64x32_SN_K1_PGR6_SB1_TT2_2_WG16_16_3
102,7168,1536,64,0,torch.bfloat16,torch.bfloat16,0.0,1.0,hsaco,6,29.28,Cijk_Ailk_Bljk_BBS_BH_UserArgs_MT64x128x32_SN_K1_PGR6_SB1_TT2_2_WG16_16_3
102,512,2048,64,0,torch.bfloat16,torch.bfloat16,0.0,1.0,hsaco,3,14.16,Cijk_Ailk_Bljk_BBS_BH_UserArgs_MT16x32x32_SN_K1_PGR6_SB1_TT2_2_WG16_16_2
102,1536,2048,64,0,torch.bfloat16,torch.bfloat16,0.0,1.0,hsaco,4,25.36,Cijk_Ailk_Bljk_BBS_BH_UserArgs_MT64x32x32_SN_K1_PGR6_SB1_TT2_2_WG16_16_3
102,3072,2048,64,0,torch.bfloat16,torch.bfloat16,0.0,1.0,hsaco,5,28.88,Cijk_Ailk_Bljk_BBS_BH_UserArgs_MT64x64x32_SN_K1_PGR6_SB1_TT2_2_WG16_16_3
102,4096,2048,64,0,torch.bfloat16,torch.bfloat16,0.0,1.0,hsaco,5,29.36,Cijk_Ailk_Bljk_BBS_BH_UserArgs_MT64x64x32_SN_K1_PGR6_SB1_TT2_2_WG16_16_3
102,4608,2048,64,0,torch.bfloat16,torch.bfloat16,0.0,1.0,hsaco,5,30.48,Cijk_Ailk_Bljk_BBS_BH_UserArgs_MT64x64x32_SN_K1_PGR6_SB1_TT2_2_WG16_16_3
102,7168,2048,64,0,torch.bfloat16,torch.bfloat16,0.0,1.0,hsaco,6,35.6,Cijk_Ailk_Bljk_BBS_BH_UserArgs_MT64x128x32_SN_K1_PGR6_SB1_TT2_2_WG16_16_3
102,512,2304,64,0,torch.bfloat16,torch.bfloat16,0.0,1.0,hsaco,3,15.92,Cijk_Ailk_Bljk_BBS_BH_UserArgs_MT16x32x32_SN_K1_PGR6_SB1_TT2_2_WG16_16_2
102,1536,2304,64,0,torch.bfloat16,torch.bfloat16,0.0,1.0,hsaco,4,27.84,Cijk_Ailk_Bljk_BBS_BH_UserArgs_MT64x32x32_SN_K1_PGR6_SB1_TT2_2_WG16_16_3
102,3072,2304,64,0,torch.bfloat16,torch.bfloat16,0.0,1.0,hsaco,5,31.92,Cijk_Ailk_Bljk_BBS_BH_UserArgs_MT64x64x32_SN_K1_PGR6_SB1_TT2_2_WG16_16_3
102,4096,2304,64,0,torch.bfloat16,torch.bfloat16,0.0,1.0,hsaco,5,33.44,Cijk_Ailk_Bljk_BBS_BH_UserArgs_MT64x64x32_SN_K1_PGR6_SB1_TT2_2_WG16_16_3
102,4608,2304,64,0,torch.bfloat16,torch.bfloat16,0.0,1.0,hsaco,5,32.56,Cijk_Ailk_Bljk_BBS_BH_UserArgs_MT64x64x32_SN_K1_PGR6_SB1_TT2_2_WG16_16_3
102,7168,2304,64,0,torch.bfloat16,torch.bfloat16,0.0,1.0,hsaco,6,39.76,Cijk_Ailk_Bljk_BBS_BH_UserArgs_MT64x128x32_SN_K1_PGR6_SB1_TT2_2_WG16_16_3
102,512,7168,64,0,torch.bfloat16,torch.bfloat16,0.0,1.0,hsaco,3,37.36,Cijk_Ailk_Bljk_BBS_BH_UserArgs_MT16x32x32_SN_K1_PGR6_SB1_TT2_2_WG16_16_2
102,1536,7168,64,0,torch.bfloat16,torch.bfloat16,0.0,1.0,hsaco,4,74.08,Cijk_Ailk_Bljk_BBS_BH_UserArgs_MT64x32x32_SN_K1_PGR6_SB1_TT2_2_WG16_16_3
102,3072,7168,64,0,torch.bfloat16,torch.bfloat16,0.0,1.0,hsaco,5,83.12,Cijk_Ailk_Bljk_BBS_BH_UserArgs_MT64x64x32_SN_K1_PGR6_SB1_TT2_2_WG16_16_3
102,4096,7168,64,0,torch.bfloat16,torch.bfloat16,0.0,1.0,hsaco,5,84.32,Cijk_Ailk_Bljk_BBS_BH_UserArgs_MT64x64x32_SN_K1_PGR6_SB1_TT2_2_WG16_16_3
102,4608,7168,64,0,torch.bfloat16,torch.bfloat16,0.0,1.0,hsaco,5,87.2,Cijk_Ailk_Bljk_BBS_BH_UserArgs_MT64x64x32_SN_K1_PGR6_SB1_TT2_2_WG16_16_3
102,7168,7168,64,0,torch.bfloat16,torch.bfloat16,0.0,1.0,hsaco,6,102.72,Cijk_Ailk_Bljk_BBS_BH_UserArgs_MT64x128x32_SN_K1_PGR6_SB1_TT2_2_WG16_16_3
103,576,256,64,0,torch.bfloat16,torch.bfloat16,0.0,1.0,hsaco,3,6.16,Cijk_Ailk_Bljk_BBS_BH_UserArgs_MT16x32x32_SN_K1_PGR6_SB1_TT2_2_WG16_16_2
103,1536,256,64,0,torch.bfloat16,torch.bfloat16,0.0,1.0,hsaco,0,8.24,Cijk_Ailk_Bljk_BBS_BH_UserArgs_MT64x32x32_SN_K1_PGR6_SB1_TT2_2_WG16_16_2
103,3072,256,64,0,torch.bfloat16,torch.bfloat16,0.0,1.0,hsaco,1,10.48,Cijk_Ailk_Bljk_BBS_BH_UserArgs_MT64x64x32_SN_K1_PGR6_SB1_TT2_2_WG16_16_2
103,4096,256,64,0,torch.bfloat16,torch.bfloat16,0.0,1.0,hsaco,1,10.24,Cijk_Ailk_Bljk_BBS_BH_UserArgs_MT64x64x32_SN_K1_PGR6_SB1_TT2_2_WG16_16_2
103,4608,256,64,0,torch.bfloat16,torch.bfloat16,0.0,1.0,hsaco,1,10.48,Cijk_Ailk_Bljk_BBS_BH_UserArgs_MT64x64x32_SN_K1_PGR6_SB1_TT2_2_WG16_16_2
103,7168,256,64,0,torch.bfloat16,torch.bfloat16,0.0,1.0,hsaco,2,12.16,Cijk_Ailk_Bljk_BBS_BH_UserArgs_MT64x128x32_SN_K1_PGR6_SB1_TT2_8_WG16_16_2
103,576,512,64,0,torch.bfloat16,torch.bfloat16,0.0,1.0,hsaco,3,7.04,Cijk_Ailk_Bljk_BBS_BH_UserArgs_MT16x32x32_SN_K1_PGR6_SB1_TT2_2_WG16_16_2
103,1536,512,64,0,torch.bfloat16,torch.bfloat16,0.0,1.0,hsaco,4,10.96,Cijk_Ailk_Bljk_BBS_BH_UserArgs_MT64x32x32_SN_K1_PGR6_SB1_TT2_2_WG16_16_3
103,3072,512,64,0,torch.bfloat16,torch.bfloat16,0.0,1.0,hsaco,5,13.44,Cijk_Ailk_Bljk_BBS_BH_UserArgs_MT64x64x32_SN_K1_PGR6_SB1_TT2_2_WG16_16_3
103,4096,512,64,0,torch.bfloat16,torch.bfloat16,0.0,1.0,hsaco,5,12.64,Cijk_Ailk_Bljk_BBS_BH_UserArgs_MT64x64x32_SN_K1_PGR6_SB1_TT2_2_WG16_16_3
103,4608,512,64,0,torch.bfloat16,torch.bfloat16,0.0,1.0,hsaco,5,12.72,Cijk_Ailk_Bljk_BBS_BH_UserArgs_MT64x64x32_SN_K1_PGR6_SB1_TT2_2_WG16_16_3
103,7168,512,64,0,torch.bfloat16,torch.bfloat16,0.0,1.0,hsaco,6,16.08,Cijk_Ailk_Bljk_BBS_BH_UserArgs_MT64x128x32_SN_K1_PGR6_SB1_TT2_2_WG16_16_3
103,576,1536,64,0,torch.bfloat16,torch.bfloat16,0.0,1.0,hsaco,3,12.08,Cijk_Ailk_Bljk_BBS_BH_UserArgs_MT16x32x32_SN_K1_PGR6_SB1_TT2_2_WG16_16_2
103,1536,1536,64,0,torch.bfloat16,torch.bfloat16,0.0,1.0,hsaco,4,20.48,Cijk_Ailk_Bljk_BBS_BH_UserArgs_MT64x32x32_SN_K1_PGR6_SB1_TT2_2_WG16_16_3
103,3072,1536,64,0,torch.bfloat16,torch.bfloat16,0.0,1.0,hsaco,5,23.92,Cijk_Ailk_Bljk_BBS_BH_UserArgs_MT64x64x32_SN_K1_PGR6_SB1_TT2_2_WG16_16_3
103,4096,1536,64,0,torch.bfloat16,torch.bfloat16,0.0,1.0,hsaco,5,24.24,Cijk_Ailk_Bljk_BBS_BH_UserArgs_MT64x64x32_SN_K1_PGR6_SB1_TT2_2_WG16_16_3
103,4608,1536,64,0,torch.bfloat16,torch.bfloat16,0.0,1.0,hsaco,5,24.08,Cijk_Ailk_Bljk_BBS_BH_UserArgs_MT64x64x32_SN_K1_PGR6_SB1_TT2_2_WG16_16_3
103,7168,1536,64,0,torch.bfloat16,torch.bfloat16,0.0,1.0,hsaco,6,29.36,Cijk_Ailk_Bljk_BBS_BH_UserArgs_MT64x128x32_SN_K1_PGR6_SB1_TT2_2_WG16_16_3
103,512,2048,64,0,torch.bfloat16,torch.bfloat16,0.0,1.0,hsaco,3,14.08,Cijk_Ailk_Bljk_BBS_BH_UserArgs_MT16x32x32_SN_K1_PGR6_SB1_TT2_2_WG16_16_2
103,1536,2048,64,0,torch.bfloat16,torch.bfloat16,0.0,1.0,hsaco,4,25.28,Cijk_Ailk_Bljk_BBS_BH_UserArgs_MT64x32x32_SN_K1_PGR6_SB1_TT2_2_WG16_16_3
103,3072,2048,64,0,torch.bfloat16,torch.bfloat16,0.0,1.0,hsaco,5,28.96,Cijk_Ailk_Bljk_BBS_BH_UserArgs_MT64x64x32_SN_K1_PGR6_SB1_TT2_2_WG16_16_3
103,4096,2048,64,0,torch.bfloat16,torch.bfloat16,0.0,1.0,hsaco,5,29.36,Cijk_Ailk_Bljk_BBS_BH_UserArgs_MT64x64x32_SN_K1_PGR6_SB1_TT2_2_WG16_16_3
103,4608,2048,64,0,torch.bfloat16,torch.bfloat16,0.0,1.0,hsaco,5,29.2,Cijk_Ailk_Bljk_BBS_BH_UserArgs_MT64x64x32_SN_K1_PGR6_SB1_TT2_2_WG16_16_3
103,7168,2048,64,0,torch.bfloat16,torch.bfloat16,0.0,1.0,hsaco,6,35.36,Cijk_Ailk_Bljk_BBS_BH_UserArgs_MT64x128x32_SN_K1_PGR6_SB1_TT2_2_WG16_16_3
103,512,2304,64,0,torch.bfloat16,torch.bfloat16,0.0,1.0,hsaco,3,16.08,Cijk_Ailk_Bljk_BBS_BH_UserArgs_MT16x32x32_SN_K1_PGR6_SB1_TT2_2_WG16_16_2
103,1536,2304,64,0,torch.bfloat16,torch.bfloat16,0.0,1.0,hsaco,4,27.84,Cijk_Ailk_Bljk_BBS_BH_UserArgs_MT64x32x32_SN_K1_PGR6_SB1_TT2_2_WG16_16_3
103,3072,2304,64,0,torch.bfloat16,torch.bfloat16,0.0,1.0,hsaco,5,32.16,Cijk_Ailk_Bljk_BBS_BH_UserArgs_MT64x64x32_SN_K1_PGR6_SB1_TT2_2_WG16_16_3
103,4096,2304,64,0,torch.bfloat16,torch.bfloat16,0.0,1.0,hsaco,5,33.6,Cijk_Ailk_Bljk_BBS_BH_UserArgs_MT64x64x32_SN_K1_PGR6_SB1_TT2_2_WG16_16_3
103,4608,2304,64,0,torch.bfloat16,torch.bfloat16,0.0,1.0,hsaco,5,32.48,Cijk_Ailk_Bljk_BBS_BH_UserArgs_MT64x64x32_SN_K1_PGR6_SB1_TT2_2_WG16_16_3
103,7168,2304,64,0,torch.bfloat16,torch.bfloat16,0.0,1.0,hsaco,6,40.0,Cijk_Ailk_Bljk_BBS_BH_UserArgs_MT64x128x32_SN_K1_PGR6_SB1_TT2_2_WG16_16_3
103,512,7168,64,0,torch.bfloat16,torch.bfloat16,0.0,1.0,hsaco,3,37.52,Cijk_Ailk_Bljk_BBS_BH_UserArgs_MT16x32x32_SN_K1_PGR6_SB1_TT2_2_WG16_16_2
103,1536,7168,64,0,torch.bfloat16,torch.bfloat16,0.0,1.0,hsaco,4,73.84,Cijk_Ailk_Bljk_BBS_BH_UserArgs_MT64x32x32_SN_K1_PGR6_SB1_TT2_2_WG16_16_3
103,3072,7168,64,0,torch.bfloat16,torch.bfloat16,0.0,1.0,hsaco,5,83.12,Cijk_Ailk_Bljk_BBS_BH_UserArgs_MT64x64x32_SN_K1_PGR6_SB1_TT2_2_WG16_16_3
103,4096,7168,64,0,torch.bfloat16,torch.bfloat16,0.0,1.0,hsaco,5,85.68,Cijk_Ailk_Bljk_BBS_BH_UserArgs_MT64x64x32_SN_K1_PGR6_SB1_TT2_2_WG16_16_3
103,4608,7168,64,0,torch.bfloat16,torch.bfloat16,0.0,1.0,hsaco,5,86.24,Cijk_Ailk_Bljk_BBS_BH_UserArgs_MT64x64x32_SN_K1_PGR6_SB1_TT2_2_WG16_16_3
103,7168,7168,64,0,torch.bfloat16,torch.bfloat16,0.0,1.0,hsaco,6,102.16,Cijk_Ailk_Bljk_BBS_BH_UserArgs_MT64x128x32_SN_K1_PGR6_SB1_TT2_2_WG16_16_3
104,576,256,64,0,torch.bfloat16,torch.bfloat16,0.0,1.0,hsaco,3,6.24,Cijk_Ailk_Bljk_BBS_BH_UserArgs_MT16x32x32_SN_K1_PGR6_SB1_TT2_2_WG16_16_2
104,1536,256,64,0,torch.bfloat16,torch.bfloat16,0.0,1.0,hsaco,0,8.24,Cijk_Ailk_Bljk_BBS_BH_UserArgs_MT64x32x32_SN_K1_PGR6_SB1_TT2_2_WG16_16_2
104,3072,256,64,0,torch.bfloat16,torch.bfloat16,0.0,1.0,hsaco,1,10.16,Cijk_Ailk_Bljk_BBS_BH_UserArgs_MT64x64x32_SN_K1_PGR6_SB1_TT2_2_WG16_16_2
104,4096,256,64,0,torch.bfloat16,torch.bfloat16,0.0,1.0,hsaco,1,10.16,Cijk_Ailk_Bljk_BBS_BH_UserArgs_MT64x64x32_SN_K1_PGR6_SB1_TT2_2_WG16_16_2
104,4608,256,64,0,torch.bfloat16,torch.bfloat16,0.0,1.0,hsaco,1,10.56,Cijk_Ailk_Bljk_BBS_BH_UserArgs_MT64x64x32_SN_K1_PGR6_SB1_TT2_2_WG16_16_2
104,7168,256,64,0,torch.bfloat16,torch.bfloat16,0.0,1.0,hsaco,2,12.24,Cijk_Ailk_Bljk_BBS_BH_UserArgs_MT64x128x32_SN_K1_PGR6_SB1_TT2_8_WG16_16_2
104,576,512,64,0,torch.bfloat16,torch.bfloat16,0.0,1.0,hsaco,3,7.12,Cijk_Ailk_Bljk_BBS_BH_UserArgs_MT16x32x32_SN_K1_PGR6_SB1_TT2_2_WG16_16_2
104,1536,512,64,0,torch.bfloat16,torch.bfloat16,0.0,1.0,hsaco,4,10.8,Cijk_Ailk_Bljk_BBS_BH_UserArgs_MT64x32x32_SN_K1_PGR6_SB1_TT2_2_WG16_16_3
104,3072,512,64,0,torch.bfloat16,torch.bfloat16,0.0,1.0,hsaco,5,13.6,Cijk_Ailk_Bljk_BBS_BH_UserArgs_MT64x64x32_SN_K1_PGR6_SB1_TT2_2_WG16_16_3
104,4096,512,64,0,torch.bfloat16,torch.bfloat16,0.0,1.0,hsaco,5,12.56,Cijk_Ailk_Bljk_BBS_BH_UserArgs_MT64x64x32_SN_K1_PGR6_SB1_TT2_2_WG16_16_3
104,4608,512,64,0,torch.bfloat16,torch.bfloat16,0.0,1.0,hsaco,5,13.36,Cijk_Ailk_Bljk_BBS_BH_UserArgs_MT64x64x32_SN_K1_PGR6_SB1_TT2_2_WG16_16_3
104,7168,512,64,0,torch.bfloat16,torch.bfloat16,0.0,1.0,hsaco,6,16.16,Cijk_Ailk_Bljk_BBS_BH_UserArgs_MT64x128x32_SN_K1_PGR6_SB1_TT2_2_WG16_16_3
104,576,1536,64,0,torch.bfloat16,torch.bfloat16,0.0,1.0,hsaco,3,12.08,Cijk_Ailk_Bljk_BBS_BH_UserArgs_MT16x32x32_SN_K1_PGR6_SB1_TT2_2_WG16_16_2
104,1536,1536,64,0,torch.bfloat16,torch.bfloat16,0.0,1.0,hsaco,4,20.48,Cijk_Ailk_Bljk_BBS_BH_UserArgs_MT64x32x32_SN_K1_PGR6_SB1_TT2_2_WG16_16_3
104,3072,1536,64,0,torch.bfloat16,torch.bfloat16,0.0,1.0,hsaco,5,24.64,Cijk_Ailk_Bljk_BBS_BH_UserArgs_MT64x64x32_SN_K1_PGR6_SB1_TT2_2_WG16_16_3
104,4096,1536,64,0,torch.bfloat16,torch.bfloat16,0.0,1.0,hsaco,5,24.56,Cijk_Ailk_Bljk_BBS_BH_UserArgs_MT64x64x32_SN_K1_PGR6_SB1_TT2_2_WG16_16_3
104,4608,1536,64,0,torch.bfloat16,torch.bfloat16,0.0,1.0,hsaco,5,24.16,Cijk_Ailk_Bljk_BBS_BH_UserArgs_MT64x64x32_SN_K1_PGR6_SB1_TT2_2_WG16_16_3
104,7168,1536,64,0,torch.bfloat16,torch.bfloat16,0.0,1.0,hsaco,6,29.84,Cijk_Ailk_Bljk_BBS_BH_UserArgs_MT64x128x32_SN_K1_PGR6_SB1_TT2_2_WG16_16_3
104,512,2048,64,0,torch.bfloat16,torch.bfloat16,0.0,1.0,hsaco,3,14.24,Cijk_Ailk_Bljk_BBS_BH_UserArgs_MT16x32x32_SN_K1_PGR6_SB1_TT2_2_WG16_16_2
104,1536,2048,64,0,torch.bfloat16,torch.bfloat16,0.0,1.0,hsaco,4,25.2,Cijk_Ailk_Bljk_BBS_BH_UserArgs_MT64x32x32_SN_K1_PGR6_SB1_TT2_2_WG16_16_3
104,3072,2048,64,0,torch.bfloat16,torch.bfloat16,0.0,1.0,hsaco,5,29.04,Cijk_Ailk_Bljk_BBS_BH_UserArgs_MT64x64x32_SN_K1_PGR6_SB1_TT2_2_WG16_16_3
104,4096,2048,64,0,torch.bfloat16,torch.bfloat16,0.0,1.0,hsaco,5,29.44,Cijk_Ailk_Bljk_BBS_BH_UserArgs_MT64x64x32_SN_K1_PGR6_SB1_TT2_2_WG16_16_3
104,4608,2048,64,0,torch.bfloat16,torch.bfloat16,0.0,1.0,hsaco,5,29.36,Cijk_Ailk_Bljk_BBS_BH_UserArgs_MT64x64x32_SN_K1_PGR6_SB1_TT2_2_WG16_16_3
104,7168,2048,64,0,torch.bfloat16,torch.bfloat16,0.0,1.0,hsaco,6,35.76,Cijk_Ailk_Bljk_BBS_BH_UserArgs_MT64x128x32_SN_K1_PGR6_SB1_TT2_2_WG16_16_3
104,512,2304,64,0,torch.bfloat16,torch.bfloat16,0.0,1.0,hsaco,3,16.08,Cijk_Ailk_Bljk_BBS_BH_UserArgs_MT16x32x32_SN_K1_PGR6_SB1_TT2_2_WG16_16_2
104,1536,2304,64,0,torch.bfloat16,torch.bfloat16,0.0,1.0,hsaco,4,27.84,Cijk_Ailk_Bljk_BBS_BH_UserArgs_MT64x32x32_SN_K1_PGR6_SB1_TT2_2_WG16_16_3
104,3072,2304,64,0,torch.bfloat16,torch.bfloat16,0.0,1.0,hsaco,5,31.92,Cijk_Ailk_Bljk_BBS_BH_UserArgs_MT64x64x32_SN_K1_PGR6_SB1_TT2_2_WG16_16_3
104,4096,2304,64,0,torch.bfloat16,torch.bfloat16,0.0,1.0,hsaco,5,33.76,Cijk_Ailk_Bljk_BBS_BH_UserArgs_MT64x64x32_SN_K1_PGR6_SB1_TT2_2_WG16_16_3
104,4608,2304,64,0,torch.bfloat16,torch.bfloat16,0.0,1.0,hsaco,5,32.56,Cijk_Ailk_Bljk_BBS_BH_UserArgs_MT64x64x32_SN_K1_PGR6_SB1_TT2_2_WG16_16_3
104,7168,2304,64,0,torch.bfloat16,torch.bfloat16,0.0,1.0,hsaco,6,40.0,Cijk_Ailk_Bljk_BBS_BH_UserArgs_MT64x128x32_SN_K1_PGR6_SB1_TT2_2_WG16_16_3
104,512,7168,64,0,torch.bfloat16,torch.bfloat16,0.0,1.0,hsaco,3,37.28,Cijk_Ailk_Bljk_BBS_BH_UserArgs_MT16x32x32_SN_K1_PGR6_SB1_TT2_2_WG16_16_2
104,1536,7168,64,0,torch.bfloat16,torch.bfloat16,0.0,1.0,hsaco,4,73.84,Cijk_Ailk_Bljk_BBS_BH_UserArgs_MT64x32x32_SN_K1_PGR6_SB1_TT2_2_WG16_16_3
104,3072,7168,64,0,torch.bfloat16,torch.bfloat16,0.0,1.0,hsaco,5,83.12,Cijk_Ailk_Bljk_BBS_BH_UserArgs_MT64x64x32_SN_K1_PGR6_SB1_TT2_2_WG16_16_3
104,4096,7168,64,0,torch.bfloat16,torch.bfloat16,0.0,1.0,hsaco,5,84.56,Cijk_Ailk_Bljk_BBS_BH_UserArgs_MT64x64x32_SN_K1_PGR6_SB1_TT2_2_WG16_16_3
104,4608,7168,64,0,torch.bfloat16,torch.bfloat16,0.0,1.0,hsaco,5,86.32,Cijk_Ailk_Bljk_BBS_BH_UserArgs_MT64x64x32_SN_K1_PGR6_SB1_TT2_2_WG16_16_3
104,7168,7168,64,0,torch.bfloat16,torch.bfloat16,0.0,1.0,hsaco,6,102.96,Cijk_Ailk_Bljk_BBS_BH_UserArgs_MT64x128x32_SN_K1_PGR6_SB1_TT2_2_WG16_16_3
105,576,256,64,0,torch.bfloat16,torch.bfloat16,0.0,1.0,hsaco,3,6.08,Cijk_Ailk_Bljk_BBS_BH_UserArgs_MT16x32x32_SN_K1_PGR6_SB1_TT2_2_WG16_16_2
105,1536,256,64,0,torch.bfloat16,torch.bfloat16,0.0,1.0,hsaco,0,8.32,Cijk_Ailk_Bljk_BBS_BH_UserArgs_MT64x32x32_SN_K1_PGR6_SB1_TT2_2_WG16_16_2
105,3072,256,64,0,torch.bfloat16,torch.bfloat16,0.0,1.0,hsaco,1,10.4,Cijk_Ailk_Bljk_BBS_BH_UserArgs_MT64x64x32_SN_K1_PGR6_SB1_TT2_2_WG16_16_2
105,4096,256,64,0,torch.bfloat16,torch.bfloat16,0.0,1.0,hsaco,1,9.6,Cijk_Ailk_Bljk_BBS_BH_UserArgs_MT64x64x32_SN_K1_PGR6_SB1_TT2_2_WG16_16_2
105,4608,256,64,0,torch.bfloat16,torch.bfloat16,0.0,1.0,hsaco,1,10.64,Cijk_Ailk_Bljk_BBS_BH_UserArgs_MT64x64x32_SN_K1_PGR6_SB1_TT2_2_WG16_16_2
105,7168,256,64,0,torch.bfloat16,torch.bfloat16,0.0,1.0,hsaco,2,12.24,Cijk_Ailk_Bljk_BBS_BH_UserArgs_MT64x128x32_SN_K1_PGR6_SB1_TT2_8_WG16_16_2
105,576,512,64,0,torch.bfloat16,torch.bfloat16,0.0,1.0,hsaco,3,7.04,Cijk_Ailk_Bljk_BBS_BH_UserArgs_MT16x32x32_SN_K1_PGR6_SB1_TT2_2_WG16_16_2
105,1536,512,64,0,torch.bfloat16,torch.bfloat16,0.0,1.0,hsaco,4,10.8,Cijk_Ailk_Bljk_BBS_BH_UserArgs_MT64x32x32_SN_K1_PGR6_SB1_TT2_2_WG16_16_3
105,3072,512,64,0,torch.bfloat16,torch.bfloat16,0.0,1.0,hsaco,5,13.36,Cijk_Ailk_Bljk_BBS_BH_UserArgs_MT64x64x32_SN_K1_PGR6_SB1_TT2_2_WG16_16_3
105,4096,512,64,0,torch.bfloat16,torch.bfloat16,0.0,1.0,hsaco,5,12.64,Cijk_Ailk_Bljk_BBS_BH_UserArgs_MT64x64x32_SN_K1_PGR6_SB1_TT2_2_WG16_16_3
105,4608,512,64,0,torch.bfloat16,torch.bfloat16,0.0,1.0,hsaco,5,13.36,Cijk_Ailk_Bljk_BBS_BH_UserArgs_MT64x64x32_SN_K1_PGR6_SB1_TT2_2_WG16_16_3
105,7168,512,64,0,torch.bfloat16,torch.bfloat16,0.0,1.0,hsaco,6,16.08,Cijk_Ailk_Bljk_BBS_BH_UserArgs_MT64x128x32_SN_K1_PGR6_SB1_TT2_2_WG16_16_3
105,576,1536,64,0,torch.bfloat16,torch.bfloat16,0.0,1.0,hsaco,3,12.08,Cijk_Ailk_Bljk_BBS_BH_UserArgs_MT16x32x32_SN_K1_PGR6_SB1_TT2_2_WG16_16_2
105,1536,1536,64,0,torch.bfloat16,torch.bfloat16,0.0,1.0,hsaco,4,20.48,Cijk_Ailk_Bljk_BBS_BH_UserArgs_MT64x32x32_SN_K1_PGR6_SB1_TT2_2_WG16_16_3
105,3072,1536,64,0,torch.bfloat16,torch.bfloat16,0.0,1.0,hsaco,5,24.56,Cijk_Ailk_Bljk_BBS_BH_UserArgs_MT64x64x32_SN_K1_PGR6_SB1_TT2_2_WG16_16_3
105,4096,1536,64,0,torch.bfloat16,torch.bfloat16,0.0,1.0,hsaco,5,24.48,Cijk_Ailk_Bljk_BBS_BH_UserArgs_MT64x64x32_SN_K1_PGR6_SB1_TT2_2_WG16_16_3
105,4608,1536,64,0,torch.bfloat16,torch.bfloat16,0.0,1.0,hsaco,5,24.16,Cijk_Ailk_Bljk_BBS_BH_UserArgs_MT64x64x32_SN_K1_PGR6_SB1_TT2_2_WG16_16_3
105,7168,1536,64,0,torch.bfloat16,torch.bfloat16,0.0,1.0,hsaco,6,29.52,Cijk_Ailk_Bljk_BBS_BH_UserArgs_MT64x128x32_SN_K1_PGR6_SB1_TT2_2_WG16_16_3
105,512,2048,64,0,torch.bfloat16,torch.bfloat16,0.0,1.0,hsaco,3,14.24,Cijk_Ailk_Bljk_BBS_BH_UserArgs_MT16x32x32_SN_K1_PGR6_SB1_TT2_2_WG16_16_2
105,1536,2048,64,0,torch.bfloat16,torch.bfloat16,0.0,1.0,hsaco,4,25.12,Cijk_Ailk_Bljk_BBS_BH_UserArgs_MT64x32x32_SN_K1_PGR6_SB1_TT2_2_WG16_16_3
105,3072,2048,64,0,torch.bfloat16,torch.bfloat16,0.0,1.0,hsaco,5,28.88,Cijk_Ailk_Bljk_BBS_BH_UserArgs_MT64x64x32_SN_K1_PGR6_SB1_TT2_2_WG16_16_3
105,4096,2048,64,0,torch.bfloat16,torch.bfloat16,0.0,1.0,hsaco,5,29.36,Cijk_Ailk_Bljk_BBS_BH_UserArgs_MT64x64x32_SN_K1_PGR6_SB1_TT2_2_WG16_16_3
105,4608,2048,64,0,torch.bfloat16,torch.bfloat16,0.0,1.0,hsaco,5,29.2,Cijk_Ailk_Bljk_BBS_BH_UserArgs_MT64x64x32_SN_K1_PGR6_SB1_TT2_2_WG16_16_3
105,7168,2048,64,0,torch.bfloat16,torch.bfloat16,0.0,1.0,hsaco,6,35.52,Cijk_Ailk_Bljk_BBS_BH_UserArgs_MT64x128x32_SN_K1_PGR6_SB1_TT2_2_WG16_16_3
105,512,2304,64,0,torch.bfloat16,torch.bfloat16,0.0,1.0,hsaco,3,16.08,Cijk_Ailk_Bljk_BBS_BH_UserArgs_MT16x32x32_SN_K1_PGR6_SB1_TT2_2_WG16_16_2
105,1536,2304,64,0,torch.bfloat16,torch.bfloat16,0.0,1.0,hsaco,4,27.92,Cijk_Ailk_Bljk_BBS_BH_UserArgs_MT64x32x32_SN_K1_PGR6_SB1_TT2_2_WG16_16_3
105,3072,2304,64,0,torch.bfloat16,torch.bfloat16,0.0,1.0,hsaco,5,31.92,Cijk_Ailk_Bljk_BBS_BH_UserArgs_MT64x64x32_SN_K1_PGR6_SB1_TT2_2_WG16_16_3
105,4096,2304,64,0,torch.bfloat16,torch.bfloat16,0.0,1.0,hsaco,5,33.44,Cijk_Ailk_Bljk_BBS_BH_UserArgs_MT64x64x32_SN_K1_PGR6_SB1_TT2_2_WG16_16_3
105,4608,2304,64,0,torch.bfloat16,torch.bfloat16,0.0,1.0,hsaco,5,32.64,Cijk_Ailk_Bljk_BBS_BH_UserArgs_MT64x64x32_SN_K1_PGR6_SB1_TT2_2_WG16_16_3
105,7168,2304,64,0,torch.bfloat16,torch.bfloat16,0.0,1.0,hsaco,6,40.08,Cijk_Ailk_Bljk_BBS_BH_UserArgs_MT64x128x32_SN_K1_PGR6_SB1_TT2_2_WG16_16_3
105,512,7168,64,0,torch.bfloat16,torch.bfloat16,0.0,1.0,hsaco,3,38.24,Cijk_Ailk_Bljk_BBS_BH_UserArgs_MT16x32x32_SN_K1_PGR6_SB1_TT2_2_WG16_16_2
105,1536,7168,64,0,torch.bfloat16,torch.bfloat16,0.0,1.0,hsaco,4,73.76,Cijk_Ailk_Bljk_BBS_BH_UserArgs_MT64x32x32_SN_K1_PGR6_SB1_TT2_2_WG16_16_3
105,3072,7168,64,0,torch.bfloat16,torch.bfloat16,0.0,1.0,hsaco,5,83.28,Cijk_Ailk_Bljk_BBS_BH_UserArgs_MT64x64x32_SN_K1_PGR6_SB1_TT2_2_WG16_16_3
105,4096,7168,64,0,torch.bfloat16,torch.bfloat16,0.0,1.0,hsaco,5,84.8,Cijk_Ailk_Bljk_BBS_BH_UserArgs_MT64x64x32_SN_K1_PGR6_SB1_TT2_2_WG16_16_3
105,4608,7168,64,0,torch.bfloat16,torch.bfloat16,0.0,1.0,hsaco,5,86.64,Cijk_Ailk_Bljk_BBS_BH_UserArgs_MT64x64x32_SN_K1_PGR6_SB1_TT2_2_WG16_16_3
105,7168,7168,64,0,torch.bfloat16,torch.bfloat16,0.0,1.0,hsaco,6,102.56,Cijk_Ailk_Bljk_BBS_BH_UserArgs_MT64x128x32_SN_K1_PGR6_SB1_TT2_2_WG16_16_3
106,576,256,64,0,torch.bfloat16,torch.bfloat16,0.0,1.0,hsaco,3,6.16,Cijk_Ailk_Bljk_BBS_BH_UserArgs_MT16x32x32_SN_K1_PGR6_SB1_TT2_2_WG16_16_2
106,1536,256,64,0,torch.bfloat16,torch.bfloat16,0.0,1.0,hsaco,0,8.32,Cijk_Ailk_Bljk_BBS_BH_UserArgs_MT64x32x32_SN_K1_PGR6_SB1_TT2_2_WG16_16_2
106,3072,256,64,0,torch.bfloat16,torch.bfloat16,0.0,1.0,hsaco,1,10.24,Cijk_Ailk_Bljk_BBS_BH_UserArgs_MT64x64x32_SN_K1_PGR6_SB1_TT2_2_WG16_16_2
106,4096,256,64,0,torch.bfloat16,torch.bfloat16,0.0,1.0,hsaco,1,9.6,Cijk_Ailk_Bljk_BBS_BH_UserArgs_MT64x64x32_SN_K1_PGR6_SB1_TT2_2_WG16_16_2
106,4608,256,64,0,torch.bfloat16,torch.bfloat16,0.0,1.0,hsaco,1,10.64,Cijk_Ailk_Bljk_BBS_BH_UserArgs_MT64x64x32_SN_K1_PGR6_SB1_TT2_2_WG16_16_2
106,7168,256,64,0,torch.bfloat16,torch.bfloat16,0.0,1.0,hsaco,2,12.4,Cijk_Ailk_Bljk_BBS_BH_UserArgs_MT64x128x32_SN_K1_PGR6_SB1_TT2_8_WG16_16_2
106,576,512,64,0,torch.bfloat16,torch.bfloat16,0.0,1.0,hsaco,3,7.04,Cijk_Ailk_Bljk_BBS_BH_UserArgs_MT16x32x32_SN_K1_PGR6_SB1_TT2_2_WG16_16_2
106,1536,512,64,0,torch.bfloat16,torch.bfloat16,0.0,1.0,hsaco,4,10.72,Cijk_Ailk_Bljk_BBS_BH_UserArgs_MT64x32x32_SN_K1_PGR6_SB1_TT2_2_WG16_16_3
106,3072,512,64,0,torch.bfloat16,torch.bfloat16,0.0,1.0,hsaco,1,14.0,Cijk_Ailk_Bljk_BBS_BH_UserArgs_MT64x64x32_SN_K1_PGR6_SB1_TT2_2_WG16_16_2
106,4096,512,64,0,torch.bfloat16,torch.bfloat16,0.0,1.0,hsaco,5,12.64,Cijk_Ailk_Bljk_BBS_BH_UserArgs_MT64x64x32_SN_K1_PGR6_SB1_TT2_2_WG16_16_3
106,4608,512,64,0,torch.bfloat16,torch.bfloat16,0.0,1.0,hsaco,5,13.44,Cijk_Ailk_Bljk_BBS_BH_UserArgs_MT64x64x32_SN_K1_PGR6_SB1_TT2_2_WG16_16_3
106,7168,512,64,0,torch.bfloat16,torch.bfloat16,0.0,1.0,hsaco,6,16.0,Cijk_Ailk_Bljk_BBS_BH_UserArgs_MT64x128x32_SN_K1_PGR6_SB1_TT2_2_WG16_16_3
106,576,1536,64,0,torch.bfloat16,torch.bfloat16,0.0,1.0,hsaco,3,12.08,Cijk_Ailk_Bljk_BBS_BH_UserArgs_MT16x32x32_SN_K1_PGR6_SB1_TT2_2_WG16_16_2
106,1536,1536,64,0,torch.bfloat16,torch.bfloat16,0.0,1.0,hsaco,4,20.4,Cijk_Ailk_Bljk_BBS_BH_UserArgs_MT64x32x32_SN_K1_PGR6_SB1_TT2_2_WG16_16_3
106,3072,1536,64,0,torch.bfloat16,torch.bfloat16,0.0,1.0,hsaco,5,24.72,Cijk_Ailk_Bljk_BBS_BH_UserArgs_MT64x64x32_SN_K1_PGR6_SB1_TT2_2_WG16_16_3
106,4096,1536,64,0,torch.bfloat16,torch.bfloat16,0.0,1.0,hsaco,5,24.64,Cijk_Ailk_Bljk_BBS_BH_UserArgs_MT64x64x32_SN_K1_PGR6_SB1_TT2_2_WG16_16_3
106,4608,1536,64,0,torch.bfloat16,torch.bfloat16,0.0,1.0,hsaco,5,24.08,Cijk_Ailk_Bljk_BBS_BH_UserArgs_MT64x64x32_SN_K1_PGR6_SB1_TT2_2_WG16_16_3
106,7168,1536,64,0,torch.bfloat16,torch.bfloat16,0.0,1.0,hsaco,6,29.36,Cijk_Ailk_Bljk_BBS_BH_UserArgs_MT64x128x32_SN_K1_PGR6_SB1_TT2_2_WG16_16_3
106,512,2048,64,0,torch.bfloat16,torch.bfloat16,0.0,1.0,hsaco,3,14.32,Cijk_Ailk_Bljk_BBS_BH_UserArgs_MT16x32x32_SN_K1_PGR6_SB1_TT2_2_WG16_16_2
106,1536,2048,64,0,torch.bfloat16,torch.bfloat16,0.0,1.0,hsaco,4,25.28,Cijk_Ailk_Bljk_BBS_BH_UserArgs_MT64x32x32_SN_K1_PGR6_SB1_TT2_2_WG16_16_3
106,3072,2048,64,0,torch.bfloat16,torch.bfloat16,0.0,1.0,hsaco,5,29.04,Cijk_Ailk_Bljk_BBS_BH_UserArgs_MT64x64x32_SN_K1_PGR6_SB1_TT2_2_WG16_16_3
106,4096,2048,64,0,torch.bfloat16,torch.bfloat16,0.0,1.0,hsaco,5,29.44,Cijk_Ailk_Bljk_BBS_BH_UserArgs_MT64x64x32_SN_K1_PGR6_SB1_TT2_2_WG16_16_3
106,4608,2048,64,0,torch.bfloat16,torch.bfloat16,0.0,1.0,hsaco,5,29.2,Cijk_Ailk_Bljk_BBS_BH_UserArgs_MT64x64x32_SN_K1_PGR6_SB1_TT2_2_WG16_16_3
106,7168,2048,64,0,torch.bfloat16,torch.bfloat16,0.0,1.0,hsaco,6,35.92,Cijk_Ailk_Bljk_BBS_BH_UserArgs_MT64x128x32_SN_K1_PGR6_SB1_TT2_2_WG16_16_3
106,512,2304,64,0,torch.bfloat16,torch.bfloat16,0.0,1.0,hsaco,3,16.16,Cijk_Ailk_Bljk_BBS_BH_UserArgs_MT16x32x32_SN_K1_PGR6_SB1_TT2_2_WG16_16_2
106,1536,2304,64,0,torch.bfloat16,torch.bfloat16,0.0,1.0,hsaco,4,27.92,Cijk_Ailk_Bljk_BBS_BH_UserArgs_MT64x32x32_SN_K1_PGR6_SB1_TT2_2_WG16_16_3
106,3072,2304,64,0,torch.bfloat16,torch.bfloat16,0.0,1.0,hsaco,5,31.84,Cijk_Ailk_Bljk_BBS_BH_UserArgs_MT64x64x32_SN_K1_PGR6_SB1_TT2_2_WG16_16_3
106,4096,2304,64,0,torch.bfloat16,torch.bfloat16,0.0,1.0,hsaco,5,33.44,Cijk_Ailk_Bljk_BBS_BH_UserArgs_MT64x64x32_SN_K1_PGR6_SB1_TT2_2_WG16_16_3
106,4608,2304,64,0,torch.bfloat16,torch.bfloat16,0.0,1.0,hsaco,5,32.64,Cijk_Ailk_Bljk_BBS_BH_UserArgs_MT64x64x32_SN_K1_PGR6_SB1_TT2_2_WG16_16_3
106,7168,2304,64,0,torch.bfloat16,torch.bfloat16,0.0,1.0,hsaco,6,39.76,Cijk_Ailk_Bljk_BBS_BH_UserArgs_MT64x128x32_SN_K1_PGR6_SB1_TT2_2_WG16_16_3
106,512,7168,64,0,torch.bfloat16,torch.bfloat16,0.0,1.0,hsaco,3,38.48,Cijk_Ailk_Bljk_BBS_BH_UserArgs_MT16x32x32_SN_K1_PGR6_SB1_TT2_2_WG16_16_2
106,1536,7168,64,0,torch.bfloat16,torch.bfloat16,0.0,1.0,hsaco,4,74.08,Cijk_Ailk_Bljk_BBS_BH_UserArgs_MT64x32x32_SN_K1_PGR6_SB1_TT2_2_WG16_16_3
106,3072,7168,64,0,torch.bfloat16,torch.bfloat16,0.0,1.0,hsaco,5,83.28,Cijk_Ailk_Bljk_BBS_BH_UserArgs_MT64x64x32_SN_K1_PGR6_SB1_TT2_2_WG16_16_3
106,4096,7168,64,0,torch.bfloat16,torch.bfloat16,0.0,1.0,hsaco,5,84.32,Cijk_Ailk_Bljk_BBS_BH_UserArgs_MT64x64x32_SN_K1_PGR6_SB1_TT2_2_WG16_16_3
106,4608,7168,64,0,torch.bfloat16,torch.bfloat16,0.0,1.0,hsaco,5,86.56,Cijk_Ailk_Bljk_BBS_BH_UserArgs_MT64x64x32_SN_K1_PGR6_SB1_TT2_2_WG16_16_3
106,7168,7168,64,0,torch.bfloat16,torch.bfloat16,0.0,1.0,hsaco,6,103.28,Cijk_Ailk_Bljk_BBS_BH_UserArgs_MT64x128x32_SN_K1_PGR6_SB1_TT2_2_WG16_16_3
107,576,256,64,0,torch.bfloat16,torch.bfloat16,0.0,1.0,hsaco,3,6.08,Cijk_Ailk_Bljk_BBS_BH_UserArgs_MT16x32x32_SN_K1_PGR6_SB1_TT2_2_WG16_16_2
107,1536,256,64,0,torch.bfloat16,torch.bfloat16,0.0,1.0,hsaco,0,8.32,Cijk_Ailk_Bljk_BBS_BH_UserArgs_MT64x32x32_SN_K1_PGR6_SB1_TT2_2_WG16_16_2
107,3072,256,64,0,torch.bfloat16,torch.bfloat16,0.0,1.0,hsaco,1,10.32,Cijk_Ailk_Bljk_BBS_BH_UserArgs_MT64x64x32_SN_K1_PGR6_SB1_TT2_2_WG16_16_2
107,4096,256,64,0,torch.bfloat16,torch.bfloat16,0.0,1.0,hsaco,1,9.6,Cijk_Ailk_Bljk_BBS_BH_UserArgs_MT64x64x32_SN_K1_PGR6_SB1_TT2_2_WG16_16_2
107,4608,256,64,0,torch.bfloat16,torch.bfloat16,0.0,1.0,hsaco,1,10.72,Cijk_Ailk_Bljk_BBS_BH_UserArgs_MT64x64x32_SN_K1_PGR6_SB1_TT2_2_WG16_16_2
107,7168,256,64,0,torch.bfloat16,torch.bfloat16,0.0,1.0,hsaco,2,12.24,Cijk_Ailk_Bljk_BBS_BH_UserArgs_MT64x128x32_SN_K1_PGR6_SB1_TT2_8_WG16_16_2
107,576,512,64,0,torch.bfloat16,torch.bfloat16,0.0,1.0,hsaco,3,7.04,Cijk_Ailk_Bljk_BBS_BH_UserArgs_MT16x32x32_SN_K1_PGR6_SB1_TT2_2_WG16_16_2
107,1536,512,64,0,torch.bfloat16,torch.bfloat16,0.0,1.0,hsaco,4,10.72,Cijk_Ailk_Bljk_BBS_BH_UserArgs_MT64x32x32_SN_K1_PGR6_SB1_TT2_2_WG16_16_3
107,3072,512,64,0,torch.bfloat16,torch.bfloat16,0.0,1.0,hsaco,5,13.6,Cijk_Ailk_Bljk_BBS_BH_UserArgs_MT64x64x32_SN_K1_PGR6_SB1_TT2_2_WG16_16_3
107,4096,512,64,0,torch.bfloat16,torch.bfloat16,0.0,1.0,hsaco,5,13.28,Cijk_Ailk_Bljk_BBS_BH_UserArgs_MT64x64x32_SN_K1_PGR6_SB1_TT2_2_WG16_16_3
107,4608,512,64,0,torch.bfloat16,torch.bfloat16,0.0,1.0,hsaco,5,13.44,Cijk_Ailk_Bljk_BBS_BH_UserArgs_MT64x64x32_SN_K1_PGR6_SB1_TT2_2_WG16_16_3
107,7168,512,64,0,torch.bfloat16,torch.bfloat16,0.0,1.0,hsaco,6,16.0,Cijk_Ailk_Bljk_BBS_BH_UserArgs_MT64x128x32_SN_K1_PGR6_SB1_TT2_2_WG16_16_3
107,576,1536,64,0,torch.bfloat16,torch.bfloat16,0.0,1.0,hsaco,3,12.16,Cijk_Ailk_Bljk_BBS_BH_UserArgs_MT16x32x32_SN_K1_PGR6_SB1_TT2_2_WG16_16_2
107,1536,1536,64,0,torch.bfloat16,torch.bfloat16,0.0,1.0,hsaco,4,20.48,Cijk_Ailk_Bljk_BBS_BH_UserArgs_MT64x32x32_SN_K1_PGR6_SB1_TT2_2_WG16_16_3
107,3072,1536,64,0,torch.bfloat16,torch.bfloat16,0.0,1.0,hsaco,5,24.56,Cijk_Ailk_Bljk_BBS_BH_UserArgs_MT64x64x32_SN_K1_PGR6_SB1_TT2_2_WG16_16_3
107,4096,1536,64,0,torch.bfloat16,torch.bfloat16,0.0,1.0,hsaco,5,24.72,Cijk_Ailk_Bljk_BBS_BH_UserArgs_MT64x64x32_SN_K1_PGR6_SB1_TT2_2_WG16_16_3
107,4608,1536,64,0,torch.bfloat16,torch.bfloat16,0.0,1.0,hsaco,5,24.16,Cijk_Ailk_Bljk_BBS_BH_UserArgs_MT64x64x32_SN_K1_PGR6_SB1_TT2_2_WG16_16_3
107,7168,1536,64,0,torch.bfloat16,torch.bfloat16,0.0,1.0,hsaco,6,29.44,Cijk_Ailk_Bljk_BBS_BH_UserArgs_MT64x128x32_SN_K1_PGR6_SB1_TT2_2_WG16_16_3
107,512,2048,64,0,torch.bfloat16,torch.bfloat16,0.0,1.0,hsaco,3,14.24,Cijk_Ailk_Bljk_BBS_BH_UserArgs_MT16x32x32_SN_K1_PGR6_SB1_TT2_2_WG16_16_2
107,1536,2048,64,0,torch.bfloat16,torch.bfloat16,0.0,1.0,hsaco,4,25.36,Cijk_Ailk_Bljk_BBS_BH_UserArgs_MT64x32x32_SN_K1_PGR6_SB1_TT2_2_WG16_16_3
107,3072,2048,64,0,torch.bfloat16,torch.bfloat16,0.0,1.0,hsaco,5,28.88,Cijk_Ailk_Bljk_BBS_BH_UserArgs_MT64x64x32_SN_K1_PGR6_SB1_TT2_2_WG16_16_3
107,4096,2048,64,0,torch.bfloat16,torch.bfloat16,0.0,1.0,hsaco,5,29.44,Cijk_Ailk_Bljk_BBS_BH_UserArgs_MT64x64x32_SN_K1_PGR6_SB1_TT2_2_WG16_16_3
107,4608,2048,64,0,torch.bfloat16,torch.bfloat16,0.0,1.0,hsaco,5,29.2,Cijk_Ailk_Bljk_BBS_BH_UserArgs_MT64x64x32_SN_K1_PGR6_SB1_TT2_2_WG16_16_3
107,7168,2048,64,0,torch.bfloat16,torch.bfloat16,0.0,1.0,hsaco,6,35.44,Cijk_Ailk_Bljk_BBS_BH_UserArgs_MT64x128x32_SN_K1_PGR6_SB1_TT2_2_WG16_16_3
107,512,2304,64,0,torch.bfloat16,torch.bfloat16,0.0,1.0,hsaco,3,16.08,Cijk_Ailk_Bljk_BBS_BH_UserArgs_MT16x32x32_SN_K1_PGR6_SB1_TT2_2_WG16_16_2
107,1536,2304,64,0,torch.bfloat16,torch.bfloat16,0.0,1.0,hsaco,4,27.84,Cijk_Ailk_Bljk_BBS_BH_UserArgs_MT64x32x32_SN_K1_PGR6_SB1_TT2_2_WG16_16_3
107,3072,2304,64,0,torch.bfloat16,torch.bfloat16,0.0,1.0,hsaco,5,32.0,Cijk_Ailk_Bljk_BBS_BH_UserArgs_MT64x64x32_SN_K1_PGR6_SB1_TT2_2_WG16_16_3
107,4096,2304,64,0,torch.bfloat16,torch.bfloat16,0.0,1.0,hsaco,5,32.48,Cijk_Ailk_Bljk_BBS_BH_UserArgs_MT64x64x32_SN_K1_PGR6_SB1_TT2_2_WG16_16_3
107,4608,2304,64,0,torch.bfloat16,torch.bfloat16,0.0,1.0,hsaco,5,32.64,Cijk_Ailk_Bljk_BBS_BH_UserArgs_MT64x64x32_SN_K1_PGR6_SB1_TT2_2_WG16_16_3
107,7168,2304,64,0,torch.bfloat16,torch.bfloat16,0.0,1.0,hsaco,6,39.92,Cijk_Ailk_Bljk_BBS_BH_UserArgs_MT64x128x32_SN_K1_PGR6_SB1_TT2_2_WG16_16_3
107,512,7168,64,0,torch.bfloat16,torch.bfloat16,0.0,1.0,hsaco,3,38.32,Cijk_Ailk_Bljk_BBS_BH_UserArgs_MT16x32x32_SN_K1_PGR6_SB1_TT2_2_WG16_16_2
107,1536,7168,64,0,torch.bfloat16,torch.bfloat16,0.0,1.0,hsaco,4,74.16,Cijk_Ailk_Bljk_BBS_BH_UserArgs_MT64x32x32_SN_K1_PGR6_SB1_TT2_2_WG16_16_3
107,3072,7168,64,0,torch.bfloat16,torch.bfloat16,0.0,1.0,hsaco,5,83.2,Cijk_Ailk_Bljk_BBS_BH_UserArgs_MT64x64x32_SN_K1_PGR6_SB1_TT2_2_WG16_16_3
107,4096,7168,64,0,torch.bfloat16,torch.bfloat16,0.0,1.0,hsaco,5,85.44,Cijk_Ailk_Bljk_BBS_BH_UserArgs_MT64x64x32_SN_K1_PGR6_SB1_TT2_2_WG16_16_3
107,4608,7168,64,0,torch.bfloat16,torch.bfloat16,0.0,1.0,hsaco,5,86.72,Cijk_Ailk_Bljk_BBS_BH_UserArgs_MT64x64x32_SN_K1_PGR6_SB1_TT2_2_WG16_16_3
107,7168,7168,64,0,torch.bfloat16,torch.bfloat16,0.0,1.0,hsaco,6,103.36,Cijk_Ailk_Bljk_BBS_BH_UserArgs_MT64x128x32_SN_K1_PGR6_SB1_TT2_2_WG16_16_3
108,576,256,64,0,torch.bfloat16,torch.bfloat16,0.0,1.0,hsaco,3,6.24,Cijk_Ailk_Bljk_BBS_BH_UserArgs_MT16x32x32_SN_K1_PGR6_SB1_TT2_2_WG16_16_2
108,1536,256,64,0,torch.bfloat16,torch.bfloat16,0.0,1.0,hsaco,0,8.24,Cijk_Ailk_Bljk_BBS_BH_UserArgs_MT64x32x32_SN_K1_PGR6_SB1_TT2_2_WG16_16_2
108,3072,256,64,0,torch.bfloat16,torch.bfloat16,0.0,1.0,hsaco,1,10.24,Cijk_Ailk_Bljk_BBS_BH_UserArgs_MT64x64x32_SN_K1_PGR6_SB1_TT2_2_WG16_16_2
108,4096,256,64,0,torch.bfloat16,torch.bfloat16,0.0,1.0,hsaco,1,9.6,Cijk_Ailk_Bljk_BBS_BH_UserArgs_MT64x64x32_SN_K1_PGR6_SB1_TT2_2_WG16_16_2
108,4608,256,64,0,torch.bfloat16,torch.bfloat16,0.0,1.0,hsaco,1,10.56,Cijk_Ailk_Bljk_BBS_BH_UserArgs_MT64x64x32_SN_K1_PGR6_SB1_TT2_2_WG16_16_2
108,7168,256,64,0,torch.bfloat16,torch.bfloat16,0.0,1.0,hsaco,2,12.56,Cijk_Ailk_Bljk_BBS_BH_UserArgs_MT64x128x32_SN_K1_PGR6_SB1_TT2_8_WG16_16_2
108,576,512,64,0,torch.bfloat16,torch.bfloat16,0.0,1.0,hsaco,3,7.12,Cijk_Ailk_Bljk_BBS_BH_UserArgs_MT16x32x32_SN_K1_PGR6_SB1_TT2_2_WG16_16_2
108,1536,512,64,0,torch.bfloat16,torch.bfloat16,0.0,1.0,hsaco,4,10.64,Cijk_Ailk_Bljk_BBS_BH_UserArgs_MT64x32x32_SN_K1_PGR6_SB1_TT2_2_WG16_16_3
108,3072,512,64,0,torch.bfloat16,torch.bfloat16,0.0,1.0,hsaco,5,13.44,Cijk_Ailk_Bljk_BBS_BH_UserArgs_MT64x64x32_SN_K1_PGR6_SB1_TT2_2_WG16_16_3
108,4096,512,64,0,torch.bfloat16,torch.bfloat16,0.0,1.0,hsaco,5,13.28,Cijk_Ailk_Bljk_BBS_BH_UserArgs_MT64x64x32_SN_K1_PGR6_SB1_TT2_2_WG16_16_3
108,4608,512,64,0,torch.bfloat16,torch.bfloat16,0.0,1.0,hsaco,5,13.6,Cijk_Ailk_Bljk_BBS_BH_UserArgs_MT64x64x32_SN_K1_PGR6_SB1_TT2_2_WG16_16_3
108,7168,512,64,0,torch.bfloat16,torch.bfloat16,0.0,1.0,hsaco,6,16.08,Cijk_Ailk_Bljk_BBS_BH_UserArgs_MT64x128x32_SN_K1_PGR6_SB1_TT2_2_WG16_16_3
108,576,1536,64,0,torch.bfloat16,torch.bfloat16,0.0,1.0,hsaco,3,12.16,Cijk_Ailk_Bljk_BBS_BH_UserArgs_MT16x32x32_SN_K1_PGR6_SB1_TT2_2_WG16_16_2
108,1536,1536,64,0,torch.bfloat16,torch.bfloat16,0.0,1.0,hsaco,4,20.48,Cijk_Ailk_Bljk_BBS_BH_UserArgs_MT64x32x32_SN_K1_PGR6_SB1_TT2_2_WG16_16_3
108,3072,1536,64,0,torch.bfloat16,torch.bfloat16,0.0,1.0,hsaco,5,24.72,Cijk_Ailk_Bljk_BBS_BH_UserArgs_MT64x64x32_SN_K1_PGR6_SB1_TT2_2_WG16_16_3
108,4096,1536,64,0,torch.bfloat16,torch.bfloat16,0.0,1.0,hsaco,5,24.8,Cijk_Ailk_Bljk_BBS_BH_UserArgs_MT64x64x32_SN_K1_PGR6_SB1_TT2_2_WG16_16_3
108,4608,1536,64,0,torch.bfloat16,torch.bfloat16,0.0,1.0,hsaco,5,24.24,Cijk_Ailk_Bljk_BBS_BH_UserArgs_MT64x64x32_SN_K1_PGR6_SB1_TT2_2_WG16_16_3
108,7168,1536,64,0,torch.bfloat16,torch.bfloat16,0.0,1.0,hsaco,6,29.6,Cijk_Ailk_Bljk_BBS_BH_UserArgs_MT64x128x32_SN_K1_PGR6_SB1_TT2_2_WG16_16_3
108,512,2048,64,0,torch.bfloat16,torch.bfloat16,0.0,1.0,hsaco,3,14.4,Cijk_Ailk_Bljk_BBS_BH_UserArgs_MT16x32x32_SN_K1_PGR6_SB1_TT2_2_WG16_16_2
108,1536,2048,64,0,torch.bfloat16,torch.bfloat16,0.0,1.0,hsaco,4,25.28,Cijk_Ailk_Bljk_BBS_BH_UserArgs_MT64x32x32_SN_K1_PGR6_SB1_TT2_2_WG16_16_3
108,3072,2048,64,0,torch.bfloat16,torch.bfloat16,0.0,1.0,hsaco,5,28.88,Cijk_Ailk_Bljk_BBS_BH_UserArgs_MT64x64x32_SN_K1_PGR6_SB1_TT2_2_WG16_16_3
108,4096,2048,64,0,torch.bfloat16,torch.bfloat16,0.0,1.0,hsaco,5,30.32,Cijk_Ailk_Bljk_BBS_BH_UserArgs_MT64x64x32_SN_K1_PGR6_SB1_TT2_2_WG16_16_3
108,4608,2048,64,0,torch.bfloat16,torch.bfloat16,0.0,1.0,hsaco,5,29.2,Cijk_Ailk_Bljk_BBS_BH_UserArgs_MT64x64x32_SN_K1_PGR6_SB1_TT2_2_WG16_16_3
108,7168,2048,64,0,torch.bfloat16,torch.bfloat16,0.0,1.0,hsaco,6,35.6,Cijk_Ailk_Bljk_BBS_BH_UserArgs_MT64x128x32_SN_K1_PGR6_SB1_TT2_2_WG16_16_3
108,512,2304,64,0,torch.bfloat16,torch.bfloat16,0.0,1.0,hsaco,3,16.0,Cijk_Ailk_Bljk_BBS_BH_UserArgs_MT16x32x32_SN_K1_PGR6_SB1_TT2_2_WG16_16_2
108,1536,2304,64,0,torch.bfloat16,torch.bfloat16,0.0,1.0,hsaco,4,27.92,Cijk_Ailk_Bljk_BBS_BH_UserArgs_MT64x32x32_SN_K1_PGR6_SB1_TT2_2_WG16_16_3
108,3072,2304,64,0,torch.bfloat16,torch.bfloat16,0.0,1.0,hsaco,5,32.0,Cijk_Ailk_Bljk_BBS_BH_UserArgs_MT64x64x32_SN_K1_PGR6_SB1_TT2_2_WG16_16_3
108,4096,2304,64,0,torch.bfloat16,torch.bfloat16,0.0,1.0,hsaco,5,32.48,Cijk_Ailk_Bljk_BBS_BH_UserArgs_MT64x64x32_SN_K1_PGR6_SB1_TT2_2_WG16_16_3
108,4608,2304,64,0,torch.bfloat16,torch.bfloat16,0.0,1.0,hsaco,5,32.64,Cijk_Ailk_Bljk_BBS_BH_UserArgs_MT64x64x32_SN_K1_PGR6_SB1_TT2_2_WG16_16_3
108,7168,2304,64,0,torch.bfloat16,torch.bfloat16,0.0,1.0,hsaco,6,39.84,Cijk_Ailk_Bljk_BBS_BH_UserArgs_MT64x128x32_SN_K1_PGR6_SB1_TT2_2_WG16_16_3
108,512,7168,64,0,torch.bfloat16,torch.bfloat16,0.0,1.0,hsaco,3,38.16,Cijk_Ailk_Bljk_BBS_BH_UserArgs_MT16x32x32_SN_K1_PGR6_SB1_TT2_2_WG16_16_2
108,1536,7168,64,0,torch.bfloat16,torch.bfloat16,0.0,1.0,hsaco,4,73.92,Cijk_Ailk_Bljk_BBS_BH_UserArgs_MT64x32x32_SN_K1_PGR6_SB1_TT2_2_WG16_16_3
108,3072,7168,64,0,torch.bfloat16,torch.bfloat16,0.0,1.0,hsaco,5,83.28,Cijk_Ailk_Bljk_BBS_BH_UserArgs_MT64x64x32_SN_K1_PGR6_SB1_TT2_2_WG16_16_3
108,4096,7168,64,0,torch.bfloat16,torch.bfloat16,0.0,1.0,hsaco,5,84.88,Cijk_Ailk_Bljk_BBS_BH_UserArgs_MT64x64x32_SN_K1_PGR6_SB1_TT2_2_WG16_16_3
108,4608,7168,64,0,torch.bfloat16,torch.bfloat16,0.0,1.0,hsaco,5,84.64,Cijk_Ailk_Bljk_BBS_BH_UserArgs_MT64x64x32_SN_K1_PGR6_SB1_TT2_2_WG16_16_3
108,7168,7168,64,0,torch.bfloat16,torch.bfloat16,0.0,1.0,hsaco,6,102.16,Cijk_Ailk_Bljk_BBS_BH_UserArgs_MT64x128x32_SN_K1_PGR6_SB1_TT2_2_WG16_16_3
109,576,256,64,0,torch.bfloat16,torch.bfloat16,0.0,1.0,hsaco,3,6.24,Cijk_Ailk_Bljk_BBS_BH_UserArgs_MT16x32x32_SN_K1_PGR6_SB1_TT2_2_WG16_16_2
109,1536,256,64,0,torch.bfloat16,torch.bfloat16,0.0,1.0,hsaco,0,8.32,Cijk_Ailk_Bljk_BBS_BH_UserArgs_MT64x32x32_SN_K1_PGR6_SB1_TT2_2_WG16_16_2
109,3072,256,64,0,torch.bfloat16,torch.bfloat16,0.0,1.0,hsaco,1,10.32,Cijk_Ailk_Bljk_BBS_BH_UserArgs_MT64x64x32_SN_K1_PGR6_SB1_TT2_2_WG16_16_2
109,4096,256,64,0,torch.bfloat16,torch.bfloat16,0.0,1.0,hsaco,1,9.84,Cijk_Ailk_Bljk_BBS_BH_UserArgs_MT64x64x32_SN_K1_PGR6_SB1_TT2_2_WG16_16_2
109,4608,256,64,0,torch.bfloat16,torch.bfloat16,0.0,1.0,hsaco,1,10.8,Cijk_Ailk_Bljk_BBS_BH_UserArgs_MT64x64x32_SN_K1_PGR6_SB1_TT2_2_WG16_16_2
109,7168,256,64,0,torch.bfloat16,torch.bfloat16,0.0,1.0,hsaco,2,12.4,Cijk_Ailk_Bljk_BBS_BH_UserArgs_MT64x128x32_SN_K1_PGR6_SB1_TT2_8_WG16_16_2
109,576,512,64,0,torch.bfloat16,torch.bfloat16,0.0,1.0,hsaco,3,7.04,Cijk_Ailk_Bljk_BBS_BH_UserArgs_MT16x32x32_SN_K1_PGR6_SB1_TT2_2_WG16_16_2
109,1536,512,64,0,torch.bfloat16,torch.bfloat16,0.0,1.0,hsaco,4,10.72,Cijk_Ailk_Bljk_BBS_BH_UserArgs_MT64x32x32_SN_K1_PGR6_SB1_TT2_2_WG16_16_3
109,3072,512,64,0,torch.bfloat16,torch.bfloat16,0.0,1.0,hsaco,5,13.6,Cijk_Ailk_Bljk_BBS_BH_UserArgs_MT64x64x32_SN_K1_PGR6_SB1_TT2_2_WG16_16_3
109,4096,512,64,0,torch.bfloat16,torch.bfloat16,0.0,1.0,hsaco,5,13.2,Cijk_Ailk_Bljk_BBS_BH_UserArgs_MT64x64x32_SN_K1_PGR6_SB1_TT2_2_WG16_16_3
109,4608,512,64,0,torch.bfloat16,torch.bfloat16,0.0,1.0,hsaco,5,13.36,Cijk_Ailk_Bljk_BBS_BH_UserArgs_MT64x64x32_SN_K1_PGR6_SB1_TT2_2_WG16_16_3
109,7168,512,64,0,torch.bfloat16,torch.bfloat16,0.0,1.0,hsaco,6,16.08,Cijk_Ailk_Bljk_BBS_BH_UserArgs_MT64x128x32_SN_K1_PGR6_SB1_TT2_2_WG16_16_3
109,576,1536,64,0,torch.bfloat16,torch.bfloat16,0.0,1.0,hsaco,3,12.08,Cijk_Ailk_Bljk_BBS_BH_UserArgs_MT16x32x32_SN_K1_PGR6_SB1_TT2_2_WG16_16_2
109,1536,1536,64,0,torch.bfloat16,torch.bfloat16,0.0,1.0,hsaco,4,20.48,Cijk_Ailk_Bljk_BBS_BH_UserArgs_MT64x32x32_SN_K1_PGR6_SB1_TT2_2_WG16_16_3
109,3072,1536,64,0,torch.bfloat16,torch.bfloat16,0.0,1.0,hsaco,5,24.72,Cijk_Ailk_Bljk_BBS_BH_UserArgs_MT64x64x32_SN_K1_PGR6_SB1_TT2_2_WG16_16_3
109,4096,1536,64,0,torch.bfloat16,torch.bfloat16,0.0,1.0,hsaco,5,24.4,Cijk_Ailk_Bljk_BBS_BH_UserArgs_MT64x64x32_SN_K1_PGR6_SB1_TT2_2_WG16_16_3
109,4608,1536,64,0,torch.bfloat16,torch.bfloat16,0.0,1.0,hsaco,5,24.08,Cijk_Ailk_Bljk_BBS_BH_UserArgs_MT64x64x32_SN_K1_PGR6_SB1_TT2_2_WG16_16_3
109,7168,1536,64,0,torch.bfloat16,torch.bfloat16,0.0,1.0,hsaco,6,29.36,Cijk_Ailk_Bljk_BBS_BH_UserArgs_MT64x128x32_SN_K1_PGR6_SB1_TT2_2_WG16_16_3
109,512,2048,64,0,torch.bfloat16,torch.bfloat16,0.0,1.0,hsaco,3,14.4,Cijk_Ailk_Bljk_BBS_BH_UserArgs_MT16x32x32_SN_K1_PGR6_SB1_TT2_2_WG16_16_2
109,1536,2048,64,0,torch.bfloat16,torch.bfloat16,0.0,1.0,hsaco,4,25.28,Cijk_Ailk_Bljk_BBS_BH_UserArgs_MT64x32x32_SN_K1_PGR6_SB1_TT2_2_WG16_16_3
109,3072,2048,64,0,torch.bfloat16,torch.bfloat16,0.0,1.0,hsaco,5,28.96,Cijk_Ailk_Bljk_BBS_BH_UserArgs_MT64x64x32_SN_K1_PGR6_SB1_TT2_2_WG16_16_3
109,4096,2048,64,0,torch.bfloat16,torch.bfloat16,0.0,1.0,hsaco,5,30.24,Cijk_Ailk_Bljk_BBS_BH_UserArgs_MT64x64x32_SN_K1_PGR6_SB1_TT2_2_WG16_16_3
109,4608,2048,64,0,torch.bfloat16,torch.bfloat16,0.0,1.0,hsaco,5,29.28,Cijk_Ailk_Bljk_BBS_BH_UserArgs_MT64x64x32_SN_K1_PGR6_SB1_TT2_2_WG16_16_3
109,7168,2048,64,0,torch.bfloat16,torch.bfloat16,0.0,1.0,hsaco,6,35.6,Cijk_Ailk_Bljk_BBS_BH_UserArgs_MT64x128x32_SN_K1_PGR6_SB1_TT2_2_WG16_16_3
109,512,2304,64,0,torch.bfloat16,torch.bfloat16,0.0,1.0,hsaco,3,16.24,Cijk_Ailk_Bljk_BBS_BH_UserArgs_MT16x32x32_SN_K1_PGR6_SB1_TT2_2_WG16_16_2
109,1536,2304,64,0,torch.bfloat16,torch.bfloat16,0.0,1.0,hsaco,4,27.84,Cijk_Ailk_Bljk_BBS_BH_UserArgs_MT64x32x32_SN_K1_PGR6_SB1_TT2_2_WG16_16_3
109,3072,2304,64,0,torch.bfloat16,torch.bfloat16,0.0,1.0,hsaco,5,31.92,Cijk_Ailk_Bljk_BBS_BH_UserArgs_MT64x64x32_SN_K1_PGR6_SB1_TT2_2_WG16_16_3
109,4096,2304,64,0,torch.bfloat16,torch.bfloat16,0.0,1.0,hsaco,5,32.56,Cijk_Ailk_Bljk_BBS_BH_UserArgs_MT64x64x32_SN_K1_PGR6_SB1_TT2_2_WG16_16_3
109,4608,2304,64,0,torch.bfloat16,torch.bfloat16,0.0,1.0,hsaco,5,32.72,Cijk_Ailk_Bljk_BBS_BH_UserArgs_MT64x64x32_SN_K1_PGR6_SB1_TT2_2_WG16_16_3
109,7168,2304,64,0,torch.bfloat16,torch.bfloat16,0.0,1.0,hsaco,6,39.84,Cijk_Ailk_Bljk_BBS_BH_UserArgs_MT64x128x32_SN_K1_PGR6_SB1_TT2_2_WG16_16_3
109,512,7168,64,0,torch.bfloat16,torch.bfloat16,0.0,1.0,hsaco,3,38.56,Cijk_Ailk_Bljk_BBS_BH_UserArgs_MT16x32x32_SN_K1_PGR6_SB1_TT2_2_WG16_16_2
109,1536,7168,64,0,torch.bfloat16,torch.bfloat16,0.0,1.0,hsaco,4,73.68,Cijk_Ailk_Bljk_BBS_BH_UserArgs_MT64x32x32_SN_K1_PGR6_SB1_TT2_2_WG16_16_3
109,3072,7168,64,0,torch.bfloat16,torch.bfloat16,0.0,1.0,hsaco,5,83.2,Cijk_Ailk_Bljk_BBS_BH_UserArgs_MT64x64x32_SN_K1_PGR6_SB1_TT2_2_WG16_16_3
109,4096,7168,64,0,torch.bfloat16,torch.bfloat16,0.0,1.0,hsaco,5,85.84,Cijk_Ailk_Bljk_BBS_BH_UserArgs_MT64x64x32_SN_K1_PGR6_SB1_TT2_2_WG16_16_3
109,4608,7168,64,0,torch.bfloat16,torch.bfloat16,0.0,1.0,hsaco,5,87.28,Cijk_Ailk_Bljk_BBS_BH_UserArgs_MT64x64x32_SN_K1_PGR6_SB1_TT2_2_WG16_16_3
109,7168,7168,64,0,torch.bfloat16,torch.bfloat16,0.0,1.0,hsaco,6,102.56,Cijk_Ailk_Bljk_BBS_BH_UserArgs_MT64x128x32_SN_K1_PGR6_SB1_TT2_2_WG16_16_3
110,576,256,64,0,torch.bfloat16,torch.bfloat16,0.0,1.0,hsaco,3,6.16,Cijk_Ailk_Bljk_BBS_BH_UserArgs_MT16x32x32_SN_K1_PGR6_SB1_TT2_2_WG16_16_2
110,1536,256,64,0,torch.bfloat16,torch.bfloat16,0.0,1.0,hsaco,0,8.24,Cijk_Ailk_Bljk_BBS_BH_UserArgs_MT64x32x32_SN_K1_PGR6_SB1_TT2_2_WG16_16_2
110,3072,256,64,0,torch.bfloat16,torch.bfloat16,0.0,1.0,hsaco,1,10.24,Cijk_Ailk_Bljk_BBS_BH_UserArgs_MT64x64x32_SN_K1_PGR6_SB1_TT2_2_WG16_16_2
110,4096,256,64,0,torch.bfloat16,torch.bfloat16,0.0,1.0,hsaco,1,10.32,Cijk_Ailk_Bljk_BBS_BH_UserArgs_MT64x64x32_SN_K1_PGR6_SB1_TT2_2_WG16_16_2
110,4608,256,64,0,torch.bfloat16,torch.bfloat16,0.0,1.0,hsaco,1,10.64,Cijk_Ailk_Bljk_BBS_BH_UserArgs_MT64x64x32_SN_K1_PGR6_SB1_TT2_2_WG16_16_2
110,7168,256,64,0,torch.bfloat16,torch.bfloat16,0.0,1.0,hsaco,2,12.4,Cijk_Ailk_Bljk_BBS_BH_UserArgs_MT64x128x32_SN_K1_PGR6_SB1_TT2_8_WG16_16_2
110,576,512,64,0,torch.bfloat16,torch.bfloat16,0.0,1.0,hsaco,3,7.04,Cijk_Ailk_Bljk_BBS_BH_UserArgs_MT16x32x32_SN_K1_PGR6_SB1_TT2_2_WG16_16_2
110,1536,512,64,0,torch.bfloat16,torch.bfloat16,0.0,1.0,hsaco,4,11.04,Cijk_Ailk_Bljk_BBS_BH_UserArgs_MT64x32x32_SN_K1_PGR6_SB1_TT2_2_WG16_16_3
110,3072,512,64,0,torch.bfloat16,torch.bfloat16,0.0,1.0,hsaco,5,13.44,Cijk_Ailk_Bljk_BBS_BH_UserArgs_MT64x64x32_SN_K1_PGR6_SB1_TT2_2_WG16_16_3
110,4096,512,64,0,torch.bfloat16,torch.bfloat16,0.0,1.0,hsaco,5,13.36,Cijk_Ailk_Bljk_BBS_BH_UserArgs_MT64x64x32_SN_K1_PGR6_SB1_TT2_2_WG16_16_3
110,4608,512,64,0,torch.bfloat16,torch.bfloat16,0.0,1.0,hsaco,5,13.36,Cijk_Ailk_Bljk_BBS_BH_UserArgs_MT64x64x32_SN_K1_PGR6_SB1_TT2_2_WG16_16_3
110,7168,512,64,0,torch.bfloat16,torch.bfloat16,0.0,1.0,hsaco,6,16.08,Cijk_Ailk_Bljk_BBS_BH_UserArgs_MT64x128x32_SN_K1_PGR6_SB1_TT2_2_WG16_16_3
110,576,1536,64,0,torch.bfloat16,torch.bfloat16,0.0,1.0,hsaco,3,12.16,Cijk_Ailk_Bljk_BBS_BH_UserArgs_MT16x32x32_SN_K1_PGR6_SB1_TT2_2_WG16_16_2
110,1536,1536,64,0,torch.bfloat16,torch.bfloat16,0.0,1.0,hsaco,4,20.48,Cijk_Ailk_Bljk_BBS_BH_UserArgs_MT64x32x32_SN_K1_PGR6_SB1_TT2_2_WG16_16_3
110,3072,1536,64,0,torch.bfloat16,torch.bfloat16,0.0,1.0,hsaco,5,24.64,Cijk_Ailk_Bljk_BBS_BH_UserArgs_MT64x64x32_SN_K1_PGR6_SB1_TT2_2_WG16_16_3
110,4096,1536,64,0,torch.bfloat16,torch.bfloat16,0.0,1.0,hsaco,5,24.64,Cijk_Ailk_Bljk_BBS_BH_UserArgs_MT64x64x32_SN_K1_PGR6_SB1_TT2_2_WG16_16_3
110,4608,1536,64,0,torch.bfloat16,torch.bfloat16,0.0,1.0,hsaco,5,24.24,Cijk_Ailk_Bljk_BBS_BH_UserArgs_MT64x64x32_SN_K1_PGR6_SB1_TT2_2_WG16_16_3
110,7168,1536,64,0,torch.bfloat16,torch.bfloat16,0.0,1.0,hsaco,6,29.36,Cijk_Ailk_Bljk_BBS_BH_UserArgs_MT64x128x32_SN_K1_PGR6_SB1_TT2_2_WG16_16_3
110,512,2048,64,0,torch.bfloat16,torch.bfloat16,0.0,1.0,hsaco,3,14.64,Cijk_Ailk_Bljk_BBS_BH_UserArgs_MT16x32x32_SN_K1_PGR6_SB1_TT2_2_WG16_16_2
110,1536,2048,64,0,torch.bfloat16,torch.bfloat16,0.0,1.0,hsaco,4,25.12,Cijk_Ailk_Bljk_BBS_BH_UserArgs_MT64x32x32_SN_K1_PGR6_SB1_TT2_2_WG16_16_3
110,3072,2048,64,0,torch.bfloat16,torch.bfloat16,0.0,1.0,hsaco,5,28.88,Cijk_Ailk_Bljk_BBS_BH_UserArgs_MT64x64x32_SN_K1_PGR6_SB1_TT2_2_WG16_16_3
110,4096,2048,64,0,torch.bfloat16,torch.bfloat16,0.0,1.0,hsaco,5,30.32,Cijk_Ailk_Bljk_BBS_BH_UserArgs_MT64x64x32_SN_K1_PGR6_SB1_TT2_2_WG16_16_3
110,4608,2048,64,0,torch.bfloat16,torch.bfloat16,0.0,1.0,hsaco,5,29.12,Cijk_Ailk_Bljk_BBS_BH_UserArgs_MT64x64x32_SN_K1_PGR6_SB1_TT2_2_WG16_16_3
110,7168,2048,64,0,torch.bfloat16,torch.bfloat16,0.0,1.0,hsaco,6,35.44,Cijk_Ailk_Bljk_BBS_BH_UserArgs_MT64x128x32_SN_K1_PGR6_SB1_TT2_2_WG16_16_3
110,512,2304,64,0,torch.bfloat16,torch.bfloat16,0.0,1.0,hsaco,3,16.08,Cijk_Ailk_Bljk_BBS_BH_UserArgs_MT16x32x32_SN_K1_PGR6_SB1_TT2_2_WG16_16_2
110,1536,2304,64,0,torch.bfloat16,torch.bfloat16,0.0,1.0,hsaco,4,27.84,Cijk_Ailk_Bljk_BBS_BH_UserArgs_MT64x32x32_SN_K1_PGR6_SB1_TT2_2_WG16_16_3
110,3072,2304,64,0,torch.bfloat16,torch.bfloat16,0.0,1.0,hsaco,5,32.0,Cijk_Ailk_Bljk_BBS_BH_UserArgs_MT64x64x32_SN_K1_PGR6_SB1_TT2_2_WG16_16_3
110,4096,2304,64,0,torch.bfloat16,torch.bfloat16,0.0,1.0,hsaco,5,32.72,Cijk_Ailk_Bljk_BBS_BH_UserArgs_MT64x64x32_SN_K1_PGR6_SB1_TT2_2_WG16_16_3
110,4608,2304,64,0,torch.bfloat16,torch.bfloat16,0.0,1.0,hsaco,5,32.8,Cijk_Ailk_Bljk_BBS_BH_UserArgs_MT64x64x32_SN_K1_PGR6_SB1_TT2_2_WG16_16_3
110,7168,2304,64,0,torch.bfloat16,torch.bfloat16,0.0,1.0,hsaco,6,39.76,Cijk_Ailk_Bljk_BBS_BH_UserArgs_MT64x128x32_SN_K1_PGR6_SB1_TT2_2_WG16_16_3
110,512,7168,64,0,torch.bfloat16,torch.bfloat16,0.0,1.0,hsaco,3,38.96,Cijk_Ailk_Bljk_BBS_BH_UserArgs_MT16x32x32_SN_K1_PGR6_SB1_TT2_2_WG16_16_2
110,1536,7168,64,0,torch.bfloat16,torch.bfloat16,0.0,1.0,hsaco,4,74.16,Cijk_Ailk_Bljk_BBS_BH_UserArgs_MT64x32x32_SN_K1_PGR6_SB1_TT2_2_WG16_16_3
110,3072,7168,64,0,torch.bfloat16,torch.bfloat16,0.0,1.0,hsaco,5,83.44,Cijk_Ailk_Bljk_BBS_BH_UserArgs_MT64x64x32_SN_K1_PGR6_SB1_TT2_2_WG16_16_3
110,4096,7168,64,0,torch.bfloat16,torch.bfloat16,0.0,1.0,hsaco,5,84.64,Cijk_Ailk_Bljk_BBS_BH_UserArgs_MT64x64x32_SN_K1_PGR6_SB1_TT2_2_WG16_16_3
110,4608,7168,64,0,torch.bfloat16,torch.bfloat16,0.0,1.0,hsaco,5,84.72,Cijk_Ailk_Bljk_BBS_BH_UserArgs_MT64x64x32_SN_K1_PGR6_SB1_TT2_2_WG16_16_3
110,7168,7168,64,0,torch.bfloat16,torch.bfloat16,0.0,1.0,hsaco,6,103.76,Cijk_Ailk_Bljk_BBS_BH_UserArgs_MT64x128x32_SN_K1_PGR6_SB1_TT2_2_WG16_16_3
111,576,256,64,0,torch.bfloat16,torch.bfloat16,0.0,1.0,hsaco,3,6.16,Cijk_Ailk_Bljk_BBS_BH_UserArgs_MT16x32x32_SN_K1_PGR6_SB1_TT2_2_WG16_16_2
111,1536,256,64,0,torch.bfloat16,torch.bfloat16,0.0,1.0,hsaco,0,8.24,Cijk_Ailk_Bljk_BBS_BH_UserArgs_MT64x32x32_SN_K1_PGR6_SB1_TT2_2_WG16_16_2
111,3072,256,64,0,torch.bfloat16,torch.bfloat16,0.0,1.0,hsaco,1,10.24,Cijk_Ailk_Bljk_BBS_BH_UserArgs_MT64x64x32_SN_K1_PGR6_SB1_TT2_2_WG16_16_2
111,4096,256,64,0,torch.bfloat16,torch.bfloat16,0.0,1.0,hsaco,1,9.6,Cijk_Ailk_Bljk_BBS_BH_UserArgs_MT64x64x32_SN_K1_PGR6_SB1_TT2_2_WG16_16_2
111,4608,256,64,0,torch.bfloat16,torch.bfloat16,0.0,1.0,hsaco,1,10.56,Cijk_Ailk_Bljk_BBS_BH_UserArgs_MT64x64x32_SN_K1_PGR6_SB1_TT2_2_WG16_16_2
111,7168,256,64,0,torch.bfloat16,torch.bfloat16,0.0,1.0,hsaco,2,12.48,Cijk_Ailk_Bljk_BBS_BH_UserArgs_MT64x128x32_SN_K1_PGR6_SB1_TT2_8_WG16_16_2
111,576,512,64,0,torch.bfloat16,torch.bfloat16,0.0,1.0,hsaco,3,7.04,Cijk_Ailk_Bljk_BBS_BH_UserArgs_MT16x32x32_SN_K1_PGR6_SB1_TT2_2_WG16_16_2
111,1536,512,64,0,torch.bfloat16,torch.bfloat16,0.0,1.0,hsaco,4,10.72,Cijk_Ailk_Bljk_BBS_BH_UserArgs_MT64x32x32_SN_K1_PGR6_SB1_TT2_2_WG16_16_3
111,3072,512,64,0,torch.bfloat16,torch.bfloat16,0.0,1.0,hsaco,5,13.44,Cijk_Ailk_Bljk_BBS_BH_UserArgs_MT64x64x32_SN_K1_PGR6_SB1_TT2_2_WG16_16_3
111,4096,512,64,0,torch.bfloat16,torch.bfloat16,0.0,1.0,hsaco,5,12.56,Cijk_Ailk_Bljk_BBS_BH_UserArgs_MT64x64x32_SN_K1_PGR6_SB1_TT2_2_WG16_16_3
111,4608,512,64,0,torch.bfloat16,torch.bfloat16,0.0,1.0,hsaco,5,13.36,Cijk_Ailk_Bljk_BBS_BH_UserArgs_MT64x64x32_SN_K1_PGR6_SB1_TT2_2_WG16_16_3
111,7168,512,64,0,torch.bfloat16,torch.bfloat16,0.0,1.0,hsaco,6,16.08,Cijk_Ailk_Bljk_BBS_BH_UserArgs_MT64x128x32_SN_K1_PGR6_SB1_TT2_2_WG16_16_3
111,576,1536,64,0,torch.bfloat16,torch.bfloat16,0.0,1.0,hsaco,3,12.16,Cijk_Ailk_Bljk_BBS_BH_UserArgs_MT16x32x32_SN_K1_PGR6_SB1_TT2_2_WG16_16_2
111,1536,1536,64,0,torch.bfloat16,torch.bfloat16,0.0,1.0,hsaco,4,20.56,Cijk_Ailk_Bljk_BBS_BH_UserArgs_MT64x32x32_SN_K1_PGR6_SB1_TT2_2_WG16_16_3
111,3072,1536,64,0,torch.bfloat16,torch.bfloat16,0.0,1.0,hsaco,5,24.88,Cijk_Ailk_Bljk_BBS_BH_UserArgs_MT64x64x32_SN_K1_PGR6_SB1_TT2_2_WG16_16_3
111,4096,1536,64,0,torch.bfloat16,torch.bfloat16,0.0,1.0,hsaco,5,24.4,Cijk_Ailk_Bljk_BBS_BH_UserArgs_MT64x64x32_SN_K1_PGR6_SB1_TT2_2_WG16_16_3
111,4608,1536,64,0,torch.bfloat16,torch.bfloat16,0.0,1.0,hsaco,5,24.16,Cijk_Ailk_Bljk_BBS_BH_UserArgs_MT64x64x32_SN_K1_PGR6_SB1_TT2_2_WG16_16_3
111,7168,1536,64,0,torch.bfloat16,torch.bfloat16,0.0,1.0,hsaco,6,29.28,Cijk_Ailk_Bljk_BBS_BH_UserArgs_MT64x128x32_SN_K1_PGR6_SB1_TT2_2_WG16_16_3
111,512,2048,64,0,torch.bfloat16,torch.bfloat16,0.0,1.0,hsaco,3,14.4,Cijk_Ailk_Bljk_BBS_BH_UserArgs_MT16x32x32_SN_K1_PGR6_SB1_TT2_2_WG16_16_2
111,1536,2048,64,0,torch.bfloat16,torch.bfloat16,0.0,1.0,hsaco,4,25.12,Cijk_Ailk_Bljk_BBS_BH_UserArgs_MT64x32x32_SN_K1_PGR6_SB1_TT2_2_WG16_16_3
111,3072,2048,64,0,torch.bfloat16,torch.bfloat16,0.0,1.0,hsaco,5,28.88,Cijk_Ailk_Bljk_BBS_BH_UserArgs_MT64x64x32_SN_K1_PGR6_SB1_TT2_2_WG16_16_3
111,4096,2048,64,0,torch.bfloat16,torch.bfloat16,0.0,1.0,hsaco,5,30.32,Cijk_Ailk_Bljk_BBS_BH_UserArgs_MT64x64x32_SN_K1_PGR6_SB1_TT2_2_WG16_16_3
111,4608,2048,64,0,torch.bfloat16,torch.bfloat16,0.0,1.0,hsaco,5,29.36,Cijk_Ailk_Bljk_BBS_BH_UserArgs_MT64x64x32_SN_K1_PGR6_SB1_TT2_2_WG16_16_3
111,7168,2048,64,0,torch.bfloat16,torch.bfloat16,0.0,1.0,hsaco,6,35.76,Cijk_Ailk_Bljk_BBS_BH_UserArgs_MT64x128x32_SN_K1_PGR6_SB1_TT2_2_WG16_16_3
111,512,2304,64,0,torch.bfloat16,torch.bfloat16,0.0,1.0,hsaco,3,16.24,Cijk_Ailk_Bljk_BBS_BH_UserArgs_MT16x32x32_SN_K1_PGR6_SB1_TT2_2_WG16_16_2
111,1536,2304,64,0,torch.bfloat16,torch.bfloat16,0.0,1.0,hsaco,4,27.92,Cijk_Ailk_Bljk_BBS_BH_UserArgs_MT64x32x32_SN_K1_PGR6_SB1_TT2_2_WG16_16_3
111,3072,2304,64,0,torch.bfloat16,torch.bfloat16,0.0,1.0,hsaco,5,32.08,Cijk_Ailk_Bljk_BBS_BH_UserArgs_MT64x64x32_SN_K1_PGR6_SB1_TT2_2_WG16_16_3
111,4096,2304,64,0,torch.bfloat16,torch.bfloat16,0.0,1.0,hsaco,5,32.64,Cijk_Ailk_Bljk_BBS_BH_UserArgs_MT64x64x32_SN_K1_PGR6_SB1_TT2_2_WG16_16_3
111,4608,2304,64,0,torch.bfloat16,torch.bfloat16,0.0,1.0,hsaco,5,32.8,Cijk_Ailk_Bljk_BBS_BH_UserArgs_MT64x64x32_SN_K1_PGR6_SB1_TT2_2_WG16_16_3
111,7168,2304,64,0,torch.bfloat16,torch.bfloat16,0.0,1.0,hsaco,6,39.76,Cijk_Ailk_Bljk_BBS_BH_UserArgs_MT64x128x32_SN_K1_PGR6_SB1_TT2_2_WG16_16_3
111,512,7168,64,0,torch.bfloat16,torch.bfloat16,0.0,1.0,hsaco,3,39.04,Cijk_Ailk_Bljk_BBS_BH_UserArgs_MT16x32x32_SN_K1_PGR6_SB1_TT2_2_WG16_16_2
111,1536,7168,64,0,torch.bfloat16,torch.bfloat16,0.0,1.0,hsaco,4,74.0,Cijk_Ailk_Bljk_BBS_BH_UserArgs_MT64x32x32_SN_K1_PGR6_SB1_TT2_2_WG16_16_3
111,3072,7168,64,0,torch.bfloat16,torch.bfloat16,0.0,1.0,hsaco,5,83.28,Cijk_Ailk_Bljk_BBS_BH_UserArgs_MT64x64x32_SN_K1_PGR6_SB1_TT2_2_WG16_16_3
111,4096,7168,64,0,torch.bfloat16,torch.bfloat16,0.0,1.0,hsaco,5,84.56,Cijk_Ailk_Bljk_BBS_BH_UserArgs_MT64x64x32_SN_K1_PGR6_SB1_TT2_2_WG16_16_3
111,4608,7168,64,0,torch.bfloat16,torch.bfloat16,0.0,1.0,hsaco,5,87.04,Cijk_Ailk_Bljk_BBS_BH_UserArgs_MT64x64x32_SN_K1_PGR6_SB1_TT2_2_WG16_16_3
111,7168,7168,64,0,torch.bfloat16,torch.bfloat16,0.0,1.0,hsaco,6,104.96,Cijk_Ailk_Bljk_BBS_BH_UserArgs_MT64x128x32_SN_K1_PGR6_SB1_TT2_2_WG16_16_3
112,576,256,64,0,torch.bfloat16,torch.bfloat16,0.0,1.0,hsaco,3,6.16,Cijk_Ailk_Bljk_BBS_BH_UserArgs_MT16x32x32_SN_K1_PGR6_SB1_TT2_2_WG16_16_2
112,1536,256,64,0,torch.bfloat16,torch.bfloat16,0.0,1.0,hsaco,0,8.24,Cijk_Ailk_Bljk_BBS_BH_UserArgs_MT64x32x32_SN_K1_PGR6_SB1_TT2_2_WG16_16_2
112,3072,256,64,0,torch.bfloat16,torch.bfloat16,0.0,1.0,hsaco,1,10.32,Cijk_Ailk_Bljk_BBS_BH_UserArgs_MT64x64x32_SN_K1_PGR6_SB1_TT2_2_WG16_16_2
112,4096,256,64,0,torch.bfloat16,torch.bfloat16,0.0,1.0,hsaco,1,9.6,Cijk_Ailk_Bljk_BBS_BH_UserArgs_MT64x64x32_SN_K1_PGR6_SB1_TT2_2_WG16_16_2
112,4608,256,64,0,torch.bfloat16,torch.bfloat16,0.0,1.0,hsaco,1,10.56,Cijk_Ailk_Bljk_BBS_BH_UserArgs_MT64x64x32_SN_K1_PGR6_SB1_TT2_2_WG16_16_2
112,7168,256,64,0,torch.bfloat16,torch.bfloat16,0.0,1.0,hsaco,2,12.32,Cijk_Ailk_Bljk_BBS_BH_UserArgs_MT64x128x32_SN_K1_PGR6_SB1_TT2_8_WG16_16_2
112,576,512,64,0,torch.bfloat16,torch.bfloat16,0.0,1.0,hsaco,3,7.12,Cijk_Ailk_Bljk_BBS_BH_UserArgs_MT16x32x32_SN_K1_PGR6_SB1_TT2_2_WG16_16_2
112,1536,512,64,0,torch.bfloat16,torch.bfloat16,0.0,1.0,hsaco,4,10.88,Cijk_Ailk_Bljk_BBS_BH_UserArgs_MT64x32x32_SN_K1_PGR6_SB1_TT2_2_WG16_16_3
112,3072,512,64,0,torch.bfloat16,torch.bfloat16,0.0,1.0,hsaco,5,13.44,Cijk_Ailk_Bljk_BBS_BH_UserArgs_MT64x64x32_SN_K1_PGR6_SB1_TT2_2_WG16_16_3
112,4096,512,64,0,torch.bfloat16,torch.bfloat16,0.0,1.0,hsaco,5,12.72,Cijk_Ailk_Bljk_BBS_BH_UserArgs_MT64x64x32_SN_K1_PGR6_SB1_TT2_2_WG16_16_3
112,4608,512,64,0,torch.bfloat16,torch.bfloat16,0.0,1.0,hsaco,5,13.44,Cijk_Ailk_Bljk_BBS_BH_UserArgs_MT64x64x32_SN_K1_PGR6_SB1_TT2_2_WG16_16_3
112,7168,512,64,0,torch.bfloat16,torch.bfloat16,0.0,1.0,hsaco,6,16.24,Cijk_Ailk_Bljk_BBS_BH_UserArgs_MT64x128x32_SN_K1_PGR6_SB1_TT2_2_WG16_16_3
112,576,1536,64,0,torch.bfloat16,torch.bfloat16,0.0,1.0,hsaco,3,12.16,Cijk_Ailk_Bljk_BBS_BH_UserArgs_MT16x32x32_SN_K1_PGR6_SB1_TT2_2_WG16_16_2
112,1536,1536,64,0,torch.bfloat16,torch.bfloat16,0.0,1.0,hsaco,4,20.48,Cijk_Ailk_Bljk_BBS_BH_UserArgs_MT64x32x32_SN_K1_PGR6_SB1_TT2_2_WG16_16_3
112,3072,1536,64,0,torch.bfloat16,torch.bfloat16,0.0,1.0,hsaco,5,24.72,Cijk_Ailk_Bljk_BBS_BH_UserArgs_MT64x64x32_SN_K1_PGR6_SB1_TT2_2_WG16_16_3
112,4096,1536,64,0,torch.bfloat16,torch.bfloat16,0.0,1.0,hsaco,5,24.08,Cijk_Ailk_Bljk_BBS_BH_UserArgs_MT64x64x32_SN_K1_PGR6_SB1_TT2_2_WG16_16_3
112,4608,1536,64,0,torch.bfloat16,torch.bfloat16,0.0,1.0,hsaco,5,24.24,Cijk_Ailk_Bljk_BBS_BH_UserArgs_MT64x64x32_SN_K1_PGR6_SB1_TT2_2_WG16_16_3
112,7168,1536,64,0,torch.bfloat16,torch.bfloat16,0.0,1.0,hsaco,6,29.28,Cijk_Ailk_Bljk_BBS_BH_UserArgs_MT64x128x32_SN_K1_PGR6_SB1_TT2_2_WG16_16_3
112,512,2048,64,0,torch.bfloat16,torch.bfloat16,0.0,1.0,hsaco,3,14.48,Cijk_Ailk_Bljk_BBS_BH_UserArgs_MT16x32x32_SN_K1_PGR6_SB1_TT2_2_WG16_16_2
112,1536,2048,64,0,torch.bfloat16,torch.bfloat16,0.0,1.0,hsaco,4,25.28,Cijk_Ailk_Bljk_BBS_BH_UserArgs_MT64x32x32_SN_K1_PGR6_SB1_TT2_2_WG16_16_3
112,3072,2048,64,0,torch.bfloat16,torch.bfloat16,0.0,1.0,hsaco,5,29.04,Cijk_Ailk_Bljk_BBS_BH_UserArgs_MT64x64x32_SN_K1_PGR6_SB1_TT2_2_WG16_16_3
112,4096,2048,64,0,torch.bfloat16,torch.bfloat16,0.0,1.0,hsaco,5,30.4,Cijk_Ailk_Bljk_BBS_BH_UserArgs_MT64x64x32_SN_K1_PGR6_SB1_TT2_2_WG16_16_3
112,4608,2048,64,0,torch.bfloat16,torch.bfloat16,0.0,1.0,hsaco,5,29.12,Cijk_Ailk_Bljk_BBS_BH_UserArgs_MT64x64x32_SN_K1_PGR6_SB1_TT2_2_WG16_16_3
112,7168,2048,64,0,torch.bfloat16,torch.bfloat16,0.0,1.0,hsaco,6,35.84,Cijk_Ailk_Bljk_BBS_BH_UserArgs_MT64x128x32_SN_K1_PGR6_SB1_TT2_2_WG16_16_3
112,512,2304,64,0,torch.bfloat16,torch.bfloat16,0.0,1.0,hsaco,3,16.16,Cijk_Ailk_Bljk_BBS_BH_UserArgs_MT16x32x32_SN_K1_PGR6_SB1_TT2_2_WG16_16_2
112,1536,2304,64,0,torch.bfloat16,torch.bfloat16,0.0,1.0,hsaco,4,27.92,Cijk_Ailk_Bljk_BBS_BH_UserArgs_MT64x32x32_SN_K1_PGR6_SB1_TT2_2_WG16_16_3
112,3072,2304,64,0,torch.bfloat16,torch.bfloat16,0.0,1.0,hsaco,5,32.16,Cijk_Ailk_Bljk_BBS_BH_UserArgs_MT64x64x32_SN_K1_PGR6_SB1_TT2_2_WG16_16_3
112,4096,2304,64,0,torch.bfloat16,torch.bfloat16,0.0,1.0,hsaco,5,32.32,Cijk_Ailk_Bljk_BBS_BH_UserArgs_MT64x64x32_SN_K1_PGR6_SB1_TT2_2_WG16_16_3
112,4608,2304,64,0,torch.bfloat16,torch.bfloat16,0.0,1.0,hsaco,5,32.72,Cijk_Ailk_Bljk_BBS_BH_UserArgs_MT64x64x32_SN_K1_PGR6_SB1_TT2_2_WG16_16_3
112,7168,2304,64,0,torch.bfloat16,torch.bfloat16,0.0,1.0,hsaco,6,39.92,Cijk_Ailk_Bljk_BBS_BH_UserArgs_MT64x128x32_SN_K1_PGR6_SB1_TT2_2_WG16_16_3
112,512,7168,64,0,torch.bfloat16,torch.bfloat16,0.0,1.0,hsaco,3,39.52,Cijk_Ailk_Bljk_BBS_BH_UserArgs_MT16x32x32_SN_K1_PGR6_SB1_TT2_2_WG16_16_2
112,1536,7168,64,0,torch.bfloat16,torch.bfloat16,0.0,1.0,hsaco,4,74.0,Cijk_Ailk_Bljk_BBS_BH_UserArgs_MT64x32x32_SN_K1_PGR6_SB1_TT2_2_WG16_16_3
112,3072,7168,64,0,torch.bfloat16,torch.bfloat16,0.0,1.0,hsaco,5,83.28,Cijk_Ailk_Bljk_BBS_BH_UserArgs_MT64x64x32_SN_K1_PGR6_SB1_TT2_2_WG16_16_3
112,4096,7168,64,0,torch.bfloat16,torch.bfloat16,0.0,1.0,hsaco,5,84.88,Cijk_Ailk_Bljk_BBS_BH_UserArgs_MT64x64x32_SN_K1_PGR6_SB1_TT2_2_WG16_16_3
112,4608,7168,64,0,torch.bfloat16,torch.bfloat16,0.0,1.0,hsaco,5,85.6,Cijk_Ailk_Bljk_BBS_BH_UserArgs_MT64x64x32_SN_K1_PGR6_SB1_TT2_2_WG16_16_3
112,7168,7168,64,0,torch.bfloat16,torch.bfloat16,0.0,1.0,hsaco,6,103.68,Cijk_Ailk_Bljk_BBS_BH_UserArgs_MT64x128x32_SN_K1_PGR6_SB1_TT2_2_WG16_16_3
113,576,256,64,0,torch.bfloat16,torch.bfloat16,0.0,1.0,hsaco,3,6.16,Cijk_Ailk_Bljk_BBS_BH_UserArgs_MT16x32x32_SN_K1_PGR6_SB1_TT2_2_WG16_16_2
113,1536,256,64,0,torch.bfloat16,torch.bfloat16,0.0,1.0,hsaco,0,8.24,Cijk_Ailk_Bljk_BBS_BH_UserArgs_MT64x32x32_SN_K1_PGR6_SB1_TT2_2_WG16_16_2
113,3072,256,64,0,torch.bfloat16,torch.bfloat16,0.0,1.0,hsaco,1,10.32,Cijk_Ailk_Bljk_BBS_BH_UserArgs_MT64x64x32_SN_K1_PGR6_SB1_TT2_2_WG16_16_2
113,4096,256,64,0,torch.bfloat16,torch.bfloat16,0.0,1.0,hsaco,1,9.6,Cijk_Ailk_Bljk_BBS_BH_UserArgs_MT64x64x32_SN_K1_PGR6_SB1_TT2_2_WG16_16_2
113,4608,256,64,0,torch.bfloat16,torch.bfloat16,0.0,1.0,hsaco,1,10.56,Cijk_Ailk_Bljk_BBS_BH_UserArgs_MT64x64x32_SN_K1_PGR6_SB1_TT2_2_WG16_16_2
113,7168,256,64,0,torch.bfloat16,torch.bfloat16,0.0,1.0,hsaco,2,12.32,Cijk_Ailk_Bljk_BBS_BH_UserArgs_MT64x128x32_SN_K1_PGR6_SB1_TT2_8_WG16_16_2
113,576,512,64,0,torch.bfloat16,torch.bfloat16,0.0,1.0,hsaco,3,7.12,Cijk_Ailk_Bljk_BBS_BH_UserArgs_MT16x32x32_SN_K1_PGR6_SB1_TT2_2_WG16_16_2
113,1536,512,64,0,torch.bfloat16,torch.bfloat16,0.0,1.0,hsaco,4,10.88,Cijk_Ailk_Bljk_BBS_BH_UserArgs_MT64x32x32_SN_K1_PGR6_SB1_TT2_2_WG16_16_3
113,3072,512,64,0,torch.bfloat16,torch.bfloat16,0.0,1.0,hsaco,5,13.6,Cijk_Ailk_Bljk_BBS_BH_UserArgs_MT64x64x32_SN_K1_PGR6_SB1_TT2_2_WG16_16_3
113,4096,512,64,0,torch.bfloat16,torch.bfloat16,0.0,1.0,hsaco,5,12.72,Cijk_Ailk_Bljk_BBS_BH_UserArgs_MT64x64x32_SN_K1_PGR6_SB1_TT2_2_WG16_16_3
113,4608,512,64,0,torch.bfloat16,torch.bfloat16,0.0,1.0,hsaco,5,13.44,Cijk_Ailk_Bljk_BBS_BH_UserArgs_MT64x64x32_SN_K1_PGR6_SB1_TT2_2_WG16_16_3
113,7168,512,64,0,torch.bfloat16,torch.bfloat16,0.0,1.0,hsaco,6,16.08,Cijk_Ailk_Bljk_BBS_BH_UserArgs_MT64x128x32_SN_K1_PGR6_SB1_TT2_2_WG16_16_3
113,576,1536,64,0,torch.bfloat16,torch.bfloat16,0.0,1.0,hsaco,3,12.32,Cijk_Ailk_Bljk_BBS_BH_UserArgs_MT16x32x32_SN_K1_PGR6_SB1_TT2_2_WG16_16_2
113,1536,1536,64,0,torch.bfloat16,torch.bfloat16,0.0,1.0,hsaco,4,20.4,Cijk_Ailk_Bljk_BBS_BH_UserArgs_MT64x32x32_SN_K1_PGR6_SB1_TT2_2_WG16_16_3
113,3072,1536,64,0,torch.bfloat16,torch.bfloat16,0.0,1.0,hsaco,5,23.68,Cijk_Ailk_Bljk_BBS_BH_UserArgs_MT64x64x32_SN_K1_PGR6_SB1_TT2_2_WG16_16_3
113,4096,1536,64,0,torch.bfloat16,torch.bfloat16,0.0,1.0,hsaco,5,23.92,Cijk_Ailk_Bljk_BBS_BH_UserArgs_MT64x64x32_SN_K1_PGR6_SB1_TT2_2_WG16_16_3
113,4608,1536,64,0,torch.bfloat16,torch.bfloat16,0.0,1.0,hsaco,5,24.32,Cijk_Ailk_Bljk_BBS_BH_UserArgs_MT64x64x32_SN_K1_PGR6_SB1_TT2_2_WG16_16_3
113,7168,1536,64,0,torch.bfloat16,torch.bfloat16,0.0,1.0,hsaco,6,29.44,Cijk_Ailk_Bljk_BBS_BH_UserArgs_MT64x128x32_SN_K1_PGR6_SB1_TT2_2_WG16_16_3
113,512,2048,64,0,torch.bfloat16,torch.bfloat16,0.0,1.0,hsaco,3,14.64,Cijk_Ailk_Bljk_BBS_BH_UserArgs_MT16x32x32_SN_K1_PGR6_SB1_TT2_2_WG16_16_2
113,1536,2048,64,0,torch.bfloat16,torch.bfloat16,0.0,1.0,hsaco,4,25.28,Cijk_Ailk_Bljk_BBS_BH_UserArgs_MT64x32x32_SN_K1_PGR6_SB1_TT2_2_WG16_16_3
113,3072,2048,64,0,torch.bfloat16,torch.bfloat16,0.0,1.0,hsaco,5,28.88,Cijk_Ailk_Bljk_BBS_BH_UserArgs_MT64x64x32_SN_K1_PGR6_SB1_TT2_2_WG16_16_3
113,4096,2048,64,0,torch.bfloat16,torch.bfloat16,0.0,1.0,hsaco,5,30.4,Cijk_Ailk_Bljk_BBS_BH_UserArgs_MT64x64x32_SN_K1_PGR6_SB1_TT2_2_WG16_16_3
113,4608,2048,64,0,torch.bfloat16,torch.bfloat16,0.0,1.0,hsaco,5,29.2,Cijk_Ailk_Bljk_BBS_BH_UserArgs_MT64x64x32_SN_K1_PGR6_SB1_TT2_2_WG16_16_3
113,7168,2048,64,0,torch.bfloat16,torch.bfloat16,0.0,1.0,hsaco,6,35.52,Cijk_Ailk_Bljk_BBS_BH_UserArgs_MT64x128x32_SN_K1_PGR6_SB1_TT2_2_WG16_16_3
113,512,2304,64,0,torch.bfloat16,torch.bfloat16,0.0,1.0,hsaco,3,16.48,Cijk_Ailk_Bljk_BBS_BH_UserArgs_MT16x32x32_SN_K1_PGR6_SB1_TT2_2_WG16_16_2
113,1536,2304,64,0,torch.bfloat16,torch.bfloat16,0.0,1.0,hsaco,4,28.0,Cijk_Ailk_Bljk_BBS_BH_UserArgs_MT64x32x32_SN_K1_PGR6_SB1_TT2_2_WG16_16_3
113,3072,2304,64,0,torch.bfloat16,torch.bfloat16,0.0,1.0,hsaco,5,32.16,Cijk_Ailk_Bljk_BBS_BH_UserArgs_MT64x64x32_SN_K1_PGR6_SB1_TT2_2_WG16_16_3
113,4096,2304,64,0,torch.bfloat16,torch.bfloat16,0.0,1.0,hsaco,5,32.56,Cijk_Ailk_Bljk_BBS_BH_UserArgs_MT64x64x32_SN_K1_PGR6_SB1_TT2_2_WG16_16_3
113,4608,2304,64,0,torch.bfloat16,torch.bfloat16,0.0,1.0,hsaco,5,32.64,Cijk_Ailk_Bljk_BBS_BH_UserArgs_MT64x64x32_SN_K1_PGR6_SB1_TT2_2_WG16_16_3
113,7168,2304,64,0,torch.bfloat16,torch.bfloat16,0.0,1.0,hsaco,6,40.0,Cijk_Ailk_Bljk_BBS_BH_UserArgs_MT64x128x32_SN_K1_PGR6_SB1_TT2_2_WG16_16_3
113,512,7168,64,0,torch.bfloat16,torch.bfloat16,0.0,1.0,hsaco,3,40.24,Cijk_Ailk_Bljk_BBS_BH_UserArgs_MT16x32x32_SN_K1_PGR6_SB1_TT2_2_WG16_16_2
113,1536,7168,64,0,torch.bfloat16,torch.bfloat16,0.0,1.0,hsaco,4,73.84,Cijk_Ailk_Bljk_BBS_BH_UserArgs_MT64x32x32_SN_K1_PGR6_SB1_TT2_2_WG16_16_3
113,3072,7168,64,0,torch.bfloat16,torch.bfloat16,0.0,1.0,hsaco,5,83.52,Cijk_Ailk_Bljk_BBS_BH_UserArgs_MT64x64x32_SN_K1_PGR6_SB1_TT2_2_WG16_16_3
113,4096,7168,64,0,torch.bfloat16,torch.bfloat16,0.0,1.0,hsaco,5,85.76,Cijk_Ailk_Bljk_BBS_BH_UserArgs_MT64x64x32_SN_K1_PGR6_SB1_TT2_2_WG16_16_3
113,4608,7168,64,0,torch.bfloat16,torch.bfloat16,0.0,1.0,hsaco,5,87.36,Cijk_Ailk_Bljk_BBS_BH_UserArgs_MT64x64x32_SN_K1_PGR6_SB1_TT2_2_WG16_16_3
113,7168,7168,64,0,torch.bfloat16,torch.bfloat16,0.0,1.0,hsaco,6,104.08,Cijk_Ailk_Bljk_BBS_BH_UserArgs_MT64x128x32_SN_K1_PGR6_SB1_TT2_2_WG16_16_3
114,576,256,64,0,torch.bfloat16,torch.bfloat16,0.0,1.0,hsaco,3,6.16,Cijk_Ailk_Bljk_BBS_BH_UserArgs_MT16x32x32_SN_K1_PGR6_SB1_TT2_2_WG16_16_2
114,1536,256,64,0,torch.bfloat16,torch.bfloat16,0.0,1.0,hsaco,0,8.24,Cijk_Ailk_Bljk_BBS_BH_UserArgs_MT64x32x32_SN_K1_PGR6_SB1_TT2_2_WG16_16_2
114,3072,256,64,0,torch.bfloat16,torch.bfloat16,0.0,1.0,hsaco,1,10.24,Cijk_Ailk_Bljk_BBS_BH_UserArgs_MT64x64x32_SN_K1_PGR6_SB1_TT2_2_WG16_16_2
114,4096,256,64,0,torch.bfloat16,torch.bfloat16,0.0,1.0,hsaco,1,9.6,Cijk_Ailk_Bljk_BBS_BH_UserArgs_MT64x64x32_SN_K1_PGR6_SB1_TT2_2_WG16_16_2
114,4608,256,64,0,torch.bfloat16,torch.bfloat16,0.0,1.0,hsaco,1,9.6,Cijk_Ailk_Bljk_BBS_BH_UserArgs_MT64x64x32_SN_K1_PGR6_SB1_TT2_2_WG16_16_2
114,7168,256,64,0,torch.bfloat16,torch.bfloat16,0.0,1.0,hsaco,2,12.32,Cijk_Ailk_Bljk_BBS_BH_UserArgs_MT64x128x32_SN_K1_PGR6_SB1_TT2_8_WG16_16_2
114,576,512,64,0,torch.bfloat16,torch.bfloat16,0.0,1.0,hsaco,3,7.04,Cijk_Ailk_Bljk_BBS_BH_UserArgs_MT16x32x32_SN_K1_PGR6_SB1_TT2_2_WG16_16_2
114,1536,512,64,0,torch.bfloat16,torch.bfloat16,0.0,1.0,hsaco,4,10.8,Cijk_Ailk_Bljk_BBS_BH_UserArgs_MT64x32x32_SN_K1_PGR6_SB1_TT2_2_WG16_16_3
114,3072,512,64,0,torch.bfloat16,torch.bfloat16,0.0,1.0,hsaco,5,13.44,Cijk_Ailk_Bljk_BBS_BH_UserArgs_MT64x64x32_SN_K1_PGR6_SB1_TT2_2_WG16_16_3
114,4096,512,64,0,torch.bfloat16,torch.bfloat16,0.0,1.0,hsaco,5,12.64,Cijk_Ailk_Bljk_BBS_BH_UserArgs_MT64x64x32_SN_K1_PGR6_SB1_TT2_2_WG16_16_3
114,4608,512,64,0,torch.bfloat16,torch.bfloat16,0.0,1.0,hsaco,5,12.8,Cijk_Ailk_Bljk_BBS_BH_UserArgs_MT64x64x32_SN_K1_PGR6_SB1_TT2_2_WG16_16_3
114,7168,512,64,0,torch.bfloat16,torch.bfloat16,0.0,1.0,hsaco,6,16.24,Cijk_Ailk_Bljk_BBS_BH_UserArgs_MT64x128x32_SN_K1_PGR6_SB1_TT2_2_WG16_16_3
114,576,1536,64,0,torch.bfloat16,torch.bfloat16,0.0,1.0,hsaco,3,12.16,Cijk_Ailk_Bljk_BBS_BH_UserArgs_MT16x32x32_SN_K1_PGR6_SB1_TT2_2_WG16_16_2
114,1536,1536,64,0,torch.bfloat16,torch.bfloat16,0.0,1.0,hsaco,4,20.48,Cijk_Ailk_Bljk_BBS_BH_UserArgs_MT64x32x32_SN_K1_PGR6_SB1_TT2_2_WG16_16_3
114,3072,1536,64,0,torch.bfloat16,torch.bfloat16,0.0,1.0,hsaco,5,23.68,Cijk_Ailk_Bljk_BBS_BH_UserArgs_MT64x64x32_SN_K1_PGR6_SB1_TT2_2_WG16_16_3
114,4096,1536,64,0,torch.bfloat16,torch.bfloat16,0.0,1.0,hsaco,5,24.08,Cijk_Ailk_Bljk_BBS_BH_UserArgs_MT64x64x32_SN_K1_PGR6_SB1_TT2_2_WG16_16_3
114,4608,1536,64,0,torch.bfloat16,torch.bfloat16,0.0,1.0,hsaco,5,24.32,Cijk_Ailk_Bljk_BBS_BH_UserArgs_MT64x64x32_SN_K1_PGR6_SB1_TT2_2_WG16_16_3
114,7168,1536,64,0,torch.bfloat16,torch.bfloat16,0.0,1.0,hsaco,6,29.36,Cijk_Ailk_Bljk_BBS_BH_UserArgs_MT64x128x32_SN_K1_PGR6_SB1_TT2_2_WG16_16_3
114,512,2048,64,0,torch.bfloat16,torch.bfloat16,0.0,1.0,hsaco,3,14.64,Cijk_Ailk_Bljk_BBS_BH_UserArgs_MT16x32x32_SN_K1_PGR6_SB1_TT2_2_WG16_16_2
114,1536,2048,64,0,torch.bfloat16,torch.bfloat16,0.0,1.0,hsaco,4,25.2,Cijk_Ailk_Bljk_BBS_BH_UserArgs_MT64x32x32_SN_K1_PGR6_SB1_TT2_2_WG16_16_3
114,3072,2048,64,0,torch.bfloat16,torch.bfloat16,0.0,1.0,hsaco,5,28.96,Cijk_Ailk_Bljk_BBS_BH_UserArgs_MT64x64x32_SN_K1_PGR6_SB1_TT2_2_WG16_16_3
114,4096,2048,64,0,torch.bfloat16,torch.bfloat16,0.0,1.0,hsaco,5,30.48,Cijk_Ailk_Bljk_BBS_BH_UserArgs_MT64x64x32_SN_K1_PGR6_SB1_TT2_2_WG16_16_3
114,4608,2048,64,0,torch.bfloat16,torch.bfloat16,0.0,1.0,hsaco,5,29.36,Cijk_Ailk_Bljk_BBS_BH_UserArgs_MT64x64x32_SN_K1_PGR6_SB1_TT2_2_WG16_16_3
114,7168,2048,64,0,torch.bfloat16,torch.bfloat16,0.0,1.0,hsaco,6,35.84,Cijk_Ailk_Bljk_BBS_BH_UserArgs_MT64x128x32_SN_K1_PGR6_SB1_TT2_2_WG16_16_3
114,512,2304,64,0,torch.bfloat16,torch.bfloat16,0.0,1.0,hsaco,3,16.48,Cijk_Ailk_Bljk_BBS_BH_UserArgs_MT16x32x32_SN_K1_PGR6_SB1_TT2_2_WG16_16_2
114,1536,2304,64,0,torch.bfloat16,torch.bfloat16,0.0,1.0,hsaco,4,27.84,Cijk_Ailk_Bljk_BBS_BH_UserArgs_MT64x32x32_SN_K1_PGR6_SB1_TT2_2_WG16_16_3
114,3072,2304,64,0,torch.bfloat16,torch.bfloat16,0.0,1.0,hsaco,5,32.0,Cijk_Ailk_Bljk_BBS_BH_UserArgs_MT64x64x32_SN_K1_PGR6_SB1_TT2_2_WG16_16_3
114,4096,2304,64,0,torch.bfloat16,torch.bfloat16,0.0,1.0,hsaco,5,32.64,Cijk_Ailk_Bljk_BBS_BH_UserArgs_MT64x64x32_SN_K1_PGR6_SB1_TT2_2_WG16_16_3
114,4608,2304,64,0,torch.bfloat16,torch.bfloat16,0.0,1.0,hsaco,5,32.64,Cijk_Ailk_Bljk_BBS_BH_UserArgs_MT64x64x32_SN_K1_PGR6_SB1_TT2_2_WG16_16_3
114,7168,2304,64,0,torch.bfloat16,torch.bfloat16,0.0,1.0,hsaco,6,39.76,Cijk_Ailk_Bljk_BBS_BH_UserArgs_MT64x128x32_SN_K1_PGR6_SB1_TT2_2_WG16_16_3
114,512,7168,64,0,torch.bfloat16,torch.bfloat16,0.0,1.0,hsaco,3,40.0,Cijk_Ailk_Bljk_BBS_BH_UserArgs_MT16x32x32_SN_K1_PGR6_SB1_TT2_2_WG16_16_2
114,1536,7168,64,0,torch.bfloat16,torch.bfloat16,0.0,1.0,hsaco,4,74.16,Cijk_Ailk_Bljk_BBS_BH_UserArgs_MT64x32x32_SN_K1_PGR6_SB1_TT2_2_WG16_16_3
114,3072,7168,64,0,torch.bfloat16,torch.bfloat16,0.0,1.0,hsaco,5,83.2,Cijk_Ailk_Bljk_BBS_BH_UserArgs_MT64x64x32_SN_K1_PGR6_SB1_TT2_2_WG16_16_3
114,4096,7168,64,0,torch.bfloat16,torch.bfloat16,0.0,1.0,hsaco,5,84.72,Cijk_Ailk_Bljk_BBS_BH_UserArgs_MT64x64x32_SN_K1_PGR6_SB1_TT2_2_WG16_16_3
114,4608,7168,64,0,torch.bfloat16,torch.bfloat16,0.0,1.0,hsaco,5,85.12,Cijk_Ailk_Bljk_BBS_BH_UserArgs_MT64x64x32_SN_K1_PGR6_SB1_TT2_2_WG16_16_3
114,7168,7168,64,0,torch.bfloat16,torch.bfloat16,0.0,1.0,hsaco,6,104.0,Cijk_Ailk_Bljk_BBS_BH_UserArgs_MT64x128x32_SN_K1_PGR6_SB1_TT2_2_WG16_16_3
115,576,256,64,0,torch.bfloat16,torch.bfloat16,0.0,1.0,hsaco,3,6.24,Cijk_Ailk_Bljk_BBS_BH_UserArgs_MT16x32x32_SN_K1_PGR6_SB1_TT2_2_WG16_16_2
115,1536,256,64,0,torch.bfloat16,torch.bfloat16,0.0,1.0,hsaco,0,8.24,Cijk_Ailk_Bljk_BBS_BH_UserArgs_MT64x32x32_SN_K1_PGR6_SB1_TT2_2_WG16_16_2
115,3072,256,64,0,torch.bfloat16,torch.bfloat16,0.0,1.0,hsaco,1,10.24,Cijk_Ailk_Bljk_BBS_BH_UserArgs_MT64x64x32_SN_K1_PGR6_SB1_TT2_2_WG16_16_2
115,4096,256,64,0,torch.bfloat16,torch.bfloat16,0.0,1.0,hsaco,1,9.76,Cijk_Ailk_Bljk_BBS_BH_UserArgs_MT64x64x32_SN_K1_PGR6_SB1_TT2_2_WG16_16_2
115,4608,256,64,0,torch.bfloat16,torch.bfloat16,0.0,1.0,hsaco,1,9.52,Cijk_Ailk_Bljk_BBS_BH_UserArgs_MT64x64x32_SN_K1_PGR6_SB1_TT2_2_WG16_16_2
115,7168,256,64,0,torch.bfloat16,torch.bfloat16,0.0,1.0,hsaco,2,12.32,Cijk_Ailk_Bljk_BBS_BH_UserArgs_MT64x128x32_SN_K1_PGR6_SB1_TT2_8_WG16_16_2
115,576,512,64,0,torch.bfloat16,torch.bfloat16,0.0,1.0,hsaco,3,7.04,Cijk_Ailk_Bljk_BBS_BH_UserArgs_MT16x32x32_SN_K1_PGR6_SB1_TT2_2_WG16_16_2
115,1536,512,64,0,torch.bfloat16,torch.bfloat16,0.0,1.0,hsaco,4,10.72,Cijk_Ailk_Bljk_BBS_BH_UserArgs_MT64x32x32_SN_K1_PGR6_SB1_TT2_2_WG16_16_3
115,3072,512,64,0,torch.bfloat16,torch.bfloat16,0.0,1.0,hsaco,5,13.52,Cijk_Ailk_Bljk_BBS_BH_UserArgs_MT64x64x32_SN_K1_PGR6_SB1_TT2_2_WG16_16_3
115,4096,512,64,0,torch.bfloat16,torch.bfloat16,0.0,1.0,hsaco,5,12.72,Cijk_Ailk_Bljk_BBS_BH_UserArgs_MT64x64x32_SN_K1_PGR6_SB1_TT2_2_WG16_16_3
115,4608,512,64,0,torch.bfloat16,torch.bfloat16,0.0,1.0,hsaco,5,12.8,Cijk_Ailk_Bljk_BBS_BH_UserArgs_MT64x64x32_SN_K1_PGR6_SB1_TT2_2_WG16_16_3
115,7168,512,64,0,torch.bfloat16,torch.bfloat16,0.0,1.0,hsaco,6,16.16,Cijk_Ailk_Bljk_BBS_BH_UserArgs_MT64x128x32_SN_K1_PGR6_SB1_TT2_2_WG16_16_3
115,576,1536,64,0,torch.bfloat16,torch.bfloat16,0.0,1.0,hsaco,3,12.32,Cijk_Ailk_Bljk_BBS_BH_UserArgs_MT16x32x32_SN_K1_PGR6_SB1_TT2_2_WG16_16_2
115,1536,1536,64,0,torch.bfloat16,torch.bfloat16,0.0,1.0,hsaco,4,20.4,Cijk_Ailk_Bljk_BBS_BH_UserArgs_MT64x32x32_SN_K1_PGR6_SB1_TT2_2_WG16_16_3
115,3072,1536,64,0,torch.bfloat16,torch.bfloat16,0.0,1.0,hsaco,5,23.68,Cijk_Ailk_Bljk_BBS_BH_UserArgs_MT64x64x32_SN_K1_PGR6_SB1_TT2_2_WG16_16_3
115,4096,1536,64,0,torch.bfloat16,torch.bfloat16,0.0,1.0,hsaco,5,24.16,Cijk_Ailk_Bljk_BBS_BH_UserArgs_MT64x64x32_SN_K1_PGR6_SB1_TT2_2_WG16_16_3
115,4608,1536,64,0,torch.bfloat16,torch.bfloat16,0.0,1.0,hsaco,5,24.4,Cijk_Ailk_Bljk_BBS_BH_UserArgs_MT64x64x32_SN_K1_PGR6_SB1_TT2_2_WG16_16_3
115,7168,1536,64,0,torch.bfloat16,torch.bfloat16,0.0,1.0,hsaco,6,29.6,Cijk_Ailk_Bljk_BBS_BH_UserArgs_MT64x128x32_SN_K1_PGR6_SB1_TT2_2_WG16_16_3
115,512,2048,64,0,torch.bfloat16,torch.bfloat16,0.0,1.0,hsaco,3,14.72,Cijk_Ailk_Bljk_BBS_BH_UserArgs_MT16x32x32_SN_K1_PGR6_SB1_TT2_2_WG16_16_2
115,1536,2048,64,0,torch.bfloat16,torch.bfloat16,0.0,1.0,hsaco,4,25.36,Cijk_Ailk_Bljk_BBS_BH_UserArgs_MT64x32x32_SN_K1_PGR6_SB1_TT2_2_WG16_16_3
115,3072,2048,64,0,torch.bfloat16,torch.bfloat16,0.0,1.0,hsaco,5,28.88,Cijk_Ailk_Bljk_BBS_BH_UserArgs_MT64x64x32_SN_K1_PGR6_SB1_TT2_2_WG16_16_3
115,4096,2048,64,0,torch.bfloat16,torch.bfloat16,0.0,1.0,hsaco,5,30.48,Cijk_Ailk_Bljk_BBS_BH_UserArgs_MT64x64x32_SN_K1_PGR6_SB1_TT2_2_WG16_16_3
115,4608,2048,64,0,torch.bfloat16,torch.bfloat16,0.0,1.0,hsaco,5,29.28,Cijk_Ailk_Bljk_BBS_BH_UserArgs_MT64x64x32_SN_K1_PGR6_SB1_TT2_2_WG16_16_3
115,7168,2048,64,0,torch.bfloat16,torch.bfloat16,0.0,1.0,hsaco,6,36.16,Cijk_Ailk_Bljk_BBS_BH_UserArgs_MT64x128x32_SN_K1_PGR6_SB1_TT2_2_WG16_16_3
115,512,2304,64,0,torch.bfloat16,torch.bfloat16,0.0,1.0,hsaco,3,16.32,Cijk_Ailk_Bljk_BBS_BH_UserArgs_MT16x32x32_SN_K1_PGR6_SB1_TT2_2_WG16_16_2
115,1536,2304,64,0,torch.bfloat16,torch.bfloat16,0.0,1.0,hsaco,4,28.0,Cijk_Ailk_Bljk_BBS_BH_UserArgs_MT64x32x32_SN_K1_PGR6_SB1_TT2_2_WG16_16_3
115,3072,2304,64,0,torch.bfloat16,torch.bfloat16,0.0,1.0,hsaco,5,32.0,Cijk_Ailk_Bljk_BBS_BH_UserArgs_MT64x64x32_SN_K1_PGR6_SB1_TT2_2_WG16_16_3
115,4096,2304,64,0,torch.bfloat16,torch.bfloat16,0.0,1.0,hsaco,5,32.8,Cijk_Ailk_Bljk_BBS_BH_UserArgs_MT64x64x32_SN_K1_PGR6_SB1_TT2_2_WG16_16_3
115,4608,2304,64,0,torch.bfloat16,torch.bfloat16,0.0,1.0,hsaco,5,32.88,Cijk_Ailk_Bljk_BBS_BH_UserArgs_MT64x64x32_SN_K1_PGR6_SB1_TT2_2_WG16_16_3
115,7168,2304,64,0,torch.bfloat16,torch.bfloat16,0.0,1.0,hsaco,6,39.52,Cijk_Ailk_Bljk_BBS_BH_UserArgs_MT64x128x32_SN_K1_PGR6_SB1_TT2_2_WG16_16_3
115,512,7168,64,0,torch.bfloat16,torch.bfloat16,0.0,1.0,hsaco,3,40.64,Cijk_Ailk_Bljk_BBS_BH_UserArgs_MT16x32x32_SN_K1_PGR6_SB1_TT2_2_WG16_16_2
115,1536,7168,64,0,torch.bfloat16,torch.bfloat16,0.0,1.0,hsaco,4,74.4,Cijk_Ailk_Bljk_BBS_BH_UserArgs_MT64x32x32_SN_K1_PGR6_SB1_TT2_2_WG16_16_3
115,3072,7168,64,0,torch.bfloat16,torch.bfloat16,0.0,1.0,hsaco,5,83.36,Cijk_Ailk_Bljk_BBS_BH_UserArgs_MT64x64x32_SN_K1_PGR6_SB1_TT2_2_WG16_16_3
115,4096,7168,64,0,torch.bfloat16,torch.bfloat16,0.0,1.0,hsaco,5,85.04,Cijk_Ailk_Bljk_BBS_BH_UserArgs_MT64x64x32_SN_K1_PGR6_SB1_TT2_2_WG16_16_3
115,4608,7168,64,0,torch.bfloat16,torch.bfloat16,0.0,1.0,hsaco,5,88.08,Cijk_Ailk_Bljk_BBS_BH_UserArgs_MT64x64x32_SN_K1_PGR6_SB1_TT2_2_WG16_16_3
115,7168,7168,64,0,torch.bfloat16,torch.bfloat16,0.0,1.0,hsaco,6,104.72,Cijk_Ailk_Bljk_BBS_BH_UserArgs_MT64x128x32_SN_K1_PGR6_SB1_TT2_2_WG16_16_3
116,576,256,64,0,torch.bfloat16,torch.bfloat16,0.0,1.0,hsaco,3,6.24,Cijk_Ailk_Bljk_BBS_BH_UserArgs_MT16x32x32_SN_K1_PGR6_SB1_TT2_2_WG16_16_2
116,1536,256,64,0,torch.bfloat16,torch.bfloat16,0.0,1.0,hsaco,0,8.32,Cijk_Ailk_Bljk_BBS_BH_UserArgs_MT64x32x32_SN_K1_PGR6_SB1_TT2_2_WG16_16_2
116,3072,256,64,0,torch.bfloat16,torch.bfloat16,0.0,1.0,hsaco,1,10.32,Cijk_Ailk_Bljk_BBS_BH_UserArgs_MT64x64x32_SN_K1_PGR6_SB1_TT2_2_WG16_16_2
116,4096,256,64,0,torch.bfloat16,torch.bfloat16,0.0,1.0,hsaco,1,10.48,Cijk_Ailk_Bljk_BBS_BH_UserArgs_MT64x64x32_SN_K1_PGR6_SB1_TT2_2_WG16_16_2
116,4608,256,64,0,torch.bfloat16,torch.bfloat16,0.0,1.0,hsaco,1,9.52,Cijk_Ailk_Bljk_BBS_BH_UserArgs_MT64x64x32_SN_K1_PGR6_SB1_TT2_2_WG16_16_2
116,7168,256,64,0,torch.bfloat16,torch.bfloat16,0.0,1.0,hsaco,2,12.64,Cijk_Ailk_Bljk_BBS_BH_UserArgs_MT64x128x32_SN_K1_PGR6_SB1_TT2_8_WG16_16_2
116,576,512,64,0,torch.bfloat16,torch.bfloat16,0.0,1.0,hsaco,3,7.2,Cijk_Ailk_Bljk_BBS_BH_UserArgs_MT16x32x32_SN_K1_PGR6_SB1_TT2_2_WG16_16_2
116,1536,512,64,0,torch.bfloat16,torch.bfloat16,0.0,1.0,hsaco,4,10.8,Cijk_Ailk_Bljk_BBS_BH_UserArgs_MT64x32x32_SN_K1_PGR6_SB1_TT2_2_WG16_16_3
116,3072,512,64,0,torch.bfloat16,torch.bfloat16,0.0,1.0,hsaco,5,13.92,Cijk_Ailk_Bljk_BBS_BH_UserArgs_MT64x64x32_SN_K1_PGR6_SB1_TT2_2_WG16_16_3
116,4096,512,64,0,torch.bfloat16,torch.bfloat16,0.0,1.0,hsaco,5,12.64,Cijk_Ailk_Bljk_BBS_BH_UserArgs_MT64x64x32_SN_K1_PGR6_SB1_TT2_2_WG16_16_3
116,4608,512,64,0,torch.bfloat16,torch.bfloat16,0.0,1.0,hsaco,5,12.8,Cijk_Ailk_Bljk_BBS_BH_UserArgs_MT64x64x32_SN_K1_PGR6_SB1_TT2_2_WG16_16_3
116,7168,512,64,0,torch.bfloat16,torch.bfloat16,0.0,1.0,hsaco,6,16.16,Cijk_Ailk_Bljk_BBS_BH_UserArgs_MT64x128x32_SN_K1_PGR6_SB1_TT2_2_WG16_16_3
116,576,1536,64,0,torch.bfloat16,torch.bfloat16,0.0,1.0,hsaco,3,12.4,Cijk_Ailk_Bljk_BBS_BH_UserArgs_MT16x32x32_SN_K1_PGR6_SB1_TT2_2_WG16_16_2
116,1536,1536,64,0,torch.bfloat16,torch.bfloat16,0.0,1.0,hsaco,4,20.48,Cijk_Ailk_Bljk_BBS_BH_UserArgs_MT64x32x32_SN_K1_PGR6_SB1_TT2_2_WG16_16_3
116,3072,1536,64,0,torch.bfloat16,torch.bfloat16,0.0,1.0,hsaco,5,23.68,Cijk_Ailk_Bljk_BBS_BH_UserArgs_MT64x64x32_SN_K1_PGR6_SB1_TT2_2_WG16_16_3
116,4096,1536,64,0,torch.bfloat16,torch.bfloat16,0.0,1.0,hsaco,5,24.08,Cijk_Ailk_Bljk_BBS_BH_UserArgs_MT64x64x32_SN_K1_PGR6_SB1_TT2_2_WG16_16_3
116,4608,1536,64,0,torch.bfloat16,torch.bfloat16,0.0,1.0,hsaco,5,24.4,Cijk_Ailk_Bljk_BBS_BH_UserArgs_MT64x64x32_SN_K1_PGR6_SB1_TT2_2_WG16_16_3
116,7168,1536,64,0,torch.bfloat16,torch.bfloat16,0.0,1.0,hsaco,6,29.68,Cijk_Ailk_Bljk_BBS_BH_UserArgs_MT64x128x32_SN_K1_PGR6_SB1_TT2_2_WG16_16_3
116,512,2048,64,0,torch.bfloat16,torch.bfloat16,0.0,1.0,hsaco,3,14.64,Cijk_Ailk_Bljk_BBS_BH_UserArgs_MT16x32x32_SN_K1_PGR6_SB1_TT2_2_WG16_16_2
116,1536,2048,64,0,torch.bfloat16,torch.bfloat16,0.0,1.0,hsaco,4,25.36,Cijk_Ailk_Bljk_BBS_BH_UserArgs_MT64x32x32_SN_K1_PGR6_SB1_TT2_2_WG16_16_3
116,3072,2048,64,0,torch.bfloat16,torch.bfloat16,0.0,1.0,hsaco,5,29.04,Cijk_Ailk_Bljk_BBS_BH_UserArgs_MT64x64x32_SN_K1_PGR6_SB1_TT2_2_WG16_16_3
116,4096,2048,64,0,torch.bfloat16,torch.bfloat16,0.0,1.0,hsaco,5,30.56,Cijk_Ailk_Bljk_BBS_BH_UserArgs_MT64x64x32_SN_K1_PGR6_SB1_TT2_2_WG16_16_3
116,4608,2048,64,0,torch.bfloat16,torch.bfloat16,0.0,1.0,hsaco,5,29.28,Cijk_Ailk_Bljk_BBS_BH_UserArgs_MT64x64x32_SN_K1_PGR6_SB1_TT2_2_WG16_16_3
116,7168,2048,64,0,torch.bfloat16,torch.bfloat16,0.0,1.0,hsaco,6,35.6,Cijk_Ailk_Bljk_BBS_BH_UserArgs_MT64x128x32_SN_K1_PGR6_SB1_TT2_2_WG16_16_3
116,512,2304,64,0,torch.bfloat16,torch.bfloat16,0.0,1.0,hsaco,3,16.4,Cijk_Ailk_Bljk_BBS_BH_UserArgs_MT16x32x32_SN_K1_PGR6_SB1_TT2_2_WG16_16_2
116,1536,2304,64,0,torch.bfloat16,torch.bfloat16,0.0,1.0,hsaco,4,27.92,Cijk_Ailk_Bljk_BBS_BH_UserArgs_MT64x32x32_SN_K1_PGR6_SB1_TT2_2_WG16_16_3
116,3072,2304,64,0,torch.bfloat16,torch.bfloat16,0.0,1.0,hsaco,5,32.16,Cijk_Ailk_Bljk_BBS_BH_UserArgs_MT64x64x32_SN_K1_PGR6_SB1_TT2_2_WG16_16_3
116,4096,2304,64,0,torch.bfloat16,torch.bfloat16,0.0,1.0,hsaco,5,32.96,Cijk_Ailk_Bljk_BBS_BH_UserArgs_MT64x64x32_SN_K1_PGR6_SB1_TT2_2_WG16_16_3
116,4608,2304,64,0,torch.bfloat16,torch.bfloat16,0.0,1.0,hsaco,5,32.88,Cijk_Ailk_Bljk_BBS_BH_UserArgs_MT64x64x32_SN_K1_PGR6_SB1_TT2_2_WG16_16_3
116,7168,2304,64,0,torch.bfloat16,torch.bfloat16,0.0,1.0,hsaco,6,39.68,Cijk_Ailk_Bljk_BBS_BH_UserArgs_MT64x128x32_SN_K1_PGR6_SB1_TT2_2_WG16_16_3
116,512,7168,64,0,torch.bfloat16,torch.bfloat16,0.0,1.0,hsaco,3,40.4,Cijk_Ailk_Bljk_BBS_BH_UserArgs_MT16x32x32_SN_K1_PGR6_SB1_TT2_2_WG16_16_2
116,1536,7168,64,0,torch.bfloat16,torch.bfloat16,0.0,1.0,hsaco,4,74.16,Cijk_Ailk_Bljk_BBS_BH_UserArgs_MT64x32x32_SN_K1_PGR6_SB1_TT2_2_WG16_16_3
116,3072,7168,64,0,torch.bfloat16,torch.bfloat16,0.0,1.0,hsaco,5,83.52,Cijk_Ailk_Bljk_BBS_BH_UserArgs_MT64x64x32_SN_K1_PGR6_SB1_TT2_2_WG16_16_3
116,4096,7168,64,0,torch.bfloat16,torch.bfloat16,0.0,1.0,hsaco,5,84.88,Cijk_Ailk_Bljk_BBS_BH_UserArgs_MT64x64x32_SN_K1_PGR6_SB1_TT2_2_WG16_16_3
116,4608,7168,64,0,torch.bfloat16,torch.bfloat16,0.0,1.0,hsaco,5,87.44,Cijk_Ailk_Bljk_BBS_BH_UserArgs_MT64x64x32_SN_K1_PGR6_SB1_TT2_2_WG16_16_3
116,7168,7168,64,0,torch.bfloat16,torch.bfloat16,0.0,1.0,hsaco,6,104.24,Cijk_Ailk_Bljk_BBS_BH_UserArgs_MT64x128x32_SN_K1_PGR6_SB1_TT2_2_WG16_16_3
117,576,256,64,0,torch.bfloat16,torch.bfloat16,0.0,1.0,hsaco,3,6.24,Cijk_Ailk_Bljk_BBS_BH_UserArgs_MT16x32x32_SN_K1_PGR6_SB1_TT2_2_WG16_16_2
117,1536,256,64,0,torch.bfloat16,torch.bfloat16,0.0,1.0,hsaco,0,8.24,Cijk_Ailk_Bljk_BBS_BH_UserArgs_MT64x32x32_SN_K1_PGR6_SB1_TT2_2_WG16_16_2
117,3072,256,64,0,torch.bfloat16,torch.bfloat16,0.0,1.0,hsaco,1,10.24,Cijk_Ailk_Bljk_BBS_BH_UserArgs_MT64x64x32_SN_K1_PGR6_SB1_TT2_2_WG16_16_2
117,4096,256,64,0,torch.bfloat16,torch.bfloat16,0.0,1.0,hsaco,1,10.64,Cijk_Ailk_Bljk_BBS_BH_UserArgs_MT64x64x32_SN_K1_PGR6_SB1_TT2_2_WG16_16_2
117,4608,256,64,0,torch.bfloat16,torch.bfloat16,0.0,1.0,hsaco,1,9.68,Cijk_Ailk_Bljk_BBS_BH_UserArgs_MT64x64x32_SN_K1_PGR6_SB1_TT2_2_WG16_16_2
117,7168,256,64,0,torch.bfloat16,torch.bfloat16,0.0,1.0,hsaco,2,12.48,Cijk_Ailk_Bljk_BBS_BH_UserArgs_MT64x128x32_SN_K1_PGR6_SB1_TT2_8_WG16_16_2
117,576,512,64,0,torch.bfloat16,torch.bfloat16,0.0,1.0,hsaco,3,7.2,Cijk_Ailk_Bljk_BBS_BH_UserArgs_MT16x32x32_SN_K1_PGR6_SB1_TT2_2_WG16_16_2
117,1536,512,64,0,torch.bfloat16,torch.bfloat16,0.0,1.0,hsaco,4,10.72,Cijk_Ailk_Bljk_BBS_BH_UserArgs_MT64x32x32_SN_K1_PGR6_SB1_TT2_2_WG16_16_3
117,3072,512,64,0,torch.bfloat16,torch.bfloat16,0.0,1.0,hsaco,5,13.52,Cijk_Ailk_Bljk_BBS_BH_UserArgs_MT64x64x32_SN_K1_PGR6_SB1_TT2_2_WG16_16_3
117,4096,512,64,0,torch.bfloat16,torch.bfloat16,0.0,1.0,hsaco,5,12.8,Cijk_Ailk_Bljk_BBS_BH_UserArgs_MT64x64x32_SN_K1_PGR6_SB1_TT2_2_WG16_16_3
117,4608,512,64,0,torch.bfloat16,torch.bfloat16,0.0,1.0,hsaco,5,12.8,Cijk_Ailk_Bljk_BBS_BH_UserArgs_MT64x64x32_SN_K1_PGR6_SB1_TT2_2_WG16_16_3
117,7168,512,64,0,torch.bfloat16,torch.bfloat16,0.0,1.0,hsaco,6,16.08,Cijk_Ailk_Bljk_BBS_BH_UserArgs_MT64x128x32_SN_K1_PGR6_SB1_TT2_2_WG16_16_3
117,576,1536,64,0,torch.bfloat16,torch.bfloat16,0.0,1.0,hsaco,3,12.32,Cijk_Ailk_Bljk_BBS_BH_UserArgs_MT16x32x32_SN_K1_PGR6_SB1_TT2_2_WG16_16_2
117,1536,1536,64,0,torch.bfloat16,torch.bfloat16,0.0,1.0,hsaco,4,20.48,Cijk_Ailk_Bljk_BBS_BH_UserArgs_MT64x32x32_SN_K1_PGR6_SB1_TT2_2_WG16_16_3
117,3072,1536,64,0,torch.bfloat16,torch.bfloat16,0.0,1.0,hsaco,5,23.84,Cijk_Ailk_Bljk_BBS_BH_UserArgs_MT64x64x32_SN_K1_PGR6_SB1_TT2_2_WG16_16_3
117,4096,1536,64,0,torch.bfloat16,torch.bfloat16,0.0,1.0,hsaco,5,24.0,Cijk_Ailk_Bljk_BBS_BH_UserArgs_MT64x64x32_SN_K1_PGR6_SB1_TT2_2_WG16_16_3
117,4608,1536,64,0,torch.bfloat16,torch.bfloat16,0.0,1.0,hsaco,5,24.32,Cijk_Ailk_Bljk_BBS_BH_UserArgs_MT64x64x32_SN_K1_PGR6_SB1_TT2_2_WG16_16_3
117,7168,1536,64,0,torch.bfloat16,torch.bfloat16,0.0,1.0,hsaco,6,29.44,Cijk_Ailk_Bljk_BBS_BH_UserArgs_MT64x128x32_SN_K1_PGR6_SB1_TT2_2_WG16_16_3
117,512,2048,64,0,torch.bfloat16,torch.bfloat16,0.0,1.0,hsaco,3,14.64,Cijk_Ailk_Bljk_BBS_BH_UserArgs_MT16x32x32_SN_K1_PGR6_SB1_TT2_2_WG16_16_2
117,1536,2048,64,0,torch.bfloat16,torch.bfloat16,0.0,1.0,hsaco,4,25.44,Cijk_Ailk_Bljk_BBS_BH_UserArgs_MT64x32x32_SN_K1_PGR6_SB1_TT2_2_WG16_16_3
117,3072,2048,64,0,torch.bfloat16,torch.bfloat16,0.0,1.0,hsaco,5,29.04,Cijk_Ailk_Bljk_BBS_BH_UserArgs_MT64x64x32_SN_K1_PGR6_SB1_TT2_2_WG16_16_3
117,4096,2048,64,0,torch.bfloat16,torch.bfloat16,0.0,1.0,hsaco,5,30.32,Cijk_Ailk_Bljk_BBS_BH_UserArgs_MT64x64x32_SN_K1_PGR6_SB1_TT2_2_WG16_16_3
117,4608,2048,64,0,torch.bfloat16,torch.bfloat16,0.0,1.0,hsaco,5,29.28,Cijk_Ailk_Bljk_BBS_BH_UserArgs_MT64x64x32_SN_K1_PGR6_SB1_TT2_2_WG16_16_3
117,7168,2048,64,0,torch.bfloat16,torch.bfloat16,0.0,1.0,hsaco,6,35.76,Cijk_Ailk_Bljk_BBS_BH_UserArgs_MT64x128x32_SN_K1_PGR6_SB1_TT2_2_WG16_16_3
117,512,2304,64,0,torch.bfloat16,torch.bfloat16,0.0,1.0,hsaco,3,16.48,Cijk_Ailk_Bljk_BBS_BH_UserArgs_MT16x32x32_SN_K1_PGR6_SB1_TT2_2_WG16_16_2
117,1536,2304,64,0,torch.bfloat16,torch.bfloat16,0.0,1.0,hsaco,4,27.92,Cijk_Ailk_Bljk_BBS_BH_UserArgs_MT64x32x32_SN_K1_PGR6_SB1_TT2_2_WG16_16_3
117,3072,2304,64,0,torch.bfloat16,torch.bfloat16,0.0,1.0,hsaco,5,32.16,Cijk_Ailk_Bljk_BBS_BH_UserArgs_MT64x64x32_SN_K1_PGR6_SB1_TT2_2_WG16_16_3
117,4096,2304,64,0,torch.bfloat16,torch.bfloat16,0.0,1.0,hsaco,5,32.64,Cijk_Ailk_Bljk_BBS_BH_UserArgs_MT64x64x32_SN_K1_PGR6_SB1_TT2_2_WG16_16_3
117,4608,2304,64,0,torch.bfloat16,torch.bfloat16,0.0,1.0,hsaco,5,32.96,Cijk_Ailk_Bljk_BBS_BH_UserArgs_MT64x64x32_SN_K1_PGR6_SB1_TT2_2_WG16_16_3
117,7168,2304,64,0,torch.bfloat16,torch.bfloat16,0.0,1.0,hsaco,6,39.84,Cijk_Ailk_Bljk_BBS_BH_UserArgs_MT64x128x32_SN_K1_PGR6_SB1_TT2_2_WG16_16_3
117,512,7168,64,0,torch.bfloat16,torch.bfloat16,0.0,1.0,hsaco,3,41.2,Cijk_Ailk_Bljk_BBS_BH_UserArgs_MT16x32x32_SN_K1_PGR6_SB1_TT2_2_WG16_16_2
117,1536,7168,64,0,torch.bfloat16,torch.bfloat16,0.0,1.0,hsaco,4,74.16,Cijk_Ailk_Bljk_BBS_BH_UserArgs_MT64x32x32_SN_K1_PGR6_SB1_TT2_2_WG16_16_3
117,3072,7168,64,0,torch.bfloat16,torch.bfloat16,0.0,1.0,hsaco,5,83.6,Cijk_Ailk_Bljk_BBS_BH_UserArgs_MT64x64x32_SN_K1_PGR6_SB1_TT2_2_WG16_16_3
117,4096,7168,64,0,torch.bfloat16,torch.bfloat16,0.0,1.0,hsaco,5,85.12,Cijk_Ailk_Bljk_BBS_BH_UserArgs_MT64x64x32_SN_K1_PGR6_SB1_TT2_2_WG16_16_3
117,4608,7168,64,0,torch.bfloat16,torch.bfloat16,0.0,1.0,hsaco,5,85.52,Cijk_Ailk_Bljk_BBS_BH_UserArgs_MT64x64x32_SN_K1_PGR6_SB1_TT2_2_WG16_16_3
117,7168,7168,64,0,torch.bfloat16,torch.bfloat16,0.0,1.0,hsaco,6,106.08,Cijk_Ailk_Bljk_BBS_BH_UserArgs_MT64x128x32_SN_K1_PGR6_SB1_TT2_2_WG16_16_3
118,576,256,64,0,torch.bfloat16,torch.bfloat16,0.0,1.0,hsaco,3,6.24,Cijk_Ailk_Bljk_BBS_BH_UserArgs_MT16x32x32_SN_K1_PGR6_SB1_TT2_2_WG16_16_2
118,1536,256,64,0,torch.bfloat16,torch.bfloat16,0.0,1.0,hsaco,0,8.24,Cijk_Ailk_Bljk_BBS_BH_UserArgs_MT64x32x32_SN_K1_PGR6_SB1_TT2_2_WG16_16_2
118,3072,256,64,0,torch.bfloat16,torch.bfloat16,0.0,1.0,hsaco,1,10.24,Cijk_Ailk_Bljk_BBS_BH_UserArgs_MT64x64x32_SN_K1_PGR6_SB1_TT2_2_WG16_16_2
118,4096,256,64,0,torch.bfloat16,torch.bfloat16,0.0,1.0,hsaco,1,10.4,Cijk_Ailk_Bljk_BBS_BH_UserArgs_MT64x64x32_SN_K1_PGR6_SB1_TT2_2_WG16_16_2
118,4608,256,64,0,torch.bfloat16,torch.bfloat16,0.0,1.0,hsaco,1,9.44,Cijk_Ailk_Bljk_BBS_BH_UserArgs_MT64x64x32_SN_K1_PGR6_SB1_TT2_2_WG16_16_2
118,7168,256,64,0,torch.bfloat16,torch.bfloat16,0.0,1.0,hsaco,2,12.48,Cijk_Ailk_Bljk_BBS_BH_UserArgs_MT64x128x32_SN_K1_PGR6_SB1_TT2_8_WG16_16_2
118,576,512,64,0,torch.bfloat16,torch.bfloat16,0.0,1.0,hsaco,3,7.12,Cijk_Ailk_Bljk_BBS_BH_UserArgs_MT16x32x32_SN_K1_PGR6_SB1_TT2_2_WG16_16_2
118,1536,512,64,0,torch.bfloat16,torch.bfloat16,0.0,1.0,hsaco,4,10.8,Cijk_Ailk_Bljk_BBS_BH_UserArgs_MT64x32x32_SN_K1_PGR6_SB1_TT2_2_WG16_16_3
118,3072,512,64,0,torch.bfloat16,torch.bfloat16,0.0,1.0,hsaco,5,13.52,Cijk_Ailk_Bljk_BBS_BH_UserArgs_MT64x64x32_SN_K1_PGR6_SB1_TT2_2_WG16_16_3
118,4096,512,64,0,torch.bfloat16,torch.bfloat16,0.0,1.0,hsaco,5,12.64,Cijk_Ailk_Bljk_BBS_BH_UserArgs_MT64x64x32_SN_K1_PGR6_SB1_TT2_2_WG16_16_3
118,4608,512,64,0,torch.bfloat16,torch.bfloat16,0.0,1.0,hsaco,5,12.72,Cijk_Ailk_Bljk_BBS_BH_UserArgs_MT64x64x32_SN_K1_PGR6_SB1_TT2_2_WG16_16_3
118,7168,512,64,0,torch.bfloat16,torch.bfloat16,0.0,1.0,hsaco,6,16.24,Cijk_Ailk_Bljk_BBS_BH_UserArgs_MT64x128x32_SN_K1_PGR6_SB1_TT2_2_WG16_16_3
118,576,1536,64,0,torch.bfloat16,torch.bfloat16,0.0,1.0,hsaco,3,12.4,Cijk_Ailk_Bljk_BBS_BH_UserArgs_MT16x32x32_SN_K1_PGR6_SB1_TT2_2_WG16_16_2
118,1536,1536,64,0,torch.bfloat16,torch.bfloat16,0.0,1.0,hsaco,4,20.48,Cijk_Ailk_Bljk_BBS_BH_UserArgs_MT64x32x32_SN_K1_PGR6_SB1_TT2_2_WG16_16_3
118,3072,1536,64,0,torch.bfloat16,torch.bfloat16,0.0,1.0,hsaco,5,23.6,Cijk_Ailk_Bljk_BBS_BH_UserArgs_MT64x64x32_SN_K1_PGR6_SB1_TT2_2_WG16_16_3
118,4096,1536,64,0,torch.bfloat16,torch.bfloat16,0.0,1.0,hsaco,5,24.08,Cijk_Ailk_Bljk_BBS_BH_UserArgs_MT64x64x32_SN_K1_PGR6_SB1_TT2_2_WG16_16_3
118,4608,1536,64,0,torch.bfloat16,torch.bfloat16,0.0,1.0,hsaco,5,24.32,Cijk_Ailk_Bljk_BBS_BH_UserArgs_MT64x64x32_SN_K1_PGR6_SB1_TT2_2_WG16_16_3
118,7168,1536,64,0,torch.bfloat16,torch.bfloat16,0.0,1.0,hsaco,6,29.92,Cijk_Ailk_Bljk_BBS_BH_UserArgs_MT64x128x32_SN_K1_PGR6_SB1_TT2_2_WG16_16_3
118,512,2048,64,0,torch.bfloat16,torch.bfloat16,0.0,1.0,hsaco,3,14.8,Cijk_Ailk_Bljk_BBS_BH_UserArgs_MT16x32x32_SN_K1_PGR6_SB1_TT2_2_WG16_16_2
118,1536,2048,64,0,torch.bfloat16,torch.bfloat16,0.0,1.0,hsaco,4,25.36,Cijk_Ailk_Bljk_BBS_BH_UserArgs_MT64x32x32_SN_K1_PGR6_SB1_TT2_2_WG16_16_3
118,3072,2048,64,0,torch.bfloat16,torch.bfloat16,0.0,1.0,hsaco,5,28.96,Cijk_Ailk_Bljk_BBS_BH_UserArgs_MT64x64x32_SN_K1_PGR6_SB1_TT2_2_WG16_16_3
118,4096,2048,64,0,torch.bfloat16,torch.bfloat16,0.0,1.0,hsaco,5,29.44,Cijk_Ailk_Bljk_BBS_BH_UserArgs_MT64x64x32_SN_K1_PGR6_SB1_TT2_2_WG16_16_3
118,4608,2048,64,0,torch.bfloat16,torch.bfloat16,0.0,1.0,hsaco,5,29.36,Cijk_Ailk_Bljk_BBS_BH_UserArgs_MT64x64x32_SN_K1_PGR6_SB1_TT2_2_WG16_16_3
118,7168,2048,64,0,torch.bfloat16,torch.bfloat16,0.0,1.0,hsaco,6,36.0,Cijk_Ailk_Bljk_BBS_BH_UserArgs_MT64x128x32_SN_K1_PGR6_SB1_TT2_2_WG16_16_3
118,512,2304,64,0,torch.bfloat16,torch.bfloat16,0.0,1.0,hsaco,3,16.72,Cijk_Ailk_Bljk_BBS_BH_UserArgs_MT16x32x32_SN_K1_PGR6_SB1_TT2_2_WG16_16_2
118,1536,2304,64,0,torch.bfloat16,torch.bfloat16,0.0,1.0,hsaco,4,27.92,Cijk_Ailk_Bljk_BBS_BH_UserArgs_MT64x32x32_SN_K1_PGR6_SB1_TT2_2_WG16_16_3
118,3072,2304,64,0,torch.bfloat16,torch.bfloat16,0.0,1.0,hsaco,5,32.08,Cijk_Ailk_Bljk_BBS_BH_UserArgs_MT64x64x32_SN_K1_PGR6_SB1_TT2_2_WG16_16_3
118,4096,2304,64,0,torch.bfloat16,torch.bfloat16,0.0,1.0,hsaco,5,32.48,Cijk_Ailk_Bljk_BBS_BH_UserArgs_MT64x64x32_SN_K1_PGR6_SB1_TT2_2_WG16_16_3
118,4608,2304,64,0,torch.bfloat16,torch.bfloat16,0.0,1.0,hsaco,5,32.88,Cijk_Ailk_Bljk_BBS_BH_UserArgs_MT64x64x32_SN_K1_PGR6_SB1_TT2_2_WG16_16_3
118,7168,2304,64,0,torch.bfloat16,torch.bfloat16,0.0,1.0,hsaco,6,39.68,Cijk_Ailk_Bljk_BBS_BH_UserArgs_MT64x128x32_SN_K1_PGR6_SB1_TT2_2_WG16_16_3
118,512,7168,64,0,torch.bfloat16,torch.bfloat16,0.0,1.0,hsaco,3,41.36,Cijk_Ailk_Bljk_BBS_BH_UserArgs_MT16x32x32_SN_K1_PGR6_SB1_TT2_2_WG16_16_2
118,1536,7168,64,0,torch.bfloat16,torch.bfloat16,0.0,1.0,hsaco,4,74.08,Cijk_Ailk_Bljk_BBS_BH_UserArgs_MT64x32x32_SN_K1_PGR6_SB1_TT2_2_WG16_16_3
118,3072,7168,64,0,torch.bfloat16,torch.bfloat16,0.0,1.0,hsaco,5,83.44,Cijk_Ailk_Bljk_BBS_BH_UserArgs_MT64x64x32_SN_K1_PGR6_SB1_TT2_2_WG16_16_3
118,4096,7168,64,0,torch.bfloat16,torch.bfloat16,0.0,1.0,hsaco,5,84.96,Cijk_Ailk_Bljk_BBS_BH_UserArgs_MT64x64x32_SN_K1_PGR6_SB1_TT2_2_WG16_16_3
118,4608,7168,64,0,torch.bfloat16,torch.bfloat16,0.0,1.0,hsaco,5,86.16,Cijk_Ailk_Bljk_BBS_BH_UserArgs_MT64x64x32_SN_K1_PGR6_SB1_TT2_2_WG16_16_3
118,7168,7168,64,0,torch.bfloat16,torch.bfloat16,0.0,1.0,hsaco,6,105.36,Cijk_Ailk_Bljk_BBS_BH_UserArgs_MT64x128x32_SN_K1_PGR6_SB1_TT2_2_WG16_16_3
119,576,256,64,0,torch.bfloat16,torch.bfloat16,0.0,1.0,hsaco,3,6.24,Cijk_Ailk_Bljk_BBS_BH_UserArgs_MT16x32x32_SN_K1_PGR6_SB1_TT2_2_WG16_16_2
119,1536,256,64,0,torch.bfloat16,torch.bfloat16,0.0,1.0,hsaco,0,8.24,Cijk_Ailk_Bljk_BBS_BH_UserArgs_MT64x32x32_SN_K1_PGR6_SB1_TT2_2_WG16_16_2
119,3072,256,64,0,torch.bfloat16,torch.bfloat16,0.0,1.0,hsaco,1,10.16,Cijk_Ailk_Bljk_BBS_BH_UserArgs_MT64x64x32_SN_K1_PGR6_SB1_TT2_2_WG16_16_2
119,4096,256,64,0,torch.bfloat16,torch.bfloat16,0.0,1.0,hsaco,1,10.64,Cijk_Ailk_Bljk_BBS_BH_UserArgs_MT64x64x32_SN_K1_PGR6_SB1_TT2_2_WG16_16_2
119,4608,256,64,0,torch.bfloat16,torch.bfloat16,0.0,1.0,hsaco,1,9.52,Cijk_Ailk_Bljk_BBS_BH_UserArgs_MT64x64x32_SN_K1_PGR6_SB1_TT2_2_WG16_16_2
119,7168,256,64,0,torch.bfloat16,torch.bfloat16,0.0,1.0,hsaco,2,12.56,Cijk_Ailk_Bljk_BBS_BH_UserArgs_MT64x128x32_SN_K1_PGR6_SB1_TT2_8_WG16_16_2
119,576,512,64,0,torch.bfloat16,torch.bfloat16,0.0,1.0,hsaco,3,7.12,Cijk_Ailk_Bljk_BBS_BH_UserArgs_MT16x32x32_SN_K1_PGR6_SB1_TT2_2_WG16_16_2
119,1536,512,64,0,torch.bfloat16,torch.bfloat16,0.0,1.0,hsaco,4,10.72,Cijk_Ailk_Bljk_BBS_BH_UserArgs_MT64x32x32_SN_K1_PGR6_SB1_TT2_2_WG16_16_3
119,3072,512,64,0,torch.bfloat16,torch.bfloat16,0.0,1.0,hsaco,5,13.44,Cijk_Ailk_Bljk_BBS_BH_UserArgs_MT64x64x32_SN_K1_PGR6_SB1_TT2_2_WG16_16_3
119,4096,512,64,0,torch.bfloat16,torch.bfloat16,0.0,1.0,hsaco,5,12.72,Cijk_Ailk_Bljk_BBS_BH_UserArgs_MT64x64x32_SN_K1_PGR6_SB1_TT2_2_WG16_16_3
119,4608,512,64,0,torch.bfloat16,torch.bfloat16,0.0,1.0,hsaco,5,12.72,Cijk_Ailk_Bljk_BBS_BH_UserArgs_MT64x64x32_SN_K1_PGR6_SB1_TT2_2_WG16_16_3
119,7168,512,64,0,torch.bfloat16,torch.bfloat16,0.0,1.0,hsaco,6,16.16,Cijk_Ailk_Bljk_BBS_BH_UserArgs_MT64x128x32_SN_K1_PGR6_SB1_TT2_2_WG16_16_3
119,576,1536,64,0,torch.bfloat16,torch.bfloat16,0.0,1.0,hsaco,3,12.4,Cijk_Ailk_Bljk_BBS_BH_UserArgs_MT16x32x32_SN_K1_PGR6_SB1_TT2_2_WG16_16_2
119,1536,1536,64,0,torch.bfloat16,torch.bfloat16,0.0,1.0,hsaco,4,20.72,Cijk_Ailk_Bljk_BBS_BH_UserArgs_MT64x32x32_SN_K1_PGR6_SB1_TT2_2_WG16_16_3
119,3072,1536,64,0,torch.bfloat16,torch.bfloat16,0.0,1.0,hsaco,5,23.68,Cijk_Ailk_Bljk_BBS_BH_UserArgs_MT64x64x32_SN_K1_PGR6_SB1_TT2_2_WG16_16_3
119,4096,1536,64,0,torch.bfloat16,torch.bfloat16,0.0,1.0,hsaco,5,24.0,Cijk_Ailk_Bljk_BBS_BH_UserArgs_MT64x64x32_SN_K1_PGR6_SB1_TT2_2_WG16_16_3
119,4608,1536,64,0,torch.bfloat16,torch.bfloat16,0.0,1.0,hsaco,5,24.48,Cijk_Ailk_Bljk_BBS_BH_UserArgs_MT64x64x32_SN_K1_PGR6_SB1_TT2_2_WG16_16_3
119,7168,1536,64,0,torch.bfloat16,torch.bfloat16,0.0,1.0,hsaco,6,30.0,Cijk_Ailk_Bljk_BBS_BH_UserArgs_MT64x128x32_SN_K1_PGR6_SB1_TT2_2_WG16_16_3
119,512,2048,64,0,torch.bfloat16,torch.bfloat16,0.0,1.0,hsaco,3,14.64,Cijk_Ailk_Bljk_BBS_BH_UserArgs_MT16x32x32_SN_K1_PGR6_SB1_TT2_2_WG16_16_2
119,1536,2048,64,0,torch.bfloat16,torch.bfloat16,0.0,1.0,hsaco,4,25.28,Cijk_Ailk_Bljk_BBS_BH_UserArgs_MT64x32x32_SN_K1_PGR6_SB1_TT2_2_WG16_16_3
119,3072,2048,64,0,torch.bfloat16,torch.bfloat16,0.0,1.0,hsaco,5,29.04,Cijk_Ailk_Bljk_BBS_BH_UserArgs_MT64x64x32_SN_K1_PGR6_SB1_TT2_2_WG16_16_3
119,4096,2048,64,0,torch.bfloat16,torch.bfloat16,0.0,1.0,hsaco,5,29.52,Cijk_Ailk_Bljk_BBS_BH_UserArgs_MT64x64x32_SN_K1_PGR6_SB1_TT2_2_WG16_16_3
119,4608,2048,64,0,torch.bfloat16,torch.bfloat16,0.0,1.0,hsaco,5,29.36,Cijk_Ailk_Bljk_BBS_BH_UserArgs_MT64x64x32_SN_K1_PGR6_SB1_TT2_2_WG16_16_3
119,7168,2048,64,0,torch.bfloat16,torch.bfloat16,0.0,1.0,hsaco,6,35.76,Cijk_Ailk_Bljk_BBS_BH_UserArgs_MT64x128x32_SN_K1_PGR6_SB1_TT2_2_WG16_16_3
119,512,2304,64,0,torch.bfloat16,torch.bfloat16,0.0,1.0,hsaco,3,16.4,Cijk_Ailk_Bljk_BBS_BH_UserArgs_MT16x32x32_SN_K1_PGR6_SB1_TT2_2_WG16_16_2
119,1536,2304,64,0,torch.bfloat16,torch.bfloat16,0.0,1.0,hsaco,4,28.0,Cijk_Ailk_Bljk_BBS_BH_UserArgs_MT64x32x32_SN_K1_PGR6_SB1_TT2_2_WG16_16_3
119,3072,2304,64,0,torch.bfloat16,torch.bfloat16,0.0,1.0,hsaco,5,33.04,Cijk_Ailk_Bljk_BBS_BH_UserArgs_MT64x64x32_SN_K1_PGR6_SB1_TT2_2_WG16_16_3
119,4096,2304,64,0,torch.bfloat16,torch.bfloat16,0.0,1.0,hsaco,5,32.56,Cijk_Ailk_Bljk_BBS_BH_UserArgs_MT64x64x32_SN_K1_PGR6_SB1_TT2_2_WG16_16_3
119,4608,2304,64,0,torch.bfloat16,torch.bfloat16,0.0,1.0,hsaco,5,32.72,Cijk_Ailk_Bljk_BBS_BH_UserArgs_MT64x64x32_SN_K1_PGR6_SB1_TT2_2_WG16_16_3
119,7168,2304,64,0,torch.bfloat16,torch.bfloat16,0.0,1.0,hsaco,6,39.84,Cijk_Ailk_Bljk_BBS_BH_UserArgs_MT64x128x32_SN_K1_PGR6_SB1_TT2_2_WG16_16_3
119,512,7168,64,0,torch.bfloat16,torch.bfloat16,0.0,1.0,hsaco,3,41.2,Cijk_Ailk_Bljk_BBS_BH_UserArgs_MT16x32x32_SN_K1_PGR6_SB1_TT2_2_WG16_16_2
119,1536,7168,64,0,torch.bfloat16,torch.bfloat16,0.0,1.0,hsaco,4,74.24,Cijk_Ailk_Bljk_BBS_BH_UserArgs_MT64x32x32_SN_K1_PGR6_SB1_TT2_2_WG16_16_3
119,3072,7168,64,0,torch.bfloat16,torch.bfloat16,0.0,1.0,hsaco,5,83.44,Cijk_Ailk_Bljk_BBS_BH_UserArgs_MT64x64x32_SN_K1_PGR6_SB1_TT2_2_WG16_16_3
119,4096,7168,64,0,torch.bfloat16,torch.bfloat16,0.0,1.0,hsaco,5,84.64,Cijk_Ailk_Bljk_BBS_BH_UserArgs_MT64x64x32_SN_K1_PGR6_SB1_TT2_2_WG16_16_3
119,4608,7168,64,0,torch.bfloat16,torch.bfloat16,0.0,1.0,hsaco,5,88.16,Cijk_Ailk_Bljk_BBS_BH_UserArgs_MT64x64x32_SN_K1_PGR6_SB1_TT2_2_WG16_16_3
119,7168,7168,64,0,torch.bfloat16,torch.bfloat16,0.0,1.0,hsaco,6,107.12,Cijk_Ailk_Bljk_BBS_BH_UserArgs_MT64x128x32_SN_K1_PGR6_SB1_TT2_2_WG16_16_3
120,576,256,64,0,torch.bfloat16,torch.bfloat16,0.0,1.0,hsaco,3,6.24,Cijk_Ailk_Bljk_BBS_BH_UserArgs_MT16x32x32_SN_K1_PGR6_SB1_TT2_2_WG16_16_2
120,1536,256,64,0,torch.bfloat16,torch.bfloat16,0.0,1.0,hsaco,0,8.24,Cijk_Ailk_Bljk_BBS_BH_UserArgs_MT64x32x32_SN_K1_PGR6_SB1_TT2_2_WG16_16_2
120,3072,256,64,0,torch.bfloat16,torch.bfloat16,0.0,1.0,hsaco,1,10.24,Cijk_Ailk_Bljk_BBS_BH_UserArgs_MT64x64x32_SN_K1_PGR6_SB1_TT2_2_WG16_16_2
120,4096,256,64,0,torch.bfloat16,torch.bfloat16,0.0,1.0,hsaco,1,10.4,Cijk_Ailk_Bljk_BBS_BH_UserArgs_MT64x64x32_SN_K1_PGR6_SB1_TT2_2_WG16_16_2
120,4608,256,64,0,torch.bfloat16,torch.bfloat16,0.0,1.0,hsaco,1,9.52,Cijk_Ailk_Bljk_BBS_BH_UserArgs_MT64x64x32_SN_K1_PGR6_SB1_TT2_2_WG16_16_2
120,7168,256,64,0,torch.bfloat16,torch.bfloat16,0.0,1.0,hsaco,2,12.4,Cijk_Ailk_Bljk_BBS_BH_UserArgs_MT64x128x32_SN_K1_PGR6_SB1_TT2_8_WG16_16_2
120,576,512,64,0,torch.bfloat16,torch.bfloat16,0.0,1.0,hsaco,3,7.2,Cijk_Ailk_Bljk_BBS_BH_UserArgs_MT16x32x32_SN_K1_PGR6_SB1_TT2_2_WG16_16_2
120,1536,512,64,0,torch.bfloat16,torch.bfloat16,0.0,1.0,hsaco,4,10.72,Cijk_Ailk_Bljk_BBS_BH_UserArgs_MT64x32x32_SN_K1_PGR6_SB1_TT2_2_WG16_16_3
120,3072,512,64,0,torch.bfloat16,torch.bfloat16,0.0,1.0,hsaco,5,13.52,Cijk_Ailk_Bljk_BBS_BH_UserArgs_MT64x64x32_SN_K1_PGR6_SB1_TT2_2_WG16_16_3
120,4096,512,64,0,torch.bfloat16,torch.bfloat16,0.0,1.0,hsaco,5,12.8,Cijk_Ailk_Bljk_BBS_BH_UserArgs_MT64x64x32_SN_K1_PGR6_SB1_TT2_2_WG16_16_3
120,4608,512,64,0,torch.bfloat16,torch.bfloat16,0.0,1.0,hsaco,5,12.72,Cijk_Ailk_Bljk_BBS_BH_UserArgs_MT64x64x32_SN_K1_PGR6_SB1_TT2_2_WG16_16_3
120,7168,512,64,0,torch.bfloat16,torch.bfloat16,0.0,1.0,hsaco,6,16.24,Cijk_Ailk_Bljk_BBS_BH_UserArgs_MT64x128x32_SN_K1_PGR6_SB1_TT2_2_WG16_16_3
120,576,1536,64,0,torch.bfloat16,torch.bfloat16,0.0,1.0,hsaco,3,12.4,Cijk_Ailk_Bljk_BBS_BH_UserArgs_MT16x32x32_SN_K1_PGR6_SB1_TT2_2_WG16_16_2
120,1536,1536,64,0,torch.bfloat16,torch.bfloat16,0.0,1.0,hsaco,4,20.48,Cijk_Ailk_Bljk_BBS_BH_UserArgs_MT64x32x32_SN_K1_PGR6_SB1_TT2_2_WG16_16_3
120,3072,1536,64,0,torch.bfloat16,torch.bfloat16,0.0,1.0,hsaco,5,23.68,Cijk_Ailk_Bljk_BBS_BH_UserArgs_MT64x64x32_SN_K1_PGR6_SB1_TT2_2_WG16_16_3
120,4096,1536,64,0,torch.bfloat16,torch.bfloat16,0.0,1.0,hsaco,5,24.16,Cijk_Ailk_Bljk_BBS_BH_UserArgs_MT64x64x32_SN_K1_PGR6_SB1_TT2_2_WG16_16_3
120,4608,1536,64,0,torch.bfloat16,torch.bfloat16,0.0,1.0,hsaco,5,24.56,Cijk_Ailk_Bljk_BBS_BH_UserArgs_MT64x64x32_SN_K1_PGR6_SB1_TT2_2_WG16_16_3
120,7168,1536,64,0,torch.bfloat16,torch.bfloat16,0.0,1.0,hsaco,6,29.52,Cijk_Ailk_Bljk_BBS_BH_UserArgs_MT64x128x32_SN_K1_PGR6_SB1_TT2_2_WG16_16_3
120,512,2048,64,0,torch.bfloat16,torch.bfloat16,0.0,1.0,hsaco,3,14.64,Cijk_Ailk_Bljk_BBS_BH_UserArgs_MT16x32x32_SN_K1_PGR6_SB1_TT2_2_WG16_16_2
120,1536,2048,64,0,torch.bfloat16,torch.bfloat16,0.0,1.0,hsaco,4,25.12,Cijk_Ailk_Bljk_BBS_BH_UserArgs_MT64x32x32_SN_K1_PGR6_SB1_TT2_2_WG16_16_3
120,3072,2048,64,0,torch.bfloat16,torch.bfloat16,0.0,1.0,hsaco,5,29.04,Cijk_Ailk_Bljk_BBS_BH_UserArgs_MT64x64x32_SN_K1_PGR6_SB1_TT2_2_WG16_16_3
120,4096,2048,64,0,torch.bfloat16,torch.bfloat16,0.0,1.0,hsaco,5,29.52,Cijk_Ailk_Bljk_BBS_BH_UserArgs_MT64x64x32_SN_K1_PGR6_SB1_TT2_2_WG16_16_3
120,4608,2048,64,0,torch.bfloat16,torch.bfloat16,0.0,1.0,hsaco,5,29.28,Cijk_Ailk_Bljk_BBS_BH_UserArgs_MT64x64x32_SN_K1_PGR6_SB1_TT2_2_WG16_16_3
120,7168,2048,64,0,torch.bfloat16,torch.bfloat16,0.0,1.0,hsaco,6,35.84,Cijk_Ailk_Bljk_BBS_BH_UserArgs_MT64x128x32_SN_K1_PGR6_SB1_TT2_2_WG16_16_3
120,512,2304,64,0,torch.bfloat16,torch.bfloat16,0.0,1.0,hsaco,3,16.72,Cijk_Ailk_Bljk_BBS_BH_UserArgs_MT16x32x32_SN_K1_PGR6_SB1_TT2_2_WG16_16_2
120,1536,2304,64,0,torch.bfloat16,torch.bfloat16,0.0,1.0,hsaco,4,28.0,Cijk_Ailk_Bljk_BBS_BH_UserArgs_MT64x32x32_SN_K1_PGR6_SB1_TT2_2_WG16_16_3
120,3072,2304,64,0,torch.bfloat16,torch.bfloat16,0.0,1.0,hsaco,5,33.12,Cijk_Ailk_Bljk_BBS_BH_UserArgs_MT64x64x32_SN_K1_PGR6_SB1_TT2_2_WG16_16_3
120,4096,2304,64,0,torch.bfloat16,torch.bfloat16,0.0,1.0,hsaco,5,32.72,Cijk_Ailk_Bljk_BBS_BH_UserArgs_MT64x64x32_SN_K1_PGR6_SB1_TT2_2_WG16_16_3
120,4608,2304,64,0,torch.bfloat16,torch.bfloat16,0.0,1.0,hsaco,5,32.96,Cijk_Ailk_Bljk_BBS_BH_UserArgs_MT64x64x32_SN_K1_PGR6_SB1_TT2_2_WG16_16_3
120,7168,2304,64,0,torch.bfloat16,torch.bfloat16,0.0,1.0,hsaco,6,39.76,Cijk_Ailk_Bljk_BBS_BH_UserArgs_MT64x128x32_SN_K1_PGR6_SB1_TT2_2_WG16_16_3
120,512,7168,64,0,torch.bfloat16,torch.bfloat16,0.0,1.0,hsaco,3,41.2,Cijk_Ailk_Bljk_BBS_BH_UserArgs_MT16x32x32_SN_K1_PGR6_SB1_TT2_2_WG16_16_2
120,1536,7168,64,0,torch.bfloat16,torch.bfloat16,0.0,1.0,hsaco,4,74.24,Cijk_Ailk_Bljk_BBS_BH_UserArgs_MT64x32x32_SN_K1_PGR6_SB1_TT2_2_WG16_16_3
120,3072,7168,64,0,torch.bfloat16,torch.bfloat16,0.0,1.0,hsaco,5,83.52,Cijk_Ailk_Bljk_BBS_BH_UserArgs_MT64x64x32_SN_K1_PGR6_SB1_TT2_2_WG16_16_3
120,4096,7168,64,0,torch.bfloat16,torch.bfloat16,0.0,1.0,hsaco,5,84.48,Cijk_Ailk_Bljk_BBS_BH_UserArgs_MT64x64x32_SN_K1_PGR6_SB1_TT2_2_WG16_16_3
120,4608,7168,64,0,torch.bfloat16,torch.bfloat16,0.0,1.0,hsaco,5,85.52,Cijk_Ailk_Bljk_BBS_BH_UserArgs_MT64x64x32_SN_K1_PGR6_SB1_TT2_2_WG16_16_3
120,7168,7168,64,0,torch.bfloat16,torch.bfloat16,0.0,1.0,hsaco,6,104.48,Cijk_Ailk_Bljk_BBS_BH_UserArgs_MT64x128x32_SN_K1_PGR6_SB1_TT2_2_WG16_16_3
121,576,256,64,0,torch.bfloat16,torch.bfloat16,0.0,1.0,hsaco,3,6.16,Cijk_Ailk_Bljk_BBS_BH_UserArgs_MT16x32x32_SN_K1_PGR6_SB1_TT2_2_WG16_16_2
121,1536,256,64,0,torch.bfloat16,torch.bfloat16,0.0,1.0,hsaco,0,8.24,Cijk_Ailk_Bljk_BBS_BH_UserArgs_MT64x32x32_SN_K1_PGR6_SB1_TT2_2_WG16_16_2
121,3072,256,64,0,torch.bfloat16,torch.bfloat16,0.0,1.0,hsaco,1,10.24,Cijk_Ailk_Bljk_BBS_BH_UserArgs_MT64x64x32_SN_K1_PGR6_SB1_TT2_2_WG16_16_2
121,4096,256,64,0,torch.bfloat16,torch.bfloat16,0.0,1.0,hsaco,1,10.56,Cijk_Ailk_Bljk_BBS_BH_UserArgs_MT64x64x32_SN_K1_PGR6_SB1_TT2_2_WG16_16_2
121,4608,256,64,0,torch.bfloat16,torch.bfloat16,0.0,1.0,hsaco,1,9.6,Cijk_Ailk_Bljk_BBS_BH_UserArgs_MT64x64x32_SN_K1_PGR6_SB1_TT2_2_WG16_16_2
121,7168,256,64,0,torch.bfloat16,torch.bfloat16,0.0,1.0,hsaco,2,12.48,Cijk_Ailk_Bljk_BBS_BH_UserArgs_MT64x128x32_SN_K1_PGR6_SB1_TT2_8_WG16_16_2
121,576,512,64,0,torch.bfloat16,torch.bfloat16,0.0,1.0,hsaco,3,7.2,Cijk_Ailk_Bljk_BBS_BH_UserArgs_MT16x32x32_SN_K1_PGR6_SB1_TT2_2_WG16_16_2
121,1536,512,64,0,torch.bfloat16,torch.bfloat16,0.0,1.0,hsaco,4,11.2,Cijk_Ailk_Bljk_BBS_BH_UserArgs_MT64x32x32_SN_K1_PGR6_SB1_TT2_2_WG16_16_3
121,3072,512,64,0,torch.bfloat16,torch.bfloat16,0.0,1.0,hsaco,5,13.44,Cijk_Ailk_Bljk_BBS_BH_UserArgs_MT64x64x32_SN_K1_PGR6_SB1_TT2_2_WG16_16_3
121,4096,512,64,0,torch.bfloat16,torch.bfloat16,0.0,1.0,hsaco,5,12.64,Cijk_Ailk_Bljk_BBS_BH_UserArgs_MT64x64x32_SN_K1_PGR6_SB1_TT2_2_WG16_16_3
121,4608,512,64,0,torch.bfloat16,torch.bfloat16,0.0,1.0,hsaco,5,12.8,Cijk_Ailk_Bljk_BBS_BH_UserArgs_MT64x64x32_SN_K1_PGR6_SB1_TT2_2_WG16_16_3
121,7168,512,64,0,torch.bfloat16,torch.bfloat16,0.0,1.0,hsaco,6,16.24,Cijk_Ailk_Bljk_BBS_BH_UserArgs_MT64x128x32_SN_K1_PGR6_SB1_TT2_2_WG16_16_3
121,576,1536,64,0,torch.bfloat16,torch.bfloat16,0.0,1.0,hsaco,3,12.56,Cijk_Ailk_Bljk_BBS_BH_UserArgs_MT16x32x32_SN_K1_PGR6_SB1_TT2_2_WG16_16_2
121,1536,1536,64,0,torch.bfloat16,torch.bfloat16,0.0,1.0,hsaco,4,20.48,Cijk_Ailk_Bljk_BBS_BH_UserArgs_MT64x32x32_SN_K1_PGR6_SB1_TT2_2_WG16_16_3
121,3072,1536,64,0,torch.bfloat16,torch.bfloat16,0.0,1.0,hsaco,5,23.68,Cijk_Ailk_Bljk_BBS_BH_UserArgs_MT64x64x32_SN_K1_PGR6_SB1_TT2_2_WG16_16_3
121,4096,1536,64,0,torch.bfloat16,torch.bfloat16,0.0,1.0,hsaco,5,24.08,Cijk_Ailk_Bljk_BBS_BH_UserArgs_MT64x64x32_SN_K1_PGR6_SB1_TT2_2_WG16_16_3
121,4608,1536,64,0,torch.bfloat16,torch.bfloat16,0.0,1.0,hsaco,5,24.32,Cijk_Ailk_Bljk_BBS_BH_UserArgs_MT64x64x32_SN_K1_PGR6_SB1_TT2_2_WG16_16_3
121,7168,1536,64,0,torch.bfloat16,torch.bfloat16,0.0,1.0,hsaco,6,29.76,Cijk_Ailk_Bljk_BBS_BH_UserArgs_MT64x128x32_SN_K1_PGR6_SB1_TT2_2_WG16_16_3
121,512,2048,64,0,torch.bfloat16,torch.bfloat16,0.0,1.0,hsaco,3,14.96,Cijk_Ailk_Bljk_BBS_BH_UserArgs_MT16x32x32_SN_K1_PGR6_SB1_TT2_2_WG16_16_2
121,1536,2048,64,0,torch.bfloat16,torch.bfloat16,0.0,1.0,hsaco,4,25.28,Cijk_Ailk_Bljk_BBS_BH_UserArgs_MT64x32x32_SN_K1_PGR6_SB1_TT2_2_WG16_16_3
121,3072,2048,64,0,torch.bfloat16,torch.bfloat16,0.0,1.0,hsaco,5,28.96,Cijk_Ailk_Bljk_BBS_BH_UserArgs_MT64x64x32_SN_K1_PGR6_SB1_TT2_2_WG16_16_3
121,4096,2048,64,0,torch.bfloat16,torch.bfloat16,0.0,1.0,hsaco,5,29.52,Cijk_Ailk_Bljk_BBS_BH_UserArgs_MT64x64x32_SN_K1_PGR6_SB1_TT2_2_WG16_16_3
121,4608,2048,64,0,torch.bfloat16,torch.bfloat16,0.0,1.0,hsaco,5,29.36,Cijk_Ailk_Bljk_BBS_BH_UserArgs_MT64x64x32_SN_K1_PGR6_SB1_TT2_2_WG16_16_3
121,7168,2048,64,0,torch.bfloat16,torch.bfloat16,0.0,1.0,hsaco,6,35.92,Cijk_Ailk_Bljk_BBS_BH_UserArgs_MT64x128x32_SN_K1_PGR6_SB1_TT2_2_WG16_16_3
121,512,2304,64,0,torch.bfloat16,torch.bfloat16,0.0,1.0,hsaco,3,16.64,Cijk_Ailk_Bljk_BBS_BH_UserArgs_MT16x32x32_SN_K1_PGR6_SB1_TT2_2_WG16_16_2
121,1536,2304,64,0,torch.bfloat16,torch.bfloat16,0.0,1.0,hsaco,4,27.84,Cijk_Ailk_Bljk_BBS_BH_UserArgs_MT64x32x32_SN_K1_PGR6_SB1_TT2_2_WG16_16_3
121,3072,2304,64,0,torch.bfloat16,torch.bfloat16,0.0,1.0,hsaco,5,32.96,Cijk_Ailk_Bljk_BBS_BH_UserArgs_MT64x64x32_SN_K1_PGR6_SB1_TT2_2_WG16_16_3
121,4096,2304,64,0,torch.bfloat16,torch.bfloat16,0.0,1.0,hsaco,5,33.04,Cijk_Ailk_Bljk_BBS_BH_UserArgs_MT64x64x32_SN_K1_PGR6_SB1_TT2_2_WG16_16_3
121,4608,2304,64,0,torch.bfloat16,torch.bfloat16,0.0,1.0,hsaco,5,33.04,Cijk_Ailk_Bljk_BBS_BH_UserArgs_MT64x64x32_SN_K1_PGR6_SB1_TT2_2_WG16_16_3
121,7168,2304,64,0,torch.bfloat16,torch.bfloat16,0.0,1.0,hsaco,6,40.08,Cijk_Ailk_Bljk_BBS_BH_UserArgs_MT64x128x32_SN_K1_PGR6_SB1_TT2_2_WG16_16_3
121,512,7168,64,0,torch.bfloat16,torch.bfloat16,0.0,1.0,hsaco,3,41.28,Cijk_Ailk_Bljk_BBS_BH_UserArgs_MT16x32x32_SN_K1_PGR6_SB1_TT2_2_WG16_16_2
121,1536,7168,64,0,torch.bfloat16,torch.bfloat16,0.0,1.0,hsaco,4,74.0,Cijk_Ailk_Bljk_BBS_BH_UserArgs_MT64x32x32_SN_K1_PGR6_SB1_TT2_2_WG16_16_3
121,3072,7168,64,0,torch.bfloat16,torch.bfloat16,0.0,1.0,hsaco,5,83.6,Cijk_Ailk_Bljk_BBS_BH_UserArgs_MT64x64x32_SN_K1_PGR6_SB1_TT2_2_WG16_16_3
121,4096,7168,64,0,torch.bfloat16,torch.bfloat16,0.0,1.0,hsaco,5,84.72,Cijk_Ailk_Bljk_BBS_BH_UserArgs_MT64x64x32_SN_K1_PGR6_SB1_TT2_2_WG16_16_3
121,4608,7168,64,0,torch.bfloat16,torch.bfloat16,0.0,1.0,hsaco,5,87.44,Cijk_Ailk_Bljk_BBS_BH_UserArgs_MT64x64x32_SN_K1_PGR6_SB1_TT2_2_WG16_16_3
121,7168,7168,64,0,torch.bfloat16,torch.bfloat16,0.0,1.0,hsaco,6,104.4,Cijk_Ailk_Bljk_BBS_BH_UserArgs_MT64x128x32_SN_K1_PGR6_SB1_TT2_2_WG16_16_3
122,576,256,64,0,torch.bfloat16,torch.bfloat16,0.0,1.0,hsaco,3,6.24,Cijk_Ailk_Bljk_BBS_BH_UserArgs_MT16x32x32_SN_K1_PGR6_SB1_TT2_2_WG16_16_2
122,1536,256,64,0,torch.bfloat16,torch.bfloat16,0.0,1.0,hsaco,0,8.32,Cijk_Ailk_Bljk_BBS_BH_UserArgs_MT64x32x32_SN_K1_PGR6_SB1_TT2_2_WG16_16_2
122,3072,256,64,0,torch.bfloat16,torch.bfloat16,0.0,1.0,hsaco,1,10.16,Cijk_Ailk_Bljk_BBS_BH_UserArgs_MT64x64x32_SN_K1_PGR6_SB1_TT2_2_WG16_16_2
122,4096,256,64,0,torch.bfloat16,torch.bfloat16,0.0,1.0,hsaco,1,10.56,Cijk_Ailk_Bljk_BBS_BH_UserArgs_MT64x64x32_SN_K1_PGR6_SB1_TT2_2_WG16_16_2
122,4608,256,64,0,torch.bfloat16,torch.bfloat16,0.0,1.0,hsaco,1,9.6,Cijk_Ailk_Bljk_BBS_BH_UserArgs_MT64x64x32_SN_K1_PGR6_SB1_TT2_2_WG16_16_2
122,7168,256,64,0,torch.bfloat16,torch.bfloat16,0.0,1.0,hsaco,2,12.72,Cijk_Ailk_Bljk_BBS_BH_UserArgs_MT64x128x32_SN_K1_PGR6_SB1_TT2_8_WG16_16_2
122,576,512,64,0,torch.bfloat16,torch.bfloat16,0.0,1.0,hsaco,3,7.04,Cijk_Ailk_Bljk_BBS_BH_UserArgs_MT16x32x32_SN_K1_PGR6_SB1_TT2_2_WG16_16_2
122,1536,512,64,0,torch.bfloat16,torch.bfloat16,0.0,1.0,hsaco,4,10.64,Cijk_Ailk_Bljk_BBS_BH_UserArgs_MT64x32x32_SN_K1_PGR6_SB1_TT2_2_WG16_16_3
122,3072,512,64,0,torch.bfloat16,torch.bfloat16,0.0,1.0,hsaco,5,13.6,Cijk_Ailk_Bljk_BBS_BH_UserArgs_MT64x64x32_SN_K1_PGR6_SB1_TT2_2_WG16_16_3
122,4096,512,64,0,torch.bfloat16,torch.bfloat16,0.0,1.0,hsaco,5,12.72,Cijk_Ailk_Bljk_BBS_BH_UserArgs_MT64x64x32_SN_K1_PGR6_SB1_TT2_2_WG16_16_3
122,4608,512,64,0,torch.bfloat16,torch.bfloat16,0.0,1.0,hsaco,5,12.8,Cijk_Ailk_Bljk_BBS_BH_UserArgs_MT64x64x32_SN_K1_PGR6_SB1_TT2_2_WG16_16_3
122,7168,512,64,0,torch.bfloat16,torch.bfloat16,0.0,1.0,hsaco,6,16.32,Cijk_Ailk_Bljk_BBS_BH_UserArgs_MT64x128x32_SN_K1_PGR6_SB1_TT2_2_WG16_16_3
122,576,1536,64,0,torch.bfloat16,torch.bfloat16,0.0,1.0,hsaco,3,12.48,Cijk_Ailk_Bljk_BBS_BH_UserArgs_MT16x32x32_SN_K1_PGR6_SB1_TT2_2_WG16_16_2
122,1536,1536,64,0,torch.bfloat16,torch.bfloat16,0.0,1.0,hsaco,4,20.56,Cijk_Ailk_Bljk_BBS_BH_UserArgs_MT64x32x32_SN_K1_PGR6_SB1_TT2_2_WG16_16_3
122,3072,1536,64,0,torch.bfloat16,torch.bfloat16,0.0,1.0,hsaco,5,23.68,Cijk_Ailk_Bljk_BBS_BH_UserArgs_MT64x64x32_SN_K1_PGR6_SB1_TT2_2_WG16_16_3
122,4096,1536,64,0,torch.bfloat16,torch.bfloat16,0.0,1.0,hsaco,5,24.32,Cijk_Ailk_Bljk_BBS_BH_UserArgs_MT64x64x32_SN_K1_PGR6_SB1_TT2_2_WG16_16_3
122,4608,1536,64,0,torch.bfloat16,torch.bfloat16,0.0,1.0,hsaco,5,24.4,Cijk_Ailk_Bljk_BBS_BH_UserArgs_MT64x64x32_SN_K1_PGR6_SB1_TT2_2_WG16_16_3
122,7168,1536,64,0,torch.bfloat16,torch.bfloat16,0.0,1.0,hsaco,6,29.84,Cijk_Ailk_Bljk_BBS_BH_UserArgs_MT64x128x32_SN_K1_PGR6_SB1_TT2_2_WG16_16_3
122,512,2048,64,0,torch.bfloat16,torch.bfloat16,0.0,1.0,hsaco,3,14.8,Cijk_Ailk_Bljk_BBS_BH_UserArgs_MT16x32x32_SN_K1_PGR6_SB1_TT2_2_WG16_16_2
122,1536,2048,64,0,torch.bfloat16,torch.bfloat16,0.0,1.0,hsaco,4,25.2,Cijk_Ailk_Bljk_BBS_BH_UserArgs_MT64x32x32_SN_K1_PGR6_SB1_TT2_2_WG16_16_3
122,3072,2048,64,0,torch.bfloat16,torch.bfloat16,0.0,1.0,hsaco,5,28.88,Cijk_Ailk_Bljk_BBS_BH_UserArgs_MT64x64x32_SN_K1_PGR6_SB1_TT2_2_WG16_16_3
122,4096,2048,64,0,torch.bfloat16,torch.bfloat16,0.0,1.0,hsaco,5,29.52,Cijk_Ailk_Bljk_BBS_BH_UserArgs_MT64x64x32_SN_K1_PGR6_SB1_TT2_2_WG16_16_3
122,4608,2048,64,0,torch.bfloat16,torch.bfloat16,0.0,1.0,hsaco,5,29.44,Cijk_Ailk_Bljk_BBS_BH_UserArgs_MT64x64x32_SN_K1_PGR6_SB1_TT2_2_WG16_16_3
122,7168,2048,64,0,torch.bfloat16,torch.bfloat16,0.0,1.0,hsaco,6,36.48,Cijk_Ailk_Bljk_BBS_BH_UserArgs_MT64x128x32_SN_K1_PGR6_SB1_TT2_2_WG16_16_3
122,512,2304,64,0,torch.bfloat16,torch.bfloat16,0.0,1.0,hsaco,3,16.56,Cijk_Ailk_Bljk_BBS_BH_UserArgs_MT16x32x32_SN_K1_PGR6_SB1_TT2_2_WG16_16_2
122,1536,2304,64,0,torch.bfloat16,torch.bfloat16,0.0,1.0,hsaco,4,28.08,Cijk_Ailk_Bljk_BBS_BH_UserArgs_MT64x32x32_SN_K1_PGR6_SB1_TT2_2_WG16_16_3
122,3072,2304,64,0,torch.bfloat16,torch.bfloat16,0.0,1.0,hsaco,5,33.04,Cijk_Ailk_Bljk_BBS_BH_UserArgs_MT64x64x32_SN_K1_PGR6_SB1_TT2_2_WG16_16_3
122,4096,2304,64,0,torch.bfloat16,torch.bfloat16,0.0,1.0,hsaco,5,32.88,Cijk_Ailk_Bljk_BBS_BH_UserArgs_MT64x64x32_SN_K1_PGR6_SB1_TT2_2_WG16_16_3
122,4608,2304,64,0,torch.bfloat16,torch.bfloat16,0.0,1.0,hsaco,5,33.2,Cijk_Ailk_Bljk_BBS_BH_UserArgs_MT64x64x32_SN_K1_PGR6_SB1_TT2_2_WG16_16_3
122,7168,2304,64,0,torch.bfloat16,torch.bfloat16,0.0,1.0,hsaco,6,40.0,Cijk_Ailk_Bljk_BBS_BH_UserArgs_MT64x128x32_SN_K1_PGR6_SB1_TT2_2_WG16_16_3
122,512,7168,64,0,torch.bfloat16,torch.bfloat16,0.0,1.0,hsaco,3,41.28,Cijk_Ailk_Bljk_BBS_BH_UserArgs_MT16x32x32_SN_K1_PGR6_SB1_TT2_2_WG16_16_2
122,1536,7168,64,0,torch.bfloat16,torch.bfloat16,0.0,1.0,hsaco,4,74.08,Cijk_Ailk_Bljk_BBS_BH_UserArgs_MT64x32x32_SN_K1_PGR6_SB1_TT2_2_WG16_16_3
122,3072,7168,64,0,torch.bfloat16,torch.bfloat16,0.0,1.0,hsaco,5,83.36,Cijk_Ailk_Bljk_BBS_BH_UserArgs_MT64x64x32_SN_K1_PGR6_SB1_TT2_2_WG16_16_3
122,4096,7168,64,0,torch.bfloat16,torch.bfloat16,0.0,1.0,hsaco,5,84.96,Cijk_Ailk_Bljk_BBS_BH_UserArgs_MT64x64x32_SN_K1_PGR6_SB1_TT2_2_WG16_16_3
122,4608,7168,64,0,torch.bfloat16,torch.bfloat16,0.0,1.0,hsaco,5,85.6,Cijk_Ailk_Bljk_BBS_BH_UserArgs_MT64x64x32_SN_K1_PGR6_SB1_TT2_2_WG16_16_3
122,7168,7168,64,0,torch.bfloat16,torch.bfloat16,0.0,1.0,hsaco,6,104.88,Cijk_Ailk_Bljk_BBS_BH_UserArgs_MT64x128x32_SN_K1_PGR6_SB1_TT2_2_WG16_16_3
123,576,256,64,0,torch.bfloat16,torch.bfloat16,0.0,1.0,hsaco,3,6.32,Cijk_Ailk_Bljk_BBS_BH_UserArgs_MT16x32x32_SN_K1_PGR6_SB1_TT2_2_WG16_16_2
123,1536,256,64,0,torch.bfloat16,torch.bfloat16,0.0,1.0,hsaco,0,8.24,Cijk_Ailk_Bljk_BBS_BH_UserArgs_MT64x32x32_SN_K1_PGR6_SB1_TT2_2_WG16_16_2
123,3072,256,64,0,torch.bfloat16,torch.bfloat16,0.0,1.0,hsaco,1,10.24,Cijk_Ailk_Bljk_BBS_BH_UserArgs_MT64x64x32_SN_K1_PGR6_SB1_TT2_2_WG16_16_2
123,4096,256,64,0,torch.bfloat16,torch.bfloat16,0.0,1.0,hsaco,1,10.4,Cijk_Ailk_Bljk_BBS_BH_UserArgs_MT64x64x32_SN_K1_PGR6_SB1_TT2_2_WG16_16_2
123,4608,256,64,0,torch.bfloat16,torch.bfloat16,0.0,1.0,hsaco,1,9.6,Cijk_Ailk_Bljk_BBS_BH_UserArgs_MT64x64x32_SN_K1_PGR6_SB1_TT2_2_WG16_16_2
123,7168,256,64,0,torch.bfloat16,torch.bfloat16,0.0,1.0,hsaco,2,12.56,Cijk_Ailk_Bljk_BBS_BH_UserArgs_MT64x128x32_SN_K1_PGR6_SB1_TT2_8_WG16_16_2
123,576,512,64,0,torch.bfloat16,torch.bfloat16,0.0,1.0,hsaco,3,7.12,Cijk_Ailk_Bljk_BBS_BH_UserArgs_MT16x32x32_SN_K1_PGR6_SB1_TT2_2_WG16_16_2
123,1536,512,64,0,torch.bfloat16,torch.bfloat16,0.0,1.0,hsaco,4,10.88,Cijk_Ailk_Bljk_BBS_BH_UserArgs_MT64x32x32_SN_K1_PGR6_SB1_TT2_2_WG16_16_3
123,3072,512,64,0,torch.bfloat16,torch.bfloat16,0.0,1.0,hsaco,5,13.6,Cijk_Ailk_Bljk_BBS_BH_UserArgs_MT64x64x32_SN_K1_PGR6_SB1_TT2_2_WG16_16_3
123,4096,512,64,0,torch.bfloat16,torch.bfloat16,0.0,1.0,hsaco,5,12.72,Cijk_Ailk_Bljk_BBS_BH_UserArgs_MT64x64x32_SN_K1_PGR6_SB1_TT2_2_WG16_16_3
123,4608,512,64,0,torch.bfloat16,torch.bfloat16,0.0,1.0,hsaco,5,12.96,Cijk_Ailk_Bljk_BBS_BH_UserArgs_MT64x64x32_SN_K1_PGR6_SB1_TT2_2_WG16_16_3
123,7168,512,64,0,torch.bfloat16,torch.bfloat16,0.0,1.0,hsaco,6,16.24,Cijk_Ailk_Bljk_BBS_BH_UserArgs_MT64x128x32_SN_K1_PGR6_SB1_TT2_2_WG16_16_3
123,576,1536,64,0,torch.bfloat16,torch.bfloat16,0.0,1.0,hsaco,3,12.64,Cijk_Ailk_Bljk_BBS_BH_UserArgs_MT16x32x32_SN_K1_PGR6_SB1_TT2_2_WG16_16_2
123,1536,1536,64,0,torch.bfloat16,torch.bfloat16,0.0,1.0,hsaco,4,20.48,Cijk_Ailk_Bljk_BBS_BH_UserArgs_MT64x32x32_SN_K1_PGR6_SB1_TT2_2_WG16_16_3
123,3072,1536,64,0,torch.bfloat16,torch.bfloat16,0.0,1.0,hsaco,5,23.68,Cijk_Ailk_Bljk_BBS_BH_UserArgs_MT64x64x32_SN_K1_PGR6_SB1_TT2_2_WG16_16_3
123,4096,1536,64,0,torch.bfloat16,torch.bfloat16,0.0,1.0,hsaco,5,24.24,Cijk_Ailk_Bljk_BBS_BH_UserArgs_MT64x64x32_SN_K1_PGR6_SB1_TT2_2_WG16_16_3
123,4608,1536,64,0,torch.bfloat16,torch.bfloat16,0.0,1.0,hsaco,5,24.24,Cijk_Ailk_Bljk_BBS_BH_UserArgs_MT64x64x32_SN_K1_PGR6_SB1_TT2_2_WG16_16_3
123,7168,1536,64,0,torch.bfloat16,torch.bfloat16,0.0,1.0,hsaco,6,30.08,Cijk_Ailk_Bljk_BBS_BH_UserArgs_MT64x128x32_SN_K1_PGR6_SB1_TT2_2_WG16_16_3
123,512,2048,64,0,torch.bfloat16,torch.bfloat16,0.0,1.0,hsaco,3,14.96,Cijk_Ailk_Bljk_BBS_BH_UserArgs_MT16x32x32_SN_K1_PGR6_SB1_TT2_2_WG16_16_2
123,1536,2048,64,0,torch.bfloat16,torch.bfloat16,0.0,1.0,hsaco,4,25.28,Cijk_Ailk_Bljk_BBS_BH_UserArgs_MT64x32x32_SN_K1_PGR6_SB1_TT2_2_WG16_16_3
123,3072,2048,64,0,torch.bfloat16,torch.bfloat16,0.0,1.0,hsaco,5,29.12,Cijk_Ailk_Bljk_BBS_BH_UserArgs_MT64x64x32_SN_K1_PGR6_SB1_TT2_2_WG16_16_3
123,4096,2048,64,0,torch.bfloat16,torch.bfloat16,0.0,1.0,hsaco,5,29.44,Cijk_Ailk_Bljk_BBS_BH_UserArgs_MT64x64x32_SN_K1_PGR6_SB1_TT2_2_WG16_16_3
123,4608,2048,64,0,torch.bfloat16,torch.bfloat16,0.0,1.0,hsaco,5,29.36,Cijk_Ailk_Bljk_BBS_BH_UserArgs_MT64x64x32_SN_K1_PGR6_SB1_TT2_2_WG16_16_3
123,7168,2048,64,0,torch.bfloat16,torch.bfloat16,0.0,1.0,hsaco,6,36.16,Cijk_Ailk_Bljk_BBS_BH_UserArgs_MT64x128x32_SN_K1_PGR6_SB1_TT2_2_WG16_16_3
123,512,2304,64,0,torch.bfloat16,torch.bfloat16,0.0,1.0,hsaco,3,16.96,Cijk_Ailk_Bljk_BBS_BH_UserArgs_MT16x32x32_SN_K1_PGR6_SB1_TT2_2_WG16_16_2
123,1536,2304,64,0,torch.bfloat16,torch.bfloat16,0.0,1.0,hsaco,4,28.08,Cijk_Ailk_Bljk_BBS_BH_UserArgs_MT64x32x32_SN_K1_PGR6_SB1_TT2_2_WG16_16_3
123,3072,2304,64,0,torch.bfloat16,torch.bfloat16,0.0,1.0,hsaco,5,33.2,Cijk_Ailk_Bljk_BBS_BH_UserArgs_MT64x64x32_SN_K1_PGR6_SB1_TT2_2_WG16_16_3
123,4096,2304,64,0,torch.bfloat16,torch.bfloat16,0.0,1.0,hsaco,5,32.72,Cijk_Ailk_Bljk_BBS_BH_UserArgs_MT64x64x32_SN_K1_PGR6_SB1_TT2_2_WG16_16_3
123,4608,2304,64,0,torch.bfloat16,torch.bfloat16,0.0,1.0,hsaco,5,32.88,Cijk_Ailk_Bljk_BBS_BH_UserArgs_MT64x64x32_SN_K1_PGR6_SB1_TT2_2_WG16_16_3
123,7168,2304,64,0,torch.bfloat16,torch.bfloat16,0.0,1.0,hsaco,6,40.16,Cijk_Ailk_Bljk_BBS_BH_UserArgs_MT64x128x32_SN_K1_PGR6_SB1_TT2_2_WG16_16_3
123,512,7168,64,0,torch.bfloat16,torch.bfloat16,0.0,1.0,hsaco,3,41.28,Cijk_Ailk_Bljk_BBS_BH_UserArgs_MT16x32x32_SN_K1_PGR6_SB1_TT2_2_WG16_16_2
123,1536,7168,64,0,torch.bfloat16,torch.bfloat16,0.0,1.0,hsaco,4,74.24,Cijk_Ailk_Bljk_BBS_BH_UserArgs_MT64x32x32_SN_K1_PGR6_SB1_TT2_2_WG16_16_3
123,3072,7168,64,0,torch.bfloat16,torch.bfloat16,0.0,1.0,hsaco,5,83.52,Cijk_Ailk_Bljk_BBS_BH_UserArgs_MT64x64x32_SN_K1_PGR6_SB1_TT2_2_WG16_16_3
123,4096,7168,64,0,torch.bfloat16,torch.bfloat16,0.0,1.0,hsaco,5,85.6,Cijk_Ailk_Bljk_BBS_BH_UserArgs_MT64x64x32_SN_K1_PGR6_SB1_TT2_2_WG16_16_3
123,4608,7168,64,0,torch.bfloat16,torch.bfloat16,0.0,1.0,hsaco,5,87.84,Cijk_Ailk_Bljk_BBS_BH_UserArgs_MT64x64x32_SN_K1_PGR6_SB1_TT2_2_WG16_16_3
123,7168,7168,64,0,torch.bfloat16,torch.bfloat16,0.0,1.0,hsaco,6,105.12,Cijk_Ailk_Bljk_BBS_BH_UserArgs_MT64x128x32_SN_K1_PGR6_SB1_TT2_2_WG16_16_3
124,576,256,64,0,torch.bfloat16,torch.bfloat16,0.0,1.0,hsaco,3,6.24,Cijk_Ailk_Bljk_BBS_BH_UserArgs_MT16x32x32_SN_K1_PGR6_SB1_TT2_2_WG16_16_2
124,1536,256,64,0,torch.bfloat16,torch.bfloat16,0.0,1.0,hsaco,0,8.24,Cijk_Ailk_Bljk_BBS_BH_UserArgs_MT64x32x32_SN_K1_PGR6_SB1_TT2_2_WG16_16_2
124,3072,256,64,0,torch.bfloat16,torch.bfloat16,0.0,1.0,hsaco,1,9.52,Cijk_Ailk_Bljk_BBS_BH_UserArgs_MT64x64x32_SN_K1_PGR6_SB1_TT2_2_WG16_16_2
124,4096,256,64,0,torch.bfloat16,torch.bfloat16,0.0,1.0,hsaco,1,10.48,Cijk_Ailk_Bljk_BBS_BH_UserArgs_MT64x64x32_SN_K1_PGR6_SB1_TT2_2_WG16_16_2
124,4608,256,64,0,torch.bfloat16,torch.bfloat16,0.0,1.0,hsaco,1,9.52,Cijk_Ailk_Bljk_BBS_BH_UserArgs_MT64x64x32_SN_K1_PGR6_SB1_TT2_2_WG16_16_2
124,7168,256,64,0,torch.bfloat16,torch.bfloat16,0.0,1.0,hsaco,2,12.48,Cijk_Ailk_Bljk_BBS_BH_UserArgs_MT64x128x32_SN_K1_PGR6_SB1_TT2_8_WG16_16_2
124,576,512,64,0,torch.bfloat16,torch.bfloat16,0.0,1.0,hsaco,3,7.12,Cijk_Ailk_Bljk_BBS_BH_UserArgs_MT16x32x32_SN_K1_PGR6_SB1_TT2_2_WG16_16_2
124,1536,512,64,0,torch.bfloat16,torch.bfloat16,0.0,1.0,hsaco,4,10.88,Cijk_Ailk_Bljk_BBS_BH_UserArgs_MT64x32x32_SN_K1_PGR6_SB1_TT2_2_WG16_16_3
124,3072,512,64,0,torch.bfloat16,torch.bfloat16,0.0,1.0,hsaco,5,13.6,Cijk_Ailk_Bljk_BBS_BH_UserArgs_MT64x64x32_SN_K1_PGR6_SB1_TT2_2_WG16_16_3
124,4096,512,64,0,torch.bfloat16,torch.bfloat16,0.0,1.0,hsaco,5,12.72,Cijk_Ailk_Bljk_BBS_BH_UserArgs_MT64x64x32_SN_K1_PGR6_SB1_TT2_2_WG16_16_3
124,4608,512,64,0,torch.bfloat16,torch.bfloat16,0.0,1.0,hsaco,5,12.8,Cijk_Ailk_Bljk_BBS_BH_UserArgs_MT64x64x32_SN_K1_PGR6_SB1_TT2_2_WG16_16_3
124,7168,512,64,0,torch.bfloat16,torch.bfloat16,0.0,1.0,hsaco,6,16.16,Cijk_Ailk_Bljk_BBS_BH_UserArgs_MT64x128x32_SN_K1_PGR6_SB1_TT2_2_WG16_16_3
124,576,1536,64,0,torch.bfloat16,torch.bfloat16,0.0,1.0,hsaco,3,12.56,Cijk_Ailk_Bljk_BBS_BH_UserArgs_MT16x32x32_SN_K1_PGR6_SB1_TT2_2_WG16_16_2
124,1536,1536,64,0,torch.bfloat16,torch.bfloat16,0.0,1.0,hsaco,4,20.56,Cijk_Ailk_Bljk_BBS_BH_UserArgs_MT64x32x32_SN_K1_PGR6_SB1_TT2_2_WG16_16_3
124,3072,1536,64,0,torch.bfloat16,torch.bfloat16,0.0,1.0,hsaco,5,23.76,Cijk_Ailk_Bljk_BBS_BH_UserArgs_MT64x64x32_SN_K1_PGR6_SB1_TT2_2_WG16_16_3
124,4096,1536,64,0,torch.bfloat16,torch.bfloat16,0.0,1.0,hsaco,5,24.16,Cijk_Ailk_Bljk_BBS_BH_UserArgs_MT64x64x32_SN_K1_PGR6_SB1_TT2_2_WG16_16_3
124,4608,1536,64,0,torch.bfloat16,torch.bfloat16,0.0,1.0,hsaco,5,24.4,Cijk_Ailk_Bljk_BBS_BH_UserArgs_MT64x64x32_SN_K1_PGR6_SB1_TT2_2_WG16_16_3
124,7168,1536,64,0,torch.bfloat16,torch.bfloat16,0.0,1.0,hsaco,6,29.6,Cijk_Ailk_Bljk_BBS_BH_UserArgs_MT64x128x32_SN_K1_PGR6_SB1_TT2_2_WG16_16_3
124,512,2048,64,0,torch.bfloat16,torch.bfloat16,0.0,1.0,hsaco,3,14.8,Cijk_Ailk_Bljk_BBS_BH_UserArgs_MT16x32x32_SN_K1_PGR6_SB1_TT2_2_WG16_16_2
124,1536,2048,64,0,torch.bfloat16,torch.bfloat16,0.0,1.0,hsaco,4,25.36,Cijk_Ailk_Bljk_BBS_BH_UserArgs_MT64x32x32_SN_K1_PGR6_SB1_TT2_2_WG16_16_3
124,3072,2048,64,0,torch.bfloat16,torch.bfloat16,0.0,1.0,hsaco,5,28.96,Cijk_Ailk_Bljk_BBS_BH_UserArgs_MT64x64x32_SN_K1_PGR6_SB1_TT2_2_WG16_16_3
124,4096,2048,64,0,torch.bfloat16,torch.bfloat16,0.0,1.0,hsaco,5,29.52,Cijk_Ailk_Bljk_BBS_BH_UserArgs_MT64x64x32_SN_K1_PGR6_SB1_TT2_2_WG16_16_3
124,4608,2048,64,0,torch.bfloat16,torch.bfloat16,0.0,1.0,hsaco,5,29.36,Cijk_Ailk_Bljk_BBS_BH_UserArgs_MT64x64x32_SN_K1_PGR6_SB1_TT2_2_WG16_16_3
124,7168,2048,64,0,torch.bfloat16,torch.bfloat16,0.0,1.0,hsaco,6,36.0,Cijk_Ailk_Bljk_BBS_BH_UserArgs_MT64x128x32_SN_K1_PGR6_SB1_TT2_2_WG16_16_3
124,512,2304,64,0,torch.bfloat16,torch.bfloat16,0.0,1.0,hsaco,3,16.56,Cijk_Ailk_Bljk_BBS_BH_UserArgs_MT16x32x32_SN_K1_PGR6_SB1_TT2_2_WG16_16_2
124,1536,2304,64,0,torch.bfloat16,torch.bfloat16,0.0,1.0,hsaco,4,27.92,Cijk_Ailk_Bljk_BBS_BH_UserArgs_MT64x32x32_SN_K1_PGR6_SB1_TT2_2_WG16_16_3
124,3072,2304,64,0,torch.bfloat16,torch.bfloat16,0.0,1.0,hsaco,5,32.96,Cijk_Ailk_Bljk_BBS_BH_UserArgs_MT64x64x32_SN_K1_PGR6_SB1_TT2_2_WG16_16_3
124,4096,2304,64,0,torch.bfloat16,torch.bfloat16,0.0,1.0,hsaco,5,32.96,Cijk_Ailk_Bljk_BBS_BH_UserArgs_MT64x64x32_SN_K1_PGR6_SB1_TT2_2_WG16_16_3
124,4608,2304,64,0,torch.bfloat16,torch.bfloat16,0.0,1.0,hsaco,5,32.8,Cijk_Ailk_Bljk_BBS_BH_UserArgs_MT64x64x32_SN_K1_PGR6_SB1_TT2_2_WG16_16_3
124,7168,2304,64,0,torch.bfloat16,torch.bfloat16,0.0,1.0,hsaco,6,40.24,Cijk_Ailk_Bljk_BBS_BH_UserArgs_MT64x128x32_SN_K1_PGR6_SB1_TT2_2_WG16_16_3
124,512,7168,64,0,torch.bfloat16,torch.bfloat16,0.0,1.0,hsaco,3,41.28,Cijk_Ailk_Bljk_BBS_BH_UserArgs_MT16x32x32_SN_K1_PGR6_SB1_TT2_2_WG16_16_2
124,1536,7168,64,0,torch.bfloat16,torch.bfloat16,0.0,1.0,hsaco,4,74.4,Cijk_Ailk_Bljk_BBS_BH_UserArgs_MT64x32x32_SN_K1_PGR6_SB1_TT2_2_WG16_16_3
124,3072,7168,64,0,torch.bfloat16,torch.bfloat16,0.0,1.0,hsaco,5,83.68,Cijk_Ailk_Bljk_BBS_BH_UserArgs_MT64x64x32_SN_K1_PGR6_SB1_TT2_2_WG16_16_3
124,4096,7168,64,0,torch.bfloat16,torch.bfloat16,0.0,1.0,hsaco,5,84.64,Cijk_Ailk_Bljk_BBS_BH_UserArgs_MT64x64x32_SN_K1_PGR6_SB1_TT2_2_WG16_16_3
124,4608,7168,64,0,torch.bfloat16,torch.bfloat16,0.0,1.0,hsaco,5,85.92,Cijk_Ailk_Bljk_BBS_BH_UserArgs_MT64x64x32_SN_K1_PGR6_SB1_TT2_2_WG16_16_3
124,7168,7168,64,0,torch.bfloat16,torch.bfloat16,0.0,1.0,hsaco,6,105.44,Cijk_Ailk_Bljk_BBS_BH_UserArgs_MT64x128x32_SN_K1_PGR6_SB1_TT2_2_WG16_16_3
125,576,256,64,0,torch.bfloat16,torch.bfloat16,0.0,1.0,hsaco,3,6.16,Cijk_Ailk_Bljk_BBS_BH_UserArgs_MT16x32x32_SN_K1_PGR6_SB1_TT2_2_WG16_16_2
125,1536,256,64,0,torch.bfloat16,torch.bfloat16,0.0,1.0,hsaco,0,8.24,Cijk_Ailk_Bljk_BBS_BH_UserArgs_MT64x32x32_SN_K1_PGR6_SB1_TT2_2_WG16_16_2
125,3072,256,64,0,torch.bfloat16,torch.bfloat16,0.0,1.0,hsaco,1,9.52,Cijk_Ailk_Bljk_BBS_BH_UserArgs_MT64x64x32_SN_K1_PGR6_SB1_TT2_2_WG16_16_2
125,4096,256,64,0,torch.bfloat16,torch.bfloat16,0.0,1.0,hsaco,1,10.48,Cijk_Ailk_Bljk_BBS_BH_UserArgs_MT64x64x32_SN_K1_PGR6_SB1_TT2_2_WG16_16_2
125,4608,256,64,0,torch.bfloat16,torch.bfloat16,0.0,1.0,hsaco,1,9.52,Cijk_Ailk_Bljk_BBS_BH_UserArgs_MT64x64x32_SN_K1_PGR6_SB1_TT2_2_WG16_16_2
125,7168,256,64,0,torch.bfloat16,torch.bfloat16,0.0,1.0,hsaco,2,12.64,Cijk_Ailk_Bljk_BBS_BH_UserArgs_MT64x128x32_SN_K1_PGR6_SB1_TT2_8_WG16_16_2
125,576,512,64,0,torch.bfloat16,torch.bfloat16,0.0,1.0,hsaco,3,7.2,Cijk_Ailk_Bljk_BBS_BH_UserArgs_MT16x32x32_SN_K1_PGR6_SB1_TT2_2_WG16_16_2
125,1536,512,64,0,torch.bfloat16,torch.bfloat16,0.0,1.0,hsaco,4,10.88,Cijk_Ailk_Bljk_BBS_BH_UserArgs_MT64x32x32_SN_K1_PGR6_SB1_TT2_2_WG16_16_3
125,3072,512,64,0,torch.bfloat16,torch.bfloat16,0.0,1.0,hsaco,5,13.44,Cijk_Ailk_Bljk_BBS_BH_UserArgs_MT64x64x32_SN_K1_PGR6_SB1_TT2_2_WG16_16_3
125,4096,512,64,0,torch.bfloat16,torch.bfloat16,0.0,1.0,hsaco,5,12.8,Cijk_Ailk_Bljk_BBS_BH_UserArgs_MT64x64x32_SN_K1_PGR6_SB1_TT2_2_WG16_16_3
125,4608,512,64,0,torch.bfloat16,torch.bfloat16,0.0,1.0,hsaco,5,12.8,Cijk_Ailk_Bljk_BBS_BH_UserArgs_MT64x64x32_SN_K1_PGR6_SB1_TT2_2_WG16_16_3
125,7168,512,64,0,torch.bfloat16,torch.bfloat16,0.0,1.0,hsaco,6,16.4,Cijk_Ailk_Bljk_BBS_BH_UserArgs_MT64x128x32_SN_K1_PGR6_SB1_TT2_2_WG16_16_3
125,576,1536,64,0,torch.bfloat16,torch.bfloat16,0.0,1.0,hsaco,3,12.64,Cijk_Ailk_Bljk_BBS_BH_UserArgs_MT16x32x32_SN_K1_PGR6_SB1_TT2_2_WG16_16_2
125,1536,1536,64,0,torch.bfloat16,torch.bfloat16,0.0,1.0,hsaco,4,20.48,Cijk_Ailk_Bljk_BBS_BH_UserArgs_MT64x32x32_SN_K1_PGR6_SB1_TT2_2_WG16_16_3
125,3072,1536,64,0,torch.bfloat16,torch.bfloat16,0.0,1.0,hsaco,5,24.4,Cijk_Ailk_Bljk_BBS_BH_UserArgs_MT64x64x32_SN_K1_PGR6_SB1_TT2_2_WG16_16_3
125,4096,1536,64,0,torch.bfloat16,torch.bfloat16,0.0,1.0,hsaco,5,24.24,Cijk_Ailk_Bljk_BBS_BH_UserArgs_MT64x64x32_SN_K1_PGR6_SB1_TT2_2_WG16_16_3
125,4608,1536,64,0,torch.bfloat16,torch.bfloat16,0.0,1.0,hsaco,5,24.4,Cijk_Ailk_Bljk_BBS_BH_UserArgs_MT64x64x32_SN_K1_PGR6_SB1_TT2_2_WG16_16_3
125,7168,1536,64,0,torch.bfloat16,torch.bfloat16,0.0,1.0,hsaco,6,29.92,Cijk_Ailk_Bljk_BBS_BH_UserArgs_MT64x128x32_SN_K1_PGR6_SB1_TT2_2_WG16_16_3
125,512,2048,64,0,torch.bfloat16,torch.bfloat16,0.0,1.0,hsaco,3,14.8,Cijk_Ailk_Bljk_BBS_BH_UserArgs_MT16x32x32_SN_K1_PGR6_SB1_TT2_2_WG16_16_2
125,1536,2048,64,0,torch.bfloat16,torch.bfloat16,0.0,1.0,hsaco,4,25.44,Cijk_Ailk_Bljk_BBS_BH_UserArgs_MT64x32x32_SN_K1_PGR6_SB1_TT2_2_WG16_16_3
125,3072,2048,64,0,torch.bfloat16,torch.bfloat16,0.0,1.0,hsaco,5,28.88,Cijk_Ailk_Bljk_BBS_BH_UserArgs_MT64x64x32_SN_K1_PGR6_SB1_TT2_2_WG16_16_3
125,4096,2048,64,0,torch.bfloat16,torch.bfloat16,0.0,1.0,hsaco,5,29.6,Cijk_Ailk_Bljk_BBS_BH_UserArgs_MT64x64x32_SN_K1_PGR6_SB1_TT2_2_WG16_16_3
125,4608,2048,64,0,torch.bfloat16,torch.bfloat16,0.0,1.0,hsaco,5,29.44,Cijk_Ailk_Bljk_BBS_BH_UserArgs_MT64x64x32_SN_K1_PGR6_SB1_TT2_2_WG16_16_3
125,7168,2048,64,0,torch.bfloat16,torch.bfloat16,0.0,1.0,hsaco,6,36.16,Cijk_Ailk_Bljk_BBS_BH_UserArgs_MT64x128x32_SN_K1_PGR6_SB1_TT2_2_WG16_16_3
125,512,2304,64,0,torch.bfloat16,torch.bfloat16,0.0,1.0,hsaco,3,16.4,Cijk_Ailk_Bljk_BBS_BH_UserArgs_MT16x32x32_SN_K1_PGR6_SB1_TT2_2_WG16_16_2
125,1536,2304,64,0,torch.bfloat16,torch.bfloat16,0.0,1.0,hsaco,4,28.0,Cijk_Ailk_Bljk_BBS_BH_UserArgs_MT64x32x32_SN_K1_PGR6_SB1_TT2_2_WG16_16_3
125,3072,2304,64,0,torch.bfloat16,torch.bfloat16,0.0,1.0,hsaco,5,33.2,Cijk_Ailk_Bljk_BBS_BH_UserArgs_MT64x64x32_SN_K1_PGR6_SB1_TT2_2_WG16_16_3
125,4096,2304,64,0,torch.bfloat16,torch.bfloat16,0.0,1.0,hsaco,5,32.64,Cijk_Ailk_Bljk_BBS_BH_UserArgs_MT64x64x32_SN_K1_PGR6_SB1_TT2_2_WG16_16_3
125,4608,2304,64,0,torch.bfloat16,torch.bfloat16,0.0,1.0,hsaco,5,32.96,Cijk_Ailk_Bljk_BBS_BH_UserArgs_MT64x64x32_SN_K1_PGR6_SB1_TT2_2_WG16_16_3
125,7168,2304,64,0,torch.bfloat16,torch.bfloat16,0.0,1.0,hsaco,6,40.4,Cijk_Ailk_Bljk_BBS_BH_UserArgs_MT64x128x32_SN_K1_PGR6_SB1_TT2_2_WG16_16_3
125,512,7168,64,0,torch.bfloat16,torch.bfloat16,0.0,1.0,hsaco,3,41.28,Cijk_Ailk_Bljk_BBS_BH_UserArgs_MT16x32x32_SN_K1_PGR6_SB1_TT2_2_WG16_16_2
125,1536,7168,64,0,torch.bfloat16,torch.bfloat16,0.0,1.0,hsaco,4,74.24,Cijk_Ailk_Bljk_BBS_BH_UserArgs_MT64x32x32_SN_K1_PGR6_SB1_TT2_2_WG16_16_3
125,3072,7168,64,0,torch.bfloat16,torch.bfloat16,0.0,1.0,hsaco,5,83.6,Cijk_Ailk_Bljk_BBS_BH_UserArgs_MT64x64x32_SN_K1_PGR6_SB1_TT2_2_WG16_16_3
125,4096,7168,64,0,torch.bfloat16,torch.bfloat16,0.0,1.0,hsaco,5,85.36,Cijk_Ailk_Bljk_BBS_BH_UserArgs_MT64x64x32_SN_K1_PGR6_SB1_TT2_2_WG16_16_3
125,4608,7168,64,0,torch.bfloat16,torch.bfloat16,0.0,1.0,hsaco,5,88.56,Cijk_Ailk_Bljk_BBS_BH_UserArgs_MT64x64x32_SN_K1_PGR6_SB1_TT2_2_WG16_16_3
125,7168,7168,64,0,torch.bfloat16,torch.bfloat16,0.0,1.0,hsaco,6,105.84,Cijk_Ailk_Bljk_BBS_BH_UserArgs_MT64x128x32_SN_K1_PGR6_SB1_TT2_2_WG16_16_3
126,576,256,64,0,torch.bfloat16,torch.bfloat16,0.0,1.0,hsaco,3,6.32,Cijk_Ailk_Bljk_BBS_BH_UserArgs_MT16x32x32_SN_K1_PGR6_SB1_TT2_2_WG16_16_2
126,1536,256,64,0,torch.bfloat16,torch.bfloat16,0.0,1.0,hsaco,0,8.24,Cijk_Ailk_Bljk_BBS_BH_UserArgs_MT64x32x32_SN_K1_PGR6_SB1_TT2_2_WG16_16_2
126,3072,256,64,0,torch.bfloat16,torch.bfloat16,0.0,1.0,hsaco,1,10.32,Cijk_Ailk_Bljk_BBS_BH_UserArgs_MT64x64x32_SN_K1_PGR6_SB1_TT2_2_WG16_16_2
126,4096,256,64,0,torch.bfloat16,torch.bfloat16,0.0,1.0,hsaco,1,10.48,Cijk_Ailk_Bljk_BBS_BH_UserArgs_MT64x64x32_SN_K1_PGR6_SB1_TT2_2_WG16_16_2
126,4608,256,64,0,torch.bfloat16,torch.bfloat16,0.0,1.0,hsaco,1,9.52,Cijk_Ailk_Bljk_BBS_BH_UserArgs_MT64x64x32_SN_K1_PGR6_SB1_TT2_2_WG16_16_2
126,7168,256,64,0,torch.bfloat16,torch.bfloat16,0.0,1.0,hsaco,2,12.56,Cijk_Ailk_Bljk_BBS_BH_UserArgs_MT64x128x32_SN_K1_PGR6_SB1_TT2_8_WG16_16_2
126,576,512,64,0,torch.bfloat16,torch.bfloat16,0.0,1.0,hsaco,3,7.2,Cijk_Ailk_Bljk_BBS_BH_UserArgs_MT16x32x32_SN_K1_PGR6_SB1_TT2_2_WG16_16_2
126,1536,512,64,0,torch.bfloat16,torch.bfloat16,0.0,1.0,hsaco,4,10.8,Cijk_Ailk_Bljk_BBS_BH_UserArgs_MT64x32x32_SN_K1_PGR6_SB1_TT2_2_WG16_16_3
126,3072,512,64,0,torch.bfloat16,torch.bfloat16,0.0,1.0,hsaco,5,13.52,Cijk_Ailk_Bljk_BBS_BH_UserArgs_MT64x64x32_SN_K1_PGR6_SB1_TT2_2_WG16_16_3
126,4096,512,64,0,torch.bfloat16,torch.bfloat16,0.0,1.0,hsaco,5,12.72,Cijk_Ailk_Bljk_BBS_BH_UserArgs_MT64x64x32_SN_K1_PGR6_SB1_TT2_2_WG16_16_3
126,4608,512,64,0,torch.bfloat16,torch.bfloat16,0.0,1.0,hsaco,5,12.88,Cijk_Ailk_Bljk_BBS_BH_UserArgs_MT64x64x32_SN_K1_PGR6_SB1_TT2_2_WG16_16_3
126,7168,512,64,0,torch.bfloat16,torch.bfloat16,0.0,1.0,hsaco,6,16.24,Cijk_Ailk_Bljk_BBS_BH_UserArgs_MT64x128x32_SN_K1_PGR6_SB1_TT2_2_WG16_16_3
126,576,1536,64,0,torch.bfloat16,torch.bfloat16,0.0,1.0,hsaco,3,12.48,Cijk_Ailk_Bljk_BBS_BH_UserArgs_MT16x32x32_SN_K1_PGR6_SB1_TT2_2_WG16_16_2
126,1536,1536,64,0,torch.bfloat16,torch.bfloat16,0.0,1.0,hsaco,4,20.4,Cijk_Ailk_Bljk_BBS_BH_UserArgs_MT64x32x32_SN_K1_PGR6_SB1_TT2_2_WG16_16_3
126,3072,1536,64,0,torch.bfloat16,torch.bfloat16,0.0,1.0,hsaco,5,24.32,Cijk_Ailk_Bljk_BBS_BH_UserArgs_MT64x64x32_SN_K1_PGR6_SB1_TT2_2_WG16_16_3
126,4096,1536,64,0,torch.bfloat16,torch.bfloat16,0.0,1.0,hsaco,5,24.24,Cijk_Ailk_Bljk_BBS_BH_UserArgs_MT64x64x32_SN_K1_PGR6_SB1_TT2_2_WG16_16_3
126,4608,1536,64,0,torch.bfloat16,torch.bfloat16,0.0,1.0,hsaco,5,24.4,Cijk_Ailk_Bljk_BBS_BH_UserArgs_MT64x64x32_SN_K1_PGR6_SB1_TT2_2_WG16_16_3
126,7168,1536,64,0,torch.bfloat16,torch.bfloat16,0.0,1.0,hsaco,6,29.92,Cijk_Ailk_Bljk_BBS_BH_UserArgs_MT64x128x32_SN_K1_PGR6_SB1_TT2_2_WG16_16_3
126,512,2048,64,0,torch.bfloat16,torch.bfloat16,0.0,1.0,hsaco,3,14.8,Cijk_Ailk_Bljk_BBS_BH_UserArgs_MT16x32x32_SN_K1_PGR6_SB1_TT2_2_WG16_16_2
126,1536,2048,64,0,torch.bfloat16,torch.bfloat16,0.0,1.0,hsaco,4,25.36,Cijk_Ailk_Bljk_BBS_BH_UserArgs_MT64x32x32_SN_K1_PGR6_SB1_TT2_2_WG16_16_3
126,3072,2048,64,0,torch.bfloat16,torch.bfloat16,0.0,1.0,hsaco,5,29.04,Cijk_Ailk_Bljk_BBS_BH_UserArgs_MT64x64x32_SN_K1_PGR6_SB1_TT2_2_WG16_16_3
126,4096,2048,64,0,torch.bfloat16,torch.bfloat16,0.0,1.0,hsaco,5,29.52,Cijk_Ailk_Bljk_BBS_BH_UserArgs_MT64x64x32_SN_K1_PGR6_SB1_TT2_2_WG16_16_3
126,4608,2048,64,0,torch.bfloat16,torch.bfloat16,0.0,1.0,hsaco,5,29.68,Cijk_Ailk_Bljk_BBS_BH_UserArgs_MT64x64x32_SN_K1_PGR6_SB1_TT2_2_WG16_16_3
126,7168,2048,64,0,torch.bfloat16,torch.bfloat16,0.0,1.0,hsaco,6,36.16,Cijk_Ailk_Bljk_BBS_BH_UserArgs_MT64x128x32_SN_K1_PGR6_SB1_TT2_2_WG16_16_3
126,512,2304,64,0,torch.bfloat16,torch.bfloat16,0.0,1.0,hsaco,3,16.4,Cijk_Ailk_Bljk_BBS_BH_UserArgs_MT16x32x32_SN_K1_PGR6_SB1_TT2_2_WG16_16_2
126,1536,2304,64,0,torch.bfloat16,torch.bfloat16,0.0,1.0,hsaco,4,27.92,Cijk_Ailk_Bljk_BBS_BH_UserArgs_MT64x32x32_SN_K1_PGR6_SB1_TT2_2_WG16_16_3
126,3072,2304,64,0,torch.bfloat16,torch.bfloat16,0.0,1.0,hsaco,5,33.2,Cijk_Ailk_Bljk_BBS_BH_UserArgs_MT64x64x32_SN_K1_PGR6_SB1_TT2_2_WG16_16_3
126,4096,2304,64,0,torch.bfloat16,torch.bfloat16,0.0,1.0,hsaco,5,33.04,Cijk_Ailk_Bljk_BBS_BH_UserArgs_MT64x64x32_SN_K1_PGR6_SB1_TT2_2_WG16_16_3
126,4608,2304,64,0,torch.bfloat16,torch.bfloat16,0.0,1.0,hsaco,5,32.96,Cijk_Ailk_Bljk_BBS_BH_UserArgs_MT64x64x32_SN_K1_PGR6_SB1_TT2_2_WG16_16_3
126,7168,2304,64,0,torch.bfloat16,torch.bfloat16,0.0,1.0,hsaco,6,40.72,Cijk_Ailk_Bljk_BBS_BH_UserArgs_MT64x128x32_SN_K1_PGR6_SB1_TT2_2_WG16_16_3
126,512,7168,64,0,torch.bfloat16,torch.bfloat16,0.0,1.0,hsaco,3,41.92,Cijk_Ailk_Bljk_BBS_BH_UserArgs_MT16x32x32_SN_K1_PGR6_SB1_TT2_2_WG16_16_2
126,1536,7168,64,0,torch.bfloat16,torch.bfloat16,0.0,1.0,hsaco,4,74.24,Cijk_Ailk_Bljk_BBS_BH_UserArgs_MT64x32x32_SN_K1_PGR6_SB1_TT2_2_WG16_16_3
126,3072,7168,64,0,torch.bfloat16,torch.bfloat16,0.0,1.0,hsaco,5,83.36,Cijk_Ailk_Bljk_BBS_BH_UserArgs_MT64x64x32_SN_K1_PGR6_SB1_TT2_2_WG16_16_3
126,4096,7168,64,0,torch.bfloat16,torch.bfloat16,0.0,1.0,hsaco,5,85.04,Cijk_Ailk_Bljk_BBS_BH_UserArgs_MT64x64x32_SN_K1_PGR6_SB1_TT2_2_WG16_16_3
126,4608,7168,64,0,torch.bfloat16,torch.bfloat16,0.0,1.0,hsaco,5,85.68,Cijk_Ailk_Bljk_BBS_BH_UserArgs_MT64x64x32_SN_K1_PGR6_SB1_TT2_2_WG16_16_3
126,7168,7168,64,0,torch.bfloat16,torch.bfloat16,0.0,1.0,hsaco,6,105.76,Cijk_Ailk_Bljk_BBS_BH_UserArgs_MT64x128x32_SN_K1_PGR6_SB1_TT2_2_WG16_16_3
127,576,256,64,0,torch.bfloat16,torch.bfloat16,0.0,1.0,hsaco,3,6.24,Cijk_Ailk_Bljk_BBS_BH_UserArgs_MT16x32x32_SN_K1_PGR6_SB1_TT2_2_WG16_16_2
127,1536,256,64,0,torch.bfloat16,torch.bfloat16,0.0,1.0,hsaco,0,8.24,Cijk_Ailk_Bljk_BBS_BH_UserArgs_MT64x32x32_SN_K1_PGR6_SB1_TT2_2_WG16_16_2
127,3072,256,64,0,torch.bfloat16,torch.bfloat16,0.0,1.0,hsaco,1,10.4,Cijk_Ailk_Bljk_BBS_BH_UserArgs_MT64x64x32_SN_K1_PGR6_SB1_TT2_2_WG16_16_2
127,4096,256,64,0,torch.bfloat16,torch.bfloat16,0.0,1.0,hsaco,1,10.56,Cijk_Ailk_Bljk_BBS_BH_UserArgs_MT64x64x32_SN_K1_PGR6_SB1_TT2_2_WG16_16_2
127,4608,256,64,0,torch.bfloat16,torch.bfloat16,0.0,1.0,hsaco,1,9.68,Cijk_Ailk_Bljk_BBS_BH_UserArgs_MT64x64x32_SN_K1_PGR6_SB1_TT2_2_WG16_16_2
127,7168,256,64,0,torch.bfloat16,torch.bfloat16,0.0,1.0,hsaco,2,12.72,Cijk_Ailk_Bljk_BBS_BH_UserArgs_MT64x128x32_SN_K1_PGR6_SB1_TT2_8_WG16_16_2
127,576,512,64,0,torch.bfloat16,torch.bfloat16,0.0,1.0,hsaco,3,7.12,Cijk_Ailk_Bljk_BBS_BH_UserArgs_MT16x32x32_SN_K1_PGR6_SB1_TT2_2_WG16_16_2
127,1536,512,64,0,torch.bfloat16,torch.bfloat16,0.0,1.0,hsaco,4,10.8,Cijk_Ailk_Bljk_BBS_BH_UserArgs_MT64x32x32_SN_K1_PGR6_SB1_TT2_2_WG16_16_3
127,3072,512,64,0,torch.bfloat16,torch.bfloat16,0.0,1.0,hsaco,5,13.52,Cijk_Ailk_Bljk_BBS_BH_UserArgs_MT64x64x32_SN_K1_PGR6_SB1_TT2_2_WG16_16_3
127,4096,512,64,0,torch.bfloat16,torch.bfloat16,0.0,1.0,hsaco,5,12.88,Cijk_Ailk_Bljk_BBS_BH_UserArgs_MT64x64x32_SN_K1_PGR6_SB1_TT2_2_WG16_16_3
127,4608,512,64,0,torch.bfloat16,torch.bfloat16,0.0,1.0,hsaco,5,12.96,Cijk_Ailk_Bljk_BBS_BH_UserArgs_MT64x64x32_SN_K1_PGR6_SB1_TT2_2_WG16_16_3
127,7168,512,64,0,torch.bfloat16,torch.bfloat16,0.0,1.0,hsaco,6,16.4,Cijk_Ailk_Bljk_BBS_BH_UserArgs_MT64x128x32_SN_K1_PGR6_SB1_TT2_2_WG16_16_3
127,576,1536,64,0,torch.bfloat16,torch.bfloat16,0.0,1.0,hsaco,3,12.64,Cijk_Ailk_Bljk_BBS_BH_UserArgs_MT16x32x32_SN_K1_PGR6_SB1_TT2_2_WG16_16_2
127,1536,1536,64,0,torch.bfloat16,torch.bfloat16,0.0,1.0,hsaco,4,20.64,Cijk_Ailk_Bljk_BBS_BH_UserArgs_MT64x32x32_SN_K1_PGR6_SB1_TT2_2_WG16_16_3
127,3072,1536,64,0,torch.bfloat16,torch.bfloat16,0.0,1.0,hsaco,5,24.32,Cijk_Ailk_Bljk_BBS_BH_UserArgs_MT64x64x32_SN_K1_PGR6_SB1_TT2_2_WG16_16_3
127,4096,1536,64,0,torch.bfloat16,torch.bfloat16,0.0,1.0,hsaco,5,24.16,Cijk_Ailk_Bljk_BBS_BH_UserArgs_MT64x64x32_SN_K1_PGR6_SB1_TT2_2_WG16_16_3
127,4608,1536,64,0,torch.bfloat16,torch.bfloat16,0.0,1.0,hsaco,5,24.4,Cijk_Ailk_Bljk_BBS_BH_UserArgs_MT64x64x32_SN_K1_PGR6_SB1_TT2_2_WG16_16_3
127,7168,1536,64,0,torch.bfloat16,torch.bfloat16,0.0,1.0,hsaco,6,29.84,Cijk_Ailk_Bljk_BBS_BH_UserArgs_MT64x128x32_SN_K1_PGR6_SB1_TT2_2_WG16_16_3
127,512,2048,64,0,torch.bfloat16,torch.bfloat16,0.0,1.0,hsaco,3,14.72,Cijk_Ailk_Bljk_BBS_BH_UserArgs_MT16x32x32_SN_K1_PGR6_SB1_TT2_2_WG16_16_2
127,1536,2048,64,0,torch.bfloat16,torch.bfloat16,0.0,1.0,hsaco,4,25.28,Cijk_Ailk_Bljk_BBS_BH_UserArgs_MT64x32x32_SN_K1_PGR6_SB1_TT2_2_WG16_16_3
127,3072,2048,64,0,torch.bfloat16,torch.bfloat16,0.0,1.0,hsaco,5,29.2,Cijk_Ailk_Bljk_BBS_BH_UserArgs_MT64x64x32_SN_K1_PGR6_SB1_TT2_2_WG16_16_3
127,4096,2048,64,0,torch.bfloat16,torch.bfloat16,0.0,1.0,hsaco,5,29.52,Cijk_Ailk_Bljk_BBS_BH_UserArgs_MT64x64x32_SN_K1_PGR6_SB1_TT2_2_WG16_16_3
127,4608,2048,64,0,torch.bfloat16,torch.bfloat16,0.0,1.0,hsaco,5,29.52,Cijk_Ailk_Bljk_BBS_BH_UserArgs_MT64x64x32_SN_K1_PGR6_SB1_TT2_2_WG16_16_3
127,7168,2048,64,0,torch.bfloat16,torch.bfloat16,0.0,1.0,hsaco,6,35.92,Cijk_Ailk_Bljk_BBS_BH_UserArgs_MT64x128x32_SN_K1_PGR6_SB1_TT2_2_WG16_16_3
127,512,2304,64,0,torch.bfloat16,torch.bfloat16,0.0,1.0,hsaco,3,16.48,Cijk_Ailk_Bljk_BBS_BH_UserArgs_MT16x32x32_SN_K1_PGR6_SB1_TT2_2_WG16_16_2
127,1536,2304,64,0,torch.bfloat16,torch.bfloat16,0.0,1.0,hsaco,4,28.0,Cijk_Ailk_Bljk_BBS_BH_UserArgs_MT64x32x32_SN_K1_PGR6_SB1_TT2_2_WG16_16_3
127,3072,2304,64,0,torch.bfloat16,torch.bfloat16,0.0,1.0,hsaco,5,33.04,Cijk_Ailk_Bljk_BBS_BH_UserArgs_MT64x64x32_SN_K1_PGR6_SB1_TT2_2_WG16_16_3
127,4096,2304,64,0,torch.bfloat16,torch.bfloat16,0.0,1.0,hsaco,5,33.12,Cijk_Ailk_Bljk_BBS_BH_UserArgs_MT64x64x32_SN_K1_PGR6_SB1_TT2_2_WG16_16_3
127,4608,2304,64,0,torch.bfloat16,torch.bfloat16,0.0,1.0,hsaco,5,32.88,Cijk_Ailk_Bljk_BBS_BH_UserArgs_MT64x64x32_SN_K1_PGR6_SB1_TT2_2_WG16_16_3
127,7168,2304,64,0,torch.bfloat16,torch.bfloat16,0.0,1.0,hsaco,6,40.48,Cijk_Ailk_Bljk_BBS_BH_UserArgs_MT64x128x32_SN_K1_PGR6_SB1_TT2_2_WG16_16_3
127,512,7168,64,0,torch.bfloat16,torch.bfloat16,0.0,1.0,hsaco,3,41.92,Cijk_Ailk_Bljk_BBS_BH_UserArgs_MT16x32x32_SN_K1_PGR6_SB1_TT2_2_WG16_16_2
127,1536,7168,64,0,torch.bfloat16,torch.bfloat16,0.0,1.0,hsaco,4,74.24,Cijk_Ailk_Bljk_BBS_BH_UserArgs_MT64x32x32_SN_K1_PGR6_SB1_TT2_2_WG16_16_3
127,3072,7168,64,0,torch.bfloat16,torch.bfloat16,0.0,1.0,hsaco,5,83.52,Cijk_Ailk_Bljk_BBS_BH_UserArgs_MT64x64x32_SN_K1_PGR6_SB1_TT2_2_WG16_16_3
127,4096,7168,64,0,torch.bfloat16,torch.bfloat16,0.0,1.0,hsaco,5,86.16,Cijk_Ailk_Bljk_BBS_BH_UserArgs_MT64x64x32_SN_K1_PGR6_SB1_TT2_2_WG16_16_3
127,4608,7168,64,0,torch.bfloat16,torch.bfloat16,0.0,1.0,hsaco,5,85.84,Cijk_Ailk_Bljk_BBS_BH_UserArgs_MT64x64x32_SN_K1_PGR6_SB1_TT2_2_WG16_16_3
127,7168,7168,64,0,torch.bfloat16,torch.bfloat16,0.0,1.0,hsaco,6,104.8,Cijk_Ailk_Bljk_BBS_BH_UserArgs_MT64x128x32_SN_K1_PGR6_SB1_TT2_2_WG16_16_3
128,576,256,64,0,torch.bfloat16,torch.bfloat16,0.0,1.0,hsaco,3,6.24,Cijk_Ailk_Bljk_BBS_BH_UserArgs_MT16x32x32_SN_K1_PGR6_SB1_TT2_2_WG16_16_2
128,1536,256,64,0,torch.bfloat16,torch.bfloat16,0.0,1.0,hsaco,0,8.24,Cijk_Ailk_Bljk_BBS_BH_UserArgs_MT64x32x32_SN_K1_PGR6_SB1_TT2_2_WG16_16_2
128,3072,256,64,0,torch.bfloat16,torch.bfloat16,0.0,1.0,hsaco,1,10.24,Cijk_Ailk_Bljk_BBS_BH_UserArgs_MT64x64x32_SN_K1_PGR6_SB1_TT2_2_WG16_16_2
128,4096,256,64,0,torch.bfloat16,torch.bfloat16,0.0,1.0,hsaco,1,9.52,Cijk_Ailk_Bljk_BBS_BH_UserArgs_MT64x64x32_SN_K1_PGR6_SB1_TT2_2_WG16_16_2
128,4608,256,64,0,torch.bfloat16,torch.bfloat16,0.0,1.0,hsaco,1,9.6,Cijk_Ailk_Bljk_BBS_BH_UserArgs_MT64x64x32_SN_K1_PGR6_SB1_TT2_2_WG16_16_2
128,7168,256,64,0,torch.bfloat16,torch.bfloat16,0.0,1.0,hsaco,2,12.72,Cijk_Ailk_Bljk_BBS_BH_UserArgs_MT64x128x32_SN_K1_PGR6_SB1_TT2_8_WG16_16_2
128,576,512,64,0,torch.bfloat16,torch.bfloat16,0.0,1.0,hsaco,3,7.2,Cijk_Ailk_Bljk_BBS_BH_UserArgs_MT16x32x32_SN_K1_PGR6_SB1_TT2_2_WG16_16_2
128,1536,512,64,0,torch.bfloat16,torch.bfloat16,0.0,1.0,hsaco,4,10.72,Cijk_Ailk_Bljk_BBS_BH_UserArgs_MT64x32x32_SN_K1_PGR6_SB1_TT2_2_WG16_16_3
128,3072,512,64,0,torch.bfloat16,torch.bfloat16,0.0,1.0,hsaco,5,13.52,Cijk_Ailk_Bljk_BBS_BH_UserArgs_MT64x64x32_SN_K1_PGR6_SB1_TT2_2_WG16_16_3
128,4096,512,64,0,torch.bfloat16,torch.bfloat16,0.0,1.0,hsaco,5,12.72,Cijk_Ailk_Bljk_BBS_BH_UserArgs_MT64x64x32_SN_K1_PGR6_SB1_TT2_2_WG16_16_3
128,4608,512,64,0,torch.bfloat16,torch.bfloat16,0.0,1.0,hsaco,5,12.96,Cijk_Ailk_Bljk_BBS_BH_UserArgs_MT64x64x32_SN_K1_PGR6_SB1_TT2_2_WG16_16_3
128,7168,512,64,0,torch.bfloat16,torch.bfloat16,0.0,1.0,hsaco,6,16.32,Cijk_Ailk_Bljk_BBS_BH_UserArgs_MT64x128x32_SN_K1_PGR6_SB1_TT2_2_WG16_16_3
128,576,1536,64,0,torch.bfloat16,torch.bfloat16,0.0,1.0,hsaco,3,12.64,Cijk_Ailk_Bljk_BBS_BH_UserArgs_MT16x32x32_SN_K1_PGR6_SB1_TT2_2_WG16_16_2
128,1536,1536,64,0,torch.bfloat16,torch.bfloat16,0.0,1.0,hsaco,4,20.56,Cijk_Ailk_Bljk_BBS_BH_UserArgs_MT64x32x32_SN_K1_PGR6_SB1_TT2_2_WG16_16_3
128,3072,1536,64,0,torch.bfloat16,torch.bfloat16,0.0,1.0,hsaco,5,23.92,Cijk_Ailk_Bljk_BBS_BH_UserArgs_MT64x64x32_SN_K1_PGR6_SB1_TT2_2_WG16_16_3
128,4096,1536,64,0,torch.bfloat16,torch.bfloat16,0.0,1.0,hsaco,5,24.24,Cijk_Ailk_Bljk_BBS_BH_UserArgs_MT64x64x32_SN_K1_PGR6_SB1_TT2_2_WG16_16_3
128,4608,1536,64,0,torch.bfloat16,torch.bfloat16,0.0,1.0,hsaco,5,24.4,Cijk_Ailk_Bljk_BBS_BH_UserArgs_MT64x64x32_SN_K1_PGR6_SB1_TT2_2_WG16_16_3
128,7168,1536,64,0,torch.bfloat16,torch.bfloat16,0.0,1.0,hsaco,6,30.32,Cijk_Ailk_Bljk_BBS_BH_UserArgs_MT64x128x32_SN_K1_PGR6_SB1_TT2_2_WG16_16_3
128,512,2048,64,0,torch.bfloat16,torch.bfloat16,0.0,1.0,hsaco,3,14.96,Cijk_Ailk_Bljk_BBS_BH_UserArgs_MT16x32x32_SN_K1_PGR6_SB1_TT2_2_WG16_16_2
128,1536,2048,64,0,torch.bfloat16,torch.bfloat16,0.0,1.0,hsaco,4,25.36,Cijk_Ailk_Bljk_BBS_BH_UserArgs_MT64x32x32_SN_K1_PGR6_SB1_TT2_2_WG16_16_3
128,3072,2048,64,0,torch.bfloat16,torch.bfloat16,0.0,1.0,hsaco,5,29.2,Cijk_Ailk_Bljk_BBS_BH_UserArgs_MT64x64x32_SN_K1_PGR6_SB1_TT2_2_WG16_16_3
128,4096,2048,64,0,torch.bfloat16,torch.bfloat16,0.0,1.0,hsaco,5,29.76,Cijk_Ailk_Bljk_BBS_BH_UserArgs_MT64x64x32_SN_K1_PGR6_SB1_TT2_2_WG16_16_3
128,4608,2048,64,0,torch.bfloat16,torch.bfloat16,0.0,1.0,hsaco,5,29.36,Cijk_Ailk_Bljk_BBS_BH_UserArgs_MT64x64x32_SN_K1_PGR6_SB1_TT2_2_WG16_16_3
128,7168,2048,64,0,torch.bfloat16,torch.bfloat16,0.0,1.0,hsaco,6,36.4,Cijk_Ailk_Bljk_BBS_BH_UserArgs_MT64x128x32_SN_K1_PGR6_SB1_TT2_2_WG16_16_3
128,512,2304,64,0,torch.bfloat16,torch.bfloat16,0.0,1.0,hsaco,3,16.56,Cijk_Ailk_Bljk_BBS_BH_UserArgs_MT16x32x32_SN_K1_PGR6_SB1_TT2_2_WG16_16_2
128,1536,2304,64,0,torch.bfloat16,torch.bfloat16,0.0,1.0,hsaco,4,28.8,Cijk_Ailk_Bljk_BBS_BH_UserArgs_MT64x32x32_SN_K1_PGR6_SB1_TT2_2_WG16_16_3
128,3072,2304,64,0,torch.bfloat16,torch.bfloat16,0.0,1.0,hsaco,5,33.12,Cijk_Ailk_Bljk_BBS_BH_UserArgs_MT64x64x32_SN_K1_PGR6_SB1_TT2_2_WG16_16_3
128,4096,2304,64,0,torch.bfloat16,torch.bfloat16,0.0,1.0,hsaco,5,32.48,Cijk_Ailk_Bljk_BBS_BH_UserArgs_MT64x64x32_SN_K1_PGR6_SB1_TT2_2_WG16_16_3
128,4608,2304,64,0,torch.bfloat16,torch.bfloat16,0.0,1.0,hsaco,5,33.2,Cijk_Ailk_Bljk_BBS_BH_UserArgs_MT64x64x32_SN_K1_PGR6_SB1_TT2_2_WG16_16_3
128,7168,2304,64,0,torch.bfloat16,torch.bfloat16,0.0,1.0,hsaco,6,40.72,Cijk_Ailk_Bljk_BBS_BH_UserArgs_MT64x128x32_SN_K1_PGR6_SB1_TT2_2_WG16_16_3
128,512,7168,64,0,torch.bfloat16,torch.bfloat16,0.0,1.0,hsaco,3,41.12,Cijk_Ailk_Bljk_BBS_BH_UserArgs_MT16x32x32_SN_K1_PGR6_SB1_TT2_2_WG16_16_2
128,1536,7168,64,0,torch.bfloat16,torch.bfloat16,0.0,1.0,hsaco,4,74.0,Cijk_Ailk_Bljk_BBS_BH_UserArgs_MT64x32x32_SN_K1_PGR6_SB1_TT2_2_WG16_16_3
128,3072,7168,64,0,torch.bfloat16,torch.bfloat16,0.0,1.0,hsaco,5,83.68,Cijk_Ailk_Bljk_BBS_BH_UserArgs_MT64x64x32_SN_K1_PGR6_SB1_TT2_2_WG16_16_3
128,4096,7168,64,0,torch.bfloat16,torch.bfloat16,0.0,1.0,hsaco,5,85.04,Cijk_Ailk_Bljk_BBS_BH_UserArgs_MT64x64x32_SN_K1_PGR6_SB1_TT2_2_WG16_16_3
128,4608,7168,64,0,torch.bfloat16,torch.bfloat16,0.0,1.0,hsaco,5,86.24,Cijk_Ailk_Bljk_BBS_BH_UserArgs_MT64x64x32_SN_K1_PGR6_SB1_TT2_2_WG16_16_3
128,7168,7168,64,0,torch.bfloat16,torch.bfloat16,0.0,1.0,hsaco,6,106.64,Cijk_Ailk_Bljk_BBS_BH_UserArgs_MT64x128x32_SN_K1_PGR6_SB1_TT2_2_WG16_16_3
