M,N,K,G,bias,dtype,outdtype,scaleAB,awqgemm
1,576,256,64,0,f16,f16,0,1
1,1536,256,64,0,f16,f16,0,1
1,3072,256,64,0,f16,f16,0,1
1,4096,256,64,0,f16,f16,0,1
1,4608,256,64,0,f16,f16,0,1
1,7168,256,64,0,f16,f16,0,1
1,576,512,64,0,f16,f16,0,1
1,1536,512,64,0,f16,f16,0,1
1,3072,512,64,0,f16,f16,0,1
1,4096,512,64,0,f16,f16,0,1
1,4608,512,64,0,f16,f16,0,1
1,7168,512,64,0,f16,f16,0,1
1,576,1536,64,0,f16,f16,0,1
1,1536,1536,64,0,f16,f16,0,1
1,3072,1536,64,0,f16,f16,0,1
1,4096,1536,64,0,f16,f16,0,1
1,4608,1536,64,0,f16,f16,0,1
1,7168,1536,64,0,f16,f16,0,1
1,512,2048,64,0,f16,f16,0,1
1,1536,2048,64,0,f16,f16,0,1
1,3072,2048,64,0,f16,f16,0,1
1,4096,2048,64,0,f16,f16,0,1
1,4608,2048,64,0,f16,f16,0,1
1,7168,2048,64,0,f16,f16,0,1
1,512,2304,64,0,f16,f16,0,1
1,1536,2304,64,0,f16,f16,0,1
1,3072,2304,64,0,f16,f16,0,1
1,4096,2304,64,0,f16,f16,0,1
1,4608,2304,64,0,f16,f16,0,1
1,7168,2304,64,0,f16,f16,0,1
1,512,7168,64,0,f16,f16,0,1
1,1536,7168,64,0,f16,f16,0,1
1,3072,7168,64,0,f16,f16,0,1
1,4096,7168,64,0,f16,f16,0,1
1,4608,7168,64,0,f16,f16,0,1
1,7168,7168,64,0,f16,f16,0,1
2,576,256,64,0,f16,f16,0,1
2,1536,256,64,0,f16,f16,0,1
2,3072,256,64,0,f16,f16,0,1
2,4096,256,64,0,f16,f16,0,1
2,4608,256,64,0,f16,f16,0,1
2,7168,256,64,0,f16,f16,0,1
2,576,512,64,0,f16,f16,0,1
2,1536,512,64,0,f16,f16,0,1
2,3072,512,64,0,f16,f16,0,1
2,4096,512,64,0,f16,f16,0,1
2,4608,512,64,0,f16,f16,0,1
2,7168,512,64,0,f16,f16,0,1
2,576,1536,64,0,f16,f16,0,1
2,1536,1536,64,0,f16,f16,0,1
2,3072,1536,64,0,f16,f16,0,1
2,4096,1536,64,0,f16,f16,0,1
2,4608,1536,64,0,f16,f16,0,1
2,7168,1536,64,0,f16,f16,0,1
2,512,2048,64,0,f16,f16,0,1
2,1536,2048,64,0,f16,f16,0,1
2,3072,2048,64,0,f16,f16,0,1
2,4096,2048,64,0,f16,f16,0,1
2,4608,2048,64,0,f16,f16,0,1
2,7168,2048,64,0,f16,f16,0,1
2,512,2304,64,0,f16,f16,0,1
2,1536,2304,64,0,f16,f16,0,1
2,3072,2304,64,0,f16,f16,0,1
2,4096,2304,64,0,f16,f16,0,1
2,4608,2304,64,0,f16,f16,0,1
2,7168,2304,64,0,f16,f16,0,1
2,512,7168,64,0,f16,f16,0,1
2,1536,7168,64,0,f16,f16,0,1
2,3072,7168,64,0,f16,f16,0,1
2,4096,7168,64,0,f16,f16,0,1
2,4608,7168,64,0,f16,f16,0,1
2,7168,7168,64,0,f16,f16,0,1
3,576,256,64,0,f16,f16,0,1
3,1536,256,64,0,f16,f16,0,1
3,3072,256,64,0,f16,f16,0,1
3,4096,256,64,0,f16,f16,0,1
3,4608,256,64,0,f16,f16,0,1
3,7168,256,64,0,f16,f16,0,1
3,576,512,64,0,f16,f16,0,1
3,1536,512,64,0,f16,f16,0,1
3,3072,512,64,0,f16,f16,0,1
3,4096,512,64,0,f16,f16,0,1
3,4608,512,64,0,f16,f16,0,1
3,7168,512,64,0,f16,f16,0,1
3,576,1536,64,0,f16,f16,0,1
3,1536,1536,64,0,f16,f16,0,1
3,3072,1536,64,0,f16,f16,0,1
3,4096,1536,64,0,f16,f16,0,1
3,4608,1536,64,0,f16,f16,0,1
3,7168,1536,64,0,f16,f16,0,1
3,512,2048,64,0,f16,f16,0,1
3,1536,2048,64,0,f16,f16,0,1
3,3072,2048,64,0,f16,f16,0,1
3,4096,2048,64,0,f16,f16,0,1
3,4608,2048,64,0,f16,f16,0,1
3,7168,2048,64,0,f16,f16,0,1
3,512,2304,64,0,f16,f16,0,1
3,1536,2304,64,0,f16,f16,0,1
3,3072,2304,64,0,f16,f16,0,1
3,4096,2304,64,0,f16,f16,0,1
3,4608,2304,64,0,f16,f16,0,1
3,7168,2304,64,0,f16,f16,0,1
3,512,7168,64,0,f16,f16,0,1
3,1536,7168,64,0,f16,f16,0,1
3,3072,7168,64,0,f16,f16,0,1
3,4096,7168,64,0,f16,f16,0,1
3,4608,7168,64,0,f16,f16,0,1
3,7168,7168,64,0,f16,f16,0,1
4,576,256,64,0,f16,f16,0,1
4,1536,256,64,0,f16,f16,0,1
4,3072,256,64,0,f16,f16,0,1
4,4096,256,64,0,f16,f16,0,1
4,4608,256,64,0,f16,f16,0,1
4,7168,256,64,0,f16,f16,0,1
4,576,512,64,0,f16,f16,0,1
4,1536,512,64,0,f16,f16,0,1
4,3072,512,64,0,f16,f16,0,1
4,4096,512,64,0,f16,f16,0,1
4,4608,512,64,0,f16,f16,0,1
4,7168,512,64,0,f16,f16,0,1
4,576,1536,64,0,f16,f16,0,1
4,1536,1536,64,0,f16,f16,0,1
4,3072,1536,64,0,f16,f16,0,1
4,4096,1536,64,0,f16,f16,0,1
4,4608,1536,64,0,f16,f16,0,1
4,7168,1536,64,0,f16,f16,0,1
4,512,2048,64,0,f16,f16,0,1
4,1536,2048,64,0,f16,f16,0,1
4,3072,2048,64,0,f16,f16,0,1
4,4096,2048,64,0,f16,f16,0,1
4,4608,2048,64,0,f16,f16,0,1
4,7168,2048,64,0,f16,f16,0,1
4,512,2304,64,0,f16,f16,0,1
4,1536,2304,64,0,f16,f16,0,1
4,3072,2304,64,0,f16,f16,0,1
4,4096,2304,64,0,f16,f16,0,1
4,4608,2304,64,0,f16,f16,0,1
4,7168,2304,64,0,f16,f16,0,1
4,512,7168,64,0,f16,f16,0,1
4,1536,7168,64,0,f16,f16,0,1
4,3072,7168,64,0,f16,f16,0,1
4,4096,7168,64,0,f16,f16,0,1
4,4608,7168,64,0,f16,f16,0,1
4,7168,7168,64,0,f16,f16,0,1
5,576,256,64,0,f16,f16,0,1
5,1536,256,64,0,f16,f16,0,1
5,3072,256,64,0,f16,f16,0,1
5,4096,256,64,0,f16,f16,0,1
5,4608,256,64,0,f16,f16,0,1
5,7168,256,64,0,f16,f16,0,1
5,576,512,64,0,f16,f16,0,1
5,1536,512,64,0,f16,f16,0,1
5,3072,512,64,0,f16,f16,0,1
5,4096,512,64,0,f16,f16,0,1
5,4608,512,64,0,f16,f16,0,1
5,7168,512,64,0,f16,f16,0,1
5,576,1536,64,0,f16,f16,0,1
5,1536,1536,64,0,f16,f16,0,1
5,3072,1536,64,0,f16,f16,0,1
5,4096,1536,64,0,f16,f16,0,1
5,4608,1536,64,0,f16,f16,0,1
5,7168,1536,64,0,f16,f16,0,1
5,512,2048,64,0,f16,f16,0,1
5,1536,2048,64,0,f16,f16,0,1
5,3072,2048,64,0,f16,f16,0,1
5,4096,2048,64,0,f16,f16,0,1
5,4608,2048,64,0,f16,f16,0,1
5,7168,2048,64,0,f16,f16,0,1
5,512,2304,64,0,f16,f16,0,1
5,1536,2304,64,0,f16,f16,0,1
5,3072,2304,64,0,f16,f16,0,1
5,4096,2304,64,0,f16,f16,0,1
5,4608,2304,64,0,f16,f16,0,1
5,7168,2304,64,0,f16,f16,0,1
5,512,7168,64,0,f16,f16,0,1
5,1536,7168,64,0,f16,f16,0,1
5,3072,7168,64,0,f16,f16,0,1
5,4096,7168,64,0,f16,f16,0,1
5,4608,7168,64,0,f16,f16,0,1
5,7168,7168,64,0,f16,f16,0,1
6,576,256,64,0,f16,f16,0,1
6,1536,256,64,0,f16,f16,0,1
6,3072,256,64,0,f16,f16,0,1
6,4096,256,64,0,f16,f16,0,1
6,4608,256,64,0,f16,f16,0,1
6,7168,256,64,0,f16,f16,0,1
6,576,512,64,0,f16,f16,0,1
6,1536,512,64,0,f16,f16,0,1
6,3072,512,64,0,f16,f16,0,1
6,4096,512,64,0,f16,f16,0,1
6,4608,512,64,0,f16,f16,0,1
6,7168,512,64,0,f16,f16,0,1
6,576,1536,64,0,f16,f16,0,1
6,1536,1536,64,0,f16,f16,0,1
6,3072,1536,64,0,f16,f16,0,1
6,4096,1536,64,0,f16,f16,0,1
6,4608,1536,64,0,f16,f16,0,1
6,7168,1536,64,0,f16,f16,0,1
6,512,2048,64,0,f16,f16,0,1
6,1536,2048,64,0,f16,f16,0,1
6,3072,2048,64,0,f16,f16,0,1
6,4096,2048,64,0,f16,f16,0,1
6,4608,2048,64,0,f16,f16,0,1
6,7168,2048,64,0,f16,f16,0,1
6,512,2304,64,0,f16,f16,0,1
6,1536,2304,64,0,f16,f16,0,1
6,3072,2304,64,0,f16,f16,0,1
6,4096,2304,64,0,f16,f16,0,1
6,4608,2304,64,0,f16,f16,0,1
6,7168,2304,64,0,f16,f16,0,1
6,512,7168,64,0,f16,f16,0,1
6,1536,7168,64,0,f16,f16,0,1
6,3072,7168,64,0,f16,f16,0,1
6,4096,7168,64,0,f16,f16,0,1
6,4608,7168,64,0,f16,f16,0,1
6,7168,7168,64,0,f16,f16,0,1
7,576,256,64,0,f16,f16,0,1
7,1536,256,64,0,f16,f16,0,1
7,3072,256,64,0,f16,f16,0,1
7,4096,256,64,0,f16,f16,0,1
7,4608,256,64,0,f16,f16,0,1
7,7168,256,64,0,f16,f16,0,1
7,576,512,64,0,f16,f16,0,1
7,1536,512,64,0,f16,f16,0,1
7,3072,512,64,0,f16,f16,0,1
7,4096,512,64,0,f16,f16,0,1
7,4608,512,64,0,f16,f16,0,1
7,7168,512,64,0,f16,f16,0,1
7,576,1536,64,0,f16,f16,0,1
7,1536,1536,64,0,f16,f16,0,1
7,3072,1536,64,0,f16,f16,0,1
7,4096,1536,64,0,f16,f16,0,1
7,4608,1536,64,0,f16,f16,0,1
7,7168,1536,64,0,f16,f16,0,1
7,512,2048,64,0,f16,f16,0,1
7,1536,2048,64,0,f16,f16,0,1
7,3072,2048,64,0,f16,f16,0,1
7,4096,2048,64,0,f16,f16,0,1
7,4608,2048,64,0,f16,f16,0,1
7,7168,2048,64,0,f16,f16,0,1
7,512,2304,64,0,f16,f16,0,1
7,1536,2304,64,0,f16,f16,0,1
7,3072,2304,64,0,f16,f16,0,1
7,4096,2304,64,0,f16,f16,0,1
7,4608,2304,64,0,f16,f16,0,1
7,7168,2304,64,0,f16,f16,0,1
7,512,7168,64,0,f16,f16,0,1
7,1536,7168,64,0,f16,f16,0,1
7,3072,7168,64,0,f16,f16,0,1
7,4096,7168,64,0,f16,f16,0,1
7,4608,7168,64,0,f16,f16,0,1
7,7168,7168,64,0,f16,f16,0,1
8,576,256,64,0,f16,f16,0,1
8,1536,256,64,0,f16,f16,0,1
8,3072,256,64,0,f16,f16,0,1
8,4096,256,64,0,f16,f16,0,1
8,4608,256,64,0,f16,f16,0,1
8,7168,256,64,0,f16,f16,0,1
8,576,512,64,0,f16,f16,0,1
8,1536,512,64,0,f16,f16,0,1
8,3072,512,64,0,f16,f16,0,1
8,4096,512,64,0,f16,f16,0,1
8,4608,512,64,0,f16,f16,0,1
8,7168,512,64,0,f16,f16,0,1
8,576,1536,64,0,f16,f16,0,1
8,1536,1536,64,0,f16,f16,0,1
8,3072,1536,64,0,f16,f16,0,1
8,4096,1536,64,0,f16,f16,0,1
8,4608,1536,64,0,f16,f16,0,1
8,7168,1536,64,0,f16,f16,0,1
8,512,2048,64,0,f16,f16,0,1
8,1536,2048,64,0,f16,f16,0,1
8,3072,2048,64,0,f16,f16,0,1
8,4096,2048,64,0,f16,f16,0,1
8,4608,2048,64,0,f16,f16,0,1
8,7168,2048,64,0,f16,f16,0,1
8,512,2304,64,0,f16,f16,0,1
8,1536,2304,64,0,f16,f16,0,1
8,3072,2304,64,0,f16,f16,0,1
8,4096,2304,64,0,f16,f16,0,1
8,4608,2304,64,0,f16,f16,0,1
8,7168,2304,64,0,f16,f16,0,1
8,512,7168,64,0,f16,f16,0,1
8,1536,7168,64,0,f16,f16,0,1
8,3072,7168,64,0,f16,f16,0,1
8,4096,7168,64,0,f16,f16,0,1
8,4608,7168,64,0,f16,f16,0,1
8,7168,7168,64,0,f16,f16,0,1
9,576,256,64,0,f16,f16,0,1
9,1536,256,64,0,f16,f16,0,1
9,3072,256,64,0,f16,f16,0,1
9,4096,256,64,0,f16,f16,0,1
9,4608,256,64,0,f16,f16,0,1
9,7168,256,64,0,f16,f16,0,1
9,576,512,64,0,f16,f16,0,1
9,1536,512,64,0,f16,f16,0,1
9,3072,512,64,0,f16,f16,0,1
9,4096,512,64,0,f16,f16,0,1
9,4608,512,64,0,f16,f16,0,1
9,7168,512,64,0,f16,f16,0,1
9,576,1536,64,0,f16,f16,0,1
9,1536,1536,64,0,f16,f16,0,1
9,3072,1536,64,0,f16,f16,0,1
9,4096,1536,64,0,f16,f16,0,1
9,4608,1536,64,0,f16,f16,0,1
9,7168,1536,64,0,f16,f16,0,1
9,512,2048,64,0,f16,f16,0,1
9,1536,2048,64,0,f16,f16,0,1
9,3072,2048,64,0,f16,f16,0,1
9,4096,2048,64,0,f16,f16,0,1
9,4608,2048,64,0,f16,f16,0,1
9,7168,2048,64,0,f16,f16,0,1
9,512,2304,64,0,f16,f16,0,1
9,1536,2304,64,0,f16,f16,0,1
9,3072,2304,64,0,f16,f16,0,1
9,4096,2304,64,0,f16,f16,0,1
9,4608,2304,64,0,f16,f16,0,1
9,7168,2304,64,0,f16,f16,0,1
9,512,7168,64,0,f16,f16,0,1
9,1536,7168,64,0,f16,f16,0,1
9,3072,7168,64,0,f16,f16,0,1
9,4096,7168,64,0,f16,f16,0,1
9,4608,7168,64,0,f16,f16,0,1
9,7168,7168,64,0,f16,f16,0,1
10,576,256,64,0,f16,f16,0,1
10,1536,256,64,0,f16,f16,0,1
10,3072,256,64,0,f16,f16,0,1
10,4096,256,64,0,f16,f16,0,1
10,4608,256,64,0,f16,f16,0,1
10,7168,256,64,0,f16,f16,0,1
10,576,512,64,0,f16,f16,0,1
10,1536,512,64,0,f16,f16,0,1
10,3072,512,64,0,f16,f16,0,1
10,4096,512,64,0,f16,f16,0,1
10,4608,512,64,0,f16,f16,0,1
10,7168,512,64,0,f16,f16,0,1
10,576,1536,64,0,f16,f16,0,1
10,1536,1536,64,0,f16,f16,0,1
10,3072,1536,64,0,f16,f16,0,1
10,4096,1536,64,0,f16,f16,0,1
10,4608,1536,64,0,f16,f16,0,1
10,7168,1536,64,0,f16,f16,0,1
10,512,2048,64,0,f16,f16,0,1
10,1536,2048,64,0,f16,f16,0,1
10,3072,2048,64,0,f16,f16,0,1
10,4096,2048,64,0,f16,f16,0,1
10,4608,2048,64,0,f16,f16,0,1
10,7168,2048,64,0,f16,f16,0,1
10,512,2304,64,0,f16,f16,0,1
10,1536,2304,64,0,f16,f16,0,1
10,3072,2304,64,0,f16,f16,0,1
10,4096,2304,64,0,f16,f16,0,1
10,4608,2304,64,0,f16,f16,0,1
10,7168,2304,64,0,f16,f16,0,1
10,512,7168,64,0,f16,f16,0,1
10,1536,7168,64,0,f16,f16,0,1
10,3072,7168,64,0,f16,f16,0,1
10,4096,7168,64,0,f16,f16,0,1
10,4608,7168,64,0,f16,f16,0,1
10,7168,7168,64,0,f16,f16,0,1
11,576,256,64,0,f16,f16,0,1
11,1536,256,64,0,f16,f16,0,1
11,3072,256,64,0,f16,f16,0,1
11,4096,256,64,0,f16,f16,0,1
11,4608,256,64,0,f16,f16,0,1
11,7168,256,64,0,f16,f16,0,1
11,576,512,64,0,f16,f16,0,1
11,1536,512,64,0,f16,f16,0,1
11,3072,512,64,0,f16,f16,0,1
11,4096,512,64,0,f16,f16,0,1
11,4608,512,64,0,f16,f16,0,1
11,7168,512,64,0,f16,f16,0,1
11,576,1536,64,0,f16,f16,0,1
11,1536,1536,64,0,f16,f16,0,1
11,3072,1536,64,0,f16,f16,0,1
11,4096,1536,64,0,f16,f16,0,1
11,4608,1536,64,0,f16,f16,0,1
11,7168,1536,64,0,f16,f16,0,1
11,512,2048,64,0,f16,f16,0,1
11,1536,2048,64,0,f16,f16,0,1
11,3072,2048,64,0,f16,f16,0,1
11,4096,2048,64,0,f16,f16,0,1
11,4608,2048,64,0,f16,f16,0,1
11,7168,2048,64,0,f16,f16,0,1
11,512,2304,64,0,f16,f16,0,1
11,1536,2304,64,0,f16,f16,0,1
11,3072,2304,64,0,f16,f16,0,1
11,4096,2304,64,0,f16,f16,0,1
11,4608,2304,64,0,f16,f16,0,1
11,7168,2304,64,0,f16,f16,0,1
11,512,7168,64,0,f16,f16,0,1
11,1536,7168,64,0,f16,f16,0,1
11,3072,7168,64,0,f16,f16,0,1
11,4096,7168,64,0,f16,f16,0,1
11,4608,7168,64,0,f16,f16,0,1
11,7168,7168,64,0,f16,f16,0,1
12,576,256,64,0,f16,f16,0,1
12,1536,256,64,0,f16,f16,0,1
12,3072,256,64,0,f16,f16,0,1
12,4096,256,64,0,f16,f16,0,1
12,4608,256,64,0,f16,f16,0,1
12,7168,256,64,0,f16,f16,0,1
12,576,512,64,0,f16,f16,0,1
12,1536,512,64,0,f16,f16,0,1
12,3072,512,64,0,f16,f16,0,1
12,4096,512,64,0,f16,f16,0,1
12,4608,512,64,0,f16,f16,0,1
12,7168,512,64,0,f16,f16,0,1
12,576,1536,64,0,f16,f16,0,1
12,1536,1536,64,0,f16,f16,0,1
12,3072,1536,64,0,f16,f16,0,1
12,4096,1536,64,0,f16,f16,0,1
12,4608,1536,64,0,f16,f16,0,1
12,7168,1536,64,0,f16,f16,0,1
12,512,2048,64,0,f16,f16,0,1
12,1536,2048,64,0,f16,f16,0,1
12,3072,2048,64,0,f16,f16,0,1
12,4096,2048,64,0,f16,f16,0,1
12,4608,2048,64,0,f16,f16,0,1
12,7168,2048,64,0,f16,f16,0,1
12,512,2304,64,0,f16,f16,0,1
12,1536,2304,64,0,f16,f16,0,1
12,3072,2304,64,0,f16,f16,0,1
12,4096,2304,64,0,f16,f16,0,1
12,4608,2304,64,0,f16,f16,0,1
12,7168,2304,64,0,f16,f16,0,1
12,512,7168,64,0,f16,f16,0,1
12,1536,7168,64,0,f16,f16,0,1
12,3072,7168,64,0,f16,f16,0,1
12,4096,7168,64,0,f16,f16,0,1
12,4608,7168,64,0,f16,f16,0,1
12,7168,7168,64,0,f16,f16,0,1
13,576,256,64,0,f16,f16,0,1
13,1536,256,64,0,f16,f16,0,1
13,3072,256,64,0,f16,f16,0,1
13,4096,256,64,0,f16,f16,0,1
13,4608,256,64,0,f16,f16,0,1
13,7168,256,64,0,f16,f16,0,1
13,576,512,64,0,f16,f16,0,1
13,1536,512,64,0,f16,f16,0,1
13,3072,512,64,0,f16,f16,0,1
13,4096,512,64,0,f16,f16,0,1
13,4608,512,64,0,f16,f16,0,1
13,7168,512,64,0,f16,f16,0,1
13,576,1536,64,0,f16,f16,0,1
13,1536,1536,64,0,f16,f16,0,1
13,3072,1536,64,0,f16,f16,0,1
13,4096,1536,64,0,f16,f16,0,1
13,4608,1536,64,0,f16,f16,0,1
13,7168,1536,64,0,f16,f16,0,1
13,512,2048,64,0,f16,f16,0,1
13,1536,2048,64,0,f16,f16,0,1
13,3072,2048,64,0,f16,f16,0,1
13,4096,2048,64,0,f16,f16,0,1
13,4608,2048,64,0,f16,f16,0,1
13,7168,2048,64,0,f16,f16,0,1
13,512,2304,64,0,f16,f16,0,1
13,1536,2304,64,0,f16,f16,0,1
13,3072,2304,64,0,f16,f16,0,1
13,4096,2304,64,0,f16,f16,0,1
13,4608,2304,64,0,f16,f16,0,1
13,7168,2304,64,0,f16,f16,0,1
13,512,7168,64,0,f16,f16,0,1
13,1536,7168,64,0,f16,f16,0,1
13,3072,7168,64,0,f16,f16,0,1
13,4096,7168,64,0,f16,f16,0,1
13,4608,7168,64,0,f16,f16,0,1
13,7168,7168,64,0,f16,f16,0,1
14,576,256,64,0,f16,f16,0,1
14,1536,256,64,0,f16,f16,0,1
14,3072,256,64,0,f16,f16,0,1
14,4096,256,64,0,f16,f16,0,1
14,4608,256,64,0,f16,f16,0,1
14,7168,256,64,0,f16,f16,0,1
14,576,512,64,0,f16,f16,0,1
14,1536,512,64,0,f16,f16,0,1
14,3072,512,64,0,f16,f16,0,1
14,4096,512,64,0,f16,f16,0,1
14,4608,512,64,0,f16,f16,0,1
14,7168,512,64,0,f16,f16,0,1
14,576,1536,64,0,f16,f16,0,1
14,1536,1536,64,0,f16,f16,0,1
14,3072,1536,64,0,f16,f16,0,1
14,4096,1536,64,0,f16,f16,0,1
14,4608,1536,64,0,f16,f16,0,1
14,7168,1536,64,0,f16,f16,0,1
14,512,2048,64,0,f16,f16,0,1
14,1536,2048,64,0,f16,f16,0,1
14,3072,2048,64,0,f16,f16,0,1
14,4096,2048,64,0,f16,f16,0,1
14,4608,2048,64,0,f16,f16,0,1
14,7168,2048,64,0,f16,f16,0,1
14,512,2304,64,0,f16,f16,0,1
14,1536,2304,64,0,f16,f16,0,1
14,3072,2304,64,0,f16,f16,0,1
14,4096,2304,64,0,f16,f16,0,1
14,4608,2304,64,0,f16,f16,0,1
14,7168,2304,64,0,f16,f16,0,1
14,512,7168,64,0,f16,f16,0,1
14,1536,7168,64,0,f16,f16,0,1
14,3072,7168,64,0,f16,f16,0,1
14,4096,7168,64,0,f16,f16,0,1
14,4608,7168,64,0,f16,f16,0,1
14,7168,7168,64,0,f16,f16,0,1
15,576,256,64,0,f16,f16,0,1
15,1536,256,64,0,f16,f16,0,1
15,3072,256,64,0,f16,f16,0,1
15,4096,256,64,0,f16,f16,0,1
15,4608,256,64,0,f16,f16,0,1
15,7168,256,64,0,f16,f16,0,1
15,576,512,64,0,f16,f16,0,1
15,1536,512,64,0,f16,f16,0,1
15,3072,512,64,0,f16,f16,0,1
15,4096,512,64,0,f16,f16,0,1
15,4608,512,64,0,f16,f16,0,1
15,7168,512,64,0,f16,f16,0,1
15,576,1536,64,0,f16,f16,0,1
15,1536,1536,64,0,f16,f16,0,1
15,3072,1536,64,0,f16,f16,0,1
15,4096,1536,64,0,f16,f16,0,1
15,4608,1536,64,0,f16,f16,0,1
15,7168,1536,64,0,f16,f16,0,1
15,512,2048,64,0,f16,f16,0,1
15,1536,2048,64,0,f16,f16,0,1
15,3072,2048,64,0,f16,f16,0,1
15,4096,2048,64,0,f16,f16,0,1
15,4608,2048,64,0,f16,f16,0,1
15,7168,2048,64,0,f16,f16,0,1
15,512,2304,64,0,f16,f16,0,1
15,1536,2304,64,0,f16,f16,0,1
15,3072,2304,64,0,f16,f16,0,1
15,4096,2304,64,0,f16,f16,0,1
15,4608,2304,64,0,f16,f16,0,1
15,7168,2304,64,0,f16,f16,0,1
15,512,7168,64,0,f16,f16,0,1
15,1536,7168,64,0,f16,f16,0,1
15,3072,7168,64,0,f16,f16,0,1
15,4096,7168,64,0,f16,f16,0,1
15,4608,7168,64,0,f16,f16,0,1
15,7168,7168,64,0,f16,f16,0,1
16,576,256,64,0,f16,f16,0,1
16,1536,256,64,0,f16,f16,0,1
16,3072,256,64,0,f16,f16,0,1
16,4096,256,64,0,f16,f16,0,1
16,4608,256,64,0,f16,f16,0,1
16,7168,256,64,0,f16,f16,0,1
16,576,512,64,0,f16,f16,0,1
16,1536,512,64,0,f16,f16,0,1
16,3072,512,64,0,f16,f16,0,1
16,4096,512,64,0,f16,f16,0,1
16,4608,512,64,0,f16,f16,0,1
16,7168,512,64,0,f16,f16,0,1
16,576,1536,64,0,f16,f16,0,1
16,1536,1536,64,0,f16,f16,0,1
16,3072,1536,64,0,f16,f16,0,1
16,4096,1536,64,0,f16,f16,0,1
16,4608,1536,64,0,f16,f16,0,1
16,7168,1536,64,0,f16,f16,0,1
16,512,2048,64,0,f16,f16,0,1
16,1536,2048,64,0,f16,f16,0,1
16,3072,2048,64,0,f16,f16,0,1
16,4096,2048,64,0,f16,f16,0,1
16,4608,2048,64,0,f16,f16,0,1
16,7168,2048,64,0,f16,f16,0,1
16,512,2304,64,0,f16,f16,0,1
16,1536,2304,64,0,f16,f16,0,1
16,3072,2304,64,0,f16,f16,0,1
16,4096,2304,64,0,f16,f16,0,1
16,4608,2304,64,0,f16,f16,0,1
16,7168,2304,64,0,f16,f16,0,1
16,512,7168,64,0,f16,f16,0,1
16,1536,7168,64,0,f16,f16,0,1
16,3072,7168,64,0,f16,f16,0,1
16,4096,7168,64,0,f16,f16,0,1
16,4608,7168,64,0,f16,f16,0,1
16,7168,7168,64,0,f16,f16,0,1
17,576,256,64,0,f16,f16,0,1
17,1536,256,64,0,f16,f16,0,1
17,3072,256,64,0,f16,f16,0,1
17,4096,256,64,0,f16,f16,0,1
17,4608,256,64,0,f16,f16,0,1
17,7168,256,64,0,f16,f16,0,1
17,576,512,64,0,f16,f16,0,1
17,1536,512,64,0,f16,f16,0,1
17,3072,512,64,0,f16,f16,0,1
17,4096,512,64,0,f16,f16,0,1
17,4608,512,64,0,f16,f16,0,1
17,7168,512,64,0,f16,f16,0,1
17,576,1536,64,0,f16,f16,0,1
17,1536,1536,64,0,f16,f16,0,1
17,3072,1536,64,0,f16,f16,0,1
17,4096,1536,64,0,f16,f16,0,1
17,4608,1536,64,0,f16,f16,0,1
17,7168,1536,64,0,f16,f16,0,1
17,512,2048,64,0,f16,f16,0,1
17,1536,2048,64,0,f16,f16,0,1
17,3072,2048,64,0,f16,f16,0,1
17,4096,2048,64,0,f16,f16,0,1
17,4608,2048,64,0,f16,f16,0,1
17,7168,2048,64,0,f16,f16,0,1
17,512,2304,64,0,f16,f16,0,1
17,1536,2304,64,0,f16,f16,0,1
17,3072,2304,64,0,f16,f16,0,1
17,4096,2304,64,0,f16,f16,0,1
17,4608,2304,64,0,f16,f16,0,1
17,7168,2304,64,0,f16,f16,0,1
17,512,7168,64,0,f16,f16,0,1
17,1536,7168,64,0,f16,f16,0,1
17,3072,7168,64,0,f16,f16,0,1
17,4096,7168,64,0,f16,f16,0,1
17,4608,7168,64,0,f16,f16,0,1
17,7168,7168,64,0,f16,f16,0,1
18,576,256,64,0,f16,f16,0,1
18,1536,256,64,0,f16,f16,0,1
18,3072,256,64,0,f16,f16,0,1
18,4096,256,64,0,f16,f16,0,1
18,4608,256,64,0,f16,f16,0,1
18,7168,256,64,0,f16,f16,0,1
18,576,512,64,0,f16,f16,0,1
18,1536,512,64,0,f16,f16,0,1
18,3072,512,64,0,f16,f16,0,1
18,4096,512,64,0,f16,f16,0,1
18,4608,512,64,0,f16,f16,0,1
18,7168,512,64,0,f16,f16,0,1
18,576,1536,64,0,f16,f16,0,1
18,1536,1536,64,0,f16,f16,0,1
18,3072,1536,64,0,f16,f16,0,1
18,4096,1536,64,0,f16,f16,0,1
18,4608,1536,64,0,f16,f16,0,1
18,7168,1536,64,0,f16,f16,0,1
18,512,2048,64,0,f16,f16,0,1
18,1536,2048,64,0,f16,f16,0,1
18,3072,2048,64,0,f16,f16,0,1
18,4096,2048,64,0,f16,f16,0,1
18,4608,2048,64,0,f16,f16,0,1
18,7168,2048,64,0,f16,f16,0,1
18,512,2304,64,0,f16,f16,0,1
18,1536,2304,64,0,f16,f16,0,1
18,3072,2304,64,0,f16,f16,0,1
18,4096,2304,64,0,f16,f16,0,1
18,4608,2304,64,0,f16,f16,0,1
18,7168,2304,64,0,f16,f16,0,1
18,512,7168,64,0,f16,f16,0,1
18,1536,7168,64,0,f16,f16,0,1
18,3072,7168,64,0,f16,f16,0,1
18,4096,7168,64,0,f16,f16,0,1
18,4608,7168,64,0,f16,f16,0,1
18,7168,7168,64,0,f16,f16,0,1
19,576,256,64,0,f16,f16,0,1
19,1536,256,64,0,f16,f16,0,1
19,3072,256,64,0,f16,f16,0,1
19,4096,256,64,0,f16,f16,0,1
19,4608,256,64,0,f16,f16,0,1
19,7168,256,64,0,f16,f16,0,1
19,576,512,64,0,f16,f16,0,1
19,1536,512,64,0,f16,f16,0,1
19,3072,512,64,0,f16,f16,0,1
19,4096,512,64,0,f16,f16,0,1
19,4608,512,64,0,f16,f16,0,1
19,7168,512,64,0,f16,f16,0,1
19,576,1536,64,0,f16,f16,0,1
19,1536,1536,64,0,f16,f16,0,1
19,3072,1536,64,0,f16,f16,0,1
19,4096,1536,64,0,f16,f16,0,1
19,4608,1536,64,0,f16,f16,0,1
19,7168,1536,64,0,f16,f16,0,1
19,512,2048,64,0,f16,f16,0,1
19,1536,2048,64,0,f16,f16,0,1
19,3072,2048,64,0,f16,f16,0,1
19,4096,2048,64,0,f16,f16,0,1
19,4608,2048,64,0,f16,f16,0,1
19,7168,2048,64,0,f16,f16,0,1
19,512,2304,64,0,f16,f16,0,1
19,1536,2304,64,0,f16,f16,0,1
19,3072,2304,64,0,f16,f16,0,1
19,4096,2304,64,0,f16,f16,0,1
19,4608,2304,64,0,f16,f16,0,1
19,7168,2304,64,0,f16,f16,0,1
19,512,7168,64,0,f16,f16,0,1
19,1536,7168,64,0,f16,f16,0,1
19,3072,7168,64,0,f16,f16,0,1
19,4096,7168,64,0,f16,f16,0,1
19,4608,7168,64,0,f16,f16,0,1
19,7168,7168,64,0,f16,f16,0,1
20,576,256,64,0,f16,f16,0,1
20,1536,256,64,0,f16,f16,0,1
20,3072,256,64,0,f16,f16,0,1
20,4096,256,64,0,f16,f16,0,1
20,4608,256,64,0,f16,f16,0,1
20,7168,256,64,0,f16,f16,0,1
20,576,512,64,0,f16,f16,0,1
20,1536,512,64,0,f16,f16,0,1
20,3072,512,64,0,f16,f16,0,1
20,4096,512,64,0,f16,f16,0,1
20,4608,512,64,0,f16,f16,0,1
20,7168,512,64,0,f16,f16,0,1
20,576,1536,64,0,f16,f16,0,1
20,1536,1536,64,0,f16,f16,0,1
20,3072,1536,64,0,f16,f16,0,1
20,4096,1536,64,0,f16,f16,0,1
20,4608,1536,64,0,f16,f16,0,1
20,7168,1536,64,0,f16,f16,0,1
20,512,2048,64,0,f16,f16,0,1
20,1536,2048,64,0,f16,f16,0,1
20,3072,2048,64,0,f16,f16,0,1
20,4096,2048,64,0,f16,f16,0,1
20,4608,2048,64,0,f16,f16,0,1
20,7168,2048,64,0,f16,f16,0,1
20,512,2304,64,0,f16,f16,0,1
20,1536,2304,64,0,f16,f16,0,1
20,3072,2304,64,0,f16,f16,0,1
20,4096,2304,64,0,f16,f16,0,1
20,4608,2304,64,0,f16,f16,0,1
20,7168,2304,64,0,f16,f16,0,1
20,512,7168,64,0,f16,f16,0,1
20,1536,7168,64,0,f16,f16,0,1
20,3072,7168,64,0,f16,f16,0,1
20,4096,7168,64,0,f16,f16,0,1
20,4608,7168,64,0,f16,f16,0,1
20,7168,7168,64,0,f16,f16,0,1
21,576,256,64,0,f16,f16,0,1
21,1536,256,64,0,f16,f16,0,1
21,3072,256,64,0,f16,f16,0,1
21,4096,256,64,0,f16,f16,0,1
21,4608,256,64,0,f16,f16,0,1
21,7168,256,64,0,f16,f16,0,1
21,576,512,64,0,f16,f16,0,1
21,1536,512,64,0,f16,f16,0,1
21,3072,512,64,0,f16,f16,0,1
21,4096,512,64,0,f16,f16,0,1
21,4608,512,64,0,f16,f16,0,1
21,7168,512,64,0,f16,f16,0,1
21,576,1536,64,0,f16,f16,0,1
21,1536,1536,64,0,f16,f16,0,1
21,3072,1536,64,0,f16,f16,0,1
21,4096,1536,64,0,f16,f16,0,1
21,4608,1536,64,0,f16,f16,0,1
21,7168,1536,64,0,f16,f16,0,1
21,512,2048,64,0,f16,f16,0,1
21,1536,2048,64,0,f16,f16,0,1
21,3072,2048,64,0,f16,f16,0,1
21,4096,2048,64,0,f16,f16,0,1
21,4608,2048,64,0,f16,f16,0,1
21,7168,2048,64,0,f16,f16,0,1
21,512,2304,64,0,f16,f16,0,1
21,1536,2304,64,0,f16,f16,0,1
21,3072,2304,64,0,f16,f16,0,1
21,4096,2304,64,0,f16,f16,0,1
21,4608,2304,64,0,f16,f16,0,1
21,7168,2304,64,0,f16,f16,0,1
21,512,7168,64,0,f16,f16,0,1
21,1536,7168,64,0,f16,f16,0,1
21,3072,7168,64,0,f16,f16,0,1
21,4096,7168,64,0,f16,f16,0,1
21,4608,7168,64,0,f16,f16,0,1
21,7168,7168,64,0,f16,f16,0,1
22,576,256,64,0,f16,f16,0,1
22,1536,256,64,0,f16,f16,0,1
22,3072,256,64,0,f16,f16,0,1
22,4096,256,64,0,f16,f16,0,1
22,4608,256,64,0,f16,f16,0,1
22,7168,256,64,0,f16,f16,0,1
22,576,512,64,0,f16,f16,0,1
22,1536,512,64,0,f16,f16,0,1
22,3072,512,64,0,f16,f16,0,1
22,4096,512,64,0,f16,f16,0,1
22,4608,512,64,0,f16,f16,0,1
22,7168,512,64,0,f16,f16,0,1
22,576,1536,64,0,f16,f16,0,1
22,1536,1536,64,0,f16,f16,0,1
22,3072,1536,64,0,f16,f16,0,1
22,4096,1536,64,0,f16,f16,0,1
22,4608,1536,64,0,f16,f16,0,1
22,7168,1536,64,0,f16,f16,0,1
22,512,2048,64,0,f16,f16,0,1
22,1536,2048,64,0,f16,f16,0,1
22,3072,2048,64,0,f16,f16,0,1
22,4096,2048,64,0,f16,f16,0,1
22,4608,2048,64,0,f16,f16,0,1
22,7168,2048,64,0,f16,f16,0,1
22,512,2304,64,0,f16,f16,0,1
22,1536,2304,64,0,f16,f16,0,1
22,3072,2304,64,0,f16,f16,0,1
22,4096,2304,64,0,f16,f16,0,1
22,4608,2304,64,0,f16,f16,0,1
22,7168,2304,64,0,f16,f16,0,1
22,512,7168,64,0,f16,f16,0,1
22,1536,7168,64,0,f16,f16,0,1
22,3072,7168,64,0,f16,f16,0,1
22,4096,7168,64,0,f16,f16,0,1
22,4608,7168,64,0,f16,f16,0,1
22,7168,7168,64,0,f16,f16,0,1
23,576,256,64,0,f16,f16,0,1
23,1536,256,64,0,f16,f16,0,1
23,3072,256,64,0,f16,f16,0,1
23,4096,256,64,0,f16,f16,0,1
23,4608,256,64,0,f16,f16,0,1
23,7168,256,64,0,f16,f16,0,1
23,576,512,64,0,f16,f16,0,1
23,1536,512,64,0,f16,f16,0,1
23,3072,512,64,0,f16,f16,0,1
23,4096,512,64,0,f16,f16,0,1
23,4608,512,64,0,f16,f16,0,1
23,7168,512,64,0,f16,f16,0,1
23,576,1536,64,0,f16,f16,0,1
23,1536,1536,64,0,f16,f16,0,1
23,3072,1536,64,0,f16,f16,0,1
23,4096,1536,64,0,f16,f16,0,1
23,4608,1536,64,0,f16,f16,0,1
23,7168,1536,64,0,f16,f16,0,1
23,512,2048,64,0,f16,f16,0,1
23,1536,2048,64,0,f16,f16,0,1
23,3072,2048,64,0,f16,f16,0,1
23,4096,2048,64,0,f16,f16,0,1
23,4608,2048,64,0,f16,f16,0,1
23,7168,2048,64,0,f16,f16,0,1
23,512,2304,64,0,f16,f16,0,1
23,1536,2304,64,0,f16,f16,0,1
23,3072,2304,64,0,f16,f16,0,1
23,4096,2304,64,0,f16,f16,0,1
23,4608,2304,64,0,f16,f16,0,1
23,7168,2304,64,0,f16,f16,0,1
23,512,7168,64,0,f16,f16,0,1
23,1536,7168,64,0,f16,f16,0,1
23,3072,7168,64,0,f16,f16,0,1
23,4096,7168,64,0,f16,f16,0,1
23,4608,7168,64,0,f16,f16,0,1
23,7168,7168,64,0,f16,f16,0,1
24,576,256,64,0,f16,f16,0,1
24,1536,256,64,0,f16,f16,0,1
24,3072,256,64,0,f16,f16,0,1
24,4096,256,64,0,f16,f16,0,1
24,4608,256,64,0,f16,f16,0,1
24,7168,256,64,0,f16,f16,0,1
24,576,512,64,0,f16,f16,0,1
24,1536,512,64,0,f16,f16,0,1
24,3072,512,64,0,f16,f16,0,1
24,4096,512,64,0,f16,f16,0,1
24,4608,512,64,0,f16,f16,0,1
24,7168,512,64,0,f16,f16,0,1
24,576,1536,64,0,f16,f16,0,1
24,1536,1536,64,0,f16,f16,0,1
24,3072,1536,64,0,f16,f16,0,1
24,4096,1536,64,0,f16,f16,0,1
24,4608,1536,64,0,f16,f16,0,1
24,7168,1536,64,0,f16,f16,0,1
24,512,2048,64,0,f16,f16,0,1
24,1536,2048,64,0,f16,f16,0,1
24,3072,2048,64,0,f16,f16,0,1
24,4096,2048,64,0,f16,f16,0,1
24,4608,2048,64,0,f16,f16,0,1
24,7168,2048,64,0,f16,f16,0,1
24,512,2304,64,0,f16,f16,0,1
24,1536,2304,64,0,f16,f16,0,1
24,3072,2304,64,0,f16,f16,0,1
24,4096,2304,64,0,f16,f16,0,1
24,4608,2304,64,0,f16,f16,0,1
24,7168,2304,64,0,f16,f16,0,1
24,512,7168,64,0,f16,f16,0,1
24,1536,7168,64,0,f16,f16,0,1
24,3072,7168,64,0,f16,f16,0,1
24,4096,7168,64,0,f16,f16,0,1
24,4608,7168,64,0,f16,f16,0,1
24,7168,7168,64,0,f16,f16,0,1
25,576,256,64,0,f16,f16,0,1
25,1536,256,64,0,f16,f16,0,1
25,3072,256,64,0,f16,f16,0,1
25,4096,256,64,0,f16,f16,0,1
25,4608,256,64,0,f16,f16,0,1
25,7168,256,64,0,f16,f16,0,1
25,576,512,64,0,f16,f16,0,1
25,1536,512,64,0,f16,f16,0,1
25,3072,512,64,0,f16,f16,0,1
25,4096,512,64,0,f16,f16,0,1
25,4608,512,64,0,f16,f16,0,1
25,7168,512,64,0,f16,f16,0,1
25,576,1536,64,0,f16,f16,0,1
25,1536,1536,64,0,f16,f16,0,1
25,3072,1536,64,0,f16,f16,0,1
25,4096,1536,64,0,f16,f16,0,1
25,4608,1536,64,0,f16,f16,0,1
25,7168,1536,64,0,f16,f16,0,1
25,512,2048,64,0,f16,f16,0,1
25,1536,2048,64,0,f16,f16,0,1
25,3072,2048,64,0,f16,f16,0,1
25,4096,2048,64,0,f16,f16,0,1
25,4608,2048,64,0,f16,f16,0,1
25,7168,2048,64,0,f16,f16,0,1
25,512,2304,64,0,f16,f16,0,1
25,1536,2304,64,0,f16,f16,0,1
25,3072,2304,64,0,f16,f16,0,1
25,4096,2304,64,0,f16,f16,0,1
25,4608,2304,64,0,f16,f16,0,1
25,7168,2304,64,0,f16,f16,0,1
25,512,7168,64,0,f16,f16,0,1
25,1536,7168,64,0,f16,f16,0,1
25,3072,7168,64,0,f16,f16,0,1
25,4096,7168,64,0,f16,f16,0,1
25,4608,7168,64,0,f16,f16,0,1
25,7168,7168,64,0,f16,f16,0,1
26,576,256,64,0,f16,f16,0,1
26,1536,256,64,0,f16,f16,0,1
26,3072,256,64,0,f16,f16,0,1
26,4096,256,64,0,f16,f16,0,1
26,4608,256,64,0,f16,f16,0,1
26,7168,256,64,0,f16,f16,0,1
26,576,512,64,0,f16,f16,0,1
26,1536,512,64,0,f16,f16,0,1
26,3072,512,64,0,f16,f16,0,1
26,4096,512,64,0,f16,f16,0,1
26,4608,512,64,0,f16,f16,0,1
26,7168,512,64,0,f16,f16,0,1
26,576,1536,64,0,f16,f16,0,1
26,1536,1536,64,0,f16,f16,0,1
26,3072,1536,64,0,f16,f16,0,1
26,4096,1536,64,0,f16,f16,0,1
26,4608,1536,64,0,f16,f16,0,1
26,7168,1536,64,0,f16,f16,0,1
26,512,2048,64,0,f16,f16,0,1
26,1536,2048,64,0,f16,f16,0,1
26,3072,2048,64,0,f16,f16,0,1
26,4096,2048,64,0,f16,f16,0,1
26,4608,2048,64,0,f16,f16,0,1
26,7168,2048,64,0,f16,f16,0,1
26,512,2304,64,0,f16,f16,0,1
26,1536,2304,64,0,f16,f16,0,1
26,3072,2304,64,0,f16,f16,0,1
26,4096,2304,64,0,f16,f16,0,1
26,4608,2304,64,0,f16,f16,0,1
26,7168,2304,64,0,f16,f16,0,1
26,512,7168,64,0,f16,f16,0,1
26,1536,7168,64,0,f16,f16,0,1
26,3072,7168,64,0,f16,f16,0,1
26,4096,7168,64,0,f16,f16,0,1
26,4608,7168,64,0,f16,f16,0,1
26,7168,7168,64,0,f16,f16,0,1
27,576,256,64,0,f16,f16,0,1
27,1536,256,64,0,f16,f16,0,1
27,3072,256,64,0,f16,f16,0,1
27,4096,256,64,0,f16,f16,0,1
27,4608,256,64,0,f16,f16,0,1
27,7168,256,64,0,f16,f16,0,1
27,576,512,64,0,f16,f16,0,1
27,1536,512,64,0,f16,f16,0,1
27,3072,512,64,0,f16,f16,0,1
27,4096,512,64,0,f16,f16,0,1
27,4608,512,64,0,f16,f16,0,1
27,7168,512,64,0,f16,f16,0,1
27,576,1536,64,0,f16,f16,0,1
27,1536,1536,64,0,f16,f16,0,1
27,3072,1536,64,0,f16,f16,0,1
27,4096,1536,64,0,f16,f16,0,1
27,4608,1536,64,0,f16,f16,0,1
27,7168,1536,64,0,f16,f16,0,1
27,512,2048,64,0,f16,f16,0,1
27,1536,2048,64,0,f16,f16,0,1
27,3072,2048,64,0,f16,f16,0,1
27,4096,2048,64,0,f16,f16,0,1
27,4608,2048,64,0,f16,f16,0,1
27,7168,2048,64,0,f16,f16,0,1
27,512,2304,64,0,f16,f16,0,1
27,1536,2304,64,0,f16,f16,0,1
27,3072,2304,64,0,f16,f16,0,1
27,4096,2304,64,0,f16,f16,0,1
27,4608,2304,64,0,f16,f16,0,1
27,7168,2304,64,0,f16,f16,0,1
27,512,7168,64,0,f16,f16,0,1
27,1536,7168,64,0,f16,f16,0,1
27,3072,7168,64,0,f16,f16,0,1
27,4096,7168,64,0,f16,f16,0,1
27,4608,7168,64,0,f16,f16,0,1
27,7168,7168,64,0,f16,f16,0,1
28,576,256,64,0,f16,f16,0,1
28,1536,256,64,0,f16,f16,0,1
28,3072,256,64,0,f16,f16,0,1
28,4096,256,64,0,f16,f16,0,1
28,4608,256,64,0,f16,f16,0,1
28,7168,256,64,0,f16,f16,0,1
28,576,512,64,0,f16,f16,0,1
28,1536,512,64,0,f16,f16,0,1
28,3072,512,64,0,f16,f16,0,1
28,4096,512,64,0,f16,f16,0,1
28,4608,512,64,0,f16,f16,0,1
28,7168,512,64,0,f16,f16,0,1
28,576,1536,64,0,f16,f16,0,1
28,1536,1536,64,0,f16,f16,0,1
28,3072,1536,64,0,f16,f16,0,1
28,4096,1536,64,0,f16,f16,0,1
28,4608,1536,64,0,f16,f16,0,1
28,7168,1536,64,0,f16,f16,0,1
28,512,2048,64,0,f16,f16,0,1
28,1536,2048,64,0,f16,f16,0,1
28,3072,2048,64,0,f16,f16,0,1
28,4096,2048,64,0,f16,f16,0,1
28,4608,2048,64,0,f16,f16,0,1
28,7168,2048,64,0,f16,f16,0,1
28,512,2304,64,0,f16,f16,0,1
28,1536,2304,64,0,f16,f16,0,1
28,3072,2304,64,0,f16,f16,0,1
28,4096,2304,64,0,f16,f16,0,1
28,4608,2304,64,0,f16,f16,0,1
28,7168,2304,64,0,f16,f16,0,1
28,512,7168,64,0,f16,f16,0,1
28,1536,7168,64,0,f16,f16,0,1
28,3072,7168,64,0,f16,f16,0,1
28,4096,7168,64,0,f16,f16,0,1
28,4608,7168,64,0,f16,f16,0,1
28,7168,7168,64,0,f16,f16,0,1
29,576,256,64,0,f16,f16,0,1
29,1536,256,64,0,f16,f16,0,1
29,3072,256,64,0,f16,f16,0,1
29,4096,256,64,0,f16,f16,0,1
29,4608,256,64,0,f16,f16,0,1
29,7168,256,64,0,f16,f16,0,1
29,576,512,64,0,f16,f16,0,1
29,1536,512,64,0,f16,f16,0,1
29,3072,512,64,0,f16,f16,0,1
29,4096,512,64,0,f16,f16,0,1
29,4608,512,64,0,f16,f16,0,1
29,7168,512,64,0,f16,f16,0,1
29,576,1536,64,0,f16,f16,0,1
29,1536,1536,64,0,f16,f16,0,1
29,3072,1536,64,0,f16,f16,0,1
29,4096,1536,64,0,f16,f16,0,1
29,4608,1536,64,0,f16,f16,0,1
29,7168,1536,64,0,f16,f16,0,1
29,512,2048,64,0,f16,f16,0,1
29,1536,2048,64,0,f16,f16,0,1
29,3072,2048,64,0,f16,f16,0,1
29,4096,2048,64,0,f16,f16,0,1
29,4608,2048,64,0,f16,f16,0,1
29,7168,2048,64,0,f16,f16,0,1
29,512,2304,64,0,f16,f16,0,1
29,1536,2304,64,0,f16,f16,0,1
29,3072,2304,64,0,f16,f16,0,1
29,4096,2304,64,0,f16,f16,0,1
29,4608,2304,64,0,f16,f16,0,1
29,7168,2304,64,0,f16,f16,0,1
29,512,7168,64,0,f16,f16,0,1
29,1536,7168,64,0,f16,f16,0,1
29,3072,7168,64,0,f16,f16,0,1
29,4096,7168,64,0,f16,f16,0,1
29,4608,7168,64,0,f16,f16,0,1
29,7168,7168,64,0,f16,f16,0,1
30,576,256,64,0,f16,f16,0,1
30,1536,256,64,0,f16,f16,0,1
30,3072,256,64,0,f16,f16,0,1
30,4096,256,64,0,f16,f16,0,1
30,4608,256,64,0,f16,f16,0,1
30,7168,256,64,0,f16,f16,0,1
30,576,512,64,0,f16,f16,0,1
30,1536,512,64,0,f16,f16,0,1
30,3072,512,64,0,f16,f16,0,1
30,4096,512,64,0,f16,f16,0,1
30,4608,512,64,0,f16,f16,0,1
30,7168,512,64,0,f16,f16,0,1
30,576,1536,64,0,f16,f16,0,1
30,1536,1536,64,0,f16,f16,0,1
30,3072,1536,64,0,f16,f16,0,1
30,4096,1536,64,0,f16,f16,0,1
30,4608,1536,64,0,f16,f16,0,1
30,7168,1536,64,0,f16,f16,0,1
30,512,2048,64,0,f16,f16,0,1
30,1536,2048,64,0,f16,f16,0,1
30,3072,2048,64,0,f16,f16,0,1
30,4096,2048,64,0,f16,f16,0,1
30,4608,2048,64,0,f16,f16,0,1
30,7168,2048,64,0,f16,f16,0,1
30,512,2304,64,0,f16,f16,0,1
30,1536,2304,64,0,f16,f16,0,1
30,3072,2304,64,0,f16,f16,0,1
30,4096,2304,64,0,f16,f16,0,1
30,4608,2304,64,0,f16,f16,0,1
30,7168,2304,64,0,f16,f16,0,1
30,512,7168,64,0,f16,f16,0,1
30,1536,7168,64,0,f16,f16,0,1
30,3072,7168,64,0,f16,f16,0,1
30,4096,7168,64,0,f16,f16,0,1
30,4608,7168,64,0,f16,f16,0,1
30,7168,7168,64,0,f16,f16,0,1
31,576,256,64,0,f16,f16,0,1
31,1536,256,64,0,f16,f16,0,1
31,3072,256,64,0,f16,f16,0,1
31,4096,256,64,0,f16,f16,0,1
31,4608,256,64,0,f16,f16,0,1
31,7168,256,64,0,f16,f16,0,1
31,576,512,64,0,f16,f16,0,1
31,1536,512,64,0,f16,f16,0,1
31,3072,512,64,0,f16,f16,0,1
31,4096,512,64,0,f16,f16,0,1
31,4608,512,64,0,f16,f16,0,1
31,7168,512,64,0,f16,f16,0,1
31,576,1536,64,0,f16,f16,0,1
31,1536,1536,64,0,f16,f16,0,1
31,3072,1536,64,0,f16,f16,0,1
31,4096,1536,64,0,f16,f16,0,1
31,4608,1536,64,0,f16,f16,0,1
31,7168,1536,64,0,f16,f16,0,1
31,512,2048,64,0,f16,f16,0,1
31,1536,2048,64,0,f16,f16,0,1
31,3072,2048,64,0,f16,f16,0,1
31,4096,2048,64,0,f16,f16,0,1
31,4608,2048,64,0,f16,f16,0,1
31,7168,2048,64,0,f16,f16,0,1
31,512,2304,64,0,f16,f16,0,1
31,1536,2304,64,0,f16,f16,0,1
31,3072,2304,64,0,f16,f16,0,1
31,4096,2304,64,0,f16,f16,0,1
31,4608,2304,64,0,f16,f16,0,1
31,7168,2304,64,0,f16,f16,0,1
31,512,7168,64,0,f16,f16,0,1
31,1536,7168,64,0,f16,f16,0,1
31,3072,7168,64,0,f16,f16,0,1
31,4096,7168,64,0,f16,f16,0,1
31,4608,7168,64,0,f16,f16,0,1
31,7168,7168,64,0,f16,f16,0,1
32,576,256,64,0,f16,f16,0,1
32,1536,256,64,0,f16,f16,0,1
32,3072,256,64,0,f16,f16,0,1
32,4096,256,64,0,f16,f16,0,1
32,4608,256,64,0,f16,f16,0,1
32,7168,256,64,0,f16,f16,0,1
32,576,512,64,0,f16,f16,0,1
32,1536,512,64,0,f16,f16,0,1
32,3072,512,64,0,f16,f16,0,1
32,4096,512,64,0,f16,f16,0,1
32,4608,512,64,0,f16,f16,0,1
32,7168,512,64,0,f16,f16,0,1
32,576,1536,64,0,f16,f16,0,1
32,1536,1536,64,0,f16,f16,0,1
32,3072,1536,64,0,f16,f16,0,1
32,4096,1536,64,0,f16,f16,0,1
32,4608,1536,64,0,f16,f16,0,1
32,7168,1536,64,0,f16,f16,0,1
32,512,2048,64,0,f16,f16,0,1
32,1536,2048,64,0,f16,f16,0,1
32,3072,2048,64,0,f16,f16,0,1
32,4096,2048,64,0,f16,f16,0,1
32,4608,2048,64,0,f16,f16,0,1
32,7168,2048,64,0,f16,f16,0,1
32,512,2304,64,0,f16,f16,0,1
32,1536,2304,64,0,f16,f16,0,1
32,3072,2304,64,0,f16,f16,0,1
32,4096,2304,64,0,f16,f16,0,1
32,4608,2304,64,0,f16,f16,0,1
32,7168,2304,64,0,f16,f16,0,1
32,512,7168,64,0,f16,f16,0,1
32,1536,7168,64,0,f16,f16,0,1
32,3072,7168,64,0,f16,f16,0,1
32,4096,7168,64,0,f16,f16,0,1
32,4608,7168,64,0,f16,f16,0,1
32,7168,7168,64,0,f16,f16,0,1
33,576,256,64,0,f16,f16,0,1
33,1536,256,64,0,f16,f16,0,1
33,3072,256,64,0,f16,f16,0,1
33,4096,256,64,0,f16,f16,0,1
33,4608,256,64,0,f16,f16,0,1
33,7168,256,64,0,f16,f16,0,1
33,576,512,64,0,f16,f16,0,1
33,1536,512,64,0,f16,f16,0,1
33,3072,512,64,0,f16,f16,0,1
33,4096,512,64,0,f16,f16,0,1
33,4608,512,64,0,f16,f16,0,1
33,7168,512,64,0,f16,f16,0,1
33,576,1536,64,0,f16,f16,0,1
33,1536,1536,64,0,f16,f16,0,1
33,3072,1536,64,0,f16,f16,0,1
33,4096,1536,64,0,f16,f16,0,1
33,4608,1536,64,0,f16,f16,0,1
33,7168,1536,64,0,f16,f16,0,1
33,512,2048,64,0,f16,f16,0,1
33,1536,2048,64,0,f16,f16,0,1
33,3072,2048,64,0,f16,f16,0,1
33,4096,2048,64,0,f16,f16,0,1
33,4608,2048,64,0,f16,f16,0,1
33,7168,2048,64,0,f16,f16,0,1
33,512,2304,64,0,f16,f16,0,1
33,1536,2304,64,0,f16,f16,0,1
33,3072,2304,64,0,f16,f16,0,1
33,4096,2304,64,0,f16,f16,0,1
33,4608,2304,64,0,f16,f16,0,1
33,7168,2304,64,0,f16,f16,0,1
33,512,7168,64,0,f16,f16,0,1
33,1536,7168,64,0,f16,f16,0,1
33,3072,7168,64,0,f16,f16,0,1
33,4096,7168,64,0,f16,f16,0,1
33,4608,7168,64,0,f16,f16,0,1
33,7168,7168,64,0,f16,f16,0,1
34,576,256,64,0,f16,f16,0,1
34,1536,256,64,0,f16,f16,0,1
34,3072,256,64,0,f16,f16,0,1
34,4096,256,64,0,f16,f16,0,1
34,4608,256,64,0,f16,f16,0,1
34,7168,256,64,0,f16,f16,0,1
34,576,512,64,0,f16,f16,0,1
34,1536,512,64,0,f16,f16,0,1
34,3072,512,64,0,f16,f16,0,1
34,4096,512,64,0,f16,f16,0,1
34,4608,512,64,0,f16,f16,0,1
34,7168,512,64,0,f16,f16,0,1
34,576,1536,64,0,f16,f16,0,1
34,1536,1536,64,0,f16,f16,0,1
34,3072,1536,64,0,f16,f16,0,1
34,4096,1536,64,0,f16,f16,0,1
34,4608,1536,64,0,f16,f16,0,1
34,7168,1536,64,0,f16,f16,0,1
34,512,2048,64,0,f16,f16,0,1
34,1536,2048,64,0,f16,f16,0,1
34,3072,2048,64,0,f16,f16,0,1
34,4096,2048,64,0,f16,f16,0,1
34,4608,2048,64,0,f16,f16,0,1
34,7168,2048,64,0,f16,f16,0,1
34,512,2304,64,0,f16,f16,0,1
34,1536,2304,64,0,f16,f16,0,1
34,3072,2304,64,0,f16,f16,0,1
34,4096,2304,64,0,f16,f16,0,1
34,4608,2304,64,0,f16,f16,0,1
34,7168,2304,64,0,f16,f16,0,1
34,512,7168,64,0,f16,f16,0,1
34,1536,7168,64,0,f16,f16,0,1
34,3072,7168,64,0,f16,f16,0,1
34,4096,7168,64,0,f16,f16,0,1
34,4608,7168,64,0,f16,f16,0,1
34,7168,7168,64,0,f16,f16,0,1
35,576,256,64,0,f16,f16,0,1
35,1536,256,64,0,f16,f16,0,1
35,3072,256,64,0,f16,f16,0,1
35,4096,256,64,0,f16,f16,0,1
35,4608,256,64,0,f16,f16,0,1
35,7168,256,64,0,f16,f16,0,1
35,576,512,64,0,f16,f16,0,1
35,1536,512,64,0,f16,f16,0,1
35,3072,512,64,0,f16,f16,0,1
35,4096,512,64,0,f16,f16,0,1
35,4608,512,64,0,f16,f16,0,1
35,7168,512,64,0,f16,f16,0,1
35,576,1536,64,0,f16,f16,0,1
35,1536,1536,64,0,f16,f16,0,1
35,3072,1536,64,0,f16,f16,0,1
35,4096,1536,64,0,f16,f16,0,1
35,4608,1536,64,0,f16,f16,0,1
35,7168,1536,64,0,f16,f16,0,1
35,512,2048,64,0,f16,f16,0,1
35,1536,2048,64,0,f16,f16,0,1
35,3072,2048,64,0,f16,f16,0,1
35,4096,2048,64,0,f16,f16,0,1
35,4608,2048,64,0,f16,f16,0,1
35,7168,2048,64,0,f16,f16,0,1
35,512,2304,64,0,f16,f16,0,1
35,1536,2304,64,0,f16,f16,0,1
35,3072,2304,64,0,f16,f16,0,1
35,4096,2304,64,0,f16,f16,0,1
35,4608,2304,64,0,f16,f16,0,1
35,7168,2304,64,0,f16,f16,0,1
35,512,7168,64,0,f16,f16,0,1
35,1536,7168,64,0,f16,f16,0,1
35,3072,7168,64,0,f16,f16,0,1
35,4096,7168,64,0,f16,f16,0,1
35,4608,7168,64,0,f16,f16,0,1
35,7168,7168,64,0,f16,f16,0,1
36,576,256,64,0,f16,f16,0,1
36,1536,256,64,0,f16,f16,0,1
36,3072,256,64,0,f16,f16,0,1
36,4096,256,64,0,f16,f16,0,1
36,4608,256,64,0,f16,f16,0,1
36,7168,256,64,0,f16,f16,0,1
36,576,512,64,0,f16,f16,0,1
36,1536,512,64,0,f16,f16,0,1
36,3072,512,64,0,f16,f16,0,1
36,4096,512,64,0,f16,f16,0,1
36,4608,512,64,0,f16,f16,0,1
36,7168,512,64,0,f16,f16,0,1
36,576,1536,64,0,f16,f16,0,1
36,1536,1536,64,0,f16,f16,0,1
36,3072,1536,64,0,f16,f16,0,1
36,4096,1536,64,0,f16,f16,0,1
36,4608,1536,64,0,f16,f16,0,1
36,7168,1536,64,0,f16,f16,0,1
36,512,2048,64,0,f16,f16,0,1
36,1536,2048,64,0,f16,f16,0,1
36,3072,2048,64,0,f16,f16,0,1
36,4096,2048,64,0,f16,f16,0,1
36,4608,2048,64,0,f16,f16,0,1
36,7168,2048,64,0,f16,f16,0,1
36,512,2304,64,0,f16,f16,0,1
36,1536,2304,64,0,f16,f16,0,1
36,3072,2304,64,0,f16,f16,0,1
36,4096,2304,64,0,f16,f16,0,1
36,4608,2304,64,0,f16,f16,0,1
36,7168,2304,64,0,f16,f16,0,1
36,512,7168,64,0,f16,f16,0,1
36,1536,7168,64,0,f16,f16,0,1
36,3072,7168,64,0,f16,f16,0,1
36,4096,7168,64,0,f16,f16,0,1
36,4608,7168,64,0,f16,f16,0,1
36,7168,7168,64,0,f16,f16,0,1
37,576,256,64,0,f16,f16,0,1
37,1536,256,64,0,f16,f16,0,1
37,3072,256,64,0,f16,f16,0,1
37,4096,256,64,0,f16,f16,0,1
37,4608,256,64,0,f16,f16,0,1
37,7168,256,64,0,f16,f16,0,1
37,576,512,64,0,f16,f16,0,1
37,1536,512,64,0,f16,f16,0,1
37,3072,512,64,0,f16,f16,0,1
37,4096,512,64,0,f16,f16,0,1
37,4608,512,64,0,f16,f16,0,1
37,7168,512,64,0,f16,f16,0,1
37,576,1536,64,0,f16,f16,0,1
37,1536,1536,64,0,f16,f16,0,1
37,3072,1536,64,0,f16,f16,0,1
37,4096,1536,64,0,f16,f16,0,1
37,4608,1536,64,0,f16,f16,0,1
37,7168,1536,64,0,f16,f16,0,1
37,512,2048,64,0,f16,f16,0,1
37,1536,2048,64,0,f16,f16,0,1
37,3072,2048,64,0,f16,f16,0,1
37,4096,2048,64,0,f16,f16,0,1
37,4608,2048,64,0,f16,f16,0,1
37,7168,2048,64,0,f16,f16,0,1
37,512,2304,64,0,f16,f16,0,1
37,1536,2304,64,0,f16,f16,0,1
37,3072,2304,64,0,f16,f16,0,1
37,4096,2304,64,0,f16,f16,0,1
37,4608,2304,64,0,f16,f16,0,1
37,7168,2304,64,0,f16,f16,0,1
37,512,7168,64,0,f16,f16,0,1
37,1536,7168,64,0,f16,f16,0,1
37,3072,7168,64,0,f16,f16,0,1
37,4096,7168,64,0,f16,f16,0,1
37,4608,7168,64,0,f16,f16,0,1
37,7168,7168,64,0,f16,f16,0,1
38,576,256,64,0,f16,f16,0,1
38,1536,256,64,0,f16,f16,0,1
38,3072,256,64,0,f16,f16,0,1
38,4096,256,64,0,f16,f16,0,1
38,4608,256,64,0,f16,f16,0,1
38,7168,256,64,0,f16,f16,0,1
38,576,512,64,0,f16,f16,0,1
38,1536,512,64,0,f16,f16,0,1
38,3072,512,64,0,f16,f16,0,1
38,4096,512,64,0,f16,f16,0,1
38,4608,512,64,0,f16,f16,0,1
38,7168,512,64,0,f16,f16,0,1
38,576,1536,64,0,f16,f16,0,1
38,1536,1536,64,0,f16,f16,0,1
38,3072,1536,64,0,f16,f16,0,1
38,4096,1536,64,0,f16,f16,0,1
38,4608,1536,64,0,f16,f16,0,1
38,7168,1536,64,0,f16,f16,0,1
38,512,2048,64,0,f16,f16,0,1
38,1536,2048,64,0,f16,f16,0,1
38,3072,2048,64,0,f16,f16,0,1
38,4096,2048,64,0,f16,f16,0,1
38,4608,2048,64,0,f16,f16,0,1
38,7168,2048,64,0,f16,f16,0,1
38,512,2304,64,0,f16,f16,0,1
38,1536,2304,64,0,f16,f16,0,1
38,3072,2304,64,0,f16,f16,0,1
38,4096,2304,64,0,f16,f16,0,1
38,4608,2304,64,0,f16,f16,0,1
38,7168,2304,64,0,f16,f16,0,1
38,512,7168,64,0,f16,f16,0,1
38,1536,7168,64,0,f16,f16,0,1
38,3072,7168,64,0,f16,f16,0,1
38,4096,7168,64,0,f16,f16,0,1
38,4608,7168,64,0,f16,f16,0,1
38,7168,7168,64,0,f16,f16,0,1
39,576,256,64,0,f16,f16,0,1
39,1536,256,64,0,f16,f16,0,1
39,3072,256,64,0,f16,f16,0,1
39,4096,256,64,0,f16,f16,0,1
39,4608,256,64,0,f16,f16,0,1
39,7168,256,64,0,f16,f16,0,1
39,576,512,64,0,f16,f16,0,1
39,1536,512,64,0,f16,f16,0,1
39,3072,512,64,0,f16,f16,0,1
39,4096,512,64,0,f16,f16,0,1
39,4608,512,64,0,f16,f16,0,1
39,7168,512,64,0,f16,f16,0,1
39,576,1536,64,0,f16,f16,0,1
39,1536,1536,64,0,f16,f16,0,1
39,3072,1536,64,0,f16,f16,0,1
39,4096,1536,64,0,f16,f16,0,1
39,4608,1536,64,0,f16,f16,0,1
39,7168,1536,64,0,f16,f16,0,1
39,512,2048,64,0,f16,f16,0,1
39,1536,2048,64,0,f16,f16,0,1
39,3072,2048,64,0,f16,f16,0,1
39,4096,2048,64,0,f16,f16,0,1
39,4608,2048,64,0,f16,f16,0,1
39,7168,2048,64,0,f16,f16,0,1
39,512,2304,64,0,f16,f16,0,1
39,1536,2304,64,0,f16,f16,0,1
39,3072,2304,64,0,f16,f16,0,1
39,4096,2304,64,0,f16,f16,0,1
39,4608,2304,64,0,f16,f16,0,1
39,7168,2304,64,0,f16,f16,0,1
39,512,7168,64,0,f16,f16,0,1
39,1536,7168,64,0,f16,f16,0,1
39,3072,7168,64,0,f16,f16,0,1
39,4096,7168,64,0,f16,f16,0,1
39,4608,7168,64,0,f16,f16,0,1
39,7168,7168,64,0,f16,f16,0,1
40,576,256,64,0,f16,f16,0,1
40,1536,256,64,0,f16,f16,0,1
40,3072,256,64,0,f16,f16,0,1
40,4096,256,64,0,f16,f16,0,1
40,4608,256,64,0,f16,f16,0,1
40,7168,256,64,0,f16,f16,0,1
40,576,512,64,0,f16,f16,0,1
40,1536,512,64,0,f16,f16,0,1
40,3072,512,64,0,f16,f16,0,1
40,4096,512,64,0,f16,f16,0,1
40,4608,512,64,0,f16,f16,0,1
40,7168,512,64,0,f16,f16,0,1
40,576,1536,64,0,f16,f16,0,1
40,1536,1536,64,0,f16,f16,0,1
40,3072,1536,64,0,f16,f16,0,1
40,4096,1536,64,0,f16,f16,0,1
40,4608,1536,64,0,f16,f16,0,1
40,7168,1536,64,0,f16,f16,0,1
40,512,2048,64,0,f16,f16,0,1
40,1536,2048,64,0,f16,f16,0,1
40,3072,2048,64,0,f16,f16,0,1
40,4096,2048,64,0,f16,f16,0,1
40,4608,2048,64,0,f16,f16,0,1
40,7168,2048,64,0,f16,f16,0,1
40,512,2304,64,0,f16,f16,0,1
40,1536,2304,64,0,f16,f16,0,1
40,3072,2304,64,0,f16,f16,0,1
40,4096,2304,64,0,f16,f16,0,1
40,4608,2304,64,0,f16,f16,0,1
40,7168,2304,64,0,f16,f16,0,1
40,512,7168,64,0,f16,f16,0,1
40,1536,7168,64,0,f16,f16,0,1
40,3072,7168,64,0,f16,f16,0,1
40,4096,7168,64,0,f16,f16,0,1
40,4608,7168,64,0,f16,f16,0,1
40,7168,7168,64,0,f16,f16,0,1
41,576,256,64,0,f16,f16,0,1
41,1536,256,64,0,f16,f16,0,1
41,3072,256,64,0,f16,f16,0,1
41,4096,256,64,0,f16,f16,0,1
41,4608,256,64,0,f16,f16,0,1
41,7168,256,64,0,f16,f16,0,1
41,576,512,64,0,f16,f16,0,1
41,1536,512,64,0,f16,f16,0,1
41,3072,512,64,0,f16,f16,0,1
41,4096,512,64,0,f16,f16,0,1
41,4608,512,64,0,f16,f16,0,1
41,7168,512,64,0,f16,f16,0,1
41,576,1536,64,0,f16,f16,0,1
41,1536,1536,64,0,f16,f16,0,1
41,3072,1536,64,0,f16,f16,0,1
41,4096,1536,64,0,f16,f16,0,1
41,4608,1536,64,0,f16,f16,0,1
41,7168,1536,64,0,f16,f16,0,1
41,512,2048,64,0,f16,f16,0,1
41,1536,2048,64,0,f16,f16,0,1
41,3072,2048,64,0,f16,f16,0,1
41,4096,2048,64,0,f16,f16,0,1
41,4608,2048,64,0,f16,f16,0,1
41,7168,2048,64,0,f16,f16,0,1
41,512,2304,64,0,f16,f16,0,1
41,1536,2304,64,0,f16,f16,0,1
41,3072,2304,64,0,f16,f16,0,1
41,4096,2304,64,0,f16,f16,0,1
41,4608,2304,64,0,f16,f16,0,1
41,7168,2304,64,0,f16,f16,0,1
41,512,7168,64,0,f16,f16,0,1
41,1536,7168,64,0,f16,f16,0,1
41,3072,7168,64,0,f16,f16,0,1
41,4096,7168,64,0,f16,f16,0,1
41,4608,7168,64,0,f16,f16,0,1
41,7168,7168,64,0,f16,f16,0,1
42,576,256,64,0,f16,f16,0,1
42,1536,256,64,0,f16,f16,0,1
42,3072,256,64,0,f16,f16,0,1
42,4096,256,64,0,f16,f16,0,1
42,4608,256,64,0,f16,f16,0,1
42,7168,256,64,0,f16,f16,0,1
42,576,512,64,0,f16,f16,0,1
42,1536,512,64,0,f16,f16,0,1
42,3072,512,64,0,f16,f16,0,1
42,4096,512,64,0,f16,f16,0,1
42,4608,512,64,0,f16,f16,0,1
42,7168,512,64,0,f16,f16,0,1
42,576,1536,64,0,f16,f16,0,1
42,1536,1536,64,0,f16,f16,0,1
42,3072,1536,64,0,f16,f16,0,1
42,4096,1536,64,0,f16,f16,0,1
42,4608,1536,64,0,f16,f16,0,1
42,7168,1536,64,0,f16,f16,0,1
42,512,2048,64,0,f16,f16,0,1
42,1536,2048,64,0,f16,f16,0,1
42,3072,2048,64,0,f16,f16,0,1
42,4096,2048,64,0,f16,f16,0,1
42,4608,2048,64,0,f16,f16,0,1
42,7168,2048,64,0,f16,f16,0,1
42,512,2304,64,0,f16,f16,0,1
42,1536,2304,64,0,f16,f16,0,1
42,3072,2304,64,0,f16,f16,0,1
42,4096,2304,64,0,f16,f16,0,1
42,4608,2304,64,0,f16,f16,0,1
42,7168,2304,64,0,f16,f16,0,1
42,512,7168,64,0,f16,f16,0,1
42,1536,7168,64,0,f16,f16,0,1
42,3072,7168,64,0,f16,f16,0,1
42,4096,7168,64,0,f16,f16,0,1
42,4608,7168,64,0,f16,f16,0,1
42,7168,7168,64,0,f16,f16,0,1
43,576,256,64,0,f16,f16,0,1
43,1536,256,64,0,f16,f16,0,1
43,3072,256,64,0,f16,f16,0,1
43,4096,256,64,0,f16,f16,0,1
43,4608,256,64,0,f16,f16,0,1
43,7168,256,64,0,f16,f16,0,1
43,576,512,64,0,f16,f16,0,1
43,1536,512,64,0,f16,f16,0,1
43,3072,512,64,0,f16,f16,0,1
43,4096,512,64,0,f16,f16,0,1
43,4608,512,64,0,f16,f16,0,1
43,7168,512,64,0,f16,f16,0,1
43,576,1536,64,0,f16,f16,0,1
43,1536,1536,64,0,f16,f16,0,1
43,3072,1536,64,0,f16,f16,0,1
43,4096,1536,64,0,f16,f16,0,1
43,4608,1536,64,0,f16,f16,0,1
43,7168,1536,64,0,f16,f16,0,1
43,512,2048,64,0,f16,f16,0,1
43,1536,2048,64,0,f16,f16,0,1
43,3072,2048,64,0,f16,f16,0,1
43,4096,2048,64,0,f16,f16,0,1
43,4608,2048,64,0,f16,f16,0,1
43,7168,2048,64,0,f16,f16,0,1
43,512,2304,64,0,f16,f16,0,1
43,1536,2304,64,0,f16,f16,0,1
43,3072,2304,64,0,f16,f16,0,1
43,4096,2304,64,0,f16,f16,0,1
43,4608,2304,64,0,f16,f16,0,1
43,7168,2304,64,0,f16,f16,0,1
43,512,7168,64,0,f16,f16,0,1
43,1536,7168,64,0,f16,f16,0,1
43,3072,7168,64,0,f16,f16,0,1
43,4096,7168,64,0,f16,f16,0,1
43,4608,7168,64,0,f16,f16,0,1
43,7168,7168,64,0,f16,f16,0,1
44,576,256,64,0,f16,f16,0,1
44,1536,256,64,0,f16,f16,0,1
44,3072,256,64,0,f16,f16,0,1
44,4096,256,64,0,f16,f16,0,1
44,4608,256,64,0,f16,f16,0,1
44,7168,256,64,0,f16,f16,0,1
44,576,512,64,0,f16,f16,0,1
44,1536,512,64,0,f16,f16,0,1
44,3072,512,64,0,f16,f16,0,1
44,4096,512,64,0,f16,f16,0,1
44,4608,512,64,0,f16,f16,0,1
44,7168,512,64,0,f16,f16,0,1
44,576,1536,64,0,f16,f16,0,1
44,1536,1536,64,0,f16,f16,0,1
44,3072,1536,64,0,f16,f16,0,1
44,4096,1536,64,0,f16,f16,0,1
44,4608,1536,64,0,f16,f16,0,1
44,7168,1536,64,0,f16,f16,0,1
44,512,2048,64,0,f16,f16,0,1
44,1536,2048,64,0,f16,f16,0,1
44,3072,2048,64,0,f16,f16,0,1
44,4096,2048,64,0,f16,f16,0,1
44,4608,2048,64,0,f16,f16,0,1
44,7168,2048,64,0,f16,f16,0,1
44,512,2304,64,0,f16,f16,0,1
44,1536,2304,64,0,f16,f16,0,1
44,3072,2304,64,0,f16,f16,0,1
44,4096,2304,64,0,f16,f16,0,1
44,4608,2304,64,0,f16,f16,0,1
44,7168,2304,64,0,f16,f16,0,1
44,512,7168,64,0,f16,f16,0,1
44,1536,7168,64,0,f16,f16,0,1
44,3072,7168,64,0,f16,f16,0,1
44,4096,7168,64,0,f16,f16,0,1
44,4608,7168,64,0,f16,f16,0,1
44,7168,7168,64,0,f16,f16,0,1
45,576,256,64,0,f16,f16,0,1
45,1536,256,64,0,f16,f16,0,1
45,3072,256,64,0,f16,f16,0,1
45,4096,256,64,0,f16,f16,0,1
45,4608,256,64,0,f16,f16,0,1
45,7168,256,64,0,f16,f16,0,1
45,576,512,64,0,f16,f16,0,1
45,1536,512,64,0,f16,f16,0,1
45,3072,512,64,0,f16,f16,0,1
45,4096,512,64,0,f16,f16,0,1
45,4608,512,64,0,f16,f16,0,1
45,7168,512,64,0,f16,f16,0,1
45,576,1536,64,0,f16,f16,0,1
45,1536,1536,64,0,f16,f16,0,1
45,3072,1536,64,0,f16,f16,0,1
45,4096,1536,64,0,f16,f16,0,1
45,4608,1536,64,0,f16,f16,0,1
45,7168,1536,64,0,f16,f16,0,1
45,512,2048,64,0,f16,f16,0,1
45,1536,2048,64,0,f16,f16,0,1
45,3072,2048,64,0,f16,f16,0,1
45,4096,2048,64,0,f16,f16,0,1
45,4608,2048,64,0,f16,f16,0,1
45,7168,2048,64,0,f16,f16,0,1
45,512,2304,64,0,f16,f16,0,1
45,1536,2304,64,0,f16,f16,0,1
45,3072,2304,64,0,f16,f16,0,1
45,4096,2304,64,0,f16,f16,0,1
45,4608,2304,64,0,f16,f16,0,1
45,7168,2304,64,0,f16,f16,0,1
45,512,7168,64,0,f16,f16,0,1
45,1536,7168,64,0,f16,f16,0,1
45,3072,7168,64,0,f16,f16,0,1
45,4096,7168,64,0,f16,f16,0,1
45,4608,7168,64,0,f16,f16,0,1
45,7168,7168,64,0,f16,f16,0,1
46,576,256,64,0,f16,f16,0,1
46,1536,256,64,0,f16,f16,0,1
46,3072,256,64,0,f16,f16,0,1
46,4096,256,64,0,f16,f16,0,1
46,4608,256,64,0,f16,f16,0,1
46,7168,256,64,0,f16,f16,0,1
46,576,512,64,0,f16,f16,0,1
46,1536,512,64,0,f16,f16,0,1
46,3072,512,64,0,f16,f16,0,1
46,4096,512,64,0,f16,f16,0,1
46,4608,512,64,0,f16,f16,0,1
46,7168,512,64,0,f16,f16,0,1
46,576,1536,64,0,f16,f16,0,1
46,1536,1536,64,0,f16,f16,0,1
46,3072,1536,64,0,f16,f16,0,1
46,4096,1536,64,0,f16,f16,0,1
46,4608,1536,64,0,f16,f16,0,1
46,7168,1536,64,0,f16,f16,0,1
46,512,2048,64,0,f16,f16,0,1
46,1536,2048,64,0,f16,f16,0,1
46,3072,2048,64,0,f16,f16,0,1
46,4096,2048,64,0,f16,f16,0,1
46,4608,2048,64,0,f16,f16,0,1
46,7168,2048,64,0,f16,f16,0,1
46,512,2304,64,0,f16,f16,0,1
46,1536,2304,64,0,f16,f16,0,1
46,3072,2304,64,0,f16,f16,0,1
46,4096,2304,64,0,f16,f16,0,1
46,4608,2304,64,0,f16,f16,0,1
46,7168,2304,64,0,f16,f16,0,1
46,512,7168,64,0,f16,f16,0,1
46,1536,7168,64,0,f16,f16,0,1
46,3072,7168,64,0,f16,f16,0,1
46,4096,7168,64,0,f16,f16,0,1
46,4608,7168,64,0,f16,f16,0,1
46,7168,7168,64,0,f16,f16,0,1
47,576,256,64,0,f16,f16,0,1
47,1536,256,64,0,f16,f16,0,1
47,3072,256,64,0,f16,f16,0,1
47,4096,256,64,0,f16,f16,0,1
47,4608,256,64,0,f16,f16,0,1
47,7168,256,64,0,f16,f16,0,1
47,576,512,64,0,f16,f16,0,1
47,1536,512,64,0,f16,f16,0,1
47,3072,512,64,0,f16,f16,0,1
47,4096,512,64,0,f16,f16,0,1
47,4608,512,64,0,f16,f16,0,1
47,7168,512,64,0,f16,f16,0,1
47,576,1536,64,0,f16,f16,0,1
47,1536,1536,64,0,f16,f16,0,1
47,3072,1536,64,0,f16,f16,0,1
47,4096,1536,64,0,f16,f16,0,1
47,4608,1536,64,0,f16,f16,0,1
47,7168,1536,64,0,f16,f16,0,1
47,512,2048,64,0,f16,f16,0,1
47,1536,2048,64,0,f16,f16,0,1
47,3072,2048,64,0,f16,f16,0,1
47,4096,2048,64,0,f16,f16,0,1
47,4608,2048,64,0,f16,f16,0,1
47,7168,2048,64,0,f16,f16,0,1
47,512,2304,64,0,f16,f16,0,1
47,1536,2304,64,0,f16,f16,0,1
47,3072,2304,64,0,f16,f16,0,1
47,4096,2304,64,0,f16,f16,0,1
47,4608,2304,64,0,f16,f16,0,1
47,7168,2304,64,0,f16,f16,0,1
47,512,7168,64,0,f16,f16,0,1
47,1536,7168,64,0,f16,f16,0,1
47,3072,7168,64,0,f16,f16,0,1
47,4096,7168,64,0,f16,f16,0,1
47,4608,7168,64,0,f16,f16,0,1
47,7168,7168,64,0,f16,f16,0,1
48,576,256,64,0,f16,f16,0,1
48,1536,256,64,0,f16,f16,0,1
48,3072,256,64,0,f16,f16,0,1
48,4096,256,64,0,f16,f16,0,1
48,4608,256,64,0,f16,f16,0,1
48,7168,256,64,0,f16,f16,0,1
48,576,512,64,0,f16,f16,0,1
48,1536,512,64,0,f16,f16,0,1
48,3072,512,64,0,f16,f16,0,1
48,4096,512,64,0,f16,f16,0,1
48,4608,512,64,0,f16,f16,0,1
48,7168,512,64,0,f16,f16,0,1
48,576,1536,64,0,f16,f16,0,1
48,1536,1536,64,0,f16,f16,0,1
48,3072,1536,64,0,f16,f16,0,1
48,4096,1536,64,0,f16,f16,0,1
48,4608,1536,64,0,f16,f16,0,1
48,7168,1536,64,0,f16,f16,0,1
48,512,2048,64,0,f16,f16,0,1
48,1536,2048,64,0,f16,f16,0,1
48,3072,2048,64,0,f16,f16,0,1
48,4096,2048,64,0,f16,f16,0,1
48,4608,2048,64,0,f16,f16,0,1
48,7168,2048,64,0,f16,f16,0,1
48,512,2304,64,0,f16,f16,0,1
48,1536,2304,64,0,f16,f16,0,1
48,3072,2304,64,0,f16,f16,0,1
48,4096,2304,64,0,f16,f16,0,1
48,4608,2304,64,0,f16,f16,0,1
48,7168,2304,64,0,f16,f16,0,1
48,512,7168,64,0,f16,f16,0,1
48,1536,7168,64,0,f16,f16,0,1
48,3072,7168,64,0,f16,f16,0,1
48,4096,7168,64,0,f16,f16,0,1
48,4608,7168,64,0,f16,f16,0,1
48,7168,7168,64,0,f16,f16,0,1
49,576,256,64,0,f16,f16,0,1
49,1536,256,64,0,f16,f16,0,1
49,3072,256,64,0,f16,f16,0,1
49,4096,256,64,0,f16,f16,0,1
49,4608,256,64,0,f16,f16,0,1
49,7168,256,64,0,f16,f16,0,1
49,576,512,64,0,f16,f16,0,1
49,1536,512,64,0,f16,f16,0,1
49,3072,512,64,0,f16,f16,0,1
49,4096,512,64,0,f16,f16,0,1
49,4608,512,64,0,f16,f16,0,1
49,7168,512,64,0,f16,f16,0,1
49,576,1536,64,0,f16,f16,0,1
49,1536,1536,64,0,f16,f16,0,1
49,3072,1536,64,0,f16,f16,0,1
49,4096,1536,64,0,f16,f16,0,1
49,4608,1536,64,0,f16,f16,0,1
49,7168,1536,64,0,f16,f16,0,1
49,512,2048,64,0,f16,f16,0,1
49,1536,2048,64,0,f16,f16,0,1
49,3072,2048,64,0,f16,f16,0,1
49,4096,2048,64,0,f16,f16,0,1
49,4608,2048,64,0,f16,f16,0,1
49,7168,2048,64,0,f16,f16,0,1
49,512,2304,64,0,f16,f16,0,1
49,1536,2304,64,0,f16,f16,0,1
49,3072,2304,64,0,f16,f16,0,1
49,4096,2304,64,0,f16,f16,0,1
49,4608,2304,64,0,f16,f16,0,1
49,7168,2304,64,0,f16,f16,0,1
49,512,7168,64,0,f16,f16,0,1
49,1536,7168,64,0,f16,f16,0,1
49,3072,7168,64,0,f16,f16,0,1
49,4096,7168,64,0,f16,f16,0,1
49,4608,7168,64,0,f16,f16,0,1
49,7168,7168,64,0,f16,f16,0,1
50,576,256,64,0,f16,f16,0,1
50,1536,256,64,0,f16,f16,0,1
50,3072,256,64,0,f16,f16,0,1
50,4096,256,64,0,f16,f16,0,1
50,4608,256,64,0,f16,f16,0,1
50,7168,256,64,0,f16,f16,0,1
50,576,512,64,0,f16,f16,0,1
50,1536,512,64,0,f16,f16,0,1
50,3072,512,64,0,f16,f16,0,1
50,4096,512,64,0,f16,f16,0,1
50,4608,512,64,0,f16,f16,0,1
50,7168,512,64,0,f16,f16,0,1
50,576,1536,64,0,f16,f16,0,1
50,1536,1536,64,0,f16,f16,0,1
50,3072,1536,64,0,f16,f16,0,1
50,4096,1536,64,0,f16,f16,0,1
50,4608,1536,64,0,f16,f16,0,1
50,7168,1536,64,0,f16,f16,0,1
50,512,2048,64,0,f16,f16,0,1
50,1536,2048,64,0,f16,f16,0,1
50,3072,2048,64,0,f16,f16,0,1
50,4096,2048,64,0,f16,f16,0,1
50,4608,2048,64,0,f16,f16,0,1
50,7168,2048,64,0,f16,f16,0,1
50,512,2304,64,0,f16,f16,0,1
50,1536,2304,64,0,f16,f16,0,1
50,3072,2304,64,0,f16,f16,0,1
50,4096,2304,64,0,f16,f16,0,1
50,4608,2304,64,0,f16,f16,0,1
50,7168,2304,64,0,f16,f16,0,1
50,512,7168,64,0,f16,f16,0,1
50,1536,7168,64,0,f16,f16,0,1
50,3072,7168,64,0,f16,f16,0,1
50,4096,7168,64,0,f16,f16,0,1
50,4608,7168,64,0,f16,f16,0,1
50,7168,7168,64,0,f16,f16,0,1
51,576,256,64,0,f16,f16,0,1
51,1536,256,64,0,f16,f16,0,1
51,3072,256,64,0,f16,f16,0,1
51,4096,256,64,0,f16,f16,0,1
51,4608,256,64,0,f16,f16,0,1
51,7168,256,64,0,f16,f16,0,1
51,576,512,64,0,f16,f16,0,1
51,1536,512,64,0,f16,f16,0,1
51,3072,512,64,0,f16,f16,0,1
51,4096,512,64,0,f16,f16,0,1
51,4608,512,64,0,f16,f16,0,1
51,7168,512,64,0,f16,f16,0,1
51,576,1536,64,0,f16,f16,0,1
51,1536,1536,64,0,f16,f16,0,1
51,3072,1536,64,0,f16,f16,0,1
51,4096,1536,64,0,f16,f16,0,1
51,4608,1536,64,0,f16,f16,0,1
51,7168,1536,64,0,f16,f16,0,1
51,512,2048,64,0,f16,f16,0,1
51,1536,2048,64,0,f16,f16,0,1
51,3072,2048,64,0,f16,f16,0,1
51,4096,2048,64,0,f16,f16,0,1
51,4608,2048,64,0,f16,f16,0,1
51,7168,2048,64,0,f16,f16,0,1
51,512,2304,64,0,f16,f16,0,1
51,1536,2304,64,0,f16,f16,0,1
51,3072,2304,64,0,f16,f16,0,1
51,4096,2304,64,0,f16,f16,0,1
51,4608,2304,64,0,f16,f16,0,1
51,7168,2304,64,0,f16,f16,0,1
51,512,7168,64,0,f16,f16,0,1
51,1536,7168,64,0,f16,f16,0,1
51,3072,7168,64,0,f16,f16,0,1
51,4096,7168,64,0,f16,f16,0,1
51,4608,7168,64,0,f16,f16,0,1
51,7168,7168,64,0,f16,f16,0,1
52,576,256,64,0,f16,f16,0,1
52,1536,256,64,0,f16,f16,0,1
52,3072,256,64,0,f16,f16,0,1
52,4096,256,64,0,f16,f16,0,1
52,4608,256,64,0,f16,f16,0,1
52,7168,256,64,0,f16,f16,0,1
52,576,512,64,0,f16,f16,0,1
52,1536,512,64,0,f16,f16,0,1
52,3072,512,64,0,f16,f16,0,1
52,4096,512,64,0,f16,f16,0,1
52,4608,512,64,0,f16,f16,0,1
52,7168,512,64,0,f16,f16,0,1
52,576,1536,64,0,f16,f16,0,1
52,1536,1536,64,0,f16,f16,0,1
52,3072,1536,64,0,f16,f16,0,1
52,4096,1536,64,0,f16,f16,0,1
52,4608,1536,64,0,f16,f16,0,1
52,7168,1536,64,0,f16,f16,0,1
52,512,2048,64,0,f16,f16,0,1
52,1536,2048,64,0,f16,f16,0,1
52,3072,2048,64,0,f16,f16,0,1
52,4096,2048,64,0,f16,f16,0,1
52,4608,2048,64,0,f16,f16,0,1
52,7168,2048,64,0,f16,f16,0,1
52,512,2304,64,0,f16,f16,0,1
52,1536,2304,64,0,f16,f16,0,1
52,3072,2304,64,0,f16,f16,0,1
52,4096,2304,64,0,f16,f16,0,1
52,4608,2304,64,0,f16,f16,0,1
52,7168,2304,64,0,f16,f16,0,1
52,512,7168,64,0,f16,f16,0,1
52,1536,7168,64,0,f16,f16,0,1
52,3072,7168,64,0,f16,f16,0,1
52,4096,7168,64,0,f16,f16,0,1
52,4608,7168,64,0,f16,f16,0,1
52,7168,7168,64,0,f16,f16,0,1
53,576,256,64,0,f16,f16,0,1
53,1536,256,64,0,f16,f16,0,1
53,3072,256,64,0,f16,f16,0,1
53,4096,256,64,0,f16,f16,0,1
53,4608,256,64,0,f16,f16,0,1
53,7168,256,64,0,f16,f16,0,1
53,576,512,64,0,f16,f16,0,1
53,1536,512,64,0,f16,f16,0,1
53,3072,512,64,0,f16,f16,0,1
53,4096,512,64,0,f16,f16,0,1
53,4608,512,64,0,f16,f16,0,1
53,7168,512,64,0,f16,f16,0,1
53,576,1536,64,0,f16,f16,0,1
53,1536,1536,64,0,f16,f16,0,1
53,3072,1536,64,0,f16,f16,0,1
53,4096,1536,64,0,f16,f16,0,1
53,4608,1536,64,0,f16,f16,0,1
53,7168,1536,64,0,f16,f16,0,1
53,512,2048,64,0,f16,f16,0,1
53,1536,2048,64,0,f16,f16,0,1
53,3072,2048,64,0,f16,f16,0,1
53,4096,2048,64,0,f16,f16,0,1
53,4608,2048,64,0,f16,f16,0,1
53,7168,2048,64,0,f16,f16,0,1
53,512,2304,64,0,f16,f16,0,1
53,1536,2304,64,0,f16,f16,0,1
53,3072,2304,64,0,f16,f16,0,1
53,4096,2304,64,0,f16,f16,0,1
53,4608,2304,64,0,f16,f16,0,1
53,7168,2304,64,0,f16,f16,0,1
53,512,7168,64,0,f16,f16,0,1
53,1536,7168,64,0,f16,f16,0,1
53,3072,7168,64,0,f16,f16,0,1
53,4096,7168,64,0,f16,f16,0,1
53,4608,7168,64,0,f16,f16,0,1
53,7168,7168,64,0,f16,f16,0,1
54,576,256,64,0,f16,f16,0,1
54,1536,256,64,0,f16,f16,0,1
54,3072,256,64,0,f16,f16,0,1
54,4096,256,64,0,f16,f16,0,1
54,4608,256,64,0,f16,f16,0,1
54,7168,256,64,0,f16,f16,0,1
54,576,512,64,0,f16,f16,0,1
54,1536,512,64,0,f16,f16,0,1
54,3072,512,64,0,f16,f16,0,1
54,4096,512,64,0,f16,f16,0,1
54,4608,512,64,0,f16,f16,0,1
54,7168,512,64,0,f16,f16,0,1
54,576,1536,64,0,f16,f16,0,1
54,1536,1536,64,0,f16,f16,0,1
54,3072,1536,64,0,f16,f16,0,1
54,4096,1536,64,0,f16,f16,0,1
54,4608,1536,64,0,f16,f16,0,1
54,7168,1536,64,0,f16,f16,0,1
54,512,2048,64,0,f16,f16,0,1
54,1536,2048,64,0,f16,f16,0,1
54,3072,2048,64,0,f16,f16,0,1
54,4096,2048,64,0,f16,f16,0,1
54,4608,2048,64,0,f16,f16,0,1
54,7168,2048,64,0,f16,f16,0,1
54,512,2304,64,0,f16,f16,0,1
54,1536,2304,64,0,f16,f16,0,1
54,3072,2304,64,0,f16,f16,0,1
54,4096,2304,64,0,f16,f16,0,1
54,4608,2304,64,0,f16,f16,0,1
54,7168,2304,64,0,f16,f16,0,1
54,512,7168,64,0,f16,f16,0,1
54,1536,7168,64,0,f16,f16,0,1
54,3072,7168,64,0,f16,f16,0,1
54,4096,7168,64,0,f16,f16,0,1
54,4608,7168,64,0,f16,f16,0,1
54,7168,7168,64,0,f16,f16,0,1
55,576,256,64,0,f16,f16,0,1
55,1536,256,64,0,f16,f16,0,1
55,3072,256,64,0,f16,f16,0,1
55,4096,256,64,0,f16,f16,0,1
55,4608,256,64,0,f16,f16,0,1
55,7168,256,64,0,f16,f16,0,1
55,576,512,64,0,f16,f16,0,1
55,1536,512,64,0,f16,f16,0,1
55,3072,512,64,0,f16,f16,0,1
55,4096,512,64,0,f16,f16,0,1
55,4608,512,64,0,f16,f16,0,1
55,7168,512,64,0,f16,f16,0,1
55,576,1536,64,0,f16,f16,0,1
55,1536,1536,64,0,f16,f16,0,1
55,3072,1536,64,0,f16,f16,0,1
55,4096,1536,64,0,f16,f16,0,1
55,4608,1536,64,0,f16,f16,0,1
55,7168,1536,64,0,f16,f16,0,1
55,512,2048,64,0,f16,f16,0,1
55,1536,2048,64,0,f16,f16,0,1
55,3072,2048,64,0,f16,f16,0,1
55,4096,2048,64,0,f16,f16,0,1
55,4608,2048,64,0,f16,f16,0,1
55,7168,2048,64,0,f16,f16,0,1
55,512,2304,64,0,f16,f16,0,1
55,1536,2304,64,0,f16,f16,0,1
55,3072,2304,64,0,f16,f16,0,1
55,4096,2304,64,0,f16,f16,0,1
55,4608,2304,64,0,f16,f16,0,1
55,7168,2304,64,0,f16,f16,0,1
55,512,7168,64,0,f16,f16,0,1
55,1536,7168,64,0,f16,f16,0,1
55,3072,7168,64,0,f16,f16,0,1
55,4096,7168,64,0,f16,f16,0,1
55,4608,7168,64,0,f16,f16,0,1
55,7168,7168,64,0,f16,f16,0,1
56,576,256,64,0,f16,f16,0,1
56,1536,256,64,0,f16,f16,0,1
56,3072,256,64,0,f16,f16,0,1
56,4096,256,64,0,f16,f16,0,1
56,4608,256,64,0,f16,f16,0,1
56,7168,256,64,0,f16,f16,0,1
56,576,512,64,0,f16,f16,0,1
56,1536,512,64,0,f16,f16,0,1
56,3072,512,64,0,f16,f16,0,1
56,4096,512,64,0,f16,f16,0,1
56,4608,512,64,0,f16,f16,0,1
56,7168,512,64,0,f16,f16,0,1
56,576,1536,64,0,f16,f16,0,1
56,1536,1536,64,0,f16,f16,0,1
56,3072,1536,64,0,f16,f16,0,1
56,4096,1536,64,0,f16,f16,0,1
56,4608,1536,64,0,f16,f16,0,1
56,7168,1536,64,0,f16,f16,0,1
56,512,2048,64,0,f16,f16,0,1
56,1536,2048,64,0,f16,f16,0,1
56,3072,2048,64,0,f16,f16,0,1
56,4096,2048,64,0,f16,f16,0,1
56,4608,2048,64,0,f16,f16,0,1
56,7168,2048,64,0,f16,f16,0,1
56,512,2304,64,0,f16,f16,0,1
56,1536,2304,64,0,f16,f16,0,1
56,3072,2304,64,0,f16,f16,0,1
56,4096,2304,64,0,f16,f16,0,1
56,4608,2304,64,0,f16,f16,0,1
56,7168,2304,64,0,f16,f16,0,1
56,512,7168,64,0,f16,f16,0,1
56,1536,7168,64,0,f16,f16,0,1
56,3072,7168,64,0,f16,f16,0,1
56,4096,7168,64,0,f16,f16,0,1
56,4608,7168,64,0,f16,f16,0,1
56,7168,7168,64,0,f16,f16,0,1
57,576,256,64,0,f16,f16,0,1
57,1536,256,64,0,f16,f16,0,1
57,3072,256,64,0,f16,f16,0,1
57,4096,256,64,0,f16,f16,0,1
57,4608,256,64,0,f16,f16,0,1
57,7168,256,64,0,f16,f16,0,1
57,576,512,64,0,f16,f16,0,1
57,1536,512,64,0,f16,f16,0,1
57,3072,512,64,0,f16,f16,0,1
57,4096,512,64,0,f16,f16,0,1
57,4608,512,64,0,f16,f16,0,1
57,7168,512,64,0,f16,f16,0,1
57,576,1536,64,0,f16,f16,0,1
57,1536,1536,64,0,f16,f16,0,1
57,3072,1536,64,0,f16,f16,0,1
57,4096,1536,64,0,f16,f16,0,1
57,4608,1536,64,0,f16,f16,0,1
57,7168,1536,64,0,f16,f16,0,1
57,512,2048,64,0,f16,f16,0,1
57,1536,2048,64,0,f16,f16,0,1
57,3072,2048,64,0,f16,f16,0,1
57,4096,2048,64,0,f16,f16,0,1
57,4608,2048,64,0,f16,f16,0,1
57,7168,2048,64,0,f16,f16,0,1
57,512,2304,64,0,f16,f16,0,1
57,1536,2304,64,0,f16,f16,0,1
57,3072,2304,64,0,f16,f16,0,1
57,4096,2304,64,0,f16,f16,0,1
57,4608,2304,64,0,f16,f16,0,1
57,7168,2304,64,0,f16,f16,0,1
57,512,7168,64,0,f16,f16,0,1
57,1536,7168,64,0,f16,f16,0,1
57,3072,7168,64,0,f16,f16,0,1
57,4096,7168,64,0,f16,f16,0,1
57,4608,7168,64,0,f16,f16,0,1
57,7168,7168,64,0,f16,f16,0,1
58,576,256,64,0,f16,f16,0,1
58,1536,256,64,0,f16,f16,0,1
58,3072,256,64,0,f16,f16,0,1
58,4096,256,64,0,f16,f16,0,1
58,4608,256,64,0,f16,f16,0,1
58,7168,256,64,0,f16,f16,0,1
58,576,512,64,0,f16,f16,0,1
58,1536,512,64,0,f16,f16,0,1
58,3072,512,64,0,f16,f16,0,1
58,4096,512,64,0,f16,f16,0,1
58,4608,512,64,0,f16,f16,0,1
58,7168,512,64,0,f16,f16,0,1
58,576,1536,64,0,f16,f16,0,1
58,1536,1536,64,0,f16,f16,0,1
58,3072,1536,64,0,f16,f16,0,1
58,4096,1536,64,0,f16,f16,0,1
58,4608,1536,64,0,f16,f16,0,1
58,7168,1536,64,0,f16,f16,0,1
58,512,2048,64,0,f16,f16,0,1
58,1536,2048,64,0,f16,f16,0,1
58,3072,2048,64,0,f16,f16,0,1
58,4096,2048,64,0,f16,f16,0,1
58,4608,2048,64,0,f16,f16,0,1
58,7168,2048,64,0,f16,f16,0,1
58,512,2304,64,0,f16,f16,0,1
58,1536,2304,64,0,f16,f16,0,1
58,3072,2304,64,0,f16,f16,0,1
58,4096,2304,64,0,f16,f16,0,1
58,4608,2304,64,0,f16,f16,0,1
58,7168,2304,64,0,f16,f16,0,1
58,512,7168,64,0,f16,f16,0,1
58,1536,7168,64,0,f16,f16,0,1
58,3072,7168,64,0,f16,f16,0,1
58,4096,7168,64,0,f16,f16,0,1
58,4608,7168,64,0,f16,f16,0,1
58,7168,7168,64,0,f16,f16,0,1
59,576,256,64,0,f16,f16,0,1
59,1536,256,64,0,f16,f16,0,1
59,3072,256,64,0,f16,f16,0,1
59,4096,256,64,0,f16,f16,0,1
59,4608,256,64,0,f16,f16,0,1
59,7168,256,64,0,f16,f16,0,1
59,576,512,64,0,f16,f16,0,1
59,1536,512,64,0,f16,f16,0,1
59,3072,512,64,0,f16,f16,0,1
59,4096,512,64,0,f16,f16,0,1
59,4608,512,64,0,f16,f16,0,1
59,7168,512,64,0,f16,f16,0,1
59,576,1536,64,0,f16,f16,0,1
59,1536,1536,64,0,f16,f16,0,1
59,3072,1536,64,0,f16,f16,0,1
59,4096,1536,64,0,f16,f16,0,1
59,4608,1536,64,0,f16,f16,0,1
59,7168,1536,64,0,f16,f16,0,1
59,512,2048,64,0,f16,f16,0,1
59,1536,2048,64,0,f16,f16,0,1
59,3072,2048,64,0,f16,f16,0,1
59,4096,2048,64,0,f16,f16,0,1
59,4608,2048,64,0,f16,f16,0,1
59,7168,2048,64,0,f16,f16,0,1
59,512,2304,64,0,f16,f16,0,1
59,1536,2304,64,0,f16,f16,0,1
59,3072,2304,64,0,f16,f16,0,1
59,4096,2304,64,0,f16,f16,0,1
59,4608,2304,64,0,f16,f16,0,1
59,7168,2304,64,0,f16,f16,0,1
59,512,7168,64,0,f16,f16,0,1
59,1536,7168,64,0,f16,f16,0,1
59,3072,7168,64,0,f16,f16,0,1
59,4096,7168,64,0,f16,f16,0,1
59,4608,7168,64,0,f16,f16,0,1
59,7168,7168,64,0,f16,f16,0,1
60,576,256,64,0,f16,f16,0,1
60,1536,256,64,0,f16,f16,0,1
60,3072,256,64,0,f16,f16,0,1
60,4096,256,64,0,f16,f16,0,1
60,4608,256,64,0,f16,f16,0,1
60,7168,256,64,0,f16,f16,0,1
60,576,512,64,0,f16,f16,0,1
60,1536,512,64,0,f16,f16,0,1
60,3072,512,64,0,f16,f16,0,1
60,4096,512,64,0,f16,f16,0,1
60,4608,512,64,0,f16,f16,0,1
60,7168,512,64,0,f16,f16,0,1
60,576,1536,64,0,f16,f16,0,1
60,1536,1536,64,0,f16,f16,0,1
60,3072,1536,64,0,f16,f16,0,1
60,4096,1536,64,0,f16,f16,0,1
60,4608,1536,64,0,f16,f16,0,1
60,7168,1536,64,0,f16,f16,0,1
60,512,2048,64,0,f16,f16,0,1
60,1536,2048,64,0,f16,f16,0,1
60,3072,2048,64,0,f16,f16,0,1
60,4096,2048,64,0,f16,f16,0,1
60,4608,2048,64,0,f16,f16,0,1
60,7168,2048,64,0,f16,f16,0,1
60,512,2304,64,0,f16,f16,0,1
60,1536,2304,64,0,f16,f16,0,1
60,3072,2304,64,0,f16,f16,0,1
60,4096,2304,64,0,f16,f16,0,1
60,4608,2304,64,0,f16,f16,0,1
60,7168,2304,64,0,f16,f16,0,1
60,512,7168,64,0,f16,f16,0,1
60,1536,7168,64,0,f16,f16,0,1
60,3072,7168,64,0,f16,f16,0,1
60,4096,7168,64,0,f16,f16,0,1
60,4608,7168,64,0,f16,f16,0,1
60,7168,7168,64,0,f16,f16,0,1
61,576,256,64,0,f16,f16,0,1
61,1536,256,64,0,f16,f16,0,1
61,3072,256,64,0,f16,f16,0,1
61,4096,256,64,0,f16,f16,0,1
61,4608,256,64,0,f16,f16,0,1
61,7168,256,64,0,f16,f16,0,1
61,576,512,64,0,f16,f16,0,1
61,1536,512,64,0,f16,f16,0,1
61,3072,512,64,0,f16,f16,0,1
61,4096,512,64,0,f16,f16,0,1
61,4608,512,64,0,f16,f16,0,1
61,7168,512,64,0,f16,f16,0,1
61,576,1536,64,0,f16,f16,0,1
61,1536,1536,64,0,f16,f16,0,1
61,3072,1536,64,0,f16,f16,0,1
61,4096,1536,64,0,f16,f16,0,1
61,4608,1536,64,0,f16,f16,0,1
61,7168,1536,64,0,f16,f16,0,1
61,512,2048,64,0,f16,f16,0,1
61,1536,2048,64,0,f16,f16,0,1
61,3072,2048,64,0,f16,f16,0,1
61,4096,2048,64,0,f16,f16,0,1
61,4608,2048,64,0,f16,f16,0,1
61,7168,2048,64,0,f16,f16,0,1
61,512,2304,64,0,f16,f16,0,1
61,1536,2304,64,0,f16,f16,0,1
61,3072,2304,64,0,f16,f16,0,1
61,4096,2304,64,0,f16,f16,0,1
61,4608,2304,64,0,f16,f16,0,1
61,7168,2304,64,0,f16,f16,0,1
61,512,7168,64,0,f16,f16,0,1
61,1536,7168,64,0,f16,f16,0,1
61,3072,7168,64,0,f16,f16,0,1
61,4096,7168,64,0,f16,f16,0,1
61,4608,7168,64,0,f16,f16,0,1
61,7168,7168,64,0,f16,f16,0,1
62,576,256,64,0,f16,f16,0,1
62,1536,256,64,0,f16,f16,0,1
62,3072,256,64,0,f16,f16,0,1
62,4096,256,64,0,f16,f16,0,1
62,4608,256,64,0,f16,f16,0,1
62,7168,256,64,0,f16,f16,0,1
62,576,512,64,0,f16,f16,0,1
62,1536,512,64,0,f16,f16,0,1
62,3072,512,64,0,f16,f16,0,1
62,4096,512,64,0,f16,f16,0,1
62,4608,512,64,0,f16,f16,0,1
62,7168,512,64,0,f16,f16,0,1
62,576,1536,64,0,f16,f16,0,1
62,1536,1536,64,0,f16,f16,0,1
62,3072,1536,64,0,f16,f16,0,1
62,4096,1536,64,0,f16,f16,0,1
62,4608,1536,64,0,f16,f16,0,1
62,7168,1536,64,0,f16,f16,0,1
62,512,2048,64,0,f16,f16,0,1
62,1536,2048,64,0,f16,f16,0,1
62,3072,2048,64,0,f16,f16,0,1
62,4096,2048,64,0,f16,f16,0,1
62,4608,2048,64,0,f16,f16,0,1
62,7168,2048,64,0,f16,f16,0,1
62,512,2304,64,0,f16,f16,0,1
62,1536,2304,64,0,f16,f16,0,1
62,3072,2304,64,0,f16,f16,0,1
62,4096,2304,64,0,f16,f16,0,1
62,4608,2304,64,0,f16,f16,0,1
62,7168,2304,64,0,f16,f16,0,1
62,512,7168,64,0,f16,f16,0,1
62,1536,7168,64,0,f16,f16,0,1
62,3072,7168,64,0,f16,f16,0,1
62,4096,7168,64,0,f16,f16,0,1
62,4608,7168,64,0,f16,f16,0,1
62,7168,7168,64,0,f16,f16,0,1
63,576,256,64,0,f16,f16,0,1
63,1536,256,64,0,f16,f16,0,1
63,3072,256,64,0,f16,f16,0,1
63,4096,256,64,0,f16,f16,0,1
63,4608,256,64,0,f16,f16,0,1
63,7168,256,64,0,f16,f16,0,1
63,576,512,64,0,f16,f16,0,1
63,1536,512,64,0,f16,f16,0,1
63,3072,512,64,0,f16,f16,0,1
63,4096,512,64,0,f16,f16,0,1
63,4608,512,64,0,f16,f16,0,1
63,7168,512,64,0,f16,f16,0,1
63,576,1536,64,0,f16,f16,0,1
63,1536,1536,64,0,f16,f16,0,1
63,3072,1536,64,0,f16,f16,0,1
63,4096,1536,64,0,f16,f16,0,1
63,4608,1536,64,0,f16,f16,0,1
63,7168,1536,64,0,f16,f16,0,1
63,512,2048,64,0,f16,f16,0,1
63,1536,2048,64,0,f16,f16,0,1
63,3072,2048,64,0,f16,f16,0,1
63,4096,2048,64,0,f16,f16,0,1
63,4608,2048,64,0,f16,f16,0,1
63,7168,2048,64,0,f16,f16,0,1
63,512,2304,64,0,f16,f16,0,1
63,1536,2304,64,0,f16,f16,0,1
63,3072,2304,64,0,f16,f16,0,1
63,4096,2304,64,0,f16,f16,0,1
63,4608,2304,64,0,f16,f16,0,1
63,7168,2304,64,0,f16,f16,0,1
63,512,7168,64,0,f16,f16,0,1
63,1536,7168,64,0,f16,f16,0,1
63,3072,7168,64,0,f16,f16,0,1
63,4096,7168,64,0,f16,f16,0,1
63,4608,7168,64,0,f16,f16,0,1
63,7168,7168,64,0,f16,f16,0,1
64,576,256,64,0,f16,f16,0,1
64,1536,256,64,0,f16,f16,0,1
64,3072,256,64,0,f16,f16,0,1
64,4096,256,64,0,f16,f16,0,1
64,4608,256,64,0,f16,f16,0,1
64,7168,256,64,0,f16,f16,0,1
64,576,512,64,0,f16,f16,0,1
64,1536,512,64,0,f16,f16,0,1
64,3072,512,64,0,f16,f16,0,1
64,4096,512,64,0,f16,f16,0,1
64,4608,512,64,0,f16,f16,0,1
64,7168,512,64,0,f16,f16,0,1
64,576,1536,64,0,f16,f16,0,1
64,1536,1536,64,0,f16,f16,0,1
64,3072,1536,64,0,f16,f16,0,1
64,4096,1536,64,0,f16,f16,0,1
64,4608,1536,64,0,f16,f16,0,1
64,7168,1536,64,0,f16,f16,0,1
64,512,2048,64,0,f16,f16,0,1
64,1536,2048,64,0,f16,f16,0,1
64,3072,2048,64,0,f16,f16,0,1
64,4096,2048,64,0,f16,f16,0,1
64,4608,2048,64,0,f16,f16,0,1
64,7168,2048,64,0,f16,f16,0,1
64,512,2304,64,0,f16,f16,0,1
64,1536,2304,64,0,f16,f16,0,1
64,3072,2304,64,0,f16,f16,0,1
64,4096,2304,64,0,f16,f16,0,1
64,4608,2304,64,0,f16,f16,0,1
64,7168,2304,64,0,f16,f16,0,1
64,512,7168,64,0,f16,f16,0,1
64,1536,7168,64,0,f16,f16,0,1
64,3072,7168,64,0,f16,f16,0,1
64,4096,7168,64,0,f16,f16,0,1
64,4608,7168,64,0,f16,f16,0,1
64,7168,7168,64,0,f16,f16,0,1
65,576,256,64,0,f16,f16,0,1
65,1536,256,64,0,f16,f16,0,1
65,3072,256,64,0,f16,f16,0,1
65,4096,256,64,0,f16,f16,0,1
65,4608,256,64,0,f16,f16,0,1
65,7168,256,64,0,f16,f16,0,1
65,576,512,64,0,f16,f16,0,1
65,1536,512,64,0,f16,f16,0,1
65,3072,512,64,0,f16,f16,0,1
65,4096,512,64,0,f16,f16,0,1
65,4608,512,64,0,f16,f16,0,1
65,7168,512,64,0,f16,f16,0,1
65,576,1536,64,0,f16,f16,0,1
65,1536,1536,64,0,f16,f16,0,1
65,3072,1536,64,0,f16,f16,0,1
65,4096,1536,64,0,f16,f16,0,1
65,4608,1536,64,0,f16,f16,0,1
65,7168,1536,64,0,f16,f16,0,1
65,512,2048,64,0,f16,f16,0,1
65,1536,2048,64,0,f16,f16,0,1
65,3072,2048,64,0,f16,f16,0,1
65,4096,2048,64,0,f16,f16,0,1
65,4608,2048,64,0,f16,f16,0,1
65,7168,2048,64,0,f16,f16,0,1
65,512,2304,64,0,f16,f16,0,1
65,1536,2304,64,0,f16,f16,0,1
65,3072,2304,64,0,f16,f16,0,1
65,4096,2304,64,0,f16,f16,0,1
65,4608,2304,64,0,f16,f16,0,1
65,7168,2304,64,0,f16,f16,0,1
65,512,7168,64,0,f16,f16,0,1
65,1536,7168,64,0,f16,f16,0,1
65,3072,7168,64,0,f16,f16,0,1
65,4096,7168,64,0,f16,f16,0,1
65,4608,7168,64,0,f16,f16,0,1
65,7168,7168,64,0,f16,f16,0,1
66,576,256,64,0,f16,f16,0,1
66,1536,256,64,0,f16,f16,0,1
66,3072,256,64,0,f16,f16,0,1
66,4096,256,64,0,f16,f16,0,1
66,4608,256,64,0,f16,f16,0,1
66,7168,256,64,0,f16,f16,0,1
66,576,512,64,0,f16,f16,0,1
66,1536,512,64,0,f16,f16,0,1
66,3072,512,64,0,f16,f16,0,1
66,4096,512,64,0,f16,f16,0,1
66,4608,512,64,0,f16,f16,0,1
66,7168,512,64,0,f16,f16,0,1
66,576,1536,64,0,f16,f16,0,1
66,1536,1536,64,0,f16,f16,0,1
66,3072,1536,64,0,f16,f16,0,1
66,4096,1536,64,0,f16,f16,0,1
66,4608,1536,64,0,f16,f16,0,1
66,7168,1536,64,0,f16,f16,0,1
66,512,2048,64,0,f16,f16,0,1
66,1536,2048,64,0,f16,f16,0,1
66,3072,2048,64,0,f16,f16,0,1
66,4096,2048,64,0,f16,f16,0,1
66,4608,2048,64,0,f16,f16,0,1
66,7168,2048,64,0,f16,f16,0,1
66,512,2304,64,0,f16,f16,0,1
66,1536,2304,64,0,f16,f16,0,1
66,3072,2304,64,0,f16,f16,0,1
66,4096,2304,64,0,f16,f16,0,1
66,4608,2304,64,0,f16,f16,0,1
66,7168,2304,64,0,f16,f16,0,1
66,512,7168,64,0,f16,f16,0,1
66,1536,7168,64,0,f16,f16,0,1
66,3072,7168,64,0,f16,f16,0,1
66,4096,7168,64,0,f16,f16,0,1
66,4608,7168,64,0,f16,f16,0,1
66,7168,7168,64,0,f16,f16,0,1
67,576,256,64,0,f16,f16,0,1
67,1536,256,64,0,f16,f16,0,1
67,3072,256,64,0,f16,f16,0,1
67,4096,256,64,0,f16,f16,0,1
67,4608,256,64,0,f16,f16,0,1
67,7168,256,64,0,f16,f16,0,1
67,576,512,64,0,f16,f16,0,1
67,1536,512,64,0,f16,f16,0,1
67,3072,512,64,0,f16,f16,0,1
67,4096,512,64,0,f16,f16,0,1
67,4608,512,64,0,f16,f16,0,1
67,7168,512,64,0,f16,f16,0,1
67,576,1536,64,0,f16,f16,0,1
67,1536,1536,64,0,f16,f16,0,1
67,3072,1536,64,0,f16,f16,0,1
67,4096,1536,64,0,f16,f16,0,1
67,4608,1536,64,0,f16,f16,0,1
67,7168,1536,64,0,f16,f16,0,1
67,512,2048,64,0,f16,f16,0,1
67,1536,2048,64,0,f16,f16,0,1
67,3072,2048,64,0,f16,f16,0,1
67,4096,2048,64,0,f16,f16,0,1
67,4608,2048,64,0,f16,f16,0,1
67,7168,2048,64,0,f16,f16,0,1
67,512,2304,64,0,f16,f16,0,1
67,1536,2304,64,0,f16,f16,0,1
67,3072,2304,64,0,f16,f16,0,1
67,4096,2304,64,0,f16,f16,0,1
67,4608,2304,64,0,f16,f16,0,1
67,7168,2304,64,0,f16,f16,0,1
67,512,7168,64,0,f16,f16,0,1
67,1536,7168,64,0,f16,f16,0,1
67,3072,7168,64,0,f16,f16,0,1
67,4096,7168,64,0,f16,f16,0,1
67,4608,7168,64,0,f16,f16,0,1
67,7168,7168,64,0,f16,f16,0,1
68,576,256,64,0,f16,f16,0,1
68,1536,256,64,0,f16,f16,0,1
68,3072,256,64,0,f16,f16,0,1
68,4096,256,64,0,f16,f16,0,1
68,4608,256,64,0,f16,f16,0,1
68,7168,256,64,0,f16,f16,0,1
68,576,512,64,0,f16,f16,0,1
68,1536,512,64,0,f16,f16,0,1
68,3072,512,64,0,f16,f16,0,1
68,4096,512,64,0,f16,f16,0,1
68,4608,512,64,0,f16,f16,0,1
68,7168,512,64,0,f16,f16,0,1
68,576,1536,64,0,f16,f16,0,1
68,1536,1536,64,0,f16,f16,0,1
68,3072,1536,64,0,f16,f16,0,1
68,4096,1536,64,0,f16,f16,0,1
68,4608,1536,64,0,f16,f16,0,1
68,7168,1536,64,0,f16,f16,0,1
68,512,2048,64,0,f16,f16,0,1
68,1536,2048,64,0,f16,f16,0,1
68,3072,2048,64,0,f16,f16,0,1
68,4096,2048,64,0,f16,f16,0,1
68,4608,2048,64,0,f16,f16,0,1
68,7168,2048,64,0,f16,f16,0,1
68,512,2304,64,0,f16,f16,0,1
68,1536,2304,64,0,f16,f16,0,1
68,3072,2304,64,0,f16,f16,0,1
68,4096,2304,64,0,f16,f16,0,1
68,4608,2304,64,0,f16,f16,0,1
68,7168,2304,64,0,f16,f16,0,1
68,512,7168,64,0,f16,f16,0,1
68,1536,7168,64,0,f16,f16,0,1
68,3072,7168,64,0,f16,f16,0,1
68,4096,7168,64,0,f16,f16,0,1
68,4608,7168,64,0,f16,f16,0,1
68,7168,7168,64,0,f16,f16,0,1
69,576,256,64,0,f16,f16,0,1
69,1536,256,64,0,f16,f16,0,1
69,3072,256,64,0,f16,f16,0,1
69,4096,256,64,0,f16,f16,0,1
69,4608,256,64,0,f16,f16,0,1
69,7168,256,64,0,f16,f16,0,1
69,576,512,64,0,f16,f16,0,1
69,1536,512,64,0,f16,f16,0,1
69,3072,512,64,0,f16,f16,0,1
69,4096,512,64,0,f16,f16,0,1
69,4608,512,64,0,f16,f16,0,1
69,7168,512,64,0,f16,f16,0,1
69,576,1536,64,0,f16,f16,0,1
69,1536,1536,64,0,f16,f16,0,1
69,3072,1536,64,0,f16,f16,0,1
69,4096,1536,64,0,f16,f16,0,1
69,4608,1536,64,0,f16,f16,0,1
69,7168,1536,64,0,f16,f16,0,1
69,512,2048,64,0,f16,f16,0,1
69,1536,2048,64,0,f16,f16,0,1
69,3072,2048,64,0,f16,f16,0,1
69,4096,2048,64,0,f16,f16,0,1
69,4608,2048,64,0,f16,f16,0,1
69,7168,2048,64,0,f16,f16,0,1
69,512,2304,64,0,f16,f16,0,1
69,1536,2304,64,0,f16,f16,0,1
69,3072,2304,64,0,f16,f16,0,1
69,4096,2304,64,0,f16,f16,0,1
69,4608,2304,64,0,f16,f16,0,1
69,7168,2304,64,0,f16,f16,0,1
69,512,7168,64,0,f16,f16,0,1
69,1536,7168,64,0,f16,f16,0,1
69,3072,7168,64,0,f16,f16,0,1
69,4096,7168,64,0,f16,f16,0,1
69,4608,7168,64,0,f16,f16,0,1
69,7168,7168,64,0,f16,f16,0,1
70,576,256,64,0,f16,f16,0,1
70,1536,256,64,0,f16,f16,0,1
70,3072,256,64,0,f16,f16,0,1
70,4096,256,64,0,f16,f16,0,1
70,4608,256,64,0,f16,f16,0,1
70,7168,256,64,0,f16,f16,0,1
70,576,512,64,0,f16,f16,0,1
70,1536,512,64,0,f16,f16,0,1
70,3072,512,64,0,f16,f16,0,1
70,4096,512,64,0,f16,f16,0,1
70,4608,512,64,0,f16,f16,0,1
70,7168,512,64,0,f16,f16,0,1
70,576,1536,64,0,f16,f16,0,1
70,1536,1536,64,0,f16,f16,0,1
70,3072,1536,64,0,f16,f16,0,1
70,4096,1536,64,0,f16,f16,0,1
70,4608,1536,64,0,f16,f16,0,1
70,7168,1536,64,0,f16,f16,0,1
70,512,2048,64,0,f16,f16,0,1
70,1536,2048,64,0,f16,f16,0,1
70,3072,2048,64,0,f16,f16,0,1
70,4096,2048,64,0,f16,f16,0,1
70,4608,2048,64,0,f16,f16,0,1
70,7168,2048,64,0,f16,f16,0,1
70,512,2304,64,0,f16,f16,0,1
70,1536,2304,64,0,f16,f16,0,1
70,3072,2304,64,0,f16,f16,0,1
70,4096,2304,64,0,f16,f16,0,1
70,4608,2304,64,0,f16,f16,0,1
70,7168,2304,64,0,f16,f16,0,1
70,512,7168,64,0,f16,f16,0,1
70,1536,7168,64,0,f16,f16,0,1
70,3072,7168,64,0,f16,f16,0,1
70,4096,7168,64,0,f16,f16,0,1
70,4608,7168,64,0,f16,f16,0,1
70,7168,7168,64,0,f16,f16,0,1
71,576,256,64,0,f16,f16,0,1
71,1536,256,64,0,f16,f16,0,1
71,3072,256,64,0,f16,f16,0,1
71,4096,256,64,0,f16,f16,0,1
71,4608,256,64,0,f16,f16,0,1
71,7168,256,64,0,f16,f16,0,1
71,576,512,64,0,f16,f16,0,1
71,1536,512,64,0,f16,f16,0,1
71,3072,512,64,0,f16,f16,0,1
71,4096,512,64,0,f16,f16,0,1
71,4608,512,64,0,f16,f16,0,1
71,7168,512,64,0,f16,f16,0,1
71,576,1536,64,0,f16,f16,0,1
71,1536,1536,64,0,f16,f16,0,1
71,3072,1536,64,0,f16,f16,0,1
71,4096,1536,64,0,f16,f16,0,1
71,4608,1536,64,0,f16,f16,0,1
71,7168,1536,64,0,f16,f16,0,1
71,512,2048,64,0,f16,f16,0,1
71,1536,2048,64,0,f16,f16,0,1
71,3072,2048,64,0,f16,f16,0,1
71,4096,2048,64,0,f16,f16,0,1
71,4608,2048,64,0,f16,f16,0,1
71,7168,2048,64,0,f16,f16,0,1
71,512,2304,64,0,f16,f16,0,1
71,1536,2304,64,0,f16,f16,0,1
71,3072,2304,64,0,f16,f16,0,1
71,4096,2304,64,0,f16,f16,0,1
71,4608,2304,64,0,f16,f16,0,1
71,7168,2304,64,0,f16,f16,0,1
71,512,7168,64,0,f16,f16,0,1
71,1536,7168,64,0,f16,f16,0,1
71,3072,7168,64,0,f16,f16,0,1
71,4096,7168,64,0,f16,f16,0,1
71,4608,7168,64,0,f16,f16,0,1
71,7168,7168,64,0,f16,f16,0,1
72,576,256,64,0,f16,f16,0,1
72,1536,256,64,0,f16,f16,0,1
72,3072,256,64,0,f16,f16,0,1
72,4096,256,64,0,f16,f16,0,1
72,4608,256,64,0,f16,f16,0,1
72,7168,256,64,0,f16,f16,0,1
72,576,512,64,0,f16,f16,0,1
72,1536,512,64,0,f16,f16,0,1
72,3072,512,64,0,f16,f16,0,1
72,4096,512,64,0,f16,f16,0,1
72,4608,512,64,0,f16,f16,0,1
72,7168,512,64,0,f16,f16,0,1
72,576,1536,64,0,f16,f16,0,1
72,1536,1536,64,0,f16,f16,0,1
72,3072,1536,64,0,f16,f16,0,1
72,4096,1536,64,0,f16,f16,0,1
72,4608,1536,64,0,f16,f16,0,1
72,7168,1536,64,0,f16,f16,0,1
72,512,2048,64,0,f16,f16,0,1
72,1536,2048,64,0,f16,f16,0,1
72,3072,2048,64,0,f16,f16,0,1
72,4096,2048,64,0,f16,f16,0,1
72,4608,2048,64,0,f16,f16,0,1
72,7168,2048,64,0,f16,f16,0,1
72,512,2304,64,0,f16,f16,0,1
72,1536,2304,64,0,f16,f16,0,1
72,3072,2304,64,0,f16,f16,0,1
72,4096,2304,64,0,f16,f16,0,1
72,4608,2304,64,0,f16,f16,0,1
72,7168,2304,64,0,f16,f16,0,1
72,512,7168,64,0,f16,f16,0,1
72,1536,7168,64,0,f16,f16,0,1
72,3072,7168,64,0,f16,f16,0,1
72,4096,7168,64,0,f16,f16,0,1
72,4608,7168,64,0,f16,f16,0,1
72,7168,7168,64,0,f16,f16,0,1
73,576,256,64,0,f16,f16,0,1
73,1536,256,64,0,f16,f16,0,1
73,3072,256,64,0,f16,f16,0,1
73,4096,256,64,0,f16,f16,0,1
73,4608,256,64,0,f16,f16,0,1
73,7168,256,64,0,f16,f16,0,1
73,576,512,64,0,f16,f16,0,1
73,1536,512,64,0,f16,f16,0,1
73,3072,512,64,0,f16,f16,0,1
73,4096,512,64,0,f16,f16,0,1
73,4608,512,64,0,f16,f16,0,1
73,7168,512,64,0,f16,f16,0,1
73,576,1536,64,0,f16,f16,0,1
73,1536,1536,64,0,f16,f16,0,1
73,3072,1536,64,0,f16,f16,0,1
73,4096,1536,64,0,f16,f16,0,1
73,4608,1536,64,0,f16,f16,0,1
73,7168,1536,64,0,f16,f16,0,1
73,512,2048,64,0,f16,f16,0,1
73,1536,2048,64,0,f16,f16,0,1
73,3072,2048,64,0,f16,f16,0,1
73,4096,2048,64,0,f16,f16,0,1
73,4608,2048,64,0,f16,f16,0,1
73,7168,2048,64,0,f16,f16,0,1
73,512,2304,64,0,f16,f16,0,1
73,1536,2304,64,0,f16,f16,0,1
73,3072,2304,64,0,f16,f16,0,1
73,4096,2304,64,0,f16,f16,0,1
73,4608,2304,64,0,f16,f16,0,1
73,7168,2304,64,0,f16,f16,0,1
73,512,7168,64,0,f16,f16,0,1
73,1536,7168,64,0,f16,f16,0,1
73,3072,7168,64,0,f16,f16,0,1
73,4096,7168,64,0,f16,f16,0,1
73,4608,7168,64,0,f16,f16,0,1
73,7168,7168,64,0,f16,f16,0,1
74,576,256,64,0,f16,f16,0,1
74,1536,256,64,0,f16,f16,0,1
74,3072,256,64,0,f16,f16,0,1
74,4096,256,64,0,f16,f16,0,1
74,4608,256,64,0,f16,f16,0,1
74,7168,256,64,0,f16,f16,0,1
74,576,512,64,0,f16,f16,0,1
74,1536,512,64,0,f16,f16,0,1
74,3072,512,64,0,f16,f16,0,1
74,4096,512,64,0,f16,f16,0,1
74,4608,512,64,0,f16,f16,0,1
74,7168,512,64,0,f16,f16,0,1
74,576,1536,64,0,f16,f16,0,1
74,1536,1536,64,0,f16,f16,0,1
74,3072,1536,64,0,f16,f16,0,1
74,4096,1536,64,0,f16,f16,0,1
74,4608,1536,64,0,f16,f16,0,1
74,7168,1536,64,0,f16,f16,0,1
74,512,2048,64,0,f16,f16,0,1
74,1536,2048,64,0,f16,f16,0,1
74,3072,2048,64,0,f16,f16,0,1
74,4096,2048,64,0,f16,f16,0,1
74,4608,2048,64,0,f16,f16,0,1
74,7168,2048,64,0,f16,f16,0,1
74,512,2304,64,0,f16,f16,0,1
74,1536,2304,64,0,f16,f16,0,1
74,3072,2304,64,0,f16,f16,0,1
74,4096,2304,64,0,f16,f16,0,1
74,4608,2304,64,0,f16,f16,0,1
74,7168,2304,64,0,f16,f16,0,1
74,512,7168,64,0,f16,f16,0,1
74,1536,7168,64,0,f16,f16,0,1
74,3072,7168,64,0,f16,f16,0,1
74,4096,7168,64,0,f16,f16,0,1
74,4608,7168,64,0,f16,f16,0,1
74,7168,7168,64,0,f16,f16,0,1
75,576,256,64,0,f16,f16,0,1
75,1536,256,64,0,f16,f16,0,1
75,3072,256,64,0,f16,f16,0,1
75,4096,256,64,0,f16,f16,0,1
75,4608,256,64,0,f16,f16,0,1
75,7168,256,64,0,f16,f16,0,1
75,576,512,64,0,f16,f16,0,1
75,1536,512,64,0,f16,f16,0,1
75,3072,512,64,0,f16,f16,0,1
75,4096,512,64,0,f16,f16,0,1
75,4608,512,64,0,f16,f16,0,1
75,7168,512,64,0,f16,f16,0,1
75,576,1536,64,0,f16,f16,0,1
75,1536,1536,64,0,f16,f16,0,1
75,3072,1536,64,0,f16,f16,0,1
75,4096,1536,64,0,f16,f16,0,1
75,4608,1536,64,0,f16,f16,0,1
75,7168,1536,64,0,f16,f16,0,1
75,512,2048,64,0,f16,f16,0,1
75,1536,2048,64,0,f16,f16,0,1
75,3072,2048,64,0,f16,f16,0,1
75,4096,2048,64,0,f16,f16,0,1
75,4608,2048,64,0,f16,f16,0,1
75,7168,2048,64,0,f16,f16,0,1
75,512,2304,64,0,f16,f16,0,1
75,1536,2304,64,0,f16,f16,0,1
75,3072,2304,64,0,f16,f16,0,1
75,4096,2304,64,0,f16,f16,0,1
75,4608,2304,64,0,f16,f16,0,1
75,7168,2304,64,0,f16,f16,0,1
75,512,7168,64,0,f16,f16,0,1
75,1536,7168,64,0,f16,f16,0,1
75,3072,7168,64,0,f16,f16,0,1
75,4096,7168,64,0,f16,f16,0,1
75,4608,7168,64,0,f16,f16,0,1
75,7168,7168,64,0,f16,f16,0,1
76,576,256,64,0,f16,f16,0,1
76,1536,256,64,0,f16,f16,0,1
76,3072,256,64,0,f16,f16,0,1
76,4096,256,64,0,f16,f16,0,1
76,4608,256,64,0,f16,f16,0,1
76,7168,256,64,0,f16,f16,0,1
76,576,512,64,0,f16,f16,0,1
76,1536,512,64,0,f16,f16,0,1
76,3072,512,64,0,f16,f16,0,1
76,4096,512,64,0,f16,f16,0,1
76,4608,512,64,0,f16,f16,0,1
76,7168,512,64,0,f16,f16,0,1
76,576,1536,64,0,f16,f16,0,1
76,1536,1536,64,0,f16,f16,0,1
76,3072,1536,64,0,f16,f16,0,1
76,4096,1536,64,0,f16,f16,0,1
76,4608,1536,64,0,f16,f16,0,1
76,7168,1536,64,0,f16,f16,0,1
76,512,2048,64,0,f16,f16,0,1
76,1536,2048,64,0,f16,f16,0,1
76,3072,2048,64,0,f16,f16,0,1
76,4096,2048,64,0,f16,f16,0,1
76,4608,2048,64,0,f16,f16,0,1
76,7168,2048,64,0,f16,f16,0,1
76,512,2304,64,0,f16,f16,0,1
76,1536,2304,64,0,f16,f16,0,1
76,3072,2304,64,0,f16,f16,0,1
76,4096,2304,64,0,f16,f16,0,1
76,4608,2304,64,0,f16,f16,0,1
76,7168,2304,64,0,f16,f16,0,1
76,512,7168,64,0,f16,f16,0,1
76,1536,7168,64,0,f16,f16,0,1
76,3072,7168,64,0,f16,f16,0,1
76,4096,7168,64,0,f16,f16,0,1
76,4608,7168,64,0,f16,f16,0,1
76,7168,7168,64,0,f16,f16,0,1
77,576,256,64,0,f16,f16,0,1
77,1536,256,64,0,f16,f16,0,1
77,3072,256,64,0,f16,f16,0,1
77,4096,256,64,0,f16,f16,0,1
77,4608,256,64,0,f16,f16,0,1
77,7168,256,64,0,f16,f16,0,1
77,576,512,64,0,f16,f16,0,1
77,1536,512,64,0,f16,f16,0,1
77,3072,512,64,0,f16,f16,0,1
77,4096,512,64,0,f16,f16,0,1
77,4608,512,64,0,f16,f16,0,1
77,7168,512,64,0,f16,f16,0,1
77,576,1536,64,0,f16,f16,0,1
77,1536,1536,64,0,f16,f16,0,1
77,3072,1536,64,0,f16,f16,0,1
77,4096,1536,64,0,f16,f16,0,1
77,4608,1536,64,0,f16,f16,0,1
77,7168,1536,64,0,f16,f16,0,1
77,512,2048,64,0,f16,f16,0,1
77,1536,2048,64,0,f16,f16,0,1
77,3072,2048,64,0,f16,f16,0,1
77,4096,2048,64,0,f16,f16,0,1
77,4608,2048,64,0,f16,f16,0,1
77,7168,2048,64,0,f16,f16,0,1
77,512,2304,64,0,f16,f16,0,1
77,1536,2304,64,0,f16,f16,0,1
77,3072,2304,64,0,f16,f16,0,1
77,4096,2304,64,0,f16,f16,0,1
77,4608,2304,64,0,f16,f16,0,1
77,7168,2304,64,0,f16,f16,0,1
77,512,7168,64,0,f16,f16,0,1
77,1536,7168,64,0,f16,f16,0,1
77,3072,7168,64,0,f16,f16,0,1
77,4096,7168,64,0,f16,f16,0,1
77,4608,7168,64,0,f16,f16,0,1
77,7168,7168,64,0,f16,f16,0,1
78,576,256,64,0,f16,f16,0,1
78,1536,256,64,0,f16,f16,0,1
78,3072,256,64,0,f16,f16,0,1
78,4096,256,64,0,f16,f16,0,1
78,4608,256,64,0,f16,f16,0,1
78,7168,256,64,0,f16,f16,0,1
78,576,512,64,0,f16,f16,0,1
78,1536,512,64,0,f16,f16,0,1
78,3072,512,64,0,f16,f16,0,1
78,4096,512,64,0,f16,f16,0,1
78,4608,512,64,0,f16,f16,0,1
78,7168,512,64,0,f16,f16,0,1
78,576,1536,64,0,f16,f16,0,1
78,1536,1536,64,0,f16,f16,0,1
78,3072,1536,64,0,f16,f16,0,1
78,4096,1536,64,0,f16,f16,0,1
78,4608,1536,64,0,f16,f16,0,1
78,7168,1536,64,0,f16,f16,0,1
78,512,2048,64,0,f16,f16,0,1
78,1536,2048,64,0,f16,f16,0,1
78,3072,2048,64,0,f16,f16,0,1
78,4096,2048,64,0,f16,f16,0,1
78,4608,2048,64,0,f16,f16,0,1
78,7168,2048,64,0,f16,f16,0,1
78,512,2304,64,0,f16,f16,0,1
78,1536,2304,64,0,f16,f16,0,1
78,3072,2304,64,0,f16,f16,0,1
78,4096,2304,64,0,f16,f16,0,1
78,4608,2304,64,0,f16,f16,0,1
78,7168,2304,64,0,f16,f16,0,1
78,512,7168,64,0,f16,f16,0,1
78,1536,7168,64,0,f16,f16,0,1
78,3072,7168,64,0,f16,f16,0,1
78,4096,7168,64,0,f16,f16,0,1
78,4608,7168,64,0,f16,f16,0,1
78,7168,7168,64,0,f16,f16,0,1
79,576,256,64,0,f16,f16,0,1
79,1536,256,64,0,f16,f16,0,1
79,3072,256,64,0,f16,f16,0,1
79,4096,256,64,0,f16,f16,0,1
79,4608,256,64,0,f16,f16,0,1
79,7168,256,64,0,f16,f16,0,1
79,576,512,64,0,f16,f16,0,1
79,1536,512,64,0,f16,f16,0,1
79,3072,512,64,0,f16,f16,0,1
79,4096,512,64,0,f16,f16,0,1
79,4608,512,64,0,f16,f16,0,1
79,7168,512,64,0,f16,f16,0,1
79,576,1536,64,0,f16,f16,0,1
79,1536,1536,64,0,f16,f16,0,1
79,3072,1536,64,0,f16,f16,0,1
79,4096,1536,64,0,f16,f16,0,1
79,4608,1536,64,0,f16,f16,0,1
79,7168,1536,64,0,f16,f16,0,1
79,512,2048,64,0,f16,f16,0,1
79,1536,2048,64,0,f16,f16,0,1
79,3072,2048,64,0,f16,f16,0,1
79,4096,2048,64,0,f16,f16,0,1
79,4608,2048,64,0,f16,f16,0,1
79,7168,2048,64,0,f16,f16,0,1
79,512,2304,64,0,f16,f16,0,1
79,1536,2304,64,0,f16,f16,0,1
79,3072,2304,64,0,f16,f16,0,1
79,4096,2304,64,0,f16,f16,0,1
79,4608,2304,64,0,f16,f16,0,1
79,7168,2304,64,0,f16,f16,0,1
79,512,7168,64,0,f16,f16,0,1
79,1536,7168,64,0,f16,f16,0,1
79,3072,7168,64,0,f16,f16,0,1
79,4096,7168,64,0,f16,f16,0,1
79,4608,7168,64,0,f16,f16,0,1
79,7168,7168,64,0,f16,f16,0,1
80,576,256,64,0,f16,f16,0,1
80,1536,256,64,0,f16,f16,0,1
80,3072,256,64,0,f16,f16,0,1
80,4096,256,64,0,f16,f16,0,1
80,4608,256,64,0,f16,f16,0,1
80,7168,256,64,0,f16,f16,0,1
80,576,512,64,0,f16,f16,0,1
80,1536,512,64,0,f16,f16,0,1
80,3072,512,64,0,f16,f16,0,1
80,4096,512,64,0,f16,f16,0,1
80,4608,512,64,0,f16,f16,0,1
80,7168,512,64,0,f16,f16,0,1
80,576,1536,64,0,f16,f16,0,1
80,1536,1536,64,0,f16,f16,0,1
80,3072,1536,64,0,f16,f16,0,1
80,4096,1536,64,0,f16,f16,0,1
80,4608,1536,64,0,f16,f16,0,1
80,7168,1536,64,0,f16,f16,0,1
80,512,2048,64,0,f16,f16,0,1
80,1536,2048,64,0,f16,f16,0,1
80,3072,2048,64,0,f16,f16,0,1
80,4096,2048,64,0,f16,f16,0,1
80,4608,2048,64,0,f16,f16,0,1
80,7168,2048,64,0,f16,f16,0,1
80,512,2304,64,0,f16,f16,0,1
80,1536,2304,64,0,f16,f16,0,1
80,3072,2304,64,0,f16,f16,0,1
80,4096,2304,64,0,f16,f16,0,1
80,4608,2304,64,0,f16,f16,0,1
80,7168,2304,64,0,f16,f16,0,1
80,512,7168,64,0,f16,f16,0,1
80,1536,7168,64,0,f16,f16,0,1
80,3072,7168,64,0,f16,f16,0,1
80,4096,7168,64,0,f16,f16,0,1
80,4608,7168,64,0,f16,f16,0,1
80,7168,7168,64,0,f16,f16,0,1
81,576,256,64,0,f16,f16,0,1
81,1536,256,64,0,f16,f16,0,1
81,3072,256,64,0,f16,f16,0,1
81,4096,256,64,0,f16,f16,0,1
81,4608,256,64,0,f16,f16,0,1
81,7168,256,64,0,f16,f16,0,1
81,576,512,64,0,f16,f16,0,1
81,1536,512,64,0,f16,f16,0,1
81,3072,512,64,0,f16,f16,0,1
81,4096,512,64,0,f16,f16,0,1
81,4608,512,64,0,f16,f16,0,1
81,7168,512,64,0,f16,f16,0,1
81,576,1536,64,0,f16,f16,0,1
81,1536,1536,64,0,f16,f16,0,1
81,3072,1536,64,0,f16,f16,0,1
81,4096,1536,64,0,f16,f16,0,1
81,4608,1536,64,0,f16,f16,0,1
81,7168,1536,64,0,f16,f16,0,1
81,512,2048,64,0,f16,f16,0,1
81,1536,2048,64,0,f16,f16,0,1
81,3072,2048,64,0,f16,f16,0,1
81,4096,2048,64,0,f16,f16,0,1
81,4608,2048,64,0,f16,f16,0,1
81,7168,2048,64,0,f16,f16,0,1
81,512,2304,64,0,f16,f16,0,1
81,1536,2304,64,0,f16,f16,0,1
81,3072,2304,64,0,f16,f16,0,1
81,4096,2304,64,0,f16,f16,0,1
81,4608,2304,64,0,f16,f16,0,1
81,7168,2304,64,0,f16,f16,0,1
81,512,7168,64,0,f16,f16,0,1
81,1536,7168,64,0,f16,f16,0,1
81,3072,7168,64,0,f16,f16,0,1
81,4096,7168,64,0,f16,f16,0,1
81,4608,7168,64,0,f16,f16,0,1
81,7168,7168,64,0,f16,f16,0,1
82,576,256,64,0,f16,f16,0,1
82,1536,256,64,0,f16,f16,0,1
82,3072,256,64,0,f16,f16,0,1
82,4096,256,64,0,f16,f16,0,1
82,4608,256,64,0,f16,f16,0,1
82,7168,256,64,0,f16,f16,0,1
82,576,512,64,0,f16,f16,0,1
82,1536,512,64,0,f16,f16,0,1
82,3072,512,64,0,f16,f16,0,1
82,4096,512,64,0,f16,f16,0,1
82,4608,512,64,0,f16,f16,0,1
82,7168,512,64,0,f16,f16,0,1
82,576,1536,64,0,f16,f16,0,1
82,1536,1536,64,0,f16,f16,0,1
82,3072,1536,64,0,f16,f16,0,1
82,4096,1536,64,0,f16,f16,0,1
82,4608,1536,64,0,f16,f16,0,1
82,7168,1536,64,0,f16,f16,0,1
82,512,2048,64,0,f16,f16,0,1
82,1536,2048,64,0,f16,f16,0,1
82,3072,2048,64,0,f16,f16,0,1
82,4096,2048,64,0,f16,f16,0,1
82,4608,2048,64,0,f16,f16,0,1
82,7168,2048,64,0,f16,f16,0,1
82,512,2304,64,0,f16,f16,0,1
82,1536,2304,64,0,f16,f16,0,1
82,3072,2304,64,0,f16,f16,0,1
82,4096,2304,64,0,f16,f16,0,1
82,4608,2304,64,0,f16,f16,0,1
82,7168,2304,64,0,f16,f16,0,1
82,512,7168,64,0,f16,f16,0,1
82,1536,7168,64,0,f16,f16,0,1
82,3072,7168,64,0,f16,f16,0,1
82,4096,7168,64,0,f16,f16,0,1
82,4608,7168,64,0,f16,f16,0,1
82,7168,7168,64,0,f16,f16,0,1
83,576,256,64,0,f16,f16,0,1
83,1536,256,64,0,f16,f16,0,1
83,3072,256,64,0,f16,f16,0,1
83,4096,256,64,0,f16,f16,0,1
83,4608,256,64,0,f16,f16,0,1
83,7168,256,64,0,f16,f16,0,1
83,576,512,64,0,f16,f16,0,1
83,1536,512,64,0,f16,f16,0,1
83,3072,512,64,0,f16,f16,0,1
83,4096,512,64,0,f16,f16,0,1
83,4608,512,64,0,f16,f16,0,1
83,7168,512,64,0,f16,f16,0,1
83,576,1536,64,0,f16,f16,0,1
83,1536,1536,64,0,f16,f16,0,1
83,3072,1536,64,0,f16,f16,0,1
83,4096,1536,64,0,f16,f16,0,1
83,4608,1536,64,0,f16,f16,0,1
83,7168,1536,64,0,f16,f16,0,1
83,512,2048,64,0,f16,f16,0,1
83,1536,2048,64,0,f16,f16,0,1
83,3072,2048,64,0,f16,f16,0,1
83,4096,2048,64,0,f16,f16,0,1
83,4608,2048,64,0,f16,f16,0,1
83,7168,2048,64,0,f16,f16,0,1
83,512,2304,64,0,f16,f16,0,1
83,1536,2304,64,0,f16,f16,0,1
83,3072,2304,64,0,f16,f16,0,1
83,4096,2304,64,0,f16,f16,0,1
83,4608,2304,64,0,f16,f16,0,1
83,7168,2304,64,0,f16,f16,0,1
83,512,7168,64,0,f16,f16,0,1
83,1536,7168,64,0,f16,f16,0,1
83,3072,7168,64,0,f16,f16,0,1
83,4096,7168,64,0,f16,f16,0,1
83,4608,7168,64,0,f16,f16,0,1
83,7168,7168,64,0,f16,f16,0,1
84,576,256,64,0,f16,f16,0,1
84,1536,256,64,0,f16,f16,0,1
84,3072,256,64,0,f16,f16,0,1
84,4096,256,64,0,f16,f16,0,1
84,4608,256,64,0,f16,f16,0,1
84,7168,256,64,0,f16,f16,0,1
84,576,512,64,0,f16,f16,0,1
84,1536,512,64,0,f16,f16,0,1
84,3072,512,64,0,f16,f16,0,1
84,4096,512,64,0,f16,f16,0,1
84,4608,512,64,0,f16,f16,0,1
84,7168,512,64,0,f16,f16,0,1
84,576,1536,64,0,f16,f16,0,1
84,1536,1536,64,0,f16,f16,0,1
84,3072,1536,64,0,f16,f16,0,1
84,4096,1536,64,0,f16,f16,0,1
84,4608,1536,64,0,f16,f16,0,1
84,7168,1536,64,0,f16,f16,0,1
84,512,2048,64,0,f16,f16,0,1
84,1536,2048,64,0,f16,f16,0,1
84,3072,2048,64,0,f16,f16,0,1
84,4096,2048,64,0,f16,f16,0,1
84,4608,2048,64,0,f16,f16,0,1
84,7168,2048,64,0,f16,f16,0,1
84,512,2304,64,0,f16,f16,0,1
84,1536,2304,64,0,f16,f16,0,1
84,3072,2304,64,0,f16,f16,0,1
84,4096,2304,64,0,f16,f16,0,1
84,4608,2304,64,0,f16,f16,0,1
84,7168,2304,64,0,f16,f16,0,1
84,512,7168,64,0,f16,f16,0,1
84,1536,7168,64,0,f16,f16,0,1
84,3072,7168,64,0,f16,f16,0,1
84,4096,7168,64,0,f16,f16,0,1
84,4608,7168,64,0,f16,f16,0,1
84,7168,7168,64,0,f16,f16,0,1
85,576,256,64,0,f16,f16,0,1
85,1536,256,64,0,f16,f16,0,1
85,3072,256,64,0,f16,f16,0,1
85,4096,256,64,0,f16,f16,0,1
85,4608,256,64,0,f16,f16,0,1
85,7168,256,64,0,f16,f16,0,1
85,576,512,64,0,f16,f16,0,1
85,1536,512,64,0,f16,f16,0,1
85,3072,512,64,0,f16,f16,0,1
85,4096,512,64,0,f16,f16,0,1
85,4608,512,64,0,f16,f16,0,1
85,7168,512,64,0,f16,f16,0,1
85,576,1536,64,0,f16,f16,0,1
85,1536,1536,64,0,f16,f16,0,1
85,3072,1536,64,0,f16,f16,0,1
85,4096,1536,64,0,f16,f16,0,1
85,4608,1536,64,0,f16,f16,0,1
85,7168,1536,64,0,f16,f16,0,1
85,512,2048,64,0,f16,f16,0,1
85,1536,2048,64,0,f16,f16,0,1
85,3072,2048,64,0,f16,f16,0,1
85,4096,2048,64,0,f16,f16,0,1
85,4608,2048,64,0,f16,f16,0,1
85,7168,2048,64,0,f16,f16,0,1
85,512,2304,64,0,f16,f16,0,1
85,1536,2304,64,0,f16,f16,0,1
85,3072,2304,64,0,f16,f16,0,1
85,4096,2304,64,0,f16,f16,0,1
85,4608,2304,64,0,f16,f16,0,1
85,7168,2304,64,0,f16,f16,0,1
85,512,7168,64,0,f16,f16,0,1
85,1536,7168,64,0,f16,f16,0,1
85,3072,7168,64,0,f16,f16,0,1
85,4096,7168,64,0,f16,f16,0,1
85,4608,7168,64,0,f16,f16,0,1
85,7168,7168,64,0,f16,f16,0,1
86,576,256,64,0,f16,f16,0,1
86,1536,256,64,0,f16,f16,0,1
86,3072,256,64,0,f16,f16,0,1
86,4096,256,64,0,f16,f16,0,1
86,4608,256,64,0,f16,f16,0,1
86,7168,256,64,0,f16,f16,0,1
86,576,512,64,0,f16,f16,0,1
86,1536,512,64,0,f16,f16,0,1
86,3072,512,64,0,f16,f16,0,1
86,4096,512,64,0,f16,f16,0,1
86,4608,512,64,0,f16,f16,0,1
86,7168,512,64,0,f16,f16,0,1
86,576,1536,64,0,f16,f16,0,1
86,1536,1536,64,0,f16,f16,0,1
86,3072,1536,64,0,f16,f16,0,1
86,4096,1536,64,0,f16,f16,0,1
86,4608,1536,64,0,f16,f16,0,1
86,7168,1536,64,0,f16,f16,0,1
86,512,2048,64,0,f16,f16,0,1
86,1536,2048,64,0,f16,f16,0,1
86,3072,2048,64,0,f16,f16,0,1
86,4096,2048,64,0,f16,f16,0,1
86,4608,2048,64,0,f16,f16,0,1
86,7168,2048,64,0,f16,f16,0,1
86,512,2304,64,0,f16,f16,0,1
86,1536,2304,64,0,f16,f16,0,1
86,3072,2304,64,0,f16,f16,0,1
86,4096,2304,64,0,f16,f16,0,1
86,4608,2304,64,0,f16,f16,0,1
86,7168,2304,64,0,f16,f16,0,1
86,512,7168,64,0,f16,f16,0,1
86,1536,7168,64,0,f16,f16,0,1
86,3072,7168,64,0,f16,f16,0,1
86,4096,7168,64,0,f16,f16,0,1
86,4608,7168,64,0,f16,f16,0,1
86,7168,7168,64,0,f16,f16,0,1
87,576,256,64,0,f16,f16,0,1
87,1536,256,64,0,f16,f16,0,1
87,3072,256,64,0,f16,f16,0,1
87,4096,256,64,0,f16,f16,0,1
87,4608,256,64,0,f16,f16,0,1
87,7168,256,64,0,f16,f16,0,1
87,576,512,64,0,f16,f16,0,1
87,1536,512,64,0,f16,f16,0,1
87,3072,512,64,0,f16,f16,0,1
87,4096,512,64,0,f16,f16,0,1
87,4608,512,64,0,f16,f16,0,1
87,7168,512,64,0,f16,f16,0,1
87,576,1536,64,0,f16,f16,0,1
87,1536,1536,64,0,f16,f16,0,1
87,3072,1536,64,0,f16,f16,0,1
87,4096,1536,64,0,f16,f16,0,1
87,4608,1536,64,0,f16,f16,0,1
87,7168,1536,64,0,f16,f16,0,1
87,512,2048,64,0,f16,f16,0,1
87,1536,2048,64,0,f16,f16,0,1
87,3072,2048,64,0,f16,f16,0,1
87,4096,2048,64,0,f16,f16,0,1
87,4608,2048,64,0,f16,f16,0,1
87,7168,2048,64,0,f16,f16,0,1
87,512,2304,64,0,f16,f16,0,1
87,1536,2304,64,0,f16,f16,0,1
87,3072,2304,64,0,f16,f16,0,1
87,4096,2304,64,0,f16,f16,0,1
87,4608,2304,64,0,f16,f16,0,1
87,7168,2304,64,0,f16,f16,0,1
87,512,7168,64,0,f16,f16,0,1
87,1536,7168,64,0,f16,f16,0,1
87,3072,7168,64,0,f16,f16,0,1
87,4096,7168,64,0,f16,f16,0,1
87,4608,7168,64,0,f16,f16,0,1
87,7168,7168,64,0,f16,f16,0,1
88,576,256,64,0,f16,f16,0,1
88,1536,256,64,0,f16,f16,0,1
88,3072,256,64,0,f16,f16,0,1
88,4096,256,64,0,f16,f16,0,1
88,4608,256,64,0,f16,f16,0,1
88,7168,256,64,0,f16,f16,0,1
88,576,512,64,0,f16,f16,0,1
88,1536,512,64,0,f16,f16,0,1
88,3072,512,64,0,f16,f16,0,1
88,4096,512,64,0,f16,f16,0,1
88,4608,512,64,0,f16,f16,0,1
88,7168,512,64,0,f16,f16,0,1
88,576,1536,64,0,f16,f16,0,1
88,1536,1536,64,0,f16,f16,0,1
88,3072,1536,64,0,f16,f16,0,1
88,4096,1536,64,0,f16,f16,0,1
88,4608,1536,64,0,f16,f16,0,1
88,7168,1536,64,0,f16,f16,0,1
88,512,2048,64,0,f16,f16,0,1
88,1536,2048,64,0,f16,f16,0,1
88,3072,2048,64,0,f16,f16,0,1
88,4096,2048,64,0,f16,f16,0,1
88,4608,2048,64,0,f16,f16,0,1
88,7168,2048,64,0,f16,f16,0,1
88,512,2304,64,0,f16,f16,0,1
88,1536,2304,64,0,f16,f16,0,1
88,3072,2304,64,0,f16,f16,0,1
88,4096,2304,64,0,f16,f16,0,1
88,4608,2304,64,0,f16,f16,0,1
88,7168,2304,64,0,f16,f16,0,1
88,512,7168,64,0,f16,f16,0,1
88,1536,7168,64,0,f16,f16,0,1
88,3072,7168,64,0,f16,f16,0,1
88,4096,7168,64,0,f16,f16,0,1
88,4608,7168,64,0,f16,f16,0,1
88,7168,7168,64,0,f16,f16,0,1
89,576,256,64,0,f16,f16,0,1
89,1536,256,64,0,f16,f16,0,1
89,3072,256,64,0,f16,f16,0,1
89,4096,256,64,0,f16,f16,0,1
89,4608,256,64,0,f16,f16,0,1
89,7168,256,64,0,f16,f16,0,1
89,576,512,64,0,f16,f16,0,1
89,1536,512,64,0,f16,f16,0,1
89,3072,512,64,0,f16,f16,0,1
89,4096,512,64,0,f16,f16,0,1
89,4608,512,64,0,f16,f16,0,1
89,7168,512,64,0,f16,f16,0,1
89,576,1536,64,0,f16,f16,0,1
89,1536,1536,64,0,f16,f16,0,1
89,3072,1536,64,0,f16,f16,0,1
89,4096,1536,64,0,f16,f16,0,1
89,4608,1536,64,0,f16,f16,0,1
89,7168,1536,64,0,f16,f16,0,1
89,512,2048,64,0,f16,f16,0,1
89,1536,2048,64,0,f16,f16,0,1
89,3072,2048,64,0,f16,f16,0,1
89,4096,2048,64,0,f16,f16,0,1
89,4608,2048,64,0,f16,f16,0,1
89,7168,2048,64,0,f16,f16,0,1
89,512,2304,64,0,f16,f16,0,1
89,1536,2304,64,0,f16,f16,0,1
89,3072,2304,64,0,f16,f16,0,1
89,4096,2304,64,0,f16,f16,0,1
89,4608,2304,64,0,f16,f16,0,1
89,7168,2304,64,0,f16,f16,0,1
89,512,7168,64,0,f16,f16,0,1
89,1536,7168,64,0,f16,f16,0,1
89,3072,7168,64,0,f16,f16,0,1
89,4096,7168,64,0,f16,f16,0,1
89,4608,7168,64,0,f16,f16,0,1
89,7168,7168,64,0,f16,f16,0,1
90,576,256,64,0,f16,f16,0,1
90,1536,256,64,0,f16,f16,0,1
90,3072,256,64,0,f16,f16,0,1
90,4096,256,64,0,f16,f16,0,1
90,4608,256,64,0,f16,f16,0,1
90,7168,256,64,0,f16,f16,0,1
90,576,512,64,0,f16,f16,0,1
90,1536,512,64,0,f16,f16,0,1
90,3072,512,64,0,f16,f16,0,1
90,4096,512,64,0,f16,f16,0,1
90,4608,512,64,0,f16,f16,0,1
90,7168,512,64,0,f16,f16,0,1
90,576,1536,64,0,f16,f16,0,1
90,1536,1536,64,0,f16,f16,0,1
90,3072,1536,64,0,f16,f16,0,1
90,4096,1536,64,0,f16,f16,0,1
90,4608,1536,64,0,f16,f16,0,1
90,7168,1536,64,0,f16,f16,0,1
90,512,2048,64,0,f16,f16,0,1
90,1536,2048,64,0,f16,f16,0,1
90,3072,2048,64,0,f16,f16,0,1
90,4096,2048,64,0,f16,f16,0,1
90,4608,2048,64,0,f16,f16,0,1
90,7168,2048,64,0,f16,f16,0,1
90,512,2304,64,0,f16,f16,0,1
90,1536,2304,64,0,f16,f16,0,1
90,3072,2304,64,0,f16,f16,0,1
90,4096,2304,64,0,f16,f16,0,1
90,4608,2304,64,0,f16,f16,0,1
90,7168,2304,64,0,f16,f16,0,1
90,512,7168,64,0,f16,f16,0,1
90,1536,7168,64,0,f16,f16,0,1
90,3072,7168,64,0,f16,f16,0,1
90,4096,7168,64,0,f16,f16,0,1
90,4608,7168,64,0,f16,f16,0,1
90,7168,7168,64,0,f16,f16,0,1
91,576,256,64,0,f16,f16,0,1
91,1536,256,64,0,f16,f16,0,1
91,3072,256,64,0,f16,f16,0,1
91,4096,256,64,0,f16,f16,0,1
91,4608,256,64,0,f16,f16,0,1
91,7168,256,64,0,f16,f16,0,1
91,576,512,64,0,f16,f16,0,1
91,1536,512,64,0,f16,f16,0,1
91,3072,512,64,0,f16,f16,0,1
91,4096,512,64,0,f16,f16,0,1
91,4608,512,64,0,f16,f16,0,1
91,7168,512,64,0,f16,f16,0,1
91,576,1536,64,0,f16,f16,0,1
91,1536,1536,64,0,f16,f16,0,1
91,3072,1536,64,0,f16,f16,0,1
91,4096,1536,64,0,f16,f16,0,1
91,4608,1536,64,0,f16,f16,0,1
91,7168,1536,64,0,f16,f16,0,1
91,512,2048,64,0,f16,f16,0,1
91,1536,2048,64,0,f16,f16,0,1
91,3072,2048,64,0,f16,f16,0,1
91,4096,2048,64,0,f16,f16,0,1
91,4608,2048,64,0,f16,f16,0,1
91,7168,2048,64,0,f16,f16,0,1
91,512,2304,64,0,f16,f16,0,1
91,1536,2304,64,0,f16,f16,0,1
91,3072,2304,64,0,f16,f16,0,1
91,4096,2304,64,0,f16,f16,0,1
91,4608,2304,64,0,f16,f16,0,1
91,7168,2304,64,0,f16,f16,0,1
91,512,7168,64,0,f16,f16,0,1
91,1536,7168,64,0,f16,f16,0,1
91,3072,7168,64,0,f16,f16,0,1
91,4096,7168,64,0,f16,f16,0,1
91,4608,7168,64,0,f16,f16,0,1
91,7168,7168,64,0,f16,f16,0,1
92,576,256,64,0,f16,f16,0,1
92,1536,256,64,0,f16,f16,0,1
92,3072,256,64,0,f16,f16,0,1
92,4096,256,64,0,f16,f16,0,1
92,4608,256,64,0,f16,f16,0,1
92,7168,256,64,0,f16,f16,0,1
92,576,512,64,0,f16,f16,0,1
92,1536,512,64,0,f16,f16,0,1
92,3072,512,64,0,f16,f16,0,1
92,4096,512,64,0,f16,f16,0,1
92,4608,512,64,0,f16,f16,0,1
92,7168,512,64,0,f16,f16,0,1
92,576,1536,64,0,f16,f16,0,1
92,1536,1536,64,0,f16,f16,0,1
92,3072,1536,64,0,f16,f16,0,1
92,4096,1536,64,0,f16,f16,0,1
92,4608,1536,64,0,f16,f16,0,1
92,7168,1536,64,0,f16,f16,0,1
92,512,2048,64,0,f16,f16,0,1
92,1536,2048,64,0,f16,f16,0,1
92,3072,2048,64,0,f16,f16,0,1
92,4096,2048,64,0,f16,f16,0,1
92,4608,2048,64,0,f16,f16,0,1
92,7168,2048,64,0,f16,f16,0,1
92,512,2304,64,0,f16,f16,0,1
92,1536,2304,64,0,f16,f16,0,1
92,3072,2304,64,0,f16,f16,0,1
92,4096,2304,64,0,f16,f16,0,1
92,4608,2304,64,0,f16,f16,0,1
92,7168,2304,64,0,f16,f16,0,1
92,512,7168,64,0,f16,f16,0,1
92,1536,7168,64,0,f16,f16,0,1
92,3072,7168,64,0,f16,f16,0,1
92,4096,7168,64,0,f16,f16,0,1
92,4608,7168,64,0,f16,f16,0,1
92,7168,7168,64,0,f16,f16,0,1
93,576,256,64,0,f16,f16,0,1
93,1536,256,64,0,f16,f16,0,1
93,3072,256,64,0,f16,f16,0,1
93,4096,256,64,0,f16,f16,0,1
93,4608,256,64,0,f16,f16,0,1
93,7168,256,64,0,f16,f16,0,1
93,576,512,64,0,f16,f16,0,1
93,1536,512,64,0,f16,f16,0,1
93,3072,512,64,0,f16,f16,0,1
93,4096,512,64,0,f16,f16,0,1
93,4608,512,64,0,f16,f16,0,1
93,7168,512,64,0,f16,f16,0,1
93,576,1536,64,0,f16,f16,0,1
93,1536,1536,64,0,f16,f16,0,1
93,3072,1536,64,0,f16,f16,0,1
93,4096,1536,64,0,f16,f16,0,1
93,4608,1536,64,0,f16,f16,0,1
93,7168,1536,64,0,f16,f16,0,1
93,512,2048,64,0,f16,f16,0,1
93,1536,2048,64,0,f16,f16,0,1
93,3072,2048,64,0,f16,f16,0,1
93,4096,2048,64,0,f16,f16,0,1
93,4608,2048,64,0,f16,f16,0,1
93,7168,2048,64,0,f16,f16,0,1
93,512,2304,64,0,f16,f16,0,1
93,1536,2304,64,0,f16,f16,0,1
93,3072,2304,64,0,f16,f16,0,1
93,4096,2304,64,0,f16,f16,0,1
93,4608,2304,64,0,f16,f16,0,1
93,7168,2304,64,0,f16,f16,0,1
93,512,7168,64,0,f16,f16,0,1
93,1536,7168,64,0,f16,f16,0,1
93,3072,7168,64,0,f16,f16,0,1
93,4096,7168,64,0,f16,f16,0,1
93,4608,7168,64,0,f16,f16,0,1
93,7168,7168,64,0,f16,f16,0,1
94,576,256,64,0,f16,f16,0,1
94,1536,256,64,0,f16,f16,0,1
94,3072,256,64,0,f16,f16,0,1
94,4096,256,64,0,f16,f16,0,1
94,4608,256,64,0,f16,f16,0,1
94,7168,256,64,0,f16,f16,0,1
94,576,512,64,0,f16,f16,0,1
94,1536,512,64,0,f16,f16,0,1
94,3072,512,64,0,f16,f16,0,1
94,4096,512,64,0,f16,f16,0,1
94,4608,512,64,0,f16,f16,0,1
94,7168,512,64,0,f16,f16,0,1
94,576,1536,64,0,f16,f16,0,1
94,1536,1536,64,0,f16,f16,0,1
94,3072,1536,64,0,f16,f16,0,1
94,4096,1536,64,0,f16,f16,0,1
94,4608,1536,64,0,f16,f16,0,1
94,7168,1536,64,0,f16,f16,0,1
94,512,2048,64,0,f16,f16,0,1
94,1536,2048,64,0,f16,f16,0,1
94,3072,2048,64,0,f16,f16,0,1
94,4096,2048,64,0,f16,f16,0,1
94,4608,2048,64,0,f16,f16,0,1
94,7168,2048,64,0,f16,f16,0,1
94,512,2304,64,0,f16,f16,0,1
94,1536,2304,64,0,f16,f16,0,1
94,3072,2304,64,0,f16,f16,0,1
94,4096,2304,64,0,f16,f16,0,1
94,4608,2304,64,0,f16,f16,0,1
94,7168,2304,64,0,f16,f16,0,1
94,512,7168,64,0,f16,f16,0,1
94,1536,7168,64,0,f16,f16,0,1
94,3072,7168,64,0,f16,f16,0,1
94,4096,7168,64,0,f16,f16,0,1
94,4608,7168,64,0,f16,f16,0,1
94,7168,7168,64,0,f16,f16,0,1
95,576,256,64,0,f16,f16,0,1
95,1536,256,64,0,f16,f16,0,1
95,3072,256,64,0,f16,f16,0,1
95,4096,256,64,0,f16,f16,0,1
95,4608,256,64,0,f16,f16,0,1
95,7168,256,64,0,f16,f16,0,1
95,576,512,64,0,f16,f16,0,1
95,1536,512,64,0,f16,f16,0,1
95,3072,512,64,0,f16,f16,0,1
95,4096,512,64,0,f16,f16,0,1
95,4608,512,64,0,f16,f16,0,1
95,7168,512,64,0,f16,f16,0,1
95,576,1536,64,0,f16,f16,0,1
95,1536,1536,64,0,f16,f16,0,1
95,3072,1536,64,0,f16,f16,0,1
95,4096,1536,64,0,f16,f16,0,1
95,4608,1536,64,0,f16,f16,0,1
95,7168,1536,64,0,f16,f16,0,1
95,512,2048,64,0,f16,f16,0,1
95,1536,2048,64,0,f16,f16,0,1
95,3072,2048,64,0,f16,f16,0,1
95,4096,2048,64,0,f16,f16,0,1
95,4608,2048,64,0,f16,f16,0,1
95,7168,2048,64,0,f16,f16,0,1
95,512,2304,64,0,f16,f16,0,1
95,1536,2304,64,0,f16,f16,0,1
95,3072,2304,64,0,f16,f16,0,1
95,4096,2304,64,0,f16,f16,0,1
95,4608,2304,64,0,f16,f16,0,1
95,7168,2304,64,0,f16,f16,0,1
95,512,7168,64,0,f16,f16,0,1
95,1536,7168,64,0,f16,f16,0,1
95,3072,7168,64,0,f16,f16,0,1
95,4096,7168,64,0,f16,f16,0,1
95,4608,7168,64,0,f16,f16,0,1
95,7168,7168,64,0,f16,f16,0,1
96,576,256,64,0,f16,f16,0,1
96,1536,256,64,0,f16,f16,0,1
96,3072,256,64,0,f16,f16,0,1
96,4096,256,64,0,f16,f16,0,1
96,4608,256,64,0,f16,f16,0,1
96,7168,256,64,0,f16,f16,0,1
96,576,512,64,0,f16,f16,0,1
96,1536,512,64,0,f16,f16,0,1
96,3072,512,64,0,f16,f16,0,1
96,4096,512,64,0,f16,f16,0,1
96,4608,512,64,0,f16,f16,0,1
96,7168,512,64,0,f16,f16,0,1
96,576,1536,64,0,f16,f16,0,1
96,1536,1536,64,0,f16,f16,0,1
96,3072,1536,64,0,f16,f16,0,1
96,4096,1536,64,0,f16,f16,0,1
96,4608,1536,64,0,f16,f16,0,1
96,7168,1536,64,0,f16,f16,0,1
96,512,2048,64,0,f16,f16,0,1
96,1536,2048,64,0,f16,f16,0,1
96,3072,2048,64,0,f16,f16,0,1
96,4096,2048,64,0,f16,f16,0,1
96,4608,2048,64,0,f16,f16,0,1
96,7168,2048,64,0,f16,f16,0,1
96,512,2304,64,0,f16,f16,0,1
96,1536,2304,64,0,f16,f16,0,1
96,3072,2304,64,0,f16,f16,0,1
96,4096,2304,64,0,f16,f16,0,1
96,4608,2304,64,0,f16,f16,0,1
96,7168,2304,64,0,f16,f16,0,1
96,512,7168,64,0,f16,f16,0,1
96,1536,7168,64,0,f16,f16,0,1
96,3072,7168,64,0,f16,f16,0,1
96,4096,7168,64,0,f16,f16,0,1
96,4608,7168,64,0,f16,f16,0,1
96,7168,7168,64,0,f16,f16,0,1
97,576,256,64,0,f16,f16,0,1
97,1536,256,64,0,f16,f16,0,1
97,3072,256,64,0,f16,f16,0,1
97,4096,256,64,0,f16,f16,0,1
97,4608,256,64,0,f16,f16,0,1
97,7168,256,64,0,f16,f16,0,1
97,576,512,64,0,f16,f16,0,1
97,1536,512,64,0,f16,f16,0,1
97,3072,512,64,0,f16,f16,0,1
97,4096,512,64,0,f16,f16,0,1
97,4608,512,64,0,f16,f16,0,1
97,7168,512,64,0,f16,f16,0,1
97,576,1536,64,0,f16,f16,0,1
97,1536,1536,64,0,f16,f16,0,1
97,3072,1536,64,0,f16,f16,0,1
97,4096,1536,64,0,f16,f16,0,1
97,4608,1536,64,0,f16,f16,0,1
97,7168,1536,64,0,f16,f16,0,1
97,512,2048,64,0,f16,f16,0,1
97,1536,2048,64,0,f16,f16,0,1
97,3072,2048,64,0,f16,f16,0,1
97,4096,2048,64,0,f16,f16,0,1
97,4608,2048,64,0,f16,f16,0,1
97,7168,2048,64,0,f16,f16,0,1
97,512,2304,64,0,f16,f16,0,1
97,1536,2304,64,0,f16,f16,0,1
97,3072,2304,64,0,f16,f16,0,1
97,4096,2304,64,0,f16,f16,0,1
97,4608,2304,64,0,f16,f16,0,1
97,7168,2304,64,0,f16,f16,0,1
97,512,7168,64,0,f16,f16,0,1
97,1536,7168,64,0,f16,f16,0,1
97,3072,7168,64,0,f16,f16,0,1
97,4096,7168,64,0,f16,f16,0,1
97,4608,7168,64,0,f16,f16,0,1
97,7168,7168,64,0,f16,f16,0,1
98,576,256,64,0,f16,f16,0,1
98,1536,256,64,0,f16,f16,0,1
98,3072,256,64,0,f16,f16,0,1
98,4096,256,64,0,f16,f16,0,1
98,4608,256,64,0,f16,f16,0,1
98,7168,256,64,0,f16,f16,0,1
98,576,512,64,0,f16,f16,0,1
98,1536,512,64,0,f16,f16,0,1
98,3072,512,64,0,f16,f16,0,1
98,4096,512,64,0,f16,f16,0,1
98,4608,512,64,0,f16,f16,0,1
98,7168,512,64,0,f16,f16,0,1
98,576,1536,64,0,f16,f16,0,1
98,1536,1536,64,0,f16,f16,0,1
98,3072,1536,64,0,f16,f16,0,1
98,4096,1536,64,0,f16,f16,0,1
98,4608,1536,64,0,f16,f16,0,1
98,7168,1536,64,0,f16,f16,0,1
98,512,2048,64,0,f16,f16,0,1
98,1536,2048,64,0,f16,f16,0,1
98,3072,2048,64,0,f16,f16,0,1
98,4096,2048,64,0,f16,f16,0,1
98,4608,2048,64,0,f16,f16,0,1
98,7168,2048,64,0,f16,f16,0,1
98,512,2304,64,0,f16,f16,0,1
98,1536,2304,64,0,f16,f16,0,1
98,3072,2304,64,0,f16,f16,0,1
98,4096,2304,64,0,f16,f16,0,1
98,4608,2304,64,0,f16,f16,0,1
98,7168,2304,64,0,f16,f16,0,1
98,512,7168,64,0,f16,f16,0,1
98,1536,7168,64,0,f16,f16,0,1
98,3072,7168,64,0,f16,f16,0,1
98,4096,7168,64,0,f16,f16,0,1
98,4608,7168,64,0,f16,f16,0,1
98,7168,7168,64,0,f16,f16,0,1
99,576,256,64,0,f16,f16,0,1
99,1536,256,64,0,f16,f16,0,1
99,3072,256,64,0,f16,f16,0,1
99,4096,256,64,0,f16,f16,0,1
99,4608,256,64,0,f16,f16,0,1
99,7168,256,64,0,f16,f16,0,1
99,576,512,64,0,f16,f16,0,1
99,1536,512,64,0,f16,f16,0,1
99,3072,512,64,0,f16,f16,0,1
99,4096,512,64,0,f16,f16,0,1
99,4608,512,64,0,f16,f16,0,1
99,7168,512,64,0,f16,f16,0,1
99,576,1536,64,0,f16,f16,0,1
99,1536,1536,64,0,f16,f16,0,1
99,3072,1536,64,0,f16,f16,0,1
99,4096,1536,64,0,f16,f16,0,1
99,4608,1536,64,0,f16,f16,0,1
99,7168,1536,64,0,f16,f16,0,1
99,512,2048,64,0,f16,f16,0,1
99,1536,2048,64,0,f16,f16,0,1
99,3072,2048,64,0,f16,f16,0,1
99,4096,2048,64,0,f16,f16,0,1
99,4608,2048,64,0,f16,f16,0,1
99,7168,2048,64,0,f16,f16,0,1
99,512,2304,64,0,f16,f16,0,1
99,1536,2304,64,0,f16,f16,0,1
99,3072,2304,64,0,f16,f16,0,1
99,4096,2304,64,0,f16,f16,0,1
99,4608,2304,64,0,f16,f16,0,1
99,7168,2304,64,0,f16,f16,0,1
99,512,7168,64,0,f16,f16,0,1
99,1536,7168,64,0,f16,f16,0,1
99,3072,7168,64,0,f16,f16,0,1
99,4096,7168,64,0,f16,f16,0,1
99,4608,7168,64,0,f16,f16,0,1
99,7168,7168,64,0,f16,f16,0,1
100,576,256,64,0,f16,f16,0,1
100,1536,256,64,0,f16,f16,0,1
100,3072,256,64,0,f16,f16,0,1
100,4096,256,64,0,f16,f16,0,1
100,4608,256,64,0,f16,f16,0,1
100,7168,256,64,0,f16,f16,0,1
100,576,512,64,0,f16,f16,0,1
100,1536,512,64,0,f16,f16,0,1
100,3072,512,64,0,f16,f16,0,1
100,4096,512,64,0,f16,f16,0,1
100,4608,512,64,0,f16,f16,0,1
100,7168,512,64,0,f16,f16,0,1
100,576,1536,64,0,f16,f16,0,1
100,1536,1536,64,0,f16,f16,0,1
100,3072,1536,64,0,f16,f16,0,1
100,4096,1536,64,0,f16,f16,0,1
100,4608,1536,64,0,f16,f16,0,1
100,7168,1536,64,0,f16,f16,0,1
100,512,2048,64,0,f16,f16,0,1
100,1536,2048,64,0,f16,f16,0,1
100,3072,2048,64,0,f16,f16,0,1
100,4096,2048,64,0,f16,f16,0,1
100,4608,2048,64,0,f16,f16,0,1
100,7168,2048,64,0,f16,f16,0,1
100,512,2304,64,0,f16,f16,0,1
100,1536,2304,64,0,f16,f16,0,1
100,3072,2304,64,0,f16,f16,0,1
100,4096,2304,64,0,f16,f16,0,1
100,4608,2304,64,0,f16,f16,0,1
100,7168,2304,64,0,f16,f16,0,1
100,512,7168,64,0,f16,f16,0,1
100,1536,7168,64,0,f16,f16,0,1
100,3072,7168,64,0,f16,f16,0,1
100,4096,7168,64,0,f16,f16,0,1
100,4608,7168,64,0,f16,f16,0,1
100,7168,7168,64,0,f16,f16,0,1
101,576,256,64,0,f16,f16,0,1
101,1536,256,64,0,f16,f16,0,1
101,3072,256,64,0,f16,f16,0,1
101,4096,256,64,0,f16,f16,0,1
101,4608,256,64,0,f16,f16,0,1
101,7168,256,64,0,f16,f16,0,1
101,576,512,64,0,f16,f16,0,1
101,1536,512,64,0,f16,f16,0,1
101,3072,512,64,0,f16,f16,0,1
101,4096,512,64,0,f16,f16,0,1
101,4608,512,64,0,f16,f16,0,1
101,7168,512,64,0,f16,f16,0,1
101,576,1536,64,0,f16,f16,0,1
101,1536,1536,64,0,f16,f16,0,1
101,3072,1536,64,0,f16,f16,0,1
101,4096,1536,64,0,f16,f16,0,1
101,4608,1536,64,0,f16,f16,0,1
101,7168,1536,64,0,f16,f16,0,1
101,512,2048,64,0,f16,f16,0,1
101,1536,2048,64,0,f16,f16,0,1
101,3072,2048,64,0,f16,f16,0,1
101,4096,2048,64,0,f16,f16,0,1
101,4608,2048,64,0,f16,f16,0,1
101,7168,2048,64,0,f16,f16,0,1
101,512,2304,64,0,f16,f16,0,1
101,1536,2304,64,0,f16,f16,0,1
101,3072,2304,64,0,f16,f16,0,1
101,4096,2304,64,0,f16,f16,0,1
101,4608,2304,64,0,f16,f16,0,1
101,7168,2304,64,0,f16,f16,0,1
101,512,7168,64,0,f16,f16,0,1
101,1536,7168,64,0,f16,f16,0,1
101,3072,7168,64,0,f16,f16,0,1
101,4096,7168,64,0,f16,f16,0,1
101,4608,7168,64,0,f16,f16,0,1
101,7168,7168,64,0,f16,f16,0,1
102,576,256,64,0,f16,f16,0,1
102,1536,256,64,0,f16,f16,0,1
102,3072,256,64,0,f16,f16,0,1
102,4096,256,64,0,f16,f16,0,1
102,4608,256,64,0,f16,f16,0,1
102,7168,256,64,0,f16,f16,0,1
102,576,512,64,0,f16,f16,0,1
102,1536,512,64,0,f16,f16,0,1
102,3072,512,64,0,f16,f16,0,1
102,4096,512,64,0,f16,f16,0,1
102,4608,512,64,0,f16,f16,0,1
102,7168,512,64,0,f16,f16,0,1
102,576,1536,64,0,f16,f16,0,1
102,1536,1536,64,0,f16,f16,0,1
102,3072,1536,64,0,f16,f16,0,1
102,4096,1536,64,0,f16,f16,0,1
102,4608,1536,64,0,f16,f16,0,1
102,7168,1536,64,0,f16,f16,0,1
102,512,2048,64,0,f16,f16,0,1
102,1536,2048,64,0,f16,f16,0,1
102,3072,2048,64,0,f16,f16,0,1
102,4096,2048,64,0,f16,f16,0,1
102,4608,2048,64,0,f16,f16,0,1
102,7168,2048,64,0,f16,f16,0,1
102,512,2304,64,0,f16,f16,0,1
102,1536,2304,64,0,f16,f16,0,1
102,3072,2304,64,0,f16,f16,0,1
102,4096,2304,64,0,f16,f16,0,1
102,4608,2304,64,0,f16,f16,0,1
102,7168,2304,64,0,f16,f16,0,1
102,512,7168,64,0,f16,f16,0,1
102,1536,7168,64,0,f16,f16,0,1
102,3072,7168,64,0,f16,f16,0,1
102,4096,7168,64,0,f16,f16,0,1
102,4608,7168,64,0,f16,f16,0,1
102,7168,7168,64,0,f16,f16,0,1
103,576,256,64,0,f16,f16,0,1
103,1536,256,64,0,f16,f16,0,1
103,3072,256,64,0,f16,f16,0,1
103,4096,256,64,0,f16,f16,0,1
103,4608,256,64,0,f16,f16,0,1
103,7168,256,64,0,f16,f16,0,1
103,576,512,64,0,f16,f16,0,1
103,1536,512,64,0,f16,f16,0,1
103,3072,512,64,0,f16,f16,0,1
103,4096,512,64,0,f16,f16,0,1
103,4608,512,64,0,f16,f16,0,1
103,7168,512,64,0,f16,f16,0,1
103,576,1536,64,0,f16,f16,0,1
103,1536,1536,64,0,f16,f16,0,1
103,3072,1536,64,0,f16,f16,0,1
103,4096,1536,64,0,f16,f16,0,1
103,4608,1536,64,0,f16,f16,0,1
103,7168,1536,64,0,f16,f16,0,1
103,512,2048,64,0,f16,f16,0,1
103,1536,2048,64,0,f16,f16,0,1
103,3072,2048,64,0,f16,f16,0,1
103,4096,2048,64,0,f16,f16,0,1
103,4608,2048,64,0,f16,f16,0,1
103,7168,2048,64,0,f16,f16,0,1
103,512,2304,64,0,f16,f16,0,1
103,1536,2304,64,0,f16,f16,0,1
103,3072,2304,64,0,f16,f16,0,1
103,4096,2304,64,0,f16,f16,0,1
103,4608,2304,64,0,f16,f16,0,1
103,7168,2304,64,0,f16,f16,0,1
103,512,7168,64,0,f16,f16,0,1
103,1536,7168,64,0,f16,f16,0,1
103,3072,7168,64,0,f16,f16,0,1
103,4096,7168,64,0,f16,f16,0,1
103,4608,7168,64,0,f16,f16,0,1
103,7168,7168,64,0,f16,f16,0,1
104,576,256,64,0,f16,f16,0,1
104,1536,256,64,0,f16,f16,0,1
104,3072,256,64,0,f16,f16,0,1
104,4096,256,64,0,f16,f16,0,1
104,4608,256,64,0,f16,f16,0,1
104,7168,256,64,0,f16,f16,0,1
104,576,512,64,0,f16,f16,0,1
104,1536,512,64,0,f16,f16,0,1
104,3072,512,64,0,f16,f16,0,1
104,4096,512,64,0,f16,f16,0,1
104,4608,512,64,0,f16,f16,0,1
104,7168,512,64,0,f16,f16,0,1
104,576,1536,64,0,f16,f16,0,1
104,1536,1536,64,0,f16,f16,0,1
104,3072,1536,64,0,f16,f16,0,1
104,4096,1536,64,0,f16,f16,0,1
104,4608,1536,64,0,f16,f16,0,1
104,7168,1536,64,0,f16,f16,0,1
104,512,2048,64,0,f16,f16,0,1
104,1536,2048,64,0,f16,f16,0,1
104,3072,2048,64,0,f16,f16,0,1
104,4096,2048,64,0,f16,f16,0,1
104,4608,2048,64,0,f16,f16,0,1
104,7168,2048,64,0,f16,f16,0,1
104,512,2304,64,0,f16,f16,0,1
104,1536,2304,64,0,f16,f16,0,1
104,3072,2304,64,0,f16,f16,0,1
104,4096,2304,64,0,f16,f16,0,1
104,4608,2304,64,0,f16,f16,0,1
104,7168,2304,64,0,f16,f16,0,1
104,512,7168,64,0,f16,f16,0,1
104,1536,7168,64,0,f16,f16,0,1
104,3072,7168,64,0,f16,f16,0,1
104,4096,7168,64,0,f16,f16,0,1
104,4608,7168,64,0,f16,f16,0,1
104,7168,7168,64,0,f16,f16,0,1
105,576,256,64,0,f16,f16,0,1
105,1536,256,64,0,f16,f16,0,1
105,3072,256,64,0,f16,f16,0,1
105,4096,256,64,0,f16,f16,0,1
105,4608,256,64,0,f16,f16,0,1
105,7168,256,64,0,f16,f16,0,1
105,576,512,64,0,f16,f16,0,1
105,1536,512,64,0,f16,f16,0,1
105,3072,512,64,0,f16,f16,0,1
105,4096,512,64,0,f16,f16,0,1
105,4608,512,64,0,f16,f16,0,1
105,7168,512,64,0,f16,f16,0,1
105,576,1536,64,0,f16,f16,0,1
105,1536,1536,64,0,f16,f16,0,1
105,3072,1536,64,0,f16,f16,0,1
105,4096,1536,64,0,f16,f16,0,1
105,4608,1536,64,0,f16,f16,0,1
105,7168,1536,64,0,f16,f16,0,1
105,512,2048,64,0,f16,f16,0,1
105,1536,2048,64,0,f16,f16,0,1
105,3072,2048,64,0,f16,f16,0,1
105,4096,2048,64,0,f16,f16,0,1
105,4608,2048,64,0,f16,f16,0,1
105,7168,2048,64,0,f16,f16,0,1
105,512,2304,64,0,f16,f16,0,1
105,1536,2304,64,0,f16,f16,0,1
105,3072,2304,64,0,f16,f16,0,1
105,4096,2304,64,0,f16,f16,0,1
105,4608,2304,64,0,f16,f16,0,1
105,7168,2304,64,0,f16,f16,0,1
105,512,7168,64,0,f16,f16,0,1
105,1536,7168,64,0,f16,f16,0,1
105,3072,7168,64,0,f16,f16,0,1
105,4096,7168,64,0,f16,f16,0,1
105,4608,7168,64,0,f16,f16,0,1
105,7168,7168,64,0,f16,f16,0,1
106,576,256,64,0,f16,f16,0,1
106,1536,256,64,0,f16,f16,0,1
106,3072,256,64,0,f16,f16,0,1
106,4096,256,64,0,f16,f16,0,1
106,4608,256,64,0,f16,f16,0,1
106,7168,256,64,0,f16,f16,0,1
106,576,512,64,0,f16,f16,0,1
106,1536,512,64,0,f16,f16,0,1
106,3072,512,64,0,f16,f16,0,1
106,4096,512,64,0,f16,f16,0,1
106,4608,512,64,0,f16,f16,0,1
106,7168,512,64,0,f16,f16,0,1
106,576,1536,64,0,f16,f16,0,1
106,1536,1536,64,0,f16,f16,0,1
106,3072,1536,64,0,f16,f16,0,1
106,4096,1536,64,0,f16,f16,0,1
106,4608,1536,64,0,f16,f16,0,1
106,7168,1536,64,0,f16,f16,0,1
106,512,2048,64,0,f16,f16,0,1
106,1536,2048,64,0,f16,f16,0,1
106,3072,2048,64,0,f16,f16,0,1
106,4096,2048,64,0,f16,f16,0,1
106,4608,2048,64,0,f16,f16,0,1
106,7168,2048,64,0,f16,f16,0,1
106,512,2304,64,0,f16,f16,0,1
106,1536,2304,64,0,f16,f16,0,1
106,3072,2304,64,0,f16,f16,0,1
106,4096,2304,64,0,f16,f16,0,1
106,4608,2304,64,0,f16,f16,0,1
106,7168,2304,64,0,f16,f16,0,1
106,512,7168,64,0,f16,f16,0,1
106,1536,7168,64,0,f16,f16,0,1
106,3072,7168,64,0,f16,f16,0,1
106,4096,7168,64,0,f16,f16,0,1
106,4608,7168,64,0,f16,f16,0,1
106,7168,7168,64,0,f16,f16,0,1
107,576,256,64,0,f16,f16,0,1
107,1536,256,64,0,f16,f16,0,1
107,3072,256,64,0,f16,f16,0,1
107,4096,256,64,0,f16,f16,0,1
107,4608,256,64,0,f16,f16,0,1
107,7168,256,64,0,f16,f16,0,1
107,576,512,64,0,f16,f16,0,1
107,1536,512,64,0,f16,f16,0,1
107,3072,512,64,0,f16,f16,0,1
107,4096,512,64,0,f16,f16,0,1
107,4608,512,64,0,f16,f16,0,1
107,7168,512,64,0,f16,f16,0,1
107,576,1536,64,0,f16,f16,0,1
107,1536,1536,64,0,f16,f16,0,1
107,3072,1536,64,0,f16,f16,0,1
107,4096,1536,64,0,f16,f16,0,1
107,4608,1536,64,0,f16,f16,0,1
107,7168,1536,64,0,f16,f16,0,1
107,512,2048,64,0,f16,f16,0,1
107,1536,2048,64,0,f16,f16,0,1
107,3072,2048,64,0,f16,f16,0,1
107,4096,2048,64,0,f16,f16,0,1
107,4608,2048,64,0,f16,f16,0,1
107,7168,2048,64,0,f16,f16,0,1
107,512,2304,64,0,f16,f16,0,1
107,1536,2304,64,0,f16,f16,0,1
107,3072,2304,64,0,f16,f16,0,1
107,4096,2304,64,0,f16,f16,0,1
107,4608,2304,64,0,f16,f16,0,1
107,7168,2304,64,0,f16,f16,0,1
107,512,7168,64,0,f16,f16,0,1
107,1536,7168,64,0,f16,f16,0,1
107,3072,7168,64,0,f16,f16,0,1
107,4096,7168,64,0,f16,f16,0,1
107,4608,7168,64,0,f16,f16,0,1
107,7168,7168,64,0,f16,f16,0,1
108,576,256,64,0,f16,f16,0,1
108,1536,256,64,0,f16,f16,0,1
108,3072,256,64,0,f16,f16,0,1
108,4096,256,64,0,f16,f16,0,1
108,4608,256,64,0,f16,f16,0,1
108,7168,256,64,0,f16,f16,0,1
108,576,512,64,0,f16,f16,0,1
108,1536,512,64,0,f16,f16,0,1
108,3072,512,64,0,f16,f16,0,1
108,4096,512,64,0,f16,f16,0,1
108,4608,512,64,0,f16,f16,0,1
108,7168,512,64,0,f16,f16,0,1
108,576,1536,64,0,f16,f16,0,1
108,1536,1536,64,0,f16,f16,0,1
108,3072,1536,64,0,f16,f16,0,1
108,4096,1536,64,0,f16,f16,0,1
108,4608,1536,64,0,f16,f16,0,1
108,7168,1536,64,0,f16,f16,0,1
108,512,2048,64,0,f16,f16,0,1
108,1536,2048,64,0,f16,f16,0,1
108,3072,2048,64,0,f16,f16,0,1
108,4096,2048,64,0,f16,f16,0,1
108,4608,2048,64,0,f16,f16,0,1
108,7168,2048,64,0,f16,f16,0,1
108,512,2304,64,0,f16,f16,0,1
108,1536,2304,64,0,f16,f16,0,1
108,3072,2304,64,0,f16,f16,0,1
108,4096,2304,64,0,f16,f16,0,1
108,4608,2304,64,0,f16,f16,0,1
108,7168,2304,64,0,f16,f16,0,1
108,512,7168,64,0,f16,f16,0,1
108,1536,7168,64,0,f16,f16,0,1
108,3072,7168,64,0,f16,f16,0,1
108,4096,7168,64,0,f16,f16,0,1
108,4608,7168,64,0,f16,f16,0,1
108,7168,7168,64,0,f16,f16,0,1
109,576,256,64,0,f16,f16,0,1
109,1536,256,64,0,f16,f16,0,1
109,3072,256,64,0,f16,f16,0,1
109,4096,256,64,0,f16,f16,0,1
109,4608,256,64,0,f16,f16,0,1
109,7168,256,64,0,f16,f16,0,1
109,576,512,64,0,f16,f16,0,1
109,1536,512,64,0,f16,f16,0,1
109,3072,512,64,0,f16,f16,0,1
109,4096,512,64,0,f16,f16,0,1
109,4608,512,64,0,f16,f16,0,1
109,7168,512,64,0,f16,f16,0,1
109,576,1536,64,0,f16,f16,0,1
109,1536,1536,64,0,f16,f16,0,1
109,3072,1536,64,0,f16,f16,0,1
109,4096,1536,64,0,f16,f16,0,1
109,4608,1536,64,0,f16,f16,0,1
109,7168,1536,64,0,f16,f16,0,1
109,512,2048,64,0,f16,f16,0,1
109,1536,2048,64,0,f16,f16,0,1
109,3072,2048,64,0,f16,f16,0,1
109,4096,2048,64,0,f16,f16,0,1
109,4608,2048,64,0,f16,f16,0,1
109,7168,2048,64,0,f16,f16,0,1
109,512,2304,64,0,f16,f16,0,1
109,1536,2304,64,0,f16,f16,0,1
109,3072,2304,64,0,f16,f16,0,1
109,4096,2304,64,0,f16,f16,0,1
109,4608,2304,64,0,f16,f16,0,1
109,7168,2304,64,0,f16,f16,0,1
109,512,7168,64,0,f16,f16,0,1
109,1536,7168,64,0,f16,f16,0,1
109,3072,7168,64,0,f16,f16,0,1
109,4096,7168,64,0,f16,f16,0,1
109,4608,7168,64,0,f16,f16,0,1
109,7168,7168,64,0,f16,f16,0,1
110,576,256,64,0,f16,f16,0,1
110,1536,256,64,0,f16,f16,0,1
110,3072,256,64,0,f16,f16,0,1
110,4096,256,64,0,f16,f16,0,1
110,4608,256,64,0,f16,f16,0,1
110,7168,256,64,0,f16,f16,0,1
110,576,512,64,0,f16,f16,0,1
110,1536,512,64,0,f16,f16,0,1
110,3072,512,64,0,f16,f16,0,1
110,4096,512,64,0,f16,f16,0,1
110,4608,512,64,0,f16,f16,0,1
110,7168,512,64,0,f16,f16,0,1
110,576,1536,64,0,f16,f16,0,1
110,1536,1536,64,0,f16,f16,0,1
110,3072,1536,64,0,f16,f16,0,1
110,4096,1536,64,0,f16,f16,0,1
110,4608,1536,64,0,f16,f16,0,1
110,7168,1536,64,0,f16,f16,0,1
110,512,2048,64,0,f16,f16,0,1
110,1536,2048,64,0,f16,f16,0,1
110,3072,2048,64,0,f16,f16,0,1
110,4096,2048,64,0,f16,f16,0,1
110,4608,2048,64,0,f16,f16,0,1
110,7168,2048,64,0,f16,f16,0,1
110,512,2304,64,0,f16,f16,0,1
110,1536,2304,64,0,f16,f16,0,1
110,3072,2304,64,0,f16,f16,0,1
110,4096,2304,64,0,f16,f16,0,1
110,4608,2304,64,0,f16,f16,0,1
110,7168,2304,64,0,f16,f16,0,1
110,512,7168,64,0,f16,f16,0,1
110,1536,7168,64,0,f16,f16,0,1
110,3072,7168,64,0,f16,f16,0,1
110,4096,7168,64,0,f16,f16,0,1
110,4608,7168,64,0,f16,f16,0,1
110,7168,7168,64,0,f16,f16,0,1
111,576,256,64,0,f16,f16,0,1
111,1536,256,64,0,f16,f16,0,1
111,3072,256,64,0,f16,f16,0,1
111,4096,256,64,0,f16,f16,0,1
111,4608,256,64,0,f16,f16,0,1
111,7168,256,64,0,f16,f16,0,1
111,576,512,64,0,f16,f16,0,1
111,1536,512,64,0,f16,f16,0,1
111,3072,512,64,0,f16,f16,0,1
111,4096,512,64,0,f16,f16,0,1
111,4608,512,64,0,f16,f16,0,1
111,7168,512,64,0,f16,f16,0,1
111,576,1536,64,0,f16,f16,0,1
111,1536,1536,64,0,f16,f16,0,1
111,3072,1536,64,0,f16,f16,0,1
111,4096,1536,64,0,f16,f16,0,1
111,4608,1536,64,0,f16,f16,0,1
111,7168,1536,64,0,f16,f16,0,1
111,512,2048,64,0,f16,f16,0,1
111,1536,2048,64,0,f16,f16,0,1
111,3072,2048,64,0,f16,f16,0,1
111,4096,2048,64,0,f16,f16,0,1
111,4608,2048,64,0,f16,f16,0,1
111,7168,2048,64,0,f16,f16,0,1
111,512,2304,64,0,f16,f16,0,1
111,1536,2304,64,0,f16,f16,0,1
111,3072,2304,64,0,f16,f16,0,1
111,4096,2304,64,0,f16,f16,0,1
111,4608,2304,64,0,f16,f16,0,1
111,7168,2304,64,0,f16,f16,0,1
111,512,7168,64,0,f16,f16,0,1
111,1536,7168,64,0,f16,f16,0,1
111,3072,7168,64,0,f16,f16,0,1
111,4096,7168,64,0,f16,f16,0,1
111,4608,7168,64,0,f16,f16,0,1
111,7168,7168,64,0,f16,f16,0,1
112,576,256,64,0,f16,f16,0,1
112,1536,256,64,0,f16,f16,0,1
112,3072,256,64,0,f16,f16,0,1
112,4096,256,64,0,f16,f16,0,1
112,4608,256,64,0,f16,f16,0,1
112,7168,256,64,0,f16,f16,0,1
112,576,512,64,0,f16,f16,0,1
112,1536,512,64,0,f16,f16,0,1
112,3072,512,64,0,f16,f16,0,1
112,4096,512,64,0,f16,f16,0,1
112,4608,512,64,0,f16,f16,0,1
112,7168,512,64,0,f16,f16,0,1
112,576,1536,64,0,f16,f16,0,1
112,1536,1536,64,0,f16,f16,0,1
112,3072,1536,64,0,f16,f16,0,1
112,4096,1536,64,0,f16,f16,0,1
112,4608,1536,64,0,f16,f16,0,1
112,7168,1536,64,0,f16,f16,0,1
112,512,2048,64,0,f16,f16,0,1
112,1536,2048,64,0,f16,f16,0,1
112,3072,2048,64,0,f16,f16,0,1
112,4096,2048,64,0,f16,f16,0,1
112,4608,2048,64,0,f16,f16,0,1
112,7168,2048,64,0,f16,f16,0,1
112,512,2304,64,0,f16,f16,0,1
112,1536,2304,64,0,f16,f16,0,1
112,3072,2304,64,0,f16,f16,0,1
112,4096,2304,64,0,f16,f16,0,1
112,4608,2304,64,0,f16,f16,0,1
112,7168,2304,64,0,f16,f16,0,1
112,512,7168,64,0,f16,f16,0,1
112,1536,7168,64,0,f16,f16,0,1
112,3072,7168,64,0,f16,f16,0,1
112,4096,7168,64,0,f16,f16,0,1
112,4608,7168,64,0,f16,f16,0,1
112,7168,7168,64,0,f16,f16,0,1
113,576,256,64,0,f16,f16,0,1
113,1536,256,64,0,f16,f16,0,1
113,3072,256,64,0,f16,f16,0,1
113,4096,256,64,0,f16,f16,0,1
113,4608,256,64,0,f16,f16,0,1
113,7168,256,64,0,f16,f16,0,1
113,576,512,64,0,f16,f16,0,1
113,1536,512,64,0,f16,f16,0,1
113,3072,512,64,0,f16,f16,0,1
113,4096,512,64,0,f16,f16,0,1
113,4608,512,64,0,f16,f16,0,1
113,7168,512,64,0,f16,f16,0,1
113,576,1536,64,0,f16,f16,0,1
113,1536,1536,64,0,f16,f16,0,1
113,3072,1536,64,0,f16,f16,0,1
113,4096,1536,64,0,f16,f16,0,1
113,4608,1536,64,0,f16,f16,0,1
113,7168,1536,64,0,f16,f16,0,1
113,512,2048,64,0,f16,f16,0,1
113,1536,2048,64,0,f16,f16,0,1
113,3072,2048,64,0,f16,f16,0,1
113,4096,2048,64,0,f16,f16,0,1
113,4608,2048,64,0,f16,f16,0,1
113,7168,2048,64,0,f16,f16,0,1
113,512,2304,64,0,f16,f16,0,1
113,1536,2304,64,0,f16,f16,0,1
113,3072,2304,64,0,f16,f16,0,1
113,4096,2304,64,0,f16,f16,0,1
113,4608,2304,64,0,f16,f16,0,1
113,7168,2304,64,0,f16,f16,0,1
113,512,7168,64,0,f16,f16,0,1
113,1536,7168,64,0,f16,f16,0,1
113,3072,7168,64,0,f16,f16,0,1
113,4096,7168,64,0,f16,f16,0,1
113,4608,7168,64,0,f16,f16,0,1
113,7168,7168,64,0,f16,f16,0,1
114,576,256,64,0,f16,f16,0,1
114,1536,256,64,0,f16,f16,0,1
114,3072,256,64,0,f16,f16,0,1
114,4096,256,64,0,f16,f16,0,1
114,4608,256,64,0,f16,f16,0,1
114,7168,256,64,0,f16,f16,0,1
114,576,512,64,0,f16,f16,0,1
114,1536,512,64,0,f16,f16,0,1
114,3072,512,64,0,f16,f16,0,1
114,4096,512,64,0,f16,f16,0,1
114,4608,512,64,0,f16,f16,0,1
114,7168,512,64,0,f16,f16,0,1
114,576,1536,64,0,f16,f16,0,1
114,1536,1536,64,0,f16,f16,0,1
114,3072,1536,64,0,f16,f16,0,1
114,4096,1536,64,0,f16,f16,0,1
114,4608,1536,64,0,f16,f16,0,1
114,7168,1536,64,0,f16,f16,0,1
114,512,2048,64,0,f16,f16,0,1
114,1536,2048,64,0,f16,f16,0,1
114,3072,2048,64,0,f16,f16,0,1
114,4096,2048,64,0,f16,f16,0,1
114,4608,2048,64,0,f16,f16,0,1
114,7168,2048,64,0,f16,f16,0,1
114,512,2304,64,0,f16,f16,0,1
114,1536,2304,64,0,f16,f16,0,1
114,3072,2304,64,0,f16,f16,0,1
114,4096,2304,64,0,f16,f16,0,1
114,4608,2304,64,0,f16,f16,0,1
114,7168,2304,64,0,f16,f16,0,1
114,512,7168,64,0,f16,f16,0,1
114,1536,7168,64,0,f16,f16,0,1
114,3072,7168,64,0,f16,f16,0,1
114,4096,7168,64,0,f16,f16,0,1
114,4608,7168,64,0,f16,f16,0,1
114,7168,7168,64,0,f16,f16,0,1
115,576,256,64,0,f16,f16,0,1
115,1536,256,64,0,f16,f16,0,1
115,3072,256,64,0,f16,f16,0,1
115,4096,256,64,0,f16,f16,0,1
115,4608,256,64,0,f16,f16,0,1
115,7168,256,64,0,f16,f16,0,1
115,576,512,64,0,f16,f16,0,1
115,1536,512,64,0,f16,f16,0,1
115,3072,512,64,0,f16,f16,0,1
115,4096,512,64,0,f16,f16,0,1
115,4608,512,64,0,f16,f16,0,1
115,7168,512,64,0,f16,f16,0,1
115,576,1536,64,0,f16,f16,0,1
115,1536,1536,64,0,f16,f16,0,1
115,3072,1536,64,0,f16,f16,0,1
115,4096,1536,64,0,f16,f16,0,1
115,4608,1536,64,0,f16,f16,0,1
115,7168,1536,64,0,f16,f16,0,1
115,512,2048,64,0,f16,f16,0,1
115,1536,2048,64,0,f16,f16,0,1
115,3072,2048,64,0,f16,f16,0,1
115,4096,2048,64,0,f16,f16,0,1
115,4608,2048,64,0,f16,f16,0,1
115,7168,2048,64,0,f16,f16,0,1
115,512,2304,64,0,f16,f16,0,1
115,1536,2304,64,0,f16,f16,0,1
115,3072,2304,64,0,f16,f16,0,1
115,4096,2304,64,0,f16,f16,0,1
115,4608,2304,64,0,f16,f16,0,1
115,7168,2304,64,0,f16,f16,0,1
115,512,7168,64,0,f16,f16,0,1
115,1536,7168,64,0,f16,f16,0,1
115,3072,7168,64,0,f16,f16,0,1
115,4096,7168,64,0,f16,f16,0,1
115,4608,7168,64,0,f16,f16,0,1
115,7168,7168,64,0,f16,f16,0,1
116,576,256,64,0,f16,f16,0,1
116,1536,256,64,0,f16,f16,0,1
116,3072,256,64,0,f16,f16,0,1
116,4096,256,64,0,f16,f16,0,1
116,4608,256,64,0,f16,f16,0,1
116,7168,256,64,0,f16,f16,0,1
116,576,512,64,0,f16,f16,0,1
116,1536,512,64,0,f16,f16,0,1
116,3072,512,64,0,f16,f16,0,1
116,4096,512,64,0,f16,f16,0,1
116,4608,512,64,0,f16,f16,0,1
116,7168,512,64,0,f16,f16,0,1
116,576,1536,64,0,f16,f16,0,1
116,1536,1536,64,0,f16,f16,0,1
116,3072,1536,64,0,f16,f16,0,1
116,4096,1536,64,0,f16,f16,0,1
116,4608,1536,64,0,f16,f16,0,1
116,7168,1536,64,0,f16,f16,0,1
116,512,2048,64,0,f16,f16,0,1
116,1536,2048,64,0,f16,f16,0,1
116,3072,2048,64,0,f16,f16,0,1
116,4096,2048,64,0,f16,f16,0,1
116,4608,2048,64,0,f16,f16,0,1
116,7168,2048,64,0,f16,f16,0,1
116,512,2304,64,0,f16,f16,0,1
116,1536,2304,64,0,f16,f16,0,1
116,3072,2304,64,0,f16,f16,0,1
116,4096,2304,64,0,f16,f16,0,1
116,4608,2304,64,0,f16,f16,0,1
116,7168,2304,64,0,f16,f16,0,1
116,512,7168,64,0,f16,f16,0,1
116,1536,7168,64,0,f16,f16,0,1
116,3072,7168,64,0,f16,f16,0,1
116,4096,7168,64,0,f16,f16,0,1
116,4608,7168,64,0,f16,f16,0,1
116,7168,7168,64,0,f16,f16,0,1
117,576,256,64,0,f16,f16,0,1
117,1536,256,64,0,f16,f16,0,1
117,3072,256,64,0,f16,f16,0,1
117,4096,256,64,0,f16,f16,0,1
117,4608,256,64,0,f16,f16,0,1
117,7168,256,64,0,f16,f16,0,1
117,576,512,64,0,f16,f16,0,1
117,1536,512,64,0,f16,f16,0,1
117,3072,512,64,0,f16,f16,0,1
117,4096,512,64,0,f16,f16,0,1
117,4608,512,64,0,f16,f16,0,1
117,7168,512,64,0,f16,f16,0,1
117,576,1536,64,0,f16,f16,0,1
117,1536,1536,64,0,f16,f16,0,1
117,3072,1536,64,0,f16,f16,0,1
117,4096,1536,64,0,f16,f16,0,1
117,4608,1536,64,0,f16,f16,0,1
117,7168,1536,64,0,f16,f16,0,1
117,512,2048,64,0,f16,f16,0,1
117,1536,2048,64,0,f16,f16,0,1
117,3072,2048,64,0,f16,f16,0,1
117,4096,2048,64,0,f16,f16,0,1
117,4608,2048,64,0,f16,f16,0,1
117,7168,2048,64,0,f16,f16,0,1
117,512,2304,64,0,f16,f16,0,1
117,1536,2304,64,0,f16,f16,0,1
117,3072,2304,64,0,f16,f16,0,1
117,4096,2304,64,0,f16,f16,0,1
117,4608,2304,64,0,f16,f16,0,1
117,7168,2304,64,0,f16,f16,0,1
117,512,7168,64,0,f16,f16,0,1
117,1536,7168,64,0,f16,f16,0,1
117,3072,7168,64,0,f16,f16,0,1
117,4096,7168,64,0,f16,f16,0,1
117,4608,7168,64,0,f16,f16,0,1
117,7168,7168,64,0,f16,f16,0,1
118,576,256,64,0,f16,f16,0,1
118,1536,256,64,0,f16,f16,0,1
118,3072,256,64,0,f16,f16,0,1
118,4096,256,64,0,f16,f16,0,1
118,4608,256,64,0,f16,f16,0,1
118,7168,256,64,0,f16,f16,0,1
118,576,512,64,0,f16,f16,0,1
118,1536,512,64,0,f16,f16,0,1
118,3072,512,64,0,f16,f16,0,1
118,4096,512,64,0,f16,f16,0,1
118,4608,512,64,0,f16,f16,0,1
118,7168,512,64,0,f16,f16,0,1
118,576,1536,64,0,f16,f16,0,1
118,1536,1536,64,0,f16,f16,0,1
118,3072,1536,64,0,f16,f16,0,1
118,4096,1536,64,0,f16,f16,0,1
118,4608,1536,64,0,f16,f16,0,1
118,7168,1536,64,0,f16,f16,0,1
118,512,2048,64,0,f16,f16,0,1
118,1536,2048,64,0,f16,f16,0,1
118,3072,2048,64,0,f16,f16,0,1
118,4096,2048,64,0,f16,f16,0,1
118,4608,2048,64,0,f16,f16,0,1
118,7168,2048,64,0,f16,f16,0,1
118,512,2304,64,0,f16,f16,0,1
118,1536,2304,64,0,f16,f16,0,1
118,3072,2304,64,0,f16,f16,0,1
118,4096,2304,64,0,f16,f16,0,1
118,4608,2304,64,0,f16,f16,0,1
118,7168,2304,64,0,f16,f16,0,1
118,512,7168,64,0,f16,f16,0,1
118,1536,7168,64,0,f16,f16,0,1
118,3072,7168,64,0,f16,f16,0,1
118,4096,7168,64,0,f16,f16,0,1
118,4608,7168,64,0,f16,f16,0,1
118,7168,7168,64,0,f16,f16,0,1
119,576,256,64,0,f16,f16,0,1
119,1536,256,64,0,f16,f16,0,1
119,3072,256,64,0,f16,f16,0,1
119,4096,256,64,0,f16,f16,0,1
119,4608,256,64,0,f16,f16,0,1
119,7168,256,64,0,f16,f16,0,1
119,576,512,64,0,f16,f16,0,1
119,1536,512,64,0,f16,f16,0,1
119,3072,512,64,0,f16,f16,0,1
119,4096,512,64,0,f16,f16,0,1
119,4608,512,64,0,f16,f16,0,1
119,7168,512,64,0,f16,f16,0,1
119,576,1536,64,0,f16,f16,0,1
119,1536,1536,64,0,f16,f16,0,1
119,3072,1536,64,0,f16,f16,0,1
119,4096,1536,64,0,f16,f16,0,1
119,4608,1536,64,0,f16,f16,0,1
119,7168,1536,64,0,f16,f16,0,1
119,512,2048,64,0,f16,f16,0,1
119,1536,2048,64,0,f16,f16,0,1
119,3072,2048,64,0,f16,f16,0,1
119,4096,2048,64,0,f16,f16,0,1
119,4608,2048,64,0,f16,f16,0,1
119,7168,2048,64,0,f16,f16,0,1
119,512,2304,64,0,f16,f16,0,1
119,1536,2304,64,0,f16,f16,0,1
119,3072,2304,64,0,f16,f16,0,1
119,4096,2304,64,0,f16,f16,0,1
119,4608,2304,64,0,f16,f16,0,1
119,7168,2304,64,0,f16,f16,0,1
119,512,7168,64,0,f16,f16,0,1
119,1536,7168,64,0,f16,f16,0,1
119,3072,7168,64,0,f16,f16,0,1
119,4096,7168,64,0,f16,f16,0,1
119,4608,7168,64,0,f16,f16,0,1
119,7168,7168,64,0,f16,f16,0,1
120,576,256,64,0,f16,f16,0,1
120,1536,256,64,0,f16,f16,0,1
120,3072,256,64,0,f16,f16,0,1
120,4096,256,64,0,f16,f16,0,1
120,4608,256,64,0,f16,f16,0,1
120,7168,256,64,0,f16,f16,0,1
120,576,512,64,0,f16,f16,0,1
120,1536,512,64,0,f16,f16,0,1
120,3072,512,64,0,f16,f16,0,1
120,4096,512,64,0,f16,f16,0,1
120,4608,512,64,0,f16,f16,0,1
120,7168,512,64,0,f16,f16,0,1
120,576,1536,64,0,f16,f16,0,1
120,1536,1536,64,0,f16,f16,0,1
120,3072,1536,64,0,f16,f16,0,1
120,4096,1536,64,0,f16,f16,0,1
120,4608,1536,64,0,f16,f16,0,1
120,7168,1536,64,0,f16,f16,0,1
120,512,2048,64,0,f16,f16,0,1
120,1536,2048,64,0,f16,f16,0,1
120,3072,2048,64,0,f16,f16,0,1
120,4096,2048,64,0,f16,f16,0,1
120,4608,2048,64,0,f16,f16,0,1
120,7168,2048,64,0,f16,f16,0,1
120,512,2304,64,0,f16,f16,0,1
120,1536,2304,64,0,f16,f16,0,1
120,3072,2304,64,0,f16,f16,0,1
120,4096,2304,64,0,f16,f16,0,1
120,4608,2304,64,0,f16,f16,0,1
120,7168,2304,64,0,f16,f16,0,1
120,512,7168,64,0,f16,f16,0,1
120,1536,7168,64,0,f16,f16,0,1
120,3072,7168,64,0,f16,f16,0,1
120,4096,7168,64,0,f16,f16,0,1
120,4608,7168,64,0,f16,f16,0,1
120,7168,7168,64,0,f16,f16,0,1
121,576,256,64,0,f16,f16,0,1
121,1536,256,64,0,f16,f16,0,1
121,3072,256,64,0,f16,f16,0,1
121,4096,256,64,0,f16,f16,0,1
121,4608,256,64,0,f16,f16,0,1
121,7168,256,64,0,f16,f16,0,1
121,576,512,64,0,f16,f16,0,1
121,1536,512,64,0,f16,f16,0,1
121,3072,512,64,0,f16,f16,0,1
121,4096,512,64,0,f16,f16,0,1
121,4608,512,64,0,f16,f16,0,1
121,7168,512,64,0,f16,f16,0,1
121,576,1536,64,0,f16,f16,0,1
121,1536,1536,64,0,f16,f16,0,1
121,3072,1536,64,0,f16,f16,0,1
121,4096,1536,64,0,f16,f16,0,1
121,4608,1536,64,0,f16,f16,0,1
121,7168,1536,64,0,f16,f16,0,1
121,512,2048,64,0,f16,f16,0,1
121,1536,2048,64,0,f16,f16,0,1
121,3072,2048,64,0,f16,f16,0,1
121,4096,2048,64,0,f16,f16,0,1
121,4608,2048,64,0,f16,f16,0,1
121,7168,2048,64,0,f16,f16,0,1
121,512,2304,64,0,f16,f16,0,1
121,1536,2304,64,0,f16,f16,0,1
121,3072,2304,64,0,f16,f16,0,1
121,4096,2304,64,0,f16,f16,0,1
121,4608,2304,64,0,f16,f16,0,1
121,7168,2304,64,0,f16,f16,0,1
121,512,7168,64,0,f16,f16,0,1
121,1536,7168,64,0,f16,f16,0,1
121,3072,7168,64,0,f16,f16,0,1
121,4096,7168,64,0,f16,f16,0,1
121,4608,7168,64,0,f16,f16,0,1
121,7168,7168,64,0,f16,f16,0,1
122,576,256,64,0,f16,f16,0,1
122,1536,256,64,0,f16,f16,0,1
122,3072,256,64,0,f16,f16,0,1
122,4096,256,64,0,f16,f16,0,1
122,4608,256,64,0,f16,f16,0,1
122,7168,256,64,0,f16,f16,0,1
122,576,512,64,0,f16,f16,0,1
122,1536,512,64,0,f16,f16,0,1
122,3072,512,64,0,f16,f16,0,1
122,4096,512,64,0,f16,f16,0,1
122,4608,512,64,0,f16,f16,0,1
122,7168,512,64,0,f16,f16,0,1
122,576,1536,64,0,f16,f16,0,1
122,1536,1536,64,0,f16,f16,0,1
122,3072,1536,64,0,f16,f16,0,1
122,4096,1536,64,0,f16,f16,0,1
122,4608,1536,64,0,f16,f16,0,1
122,7168,1536,64,0,f16,f16,0,1
122,512,2048,64,0,f16,f16,0,1
122,1536,2048,64,0,f16,f16,0,1
122,3072,2048,64,0,f16,f16,0,1
122,4096,2048,64,0,f16,f16,0,1
122,4608,2048,64,0,f16,f16,0,1
122,7168,2048,64,0,f16,f16,0,1
122,512,2304,64,0,f16,f16,0,1
122,1536,2304,64,0,f16,f16,0,1
122,3072,2304,64,0,f16,f16,0,1
122,4096,2304,64,0,f16,f16,0,1
122,4608,2304,64,0,f16,f16,0,1
122,7168,2304,64,0,f16,f16,0,1
122,512,7168,64,0,f16,f16,0,1
122,1536,7168,64,0,f16,f16,0,1
122,3072,7168,64,0,f16,f16,0,1
122,4096,7168,64,0,f16,f16,0,1
122,4608,7168,64,0,f16,f16,0,1
122,7168,7168,64,0,f16,f16,0,1
123,576,256,64,0,f16,f16,0,1
123,1536,256,64,0,f16,f16,0,1
123,3072,256,64,0,f16,f16,0,1
123,4096,256,64,0,f16,f16,0,1
123,4608,256,64,0,f16,f16,0,1
123,7168,256,64,0,f16,f16,0,1
123,576,512,64,0,f16,f16,0,1
123,1536,512,64,0,f16,f16,0,1
123,3072,512,64,0,f16,f16,0,1
123,4096,512,64,0,f16,f16,0,1
123,4608,512,64,0,f16,f16,0,1
123,7168,512,64,0,f16,f16,0,1
123,576,1536,64,0,f16,f16,0,1
123,1536,1536,64,0,f16,f16,0,1
123,3072,1536,64,0,f16,f16,0,1
123,4096,1536,64,0,f16,f16,0,1
123,4608,1536,64,0,f16,f16,0,1
123,7168,1536,64,0,f16,f16,0,1
123,512,2048,64,0,f16,f16,0,1
123,1536,2048,64,0,f16,f16,0,1
123,3072,2048,64,0,f16,f16,0,1
123,4096,2048,64,0,f16,f16,0,1
123,4608,2048,64,0,f16,f16,0,1
123,7168,2048,64,0,f16,f16,0,1
123,512,2304,64,0,f16,f16,0,1
123,1536,2304,64,0,f16,f16,0,1
123,3072,2304,64,0,f16,f16,0,1
123,4096,2304,64,0,f16,f16,0,1
123,4608,2304,64,0,f16,f16,0,1
123,7168,2304,64,0,f16,f16,0,1
123,512,7168,64,0,f16,f16,0,1
123,1536,7168,64,0,f16,f16,0,1
123,3072,7168,64,0,f16,f16,0,1
123,4096,7168,64,0,f16,f16,0,1
123,4608,7168,64,0,f16,f16,0,1
123,7168,7168,64,0,f16,f16,0,1
124,576,256,64,0,f16,f16,0,1
124,1536,256,64,0,f16,f16,0,1
124,3072,256,64,0,f16,f16,0,1
124,4096,256,64,0,f16,f16,0,1
124,4608,256,64,0,f16,f16,0,1
124,7168,256,64,0,f16,f16,0,1
124,576,512,64,0,f16,f16,0,1
124,1536,512,64,0,f16,f16,0,1
124,3072,512,64,0,f16,f16,0,1
124,4096,512,64,0,f16,f16,0,1
124,4608,512,64,0,f16,f16,0,1
124,7168,512,64,0,f16,f16,0,1
124,576,1536,64,0,f16,f16,0,1
124,1536,1536,64,0,f16,f16,0,1
124,3072,1536,64,0,f16,f16,0,1
124,4096,1536,64,0,f16,f16,0,1
124,4608,1536,64,0,f16,f16,0,1
124,7168,1536,64,0,f16,f16,0,1
124,512,2048,64,0,f16,f16,0,1
124,1536,2048,64,0,f16,f16,0,1
124,3072,2048,64,0,f16,f16,0,1
124,4096,2048,64,0,f16,f16,0,1
124,4608,2048,64,0,f16,f16,0,1
124,7168,2048,64,0,f16,f16,0,1
124,512,2304,64,0,f16,f16,0,1
124,1536,2304,64,0,f16,f16,0,1
124,3072,2304,64,0,f16,f16,0,1
124,4096,2304,64,0,f16,f16,0,1
124,4608,2304,64,0,f16,f16,0,1
124,7168,2304,64,0,f16,f16,0,1
124,512,7168,64,0,f16,f16,0,1
124,1536,7168,64,0,f16,f16,0,1
124,3072,7168,64,0,f16,f16,0,1
124,4096,7168,64,0,f16,f16,0,1
124,4608,7168,64,0,f16,f16,0,1
124,7168,7168,64,0,f16,f16,0,1
125,576,256,64,0,f16,f16,0,1
125,1536,256,64,0,f16,f16,0,1
125,3072,256,64,0,f16,f16,0,1
125,4096,256,64,0,f16,f16,0,1
125,4608,256,64,0,f16,f16,0,1
125,7168,256,64,0,f16,f16,0,1
125,576,512,64,0,f16,f16,0,1
125,1536,512,64,0,f16,f16,0,1
125,3072,512,64,0,f16,f16,0,1
125,4096,512,64,0,f16,f16,0,1
125,4608,512,64,0,f16,f16,0,1
125,7168,512,64,0,f16,f16,0,1
125,576,1536,64,0,f16,f16,0,1
125,1536,1536,64,0,f16,f16,0,1
125,3072,1536,64,0,f16,f16,0,1
125,4096,1536,64,0,f16,f16,0,1
125,4608,1536,64,0,f16,f16,0,1
125,7168,1536,64,0,f16,f16,0,1
125,512,2048,64,0,f16,f16,0,1
125,1536,2048,64,0,f16,f16,0,1
125,3072,2048,64,0,f16,f16,0,1
125,4096,2048,64,0,f16,f16,0,1
125,4608,2048,64,0,f16,f16,0,1
125,7168,2048,64,0,f16,f16,0,1
125,512,2304,64,0,f16,f16,0,1
125,1536,2304,64,0,f16,f16,0,1
125,3072,2304,64,0,f16,f16,0,1
125,4096,2304,64,0,f16,f16,0,1
125,4608,2304,64,0,f16,f16,0,1
125,7168,2304,64,0,f16,f16,0,1
125,512,7168,64,0,f16,f16,0,1
125,1536,7168,64,0,f16,f16,0,1
125,3072,7168,64,0,f16,f16,0,1
125,4096,7168,64,0,f16,f16,0,1
125,4608,7168,64,0,f16,f16,0,1
125,7168,7168,64,0,f16,f16,0,1
126,576,256,64,0,f16,f16,0,1
126,1536,256,64,0,f16,f16,0,1
126,3072,256,64,0,f16,f16,0,1
126,4096,256,64,0,f16,f16,0,1
126,4608,256,64,0,f16,f16,0,1
126,7168,256,64,0,f16,f16,0,1
126,576,512,64,0,f16,f16,0,1
126,1536,512,64,0,f16,f16,0,1
126,3072,512,64,0,f16,f16,0,1
126,4096,512,64,0,f16,f16,0,1
126,4608,512,64,0,f16,f16,0,1
126,7168,512,64,0,f16,f16,0,1
126,576,1536,64,0,f16,f16,0,1
126,1536,1536,64,0,f16,f16,0,1
126,3072,1536,64,0,f16,f16,0,1
126,4096,1536,64,0,f16,f16,0,1
126,4608,1536,64,0,f16,f16,0,1
126,7168,1536,64,0,f16,f16,0,1
126,512,2048,64,0,f16,f16,0,1
126,1536,2048,64,0,f16,f16,0,1
126,3072,2048,64,0,f16,f16,0,1
126,4096,2048,64,0,f16,f16,0,1
126,4608,2048,64,0,f16,f16,0,1
126,7168,2048,64,0,f16,f16,0,1
126,512,2304,64,0,f16,f16,0,1
126,1536,2304,64,0,f16,f16,0,1
126,3072,2304,64,0,f16,f16,0,1
126,4096,2304,64,0,f16,f16,0,1
126,4608,2304,64,0,f16,f16,0,1
126,7168,2304,64,0,f16,f16,0,1
126,512,7168,64,0,f16,f16,0,1
126,1536,7168,64,0,f16,f16,0,1
126,3072,7168,64,0,f16,f16,0,1
126,4096,7168,64,0,f16,f16,0,1
126,4608,7168,64,0,f16,f16,0,1
126,7168,7168,64,0,f16,f16,0,1
127,576,256,64,0,f16,f16,0,1
127,1536,256,64,0,f16,f16,0,1
127,3072,256,64,0,f16,f16,0,1
127,4096,256,64,0,f16,f16,0,1
127,4608,256,64,0,f16,f16,0,1
127,7168,256,64,0,f16,f16,0,1
127,576,512,64,0,f16,f16,0,1
127,1536,512,64,0,f16,f16,0,1
127,3072,512,64,0,f16,f16,0,1
127,4096,512,64,0,f16,f16,0,1
127,4608,512,64,0,f16,f16,0,1
127,7168,512,64,0,f16,f16,0,1
127,576,1536,64,0,f16,f16,0,1
127,1536,1536,64,0,f16,f16,0,1
127,3072,1536,64,0,f16,f16,0,1
127,4096,1536,64,0,f16,f16,0,1
127,4608,1536,64,0,f16,f16,0,1
127,7168,1536,64,0,f16,f16,0,1
127,512,2048,64,0,f16,f16,0,1
127,1536,2048,64,0,f16,f16,0,1
127,3072,2048,64,0,f16,f16,0,1
127,4096,2048,64,0,f16,f16,0,1
127,4608,2048,64,0,f16,f16,0,1
127,7168,2048,64,0,f16,f16,0,1
127,512,2304,64,0,f16,f16,0,1
127,1536,2304,64,0,f16,f16,0,1
127,3072,2304,64,0,f16,f16,0,1
127,4096,2304,64,0,f16,f16,0,1
127,4608,2304,64,0,f16,f16,0,1
127,7168,2304,64,0,f16,f16,0,1
127,512,7168,64,0,f16,f16,0,1
127,1536,7168,64,0,f16,f16,0,1
127,3072,7168,64,0,f16,f16,0,1
127,4096,7168,64,0,f16,f16,0,1
127,4608,7168,64,0,f16,f16,0,1
127,7168,7168,64,0,f16,f16,0,1
128,576,256,64,0,f16,f16,0,1
128,1536,256,64,0,f16,f16,0,1
128,3072,256,64,0,f16,f16,0,1
128,4096,256,64,0,f16,f16,0,1
128,4608,256,64,0,f16,f16,0,1
128,7168,256,64,0,f16,f16,0,1
128,576,512,64,0,f16,f16,0,1
128,1536,512,64,0,f16,f16,0,1
128,3072,512,64,0,f16,f16,0,1
128,4096,512,64,0,f16,f16,0,1
128,4608,512,64,0,f16,f16,0,1
128,7168,512,64,0,f16,f16,0,1
128,576,1536,64,0,f16,f16,0,1
128,1536,1536,64,0,f16,f16,0,1
128,3072,1536,64,0,f16,f16,0,1
128,4096,1536,64,0,f16,f16,0,1
128,4608,1536,64,0,f16,f16,0,1
128,7168,1536,64,0,f16,f16,0,1
128,512,2048,64,0,f16,f16,0,1
128,1536,2048,64,0,f16,f16,0,1
128,3072,2048,64,0,f16,f16,0,1
128,4096,2048,64,0,f16,f16,0,1
128,4608,2048,64,0,f16,f16,0,1
128,7168,2048,64,0,f16,f16,0,1
128,512,2304,64,0,f16,f16,0,1
128,1536,2304,64,0,f16,f16,0,1
128,3072,2304,64,0,f16,f16,0,1
128,4096,2304,64,0,f16,f16,0,1
128,4608,2304,64,0,f16,f16,0,1
128,7168,2304,64,0,f16,f16,0,1
128,512,7168,64,0,f16,f16,0,1
128,1536,7168,64,0,f16,f16,0,1
128,3072,7168,64,0,f16,f16,0,1
128,4096,7168,64,0,f16,f16,0,1
128,4608,7168,64,0,f16,f16,0,1
128,7168,7168,64,0,f16,f16,0,1
