arch,quant_type,indtype,token,inter_dim,model_dim,expert,topk,q_size_n,q_size_k,sol_type,sol_id,time_us
gfx938,no_quant,torch.float16,1,352,4096,128,8,0,0,asm,10008+20000,76.1135
gfx938,no_quant,torch.float16,2,352,4096,128,8,0,0,asm,10011+20002,116.9911
gfx938,no_quant,torch.float16,4,352,4096,128,8,0,0,asm,10002+20000,190.2544
gfx938,no_quant,torch.float16,6,352,4096,128,8,0,0,asm,10011+20000,255.6735
gfx938,no_quant,torch.float16,8,352,4096,128,8,0,0,asm,10002+20000,327.9644
gfx938,no_quant,torch.float16,10,352,4096,128,8,0,0,asm,10002+20000,381.3467
gfx938,no_quant,torch.float16,12,352,4096,128,8,0,0,asm,10002+20000,425.2932
gfx938,no_quant,torch.float16,14,352,4096,128,8,0,0,asm,10002+20000,466.8067
gfx938,no_quant,torch.float16,16,352,4096,128,8,0,0,asm,10002+20000,502.9911
gfx938,no_quant,torch.float16,20,352,4096,128,8,0,0,asm,10002+20000,559.3775
gfx938,no_quant,torch.float16,24,352,4096,128,8,0,0,asm,10002+20000,579.1763
gfx938,no_quant,torch.float16,28,352,4096,128,8,0,0,asm,10002+20000,598.1905
gfx938,no_quant,torch.float16,32,352,4096,128,8,0,0,asm,10002+20000,617.1032
gfx938,no_quant,torch.float16,36,352,4096,128,8,0,0,asm,10002+20000,634.1831
gfx938,no_quant,torch.float16,40,352,4096,128,8,0,0,asm,10002+20000,650.6875
gfx938,no_quant,torch.float16,44,352,4096,128,8,0,0,asm,10002+20000,673.797
gfx938,no_quant,torch.float16,48,352,4096,128,8,0,0,asm,10002+20000,688.9969
gfx938,no_quant,torch.float16,56,352,4096,128,8,0,0,asm,10002+20000,690.6337
gfx938,no_quant,torch.float16,64,352,4096,128,8,0,0,asm,10002+20000,705.25
gfx938,no_quant,torch.float16,68,352,4096,128,8,0,0,asm,10002+20000,692.6071
gfx938,no_quant,torch.float16,72,352,4096,128,8,0,0,asm,10002+20000,693.4728
gfx938,no_quant,torch.float16,80,352,4096,128,8,0,0,asm,10002+20000,693.0667
gfx938,no_quant,torch.float16,88,352,4096,128,8,0,0,asm,10002+20000,698.6174
gfx938,no_quant,torch.float16,96,352,4096,128,8,0,0,asm,10002+20000,701.0585
gfx938,no_quant,torch.float16,104,352,4096,128,8,0,0,asm,10002+20000,700.9929
gfx938,no_quant,torch.float16,112,352,4096,128,8,0,0,asm,10002+20000,702.7078
gfx938,no_quant,torch.float16,128,352,4096,128,8,0,0,asm,10002+20000,706.9581
gfx938,no_quant,torch.float16,144,352,4096,128,8,0,0,asm,10002+20000,729.0544
gfx938,no_quant,torch.float16,160,352,4096,128,8,0,0,asm,10002+20000,722.2728
gfx938,no_quant,torch.float16,192,352,4096,128,8,0,0,asm,10011+20000,742.4902
gfx938,no_quant,torch.float16,224,352,4096,128,8,0,0,asm,11004+21001,774.5392
gfx938,no_quant,torch.float16,256,352,4096,128,8,0,0,asm,11004+21001,780.4756
gfx938,no_quant,torch.float16,320,352,4096,128,8,0,0,asm,11004+21001,796.5904
gfx938,no_quant,torch.float16,384,352,4096,128,8,0,0,asm,11005+21001,804.2211
gfx938,no_quant,torch.float16,448,352,4096,128,8,0,0,asm,12005+22001,833.0702
gfx938,no_quant,torch.float16,512,352,4096,128,8,0,0,asm,12005+22001,847.1173
gfx938,no_quant,torch.float16,576,352,4096,128,8,0,0,asm,12005+22001,857.4557
gfx938,no_quant,torch.float16,640,352,4096,128,8,0,0,asm,12005+22001,867.1542
gfx938,no_quant,torch.float16,704,352,4096,128,8,0,0,asm,12005+22001,878.2925
gfx938,no_quant,torch.float16,768,352,4096,128,8,0,0,asm,12005+22001,890.8995
gfx938,no_quant,torch.float16,832,352,4096,128,8,0,0,asm,12005+22001,900.5198
gfx938,no_quant,torch.float16,896,352,4096,128,8,0,0,asm,12001+22001,958.5009
gfx938,no_quant,torch.float16,960,352,4096,128,8,0,0,asm,12003+22001,985.6514
gfx938,no_quant,torch.float16,1024,352,4096,128,8,0,0,asm,13001+23001,1062.3093
gfx938,no_quant,torch.float16,1152,352,4096,128,8,0,0,asm,13001+23001,1079.7408
gfx938,no_quant,torch.float16,1280,352,4096,128,8,0,0,asm,13001+23001,1090.4801
gfx938,no_quant,torch.float16,1408,352,4096,128,8,0,0,asm,13001+23001,1110.9976
gfx938,no_quant,torch.float16,1536,352,4096,128,8,0,0,asm,13001+23001,1123.6784
gfx938,no_quant,torch.float16,1664,352,4096,128,8,0,0,asm,13001+23001,1141.3393
gfx938,no_quant,torch.float16,1792,352,4096,128,8,0,0,asm,13001+23001,1163.7203
gfx938,no_quant,torch.float16,1920,352,4096,128,8,0,0,asm,13001+23001,1304.7715
gfx938,no_quant,torch.float16,2048,352,4096,128,8,0,0,asm,13001+23001,1584.7923
gfx938,no_quant,torch.float16,2304,352,4096,128,8,0,0,asm,13001+23001,1943.0033
gfx938,no_quant,torch.float16,2560,352,4096,128,8,0,0,asm,13001+23001,1988.7219
gfx938,no_quant,torch.float16,2816,352,4096,128,8,0,0,asm,13001+23001,2026.4655
gfx938,no_quant,torch.float16,3072,352,4096,128,8,0,0,asm,13001+23001,2056.3481
gfx938,no_quant,torch.float16,3328,352,4096,128,8,0,0,asm,13001+23001,2081.0787
gfx938,no_quant,torch.float16,3584,352,4096,128,8,0,0,asm,13001+23001,2113.5351
gfx938,no_quant,torch.float16,3840,352,4096,128,8,0,0,asm,13001+23001,2251.9895
gfx938,no_quant,torch.float16,4096,352,4096,128,8,0,0,asm,13001+23001,2568.3675
gfx938,no_quant,torch.float16,5120,352,4096,128,8,0,0,asm,13001+23001,3066.6487
gfx938,no_quant,torch.float16,6144,352,4096,128,8,0,0,asm,13001+23001,3581.1465
gfx938,no_quant,torch.float16,7168,352,4096,128,8,0,0,asm,13001+23001,4122.1716
gfx938,no_quant,torch.float16,7680,352,4096,128,8,0,0,asm,13001+23001,4222.0785
gfx938,no_quant,torch.float16,8192,352,4096,128,8,0,0,asm,13001+23001,4607.7508
gfx938,no_quant,torch.float16,10240,352,4096,128,8,0,0,asm,13001+23001,5676.0447
gfx938,no_quant,torch.float16,12288,352,4096,128,8,0,0,asm,13001+23001,6679.6272
gfx938,no_quant,torch.float16,14336,352,4096,128,8,0,0,asm,13001+23001,7789.8272
gfx938,no_quant,torch.float16,16384,352,4096,128,8,0,0,asm,13001+23001,8726.181
gfx938,no_quant,torch.float16,17408,352,4096,128,8,0,0,asm,13001+23001,9263.6738
gfx938,no_quant,torch.float16,24576,352,4096,128,8,0,0,asm,13001+23001,12830.282
gfx938,no_quant,torch.float16,32768,352,4096,128,8,0,0,asm,13001+23001,17031.4351
gfx938,no_quant,torch.float16,40960,352,4096,128,8,0,0,asm,13001+23001,21120.0199
gfx938,no_quant,torch.float16,49152,352,4096,128,8,0,0,asm,13001+23001,25184.3324
gfx938,no_quant,torch.float16,57344,352,4096,128,8,0,0,asm,13001+23001,29341.3454
gfx938,no_quant,torch.float16,65536,352,4096,128,8,0,0,asm,13001+23001,33437.6425
gfx938,no_quant,torch.float16,1,352,4096,129,9,0,0,asm,10008+20000,79.718
gfx938,no_quant,torch.float16,2,352,4096,129,9,0,0,asm,10011+20002,118.7885
gfx938,no_quant,torch.float16,4,352,4096,129,9,0,0,asm,10002+20000,196.5523
gfx938,no_quant,torch.float16,6,352,4096,129,9,0,0,asm,10011+20000,270.1234
gfx938,no_quant,torch.float16,8,352,4096,129,9,0,0,asm,10002+20000,322.2257
gfx938,no_quant,torch.float16,10,352,4096,129,9,0,0,asm,10002+20000,379.8174
gfx938,no_quant,torch.float16,12,352,4096,129,9,0,0,asm,10002+20000,416.2644
gfx938,no_quant,torch.float16,14,352,4096,129,9,0,0,asm,10002+20000,457.8191
gfx938,no_quant,torch.float16,16,352,4096,129,9,0,0,asm,10002+20000,493.3677
gfx938,no_quant,torch.float16,20,352,4096,129,9,0,0,asm,10002+20000,562.0455
gfx938,no_quant,torch.float16,24,352,4096,129,9,0,0,asm,10002+20000,609.2494
gfx938,no_quant,torch.float16,28,352,4096,129,9,0,0,asm,10002+20000,639.2872
gfx938,no_quant,torch.float16,32,352,4096,129,9,0,0,asm,10002+20000,650.7579
gfx938,no_quant,torch.float16,36,352,4096,129,9,0,0,asm,10002+20000,680.4902
gfx938,no_quant,torch.float16,40,352,4096,129,9,0,0,asm,10002+20000,686.082
gfx938,no_quant,torch.float16,48,352,4096,129,9,0,0,asm,10002+20000,712.4491
gfx938,no_quant,torch.float16,56,352,4096,129,9,0,0,asm,10002+20000,710.9639
gfx938,no_quant,torch.float16,64,352,4096,129,9,0,0,asm,10002+20000,730.5607
gfx938,no_quant,torch.float16,72,352,4096,129,9,0,0,asm,10002+20000,718.7957
gfx938,no_quant,torch.float16,80,352,4096,129,9,0,0,asm,10002+20000,720.0142
gfx938,no_quant,torch.float16,88,352,4096,129,9,0,0,asm,10002+20000,722.9229
gfx938,no_quant,torch.float16,96,352,4096,129,9,0,0,asm,10002+20000,723.0624
gfx938,no_quant,torch.float16,104,352,4096,129,9,0,0,asm,10002+20000,724.0839
gfx938,no_quant,torch.float16,112,352,4096,129,9,0,0,asm,10002+20000,735.3413
gfx938,no_quant,torch.float16,128,352,4096,129,9,0,0,asm,10002+20000,737.2243
gfx938,no_quant,torch.float16,144,352,4096,129,9,0,0,asm,10002+20000,754.1186
gfx938,no_quant,torch.float16,160,352,4096,129,9,0,0,asm,10002+20000,753.3679
gfx938,no_quant,torch.float16,192,352,4096,129,9,0,0,asm,10002+20000,788.8426
gfx938,no_quant,torch.float16,224,352,4096,129,9,0,0,asm,11004+21001,801.5606
gfx938,no_quant,torch.float16,256,352,4096,129,9,0,0,asm,11004+21001,807.7226
gfx938,no_quant,torch.float16,320,352,4096,129,9,0,0,asm,11004+21001,826.3646
gfx938,no_quant,torch.float16,384,352,4096,129,9,0,0,asm,12005+22001,854.2537
gfx938,no_quant,torch.float16,448,352,4096,129,9,0,0,asm,12005+22001,864.8998
gfx938,no_quant,torch.float16,512,352,4096,129,9,0,0,asm,12005+22001,883.4228
gfx938,no_quant,torch.float16,576,352,4096,129,9,0,0,asm,12005+22001,895.6977
gfx938,no_quant,torch.float16,640,352,4096,129,9,0,0,asm,12001+22001,908.3787
gfx938,no_quant,torch.float16,768,352,4096,129,9,0,0,asm,12001+22001,915.4966
gfx938,no_quant,torch.float16,960,352,4096,129,9,0,0,asm,13001+23001,1079.7907
gfx938,no_quant,torch.float16,1024,352,4096,129,9,0,0,asm,13001+23001,1088.9094
gfx938,no_quant,torch.float16,1280,352,4096,129,9,0,0,asm,13001+23001,1129.3092
gfx938,no_quant,torch.float16,1536,352,4096,129,9,0,0,asm,13001+23001,1169.2723
gfx938,no_quant,torch.float16,1920,352,4096,129,9,0,0,asm,13001+23001,1764.185
gfx938,no_quant,torch.float16,2048,352,4096,129,9,0,0,asm,13001+23001,1934.3223
gfx938,no_quant,torch.float16,2304,352,4096,129,9,0,0,asm,13001+23001,2006.923
gfx938,no_quant,torch.float16,2560,352,4096,129,9,0,0,asm,13001+23001,2035.540
gfx938,no_quant,torch.float16,2816,352,4096,129,9,0,0,asm,13001+23001,2068.5062
gfx938,no_quant,torch.float16,3072,352,4096,129,9,0,0,asm,13001+23001,2102.0827
gfx938,no_quant,torch.float16,3584,352,4096,129,9,0,0,asm,13001+23001,2447.431
gfx938,no_quant,torch.float16,3840,352,4096,129,9,0,0,asm,13001+23001,2805.2093
gfx938,no_quant,torch.float16,4096,352,4096,129,9,0,0,asm,13001+23001,3007.0664
gfx938,no_quant,torch.float16,4608,352,4096,129,9,0,0,asm,13001+23001,3123.0345
gfx938,no_quant,torch.float16,5120,352,4096,129,9,0,0,asm,13001+23001,3246.8705
gfx938,no_quant,torch.float16,5632,352,4096,129,9,0,0,asm,13001+23001,3764.9074
gfx938,no_quant,torch.float16,6144,352,4096,129,9,0,0,asm,13001+23001,4092.9607
gfx938,no_quant,torch.float16,6656,352,4096,129,9,0,0,asm,13001+23001,4175.6811
gfx938,no_quant,torch.float16,7168,352,4096,129,9,0,0,asm,13001+23001,4504.6947
gfx938,no_quant,torch.float16,7680,352,4096,129,9,0,0,asm,13001+23001,5027.1321
gfx938,no_quant,torch.float16,8192,352,4096,129,9,0,0,asm,13001+23001,5169.6112
gfx938,no_quant,torch.float16,10240,352,4096,129,9,0,0,asm,13001+23001,6238.8422
gfx938,no_quant,torch.float16,12288,352,4096,129,9,0,0,asm,13001+23001,7419.1773
gfx938,no_quant,torch.float16,16384,352,4096,129,9,0,0,asm,13001+23001,9753.8878
gfx938,no_quant,torch.float16,24576,352,4096,129,9,0,0,asm,13001+23001,14398.8284
gfx938,no_quant,torch.float16,32768,352,4096,129,9,0,0,asm,13001+23001,19058.7232
gfx938,no_quant,torch.float16,40960,352,4096,129,9,0,0,asm,13001+23001,23722.1115
gfx938,no_quant,torch.float16,49152,352,4096,129,9,0,0,asm,13001+23001,28329.0767
gfx938,no_quant,torch.float16,65536,352,4096,129,9,0,0,asm,13001+23001,37562.0269
gfx938,no_quant,torch.bfloat16,1,192,2048,128,8,0,0,asm,10006+20000,36.1297
gfx938,no_quant,torch.bfloat16,2,192,2048,128,8,0,0,asm,10008+20000,47.5655
gfx938,no_quant,torch.bfloat16,4,192,2048,128,8,0,0,asm,10011+20000,70.0834
gfx938,no_quant,torch.bfloat16,8,192,2048,128,8,0,0,asm,10002+20000,107.3634
gfx938,no_quant,torch.bfloat16,16,192,2048,128,8,0,0,asm,10008+20000,153.1485
gfx938,no_quant,torch.bfloat16,32,192,2048,128,8,0,0,asm,10008+20000,194.9505
gfx938,no_quant,torch.bfloat16,64,192,2048,128,8,0,0,asm,10002+20000,227.6915
gfx938,no_quant,torch.bfloat16,128,192,2048,128,8,0,0,asm,10002+20000,217.1789
gfx938,no_quant,torch.bfloat16,256,192,2048,128,8,0,0,asm,11004+21001,243.1747
gfx938,no_quant,torch.bfloat16,512,192,2048,128,8,0,0,asm,12000+22001,297.8012
gfx938,no_quant,torch.bfloat16,1024,192,2048,128,8,0,0,asm,12000+22001,411.3837
gfx938,no_quant,torch.bfloat16,2048,192,2048,128,8,0,0,asm,13000+23001,604.4119
gfx938,no_quant,torch.bfloat16,4096,192,2048,128,8,0,0,asm,13001+23001,955.5858
gfx938,no_quant,torch.bfloat16,8192,192,2048,128,8,0,0,asm,13001+23001,1689.6308
gfx938,no_quant,torch.bfloat16,16384,192,2048,128,8,0,0,asm,13001+23001,3207.5057
gfx938,no_quant,torch.bfloat16,32768,192,2048,128,8,0,0,asm,13001+23001,6173.8209
gfx938,no_quant,torch.bfloat16,65536,192,2048,128,8,0,0,asm,13000+23001,12477.2685
gfx938,no_quant,torch.bfloat16,1,384,2048,128,8,0,0,asm,10008+20001,47.3044
gfx938,no_quant,torch.bfloat16,2,384,2048,128,8,0,0,asm,10011+20002,69.216
gfx938,no_quant,torch.bfloat16,4,384,2048,128,8,0,0,asm,10002+20000,113.4772
gfx938,no_quant,torch.bfloat16,8,384,2048,128,8,0,0,asm,10008+20000,191.1611
gfx938,no_quant,torch.bfloat16,16,384,2048,128,8,0,0,asm,10011+20000,286.5208
gfx938,no_quant,torch.bfloat16,32,384,2048,128,8,0,0,asm,10011+20000,357.0469
gfx938,no_quant,torch.bfloat16,64,384,2048,128,8,0,0,asm,10002+20000,415.0259
gfx938,no_quant,torch.bfloat16,128,384,2048,128,8,0,0,asm,10008+20000,412.5307
gfx938,no_quant,torch.bfloat16,256,384,2048,128,8,0,0,asm,11004+21001,450.3575
gfx938,no_quant,torch.bfloat16,512,384,2048,128,8,0,0,asm,12001+22001,491.7812
gfx938,no_quant,torch.bfloat16,1024,384,2048,128,8,0,0,asm,13001+23001,597.3638
gfx938,no_quant,torch.bfloat16,2048,384,2048,128,8,0,0,asm,13001+23001,767.0737
gfx938,no_quant,torch.bfloat16,4096,384,2048,128,8,0,0,asm,13001+23001,1276.6764
gfx938,no_quant,torch.bfloat16,8192,384,2048,128,8,0,0,asm,13001+23001,2246.1413
gfx938,no_quant,torch.bfloat16,16384,384,2048,128,8,0,0,asm,13001+23001,4450.9009
gfx938,no_quant,torch.bfloat16,32768,384,2048,128,8,0,0,asm,13001+23001,8575.6606
gfx938,no_quant,torch.bfloat16,65536,384,2048,128,8,0,0,asm,13001+23001,16846.3634
gfx938,no_quant,torch.bfloat16,1,768,2048,128,8,0,0,asm,10011+20000,68.8792
gfx938,no_quant,torch.bfloat16,2,768,2048,128,8,0,0,asm,10008+20000,118.9591
gfx938,no_quant,torch.bfloat16,4,768,2048,128,8,0,0,asm,10008+20001,210.1253
gfx938,no_quant,torch.bfloat16,8,768,2048,128,8,0,0,asm,10011+20001,367.1356
gfx938,no_quant,torch.bfloat16,16,768,2048,128,8,0,0,asm,10002+20001,572.9879
gfx938,no_quant,torch.bfloat16,32,768,2048,128,8,0,0,asm,10002+20000,714.7725
gfx938,no_quant,torch.bfloat16,64,768,2048,128,8,0,0,asm,10002+20000,817.7197
gfx938,no_quant,torch.bfloat16,128,768,2048,128,8,0,0,asm,10011+20000,813.9779
gfx938,no_quant,torch.bfloat16,256,768,2048,128,8,0,0,asm,11005+21001,849.9948
gfx938,no_quant,torch.bfloat16,512,768,2048,128,8,0,0,asm,12001+22001,906.7694
gfx938,no_quant,torch.bfloat16,1024,768,2048,128,8,0,0,asm,13001+23002,1021.0857
gfx938,no_quant,torch.bfloat16,2048,768,2048,128,8,0,0,asm,13001+23001,1381.4244
gfx938,no_quant,torch.bfloat16,4096,768,2048,128,8,0,0,asm,13001+23001,2296.0597
gfx938,no_quant,torch.bfloat16,8192,768,2048,128,8,0,0,asm,13001+23001,4099.5996
gfx938,no_quant,torch.bfloat16,16384,768,2048,128,8,0,0,asm,13001+23001,7791.3597
gfx938,no_quant,torch.bfloat16,32768,768,2048,128,8,0,0,asm,13001+23001,15124.7783
gfx938,no_quant,torch.bfloat16,65536,768,2048,128,8,0,0,asm,13001+23001,29786.7389
gfx936,no_quant,torch.float16,1,256,3072,256,8,0,0,asm,10002+20000,55.456
gfx936,no_quant,torch.float16,2,256,3072,256,8,0,0,asm,10002+20000,86.6223
gfx936,no_quant,torch.float16,4,256,3072,256,8,0,0,asm,10002+20000,155.6412
gfx936,no_quant,torch.float16,6,256,3072,256,8,0,0,asm,10001+20000,212.4495
gfx936,no_quant,torch.float16,8,256,3072,256,8,0,0,asm,10001+20000,258.5125
gfx936,no_quant,torch.float16,12,256,3072,256,8,0,0,asm,10001+20000,349.5272
gfx936,no_quant,torch.float16,16,256,3072,256,8,0,0,asm,10001+20000,424.9797
gfx936,no_quant,torch.float16,24,256,3072,256,8,0,0,asm,10001+20000,569.7428
gfx936,no_quant,torch.float16,32,256,3072,256,8,0,0,asm,10001+20000,698.3014
gfx936,no_quant,torch.float16,36,256,3072,256,8,0,0,asm,10001+20000,731.8899
gfx936,no_quant,torch.float16,48,256,3072,256,8,0,0,asm,10001+20000,823.0646
gfx936,no_quant,torch.float16,56,256,3072,256,8,0,0,asm,10001+20000,869.7846
gfx936,no_quant,torch.float16,64,256,3072,256,8,0,0,asm,10001+20000,902.1634
gfx936,no_quant,torch.float16,72,256,3072,256,8,0,0,asm,10001+20000,939.9486
gfx936,no_quant,torch.float16,80,256,3072,256,8,0,0,asm,10001+20000,966.9634
gfx936,no_quant,torch.float16,88,256,3072,256,8,0,0,asm,10001+20000,994.9044
gfx936,no_quant,torch.float16,96,256,3072,256,8,0,0,asm,10001+20000,1011.3254
gfx936,no_quant,torch.float16,100,256,3072,256,8,0,0,asm,10001+20000,1012.3611
gfx936,no_quant,torch.float16,112,256,3072,256,8,0,0,asm,10001+20000,1031.8055
gfx936,no_quant,torch.float16,128,256,3072,256,8,0,0,asm,10001+20000,1058.5927
gfx936,no_quant,torch.float16,144,256,3072,256,8,0,0,asm,10001+20000,1068.6726
gfx936,no_quant,torch.float16,160,256,3072,256,8,0,0,asm,10001+20000,1079.586
gfx936,no_quant,torch.float16,192,256,3072,256,8,0,0,asm,10001+20000,1096.3268
gfx936,no_quant,torch.float16,224,256,3072,256,8,0,0,asm,10001+20000,1111.8469
gfx936,no_quant,torch.float16,256,256,3072,256,8,0,0,asm,10001+20000,1125.3208
gfx936,no_quant,torch.float16,320,256,3072,256,8,0,0,asm,10001+20000,1151.3166
gfx936,no_quant,torch.float16,384,256,3072,256,8,0,0,asm,10002+20000,1176.2598
gfx936,no_quant,torch.float16,448,256,3072,256,8,0,0,asm,10002+20000,1216.6051
gfx936,no_quant,torch.float16,512,256,3072,256,8,0,0,asm,12005+22001,1234.8115
gfx936,no_quant,torch.float16,640,256,3072,256,8,0,0,asm,12005+22001,1258.5252
gfx936,no_quant,torch.float16,768,256,3072,256,8,0,0,asm,12005+22001,1282.3315
gfx936,no_quant,torch.float16,896,256,3072,256,8,0,0,asm,12005+22001,1306.7272
gfx936,no_quant,torch.float16,1024,256,3072,256,8,0,0,asm,12005+22001,1334.2219
gfx936,no_quant,torch.float16,1280,256,3072,256,8,0,0,asm,12005+22001,1376.8577
gfx936,no_quant,torch.float16,1536,256,3072,256,8,0,0,asm,12005+22001,1437.6745
gfx936,no_quant,torch.float16,2048,256,3072,256,8,0,0,asm,13001+23001,1541.6658
gfx936,no_quant,torch.float16,2304,256,3072,256,8,0,0,asm,13001+23001,1576.0315
gfx936,no_quant,torch.float16,2560,256,3072,256,8,0,0,asm,13001+23001,1624.385
gfx936,no_quant,torch.float16,3072,256,3072,256,8,0,0,asm,13001+23001,1700.9494
gfx936,no_quant,torch.float16,3584,256,3072,256,8,0,0,asm,13001+23001,1818.2295
gfx936,no_quant,torch.float16,4096,256,3072,256,8,0,0,asm,13001+23001,1965.16
gfx936,no_quant,torch.float16,5120,256,3072,256,8,0,0,asm,13001+23001,2322.7428
gfx936,no_quant,torch.float16,6144,256,3072,256,8,0,0,asm,13001+23001,2458.768
gfx936,no_quant,torch.float16,7168,256,3072,256,8,0,0,asm,13001+23001,2695.1215
gfx936,no_quant,torch.float16,8192,256,3072,256,8,0,0,asm,13001+23001,3011.6433
gfx936,no_quant,torch.float16,10240,256,3072,256,8,0,0,asm,13001+23001,3578.2532
gfx936,no_quant,torch.float16,12288,256,3072,256,8,0,0,asm,13001+23001,4153.0568
gfx936,no_quant,torch.float16,16384,256,3072,256,8,0,0,asm,13001+23001,5263.1272
gfx936,no_quant,torch.float16,24576,256,3072,256,8,0,0,asm,13001+23001,7644.2697
gfx936,no_quant,torch.float16,32768,256,3072,256,8,0,0,asm,13001+23001,10052.4186
gfx936,no_quant,torch.float16,1,128,3072,256,8,0,0,asm,10000+20000,41.3928
gfx936,no_quant,torch.float16,2,128,3072,256,8,0,0,asm,10002+20000,57.1149
gfx936,no_quant,torch.float16,4,128,3072,256,8,0,0,asm,10002+20002,89.8055
gfx936,no_quant,torch.float16,6,128,3072,256,8,0,0,asm,10002+20002,119.0938
gfx936,no_quant,torch.float16,8,128,3072,256,8,0,0,asm,10002+20000,144.6431
gfx936,no_quant,torch.float16,12,128,3072,256,8,0,0,asm,10002+20000,194.622
gfx936,no_quant,torch.float16,16,128,3072,256,8,0,0,asm,10001+20000,235.6157
gfx936,no_quant,torch.float16,24,128,3072,256,8,0,0,asm,10001+20000,306.181
gfx936,no_quant,torch.float16,32,128,3072,256,8,0,0,asm,10001+20002,378.7229
gfx936,no_quant,torch.float16,36,128,3072,256,8,0,0,asm,10001+20002,388.2777
gfx936,no_quant,torch.float16,48,128,3072,256,8,0,0,asm,10001+20000,433.7514
gfx936,no_quant,torch.float16,56,128,3072,256,8,0,0,asm,10001+20000,457.8524
gfx936,no_quant,torch.float16,64,128,3072,256,8,0,0,asm,10001+20002,475.2419
gfx936,no_quant,torch.float16,72,128,3072,256,8,0,0,asm,10001+20002,493.6672
gfx936,no_quant,torch.float16,80,128,3072,256,8,0,0,asm,10001+20002,507.8987
gfx936,no_quant,torch.float16,88,128,3072,256,8,0,0,asm,10001+20002,524.2018
gfx936,no_quant,torch.float16,96,128,3072,256,8,0,0,asm,10001+20002,531.7892
gfx936,no_quant,torch.float16,100,128,3072,256,8,0,0,asm,10001+20002,532.3534
gfx936,no_quant,torch.float16,112,128,3072,256,8,0,0,asm,10001+20002,543.4018
gfx936,no_quant,torch.float16,128,128,3072,256,8,0,0,asm,10001+20002,556.3197
gfx936,no_quant,torch.float16,144,128,3072,256,8,0,0,asm,10001+20002,562.2986
gfx936,no_quant,torch.float16,160,128,3072,256,8,0,0,asm,10001+20000,569.8103
gfx936,no_quant,torch.float16,192,128,3072,256,8,0,0,asm,10001+20002,577.9871
gfx936,no_quant,torch.float16,224,128,3072,256,8,0,0,asm,10001+20002,588.0249
gfx936,no_quant,torch.float16,256,128,3072,256,8,0,0,asm,10001+20002,595.6291
gfx936,no_quant,torch.float16,320,128,3072,256,8,0,0,asm,10001+20002,610.5007
gfx936,no_quant,torch.float16,384,128,3072,256,8,0,0,asm,10002+20002,625.9365
gfx936,no_quant,torch.float16,448,128,3072,256,8,0,0,asm,11007+21001,636.3196
gfx936,no_quant,torch.float16,512,128,3072,256,8,0,0,asm,11007+21001,649.5155
gfx936,no_quant,torch.float16,640,128,3072,256,8,0,0,asm,11004+21001,690.1469
gfx936,no_quant,torch.float16,768,128,3072,256,8,0,0,asm,11006+21001,706.9048
gfx936,no_quant,torch.float16,896,128,3072,256,8,0,0,asm,11007+21001,707.7806
gfx936,no_quant,torch.float16,1024,128,3072,256,8,0,0,asm,11005+21001,737.069
gfx936,no_quant,torch.float16,1280,128,3072,256,8,0,0,asm,12005+22001,785.271
gfx936,no_quant,torch.float16,1536,128,3072,256,8,0,0,asm,12004+22001,845.0015
gfx936,no_quant,torch.float16,2048,128,3072,256,8,0,0,asm,12001+22001,926.7277
gfx936,no_quant,torch.float16,2304,128,3072,256,8,0,0,asm,13001+23001,967.7214
gfx936,no_quant,torch.float16,2560,128,3072,256,8,0,0,asm,13001+23001,993.0266
gfx936,no_quant,torch.float16,3072,128,3072,256,8,0,0,asm,13001+23001,1061.8433
gfx936,no_quant,torch.float16,3584,128,3072,256,8,0,0,asm,13001+23001,1178.6685
gfx936,no_quant,torch.float16,4096,128,3072,256,8,0,0,asm,13001+23001,1286.8873
gfx936,no_quant,torch.float16,5120,128,3072,256,8,0,0,asm,13001+23001,1546.3902
gfx936,no_quant,torch.float16,6144,128,3072,256,8,0,0,asm,13001+23001,1648.3774
gfx936,no_quant,torch.float16,7168,128,3072,256,8,0,0,asm,13001+23001,1815.4257
gfx936,no_quant,torch.float16,8192,128,3072,256,8,0,0,asm,13001+23001,2049.7412
gfx936,no_quant,torch.float16,10240,128,3072,256,8,0,0,asm,13001+23001,2439.6861
gfx936,no_quant,torch.float16,12288,128,3072,256,8,0,0,asm,13001+23001,2854.5487
gfx936,no_quant,torch.float16,16384,128,3072,256,8,0,0,asm,13001+23001,3669.7898
gfx936,no_quant,torch.float16,24576,128,3072,256,8,0,0,asm,13001+23001,5322.7565
gfx936,no_quant,torch.float16,32768,128,3072,256,8,0,0,asm,13001+23001,7028.0263
gfx936,no_quant,torch.bfloat16,1,384,2048,128,8,0,0,asm,10009+20001,53.9486
gfx936,no_quant,torch.bfloat16,2,384,2048,128,8,0,0,asm,10001+20000,84.7023
gfx936,no_quant,torch.bfloat16,4,384,2048,128,8,0,0,asm,10001+20000,144.3738
gfx936,no_quant,torch.bfloat16,8,384,2048,128,8,0,0,asm,10001+20001,243.5566
gfx936,no_quant,torch.bfloat16,16,384,2048,128,8,0,0,asm,10001+20001,376.5333
gfx936,no_quant,torch.bfloat16,32,384,2048,128,8,0,0,asm,10001+20001,470.0152
gfx936,no_quant,torch.bfloat16,48,384,2048,128,8,0,0,asm,10001+20001,531.1322
gfx936,no_quant,torch.bfloat16,64,384,2048,128,8,0,0,asm,10001+20001,553.4004
gfx936,no_quant,torch.bfloat16,96,384,2048,128,8,0,0,asm,10001+20001,552.4121
gfx936,no_quant,torch.bfloat16,128,384,2048,128,8,0,0,asm,10001+20001,561.5489
gfx936,no_quant,torch.bfloat16,200,384,2048,128,8,0,0,asm,10001+20001,605.4647
gfx936,no_quant,torch.bfloat16,256,384,2048,128,8,0,0,asm,11000+20002,622.9636
gfx936,no_quant,torch.bfloat16,384,384,2048,128,8,0,0,asm,11006+20002,668.1256
gfx936,no_quant,torch.bfloat16,460,384,2048,128,8,0,0,asm,11007+20002,671.6456
gfx936,no_quant,torch.bfloat16,512,384,2048,128,8,0,0,asm,12004+22001,686.9045
gfx936,no_quant,torch.bfloat16,798,384,2048,128,8,0,0,asm,12004+22001,732.6055
gfx936,no_quant,torch.bfloat16,1024,384,2048,128,8,0,0,asm,13001+22001,769.1949
gfx936,no_quant,torch.bfloat16,1280,384,2048,128,8,0,0,asm,13001+22001,801.9444
gfx936,no_quant,torch.bfloat16,1440,384,2048,128,8,0,0,asm,13001+22001,841.9274
gfx936,no_quant,torch.bfloat16,1560,384,2048,128,8,0,0,asm,13001+22001,832.7822
gfx936,no_quant,torch.bfloat16,1880,384,2048,128,8,0,0,asm,13000+23002,849.4395
gfx936,no_quant,torch.bfloat16,2000,384,2048,128,8,0,0,asm,13001+22001,886.6015
gfx936,no_quant,torch.bfloat16,2200,384,2048,128,8,0,0,asm,13001+23001,923.3931
gfx936,no_quant,torch.bfloat16,2400,384,2048,128,8,0,0,asm,13001+22001,983.6457
gfx936,no_quant,torch.bfloat16,2800,384,2048,128,8,0,0,asm,13001+23001,1006.7361999999999
gfx936,no_quant,torch.bfloat16,3200,384,2048,128,8,0,0,asm,13001+23001,1057.7929
gfx936,no_quant,torch.bfloat16,3660,384,2048,128,8,0,0,asm,13001+23001,1118.3403
gfx936,no_quant,torch.bfloat16,4096,384,2048,128,8,0,0,asm,13001+23001,1237.801
gfx936,no_quant,torch.bfloat16,1,1024,4096,512,10,0,0,asm,10001+20000,266.4873
gfx936,no_quant,torch.bfloat16,4,1024,4096,512,10,0,0,asm,10000+20000,927.0086
gfx936,no_quant,torch.bfloat16,16,1024,4096,512,10,0,0,asm,13000+23002,3159.4357
gfx936,no_quant,torch.bfloat16,32,1024,4096,512,10,0,0,asm,13000+23002,5249.8556
gfx936,no_quant,torch.bfloat16,64,1024,4096,512,10,0,0,asm,13000+23002,7941.6251
gfx936,no_quant,torch.bfloat16,128,1024,4096,512,10,0,0,asm,13000+23002,10229.1505
gfx936,no_quant,torch.bfloat16,256,1024,4096,512,10,0,0,asm,13000+23002,11070.6568
gfx936,no_quant,torch.bfloat16,512,1024,4096,512,10,0,0,asm,13000+23002,11400.1216
gfx936,no_quant,torch.bfloat16,1024,1024,4096,512,10,0,0,asm,13000+23002,11766.9253
gfx936,no_quant,torch.bfloat16,2048,1024,4096,512,10,0,0,asm,13000+23002,12317.5013
gfx936,no_quant,torch.bfloat16,4096,1024,4096,512,10,0,0,asm,13000+23002,13405.458
gfx936,no_quant,torch.bfloat16,8192,1024,4096,512,10,0,0,asm,13001+23002,16444.1795
gfx936,no_quant,torch.bfloat16,16384,1024,4096,512,10,0,0,asm,13001+23002,25116.8953
gfx936,no_quant,torch.bfloat16,32768,1024,4096,512,10,0,0,asm,13001+23002,47344.0981
gfx936,no_quant,torch.bfloat16,1,192,4096,128,8,0,0,asm,10002+20000,49.5607
gfx936,no_quant,torch.bfloat16,2,192,4096,128,8,0,0,asm,10000+20000,86.7055
gfx936,no_quant,torch.bfloat16,3,192,4096,128,8,0,0,asm,10001+20000,119.6654
gfx936,no_quant,torch.bfloat16,4,192,4096,128,8,0,0,asm,10000+20000,145.4165
gfx936,no_quant,torch.bfloat16,5,192,4096,128,8,0,0,asm,10011+20000,167.3363
gfx936,no_quant,torch.bfloat16,6,192,4096,128,8,0,0,asm,10001+20000,198.0811
gfx936,no_quant,torch.bfloat16,7,192,4096,128,8,0,0,asm,10001+20000,225.6682
gfx936,no_quant,torch.bfloat16,8,192,4096,128,8,0,0,asm,10001+20000,253.22990000000001
gfx936,no_quant,torch.bfloat16,9,192,4096,128,8,0,0,asm,10001+20000,276.1772
gfx936,no_quant,torch.bfloat16,10,192,4096,128,8,0,0,asm,10001+20000,293.5413
gfx936,no_quant,torch.bfloat16,11,192,4096,128,8,0,0,asm,10005+20000,309.1789
gfx936,no_quant,torch.bfloat16,12,192,4096,128,8,0,0,asm,10001+20000,329.4145
gfx936,no_quant,torch.bfloat16,13,192,4096,128,8,0,0,asm,10001+20000,348.7321
gfx936,no_quant,torch.bfloat16,14,192,4096,128,8,0,0,asm,10001+20000,358.8541
gfx936,no_quant,torch.bfloat16,15,192,4096,128,8,0,0,asm,10001+20000,373.5655
gfx936,no_quant,torch.bfloat16,16,192,4096,128,8,0,0,asm,10001+20000,391.4516
gfx936,no_quant,torch.bfloat16,17,192,4096,128,8,0,0,asm,10001+20000,389.9161
gfx936,no_quant,torch.bfloat16,18,192,4096,128,8,0,0,asm,10001+20000,411.9958
gfx936,no_quant,torch.bfloat16,20,192,4096,128,8,0,0,asm,10000+20000,433.6464
gfx936,no_quant,torch.bfloat16,24,192,4096,128,8,0,0,asm,10000+20000,455.8606
gfx936,no_quant,torch.bfloat16,28,192,4096,128,8,0,0,asm,10000+20000,472.2339
gfx936,no_quant,torch.bfloat16,32,192,4096,128,8,0,0,asm,10000+20000,491.9726
gfx936,no_quant,torch.bfloat16,34,192,4096,128,8,0,0,asm,10001+20000,489.6287
gfx936,no_quant,torch.bfloat16,36,192,4096,128,8,0,0,asm,10000+20000,501.42629999999997
gfx936,no_quant,torch.bfloat16,40,192,4096,128,8,0,0,asm,10001+20000,519.8009
gfx936,no_quant,torch.bfloat16,44,192,4096,128,8,0,0,asm,10000+20000,541.9312
gfx936,no_quant,torch.bfloat16,48,192,4096,128,8,0,0,asm,10000+20000,553.4089
gfx936,no_quant,torch.bfloat16,56,192,4096,128,8,0,0,asm,10000+20000,556.8362
gfx936,no_quant,torch.bfloat16,64,192,4096,128,8,0,0,asm,10001+20000,573.7738
gfx936,no_quant,torch.bfloat16,68,192,4096,128,8,0,0,asm,10000+20000,563.0172
gfx936,no_quant,torch.bfloat16,72,192,4096,128,8,0,0,asm,10000+20000,566.1834
gfx936,no_quant,torch.bfloat16,80,192,4096,128,8,0,0,asm,10001+20000,566.7393
gfx936,no_quant,torch.bfloat16,88,192,4096,128,8,0,0,asm,10005+20000,603.7156
gfx936,no_quant,torch.bfloat16,96,192,4096,128,8,0,0,asm,10001+20000,577.3413
gfx936,no_quant,torch.bfloat16,104,192,4096,128,8,0,0,asm,10003+20000,584.0697
gfx936,no_quant,torch.bfloat16,112,192,4096,128,8,0,0,asm,10000+20000,585.4338
gfx936,no_quant,torch.bfloat16,128,192,4096,128,8,0,0,asm,10000+20000,590.5707
gfx936,no_quant,torch.bfloat16,144,192,4096,128,8,0,0,asm,10001+20000,598.9495
gfx936,no_quant,torch.bfloat16,160,192,4096,128,8,0,0,asm,10001+20000,603.9263
gfx936,no_quant,torch.bfloat16,192,192,4096,128,8,0,0,asm,10001+20000,626.6545
gfx936,no_quant,torch.bfloat16,224,192,4096,128,8,0,0,asm,10012+20000,626.0144
gfx936,no_quant,torch.bfloat16,256,192,4096,128,8,0,0,asm,10001+20000,640.6671
gfx936,no_quant,torch.bfloat16,320,192,4096,128,8,0,0,asm,11006+21001,662.0478
gfx936,no_quant,torch.bfloat16,384,192,4096,128,8,0,0,asm,12004+22001,676.5403
gfx936,no_quant,torch.bfloat16,448,192,4096,128,8,0,0,asm,12004+22001,688.4306
gfx936,no_quant,torch.bfloat16,512,192,4096,128,8,0,0,asm,12004+22001,708.1021
gfx936,no_quant,torch.bfloat16,576,192,4096,128,8,0,0,asm,12004+22001,720.3208
gfx936,no_quant,torch.bfloat16,640,192,4096,128,8,0,0,asm,12004+22001,736.7166
gfx936,no_quant,torch.bfloat16,704,192,4096,128,8,0,0,asm,12004+22001,743.7227
gfx936,no_quant,torch.bfloat16,768,192,4096,128,8,0,0,asm,12004+22001,763.0237
gfx936,no_quant,torch.bfloat16,832,192,4096,128,8,0,0,asm,12004+22001,779.8572
gfx936,no_quant,torch.bfloat16,896,192,4096,128,8,0,0,asm,12004+22001,797.6254
gfx936,no_quant,torch.bfloat16,960,192,4096,128,8,0,0,asm,12004+22001,836.2184
gfx936,no_quant,torch.bfloat16,1024,192,4096,128,8,0,0,asm,12001+22001,843.6542
gfx936,no_quant,torch.bfloat16,1152,192,4096,128,8,0,0,asm,13000+23001,884.7822
gfx936,no_quant,torch.bfloat16,1280,192,4096,128,8,0,0,asm,13000+23001,899.9314
gfx936,no_quant,torch.bfloat16,1408,192,4096,128,8,0,0,asm,13000+23001,922.5503
gfx936,no_quant,torch.bfloat16,1536,192,4096,128,8,0,0,asm,13000+23001,967.3328
gfx936,no_quant,torch.bfloat16,1664,192,4096,128,8,0,0,asm,13000+23001,974.6591
gfx936,no_quant,torch.bfloat16,1792,192,4096,128,8,0,0,asm,13001+23001,1055.4919
gfx936,no_quant,torch.bfloat16,1920,192,4096,128,8,0,0,asm,13000+23001,1065.8918
gfx936,no_quant,torch.bfloat16,2048,192,4096,128,8,0,0,asm,13000+23001,1143.0194
gfx936,no_quant,torch.bfloat16,2304,192,4096,128,8,0,0,asm,13001+23001,1326.3941
gfx936,no_quant,torch.bfloat16,2560,192,4096,128,8,0,0,asm,13001+23001,1377.5515
gfx936,no_quant,torch.bfloat16,2816,192,4096,128,8,0,0,asm,13000+23001,1432.0519
gfx936,no_quant,torch.bfloat16,3072,192,4096,128,8,0,0,asm,13001+23001,1466.1822
gfx936,no_quant,torch.bfloat16,3328,192,4096,128,8,0,0,asm,13001+23001,1510.1901
gfx936,no_quant,torch.bfloat16,3584,192,4096,128,8,0,0,asm,13001+23001,1557.4486
gfx936,no_quant,torch.bfloat16,3840,192,4096,128,8,0,0,asm,13001+23001,1618.8459
gfx936,no_quant,torch.bfloat16,4096,192,4096,128,8,0,0,asm,13001+23001,1753.8086
gfx936,no_quant,torch.bfloat16,4608,192,4096,128,8,0,0,asm,13001+23001,2039.8014
gfx936,no_quant,torch.bfloat16,5120,192,4096,128,8,0,0,asm,13001+23001,2126.6889
gfx936,no_quant,torch.bfloat16,5632,192,4096,128,8,0,0,asm,13001+23001,2223.7741
gfx936,no_quant,torch.bfloat16,6144,192,4096,128,8,0,0,asm,13001+23001,2430.6853
gfx936,no_quant,torch.bfloat16,6656,192,4096,128,8,0,0,asm,13001+23001,2734.7157
gfx936,no_quant,torch.bfloat16,7168,192,4096,128,8,0,0,asm,13001+23001,2803.3465
gfx936,no_quant,torch.bfloat16,7680,192,4096,128,8,0,0,asm,13001+23001,2972.8603
gfx936,no_quant,torch.bfloat16,8192,192,4096,128,8,0,0,asm,13001+23001,3185.2116
gfx936,no_quant,torch.bfloat16,10240,192,4096,128,8,0,0,asm,13001+23001,3868.2946
gfx936,no_quant,torch.bfloat16,12288,192,4096,128,8,0,0,asm,13001+23001,4562.308
gfx936,no_quant,torch.bfloat16,14336,192,4096,128,8,0,0,asm,13001+23001,5337.3815
gfx936,no_quant,torch.bfloat16,16384,192,4096,128,8,0,0,asm,13001+23001,6046.3087
gfx938,no_quant,torch.bfloat16,1,192,4096,128,8,0,0,asm,10002+20000,49.5607
gfx938,no_quant,torch.bfloat16,2,192,4096,128,8,0,0,asm,10000+20000,86.7055
gfx938,no_quant,torch.bfloat16,3,192,4096,128,8,0,0,asm,10001+20000,119.6654
gfx938,no_quant,torch.bfloat16,4,192,4096,128,8,0,0,asm,10000+20000,145.4165
gfx938,no_quant,torch.bfloat16,5,192,4096,128,8,0,0,asm,10011+20000,167.3363
gfx938,no_quant,torch.bfloat16,6,192,4096,128,8,0,0,asm,10001+20000,198.0811
gfx938,no_quant,torch.bfloat16,7,192,4096,128,8,0,0,asm,10001+20000,225.6682
gfx938,no_quant,torch.bfloat16,8,192,4096,128,8,0,0,asm,10001+20000,253.22990000000001
gfx938,no_quant,torch.bfloat16,9,192,4096,128,8,0,0,asm,10001+20000,276.1772
gfx938,no_quant,torch.bfloat16,10,192,4096,128,8,0,0,asm,10001+20000,293.5413
gfx938,no_quant,torch.bfloat16,11,192,4096,128,8,0,0,asm,10005+20000,309.1789
gfx938,no_quant,torch.bfloat16,12,192,4096,128,8,0,0,asm,10001+20000,329.4145
gfx938,no_quant,torch.bfloat16,13,192,4096,128,8,0,0,asm,10001+20000,348.7321
gfx938,no_quant,torch.bfloat16,14,192,4096,128,8,0,0,asm,10001+20000,358.8541
gfx938,no_quant,torch.bfloat16,15,192,4096,128,8,0,0,asm,10001+20000,373.5655
gfx938,no_quant,torch.bfloat16,16,192,4096,128,8,0,0,asm,10001+20000,391.4516
gfx938,no_quant,torch.bfloat16,17,192,4096,128,8,0,0,asm,10001+20000,389.9161
gfx938,no_quant,torch.bfloat16,18,192,4096,128,8,0,0,asm,10001+20000,411.9958
gfx938,no_quant,torch.bfloat16,20,192,4096,128,8,0,0,asm,10000+20000,433.6464
gfx938,no_quant,torch.bfloat16,24,192,4096,128,8,0,0,asm,10000+20000,455.8606
gfx938,no_quant,torch.bfloat16,28,192,4096,128,8,0,0,asm,10000+20000,472.2339
gfx938,no_quant,torch.bfloat16,32,192,4096,128,8,0,0,asm,10000+20000,491.9726
gfx938,no_quant,torch.bfloat16,34,192,4096,128,8,0,0,asm,10001+20000,489.6287
gfx938,no_quant,torch.bfloat16,36,192,4096,128,8,0,0,asm,10000+20000,501.42629999999997
gfx938,no_quant,torch.bfloat16,40,192,4096,128,8,0,0,asm,10001+20000,519.8009
gfx938,no_quant,torch.bfloat16,44,192,4096,128,8,0,0,asm,10000+20000,541.9312
gfx938,no_quant,torch.bfloat16,48,192,4096,128,8,0,0,asm,10000+20000,553.4089
gfx938,no_quant,torch.bfloat16,56,192,4096,128,8,0,0,asm,10000+20000,556.8362
gfx938,no_quant,torch.bfloat16,64,192,4096,128,8,0,0,asm,10001+20000,573.7738
gfx938,no_quant,torch.bfloat16,68,192,4096,128,8,0,0,asm,10000+20000,563.0172
gfx938,no_quant,torch.bfloat16,72,192,4096,128,8,0,0,asm,10000+20000,566.1834
gfx938,no_quant,torch.bfloat16,80,192,4096,128,8,0,0,asm,10001+20000,566.7393
gfx938,no_quant,torch.bfloat16,88,192,4096,128,8,0,0,asm,10005+20000,603.7156
gfx938,no_quant,torch.bfloat16,96,192,4096,128,8,0,0,asm,10001+20000,577.3413
gfx938,no_quant,torch.bfloat16,104,192,4096,128,8,0,0,asm,10003+20000,584.0697
gfx938,no_quant,torch.bfloat16,112,192,4096,128,8,0,0,asm,10000+20000,585.4338
gfx938,no_quant,torch.bfloat16,128,192,4096,128,8,0,0,asm,10000+20000,590.5707
gfx938,no_quant,torch.bfloat16,144,192,4096,128,8,0,0,asm,10001+20000,598.9495
gfx938,no_quant,torch.bfloat16,160,192,4096,128,8,0,0,asm,10001+20000,603.9263
gfx938,no_quant,torch.bfloat16,192,192,4096,128,8,0,0,asm,10001+20000,626.6545
gfx938,no_quant,torch.bfloat16,224,192,4096,128,8,0,0,asm,10012+20000,626.0144
gfx938,no_quant,torch.bfloat16,256,192,4096,128,8,0,0,asm,10001+20000,640.6671
gfx938,no_quant,torch.bfloat16,320,192,4096,128,8,0,0,asm,11006+21001,662.0478
gfx938,no_quant,torch.bfloat16,384,192,4096,128,8,0,0,asm,12004+22001,676.5403
gfx938,no_quant,torch.bfloat16,448,192,4096,128,8,0,0,asm,12004+22001,688.4306
gfx938,no_quant,torch.bfloat16,512,192,4096,128,8,0,0,asm,12004+22001,708.1021
gfx938,no_quant,torch.bfloat16,576,192,4096,128,8,0,0,asm,12004+22001,720.3208
gfx938,no_quant,torch.bfloat16,640,192,4096,128,8,0,0,asm,12004+22001,736.7166
gfx938,no_quant,torch.bfloat16,704,192,4096,128,8,0,0,asm,12004+22001,743.7227
gfx938,no_quant,torch.bfloat16,768,192,4096,128,8,0,0,asm,12004+22001,763.0237
gfx938,no_quant,torch.bfloat16,832,192,4096,128,8,0,0,asm,12004+22001,779.8572
gfx938,no_quant,torch.bfloat16,896,192,4096,128,8,0,0,asm,12004+22001,797.6254
gfx938,no_quant,torch.bfloat16,960,192,4096,128,8,0,0,asm,12004+22001,836.2184
gfx938,no_quant,torch.bfloat16,1024,192,4096,128,8,0,0,asm,12001+22001,843.6542
gfx938,no_quant,torch.bfloat16,1152,192,4096,128,8,0,0,asm,13000+23001,884.7822
gfx938,no_quant,torch.bfloat16,1280,192,4096,128,8,0,0,asm,13000+23001,899.9314
gfx938,no_quant,torch.bfloat16,1408,192,4096,128,8,0,0,asm,13000+23001,922.5503
gfx938,no_quant,torch.bfloat16,1536,192,4096,128,8,0,0,asm,13000+23001,967.3328
gfx938,no_quant,torch.bfloat16,1664,192,4096,128,8,0,0,asm,13000+23001,974.6591
gfx938,no_quant,torch.bfloat16,1792,192,4096,128,8,0,0,asm,13001+23001,1055.4919
gfx938,no_quant,torch.bfloat16,1920,192,4096,128,8,0,0,asm,13000+23001,1065.8918
gfx938,no_quant,torch.bfloat16,2048,192,4096,128,8,0,0,asm,13000+23001,1143.0194
gfx938,no_quant,torch.bfloat16,2304,192,4096,128,8,0,0,asm,13001+23001,1326.3941
gfx938,no_quant,torch.bfloat16,2560,192,4096,128,8,0,0,asm,13001+23001,1377.5515
gfx938,no_quant,torch.bfloat16,2816,192,4096,128,8,0,0,asm,13000+23001,1432.0519
gfx938,no_quant,torch.bfloat16,3072,192,4096,128,8,0,0,asm,13001+23001,1466.1822
gfx938,no_quant,torch.bfloat16,3328,192,4096,128,8,0,0,asm,13001+23001,1510.1901
gfx938,no_quant,torch.bfloat16,3584,192,4096,128,8,0,0,asm,13001+23001,1557.4486
gfx938,no_quant,torch.bfloat16,3840,192,4096,128,8,0,0,asm,13001+23001,1618.8459
gfx938,no_quant,torch.bfloat16,4096,192,4096,128,8,0,0,asm,13001+23001,1753.8086
gfx938,no_quant,torch.bfloat16,4608,192,4096,128,8,0,0,asm,13001+23001,2039.8014
gfx938,no_quant,torch.bfloat16,5120,192,4096,128,8,0,0,asm,13001+23001,2126.6889
gfx938,no_quant,torch.bfloat16,5632,192,4096,128,8,0,0,asm,13001+23001,2223.7741
gfx938,no_quant,torch.bfloat16,6144,192,4096,128,8,0,0,asm,13001+23001,2430.6853
gfx938,no_quant,torch.bfloat16,6656,192,4096,128,8,0,0,asm,13001+23001,2734.7157
gfx938,no_quant,torch.bfloat16,7168,192,4096,128,8,0,0,asm,13001+23001,2803.3465
gfx938,no_quant,torch.bfloat16,7680,192,4096,128,8,0,0,asm,13001+23001,2972.8603
gfx938,no_quant,torch.bfloat16,8192,192,4096,128,8,0,0,asm,13001+23001,3185.2116
gfx938,no_quant,torch.bfloat16,10240,192,4096,128,8,0,0,asm,13001+23001,3868.2946
gfx938,no_quant,torch.bfloat16,12288,192,4096,128,8,0,0,asm,13001+23001,4562.308
gfx938,no_quant,torch.bfloat16,14336,192,4096,128,8,0,0,asm,13001+23001,5337.3815
gfx938,no_quant,torch.bfloat16,16384,192,4096,128,8,0,0,asm,13001+23001,6046.3087
gfx938,no_quant,torch.bfloat16,1,384,4096,128,8,0,0,asm,10008+20000,88.778
gfx938,no_quant,torch.bfloat16,2,384,4096,128,8,0,0,asm,10012+20000,145.6453
gfx938,no_quant,torch.bfloat16,3,384,4096,128,8,0,0,asm,10002+20000,226.1335
gfx938,no_quant,torch.bfloat16,4,384,4096,128,8,0,0,asm,10008+20000,262.7649
gfx938,no_quant,torch.bfloat16,5,384,4096,128,8,0,0,asm,10011+20000,309.5268
gfx938,no_quant,torch.bfloat16,6,384,4096,128,8,0,0,asm,10002+20000,379.8004
gfx938,no_quant,torch.bfloat16,7,384,4096,128,8,0,0,asm,10008+20000,421.0213
gfx938,no_quant,torch.bfloat16,8,384,4096,128,8,0,0,asm,10011+20000,473.8716
gfx938,no_quant,torch.bfloat16,9,384,4096,128,8,0,0,asm,10011+20000,501.8547
gfx938,no_quant,torch.bfloat16,10,384,4096,128,8,0,0,asm,10002+20000,554.2504
gfx938,no_quant,torch.bfloat16,11,384,4096,128,8,0,0,asm,10002+20000,569.8967
gfx938,no_quant,torch.bfloat16,12,384,4096,128,8,0,0,asm,10008+20000,607.4544
gfx938,no_quant,torch.bfloat16,13,384,4096,128,8,0,0,asm,10002+20000,647.4375
gfx938,no_quant,torch.bfloat16,14,384,4096,128,8,0,0,asm,10012+20000,668.9448
gfx938,no_quant,torch.bfloat16,15,384,4096,128,8,0,0,asm,10002+20000,691.8079
gfx938,no_quant,torch.bfloat16,16,384,4096,128,8,0,0,asm,10002+20000,721.2395
gfx938,no_quant,torch.bfloat16,17,384,4096,128,8,0,0,asm,10002+20000,722.8702
gfx938,no_quant,torch.bfloat16,18,384,4096,128,8,0,0,asm,10002+20000,759.9647
gfx938,no_quant,torch.bfloat16,20,384,4096,128,8,0,0,asm,10002+20000,807.611
gfx938,no_quant,torch.bfloat16,24,384,4096,128,8,0,0,asm,10002+20000,838.7015
gfx938,no_quant,torch.bfloat16,28,384,4096,128,8,0,0,asm,10002+20000,864.4391
gfx938,no_quant,torch.bfloat16,32,384,4096,128,8,0,0,asm,10002+20000,897.0201
gfx938,no_quant,torch.bfloat16,34,384,4096,128,8,0,0,asm,10002+20000,897.0423
gfx938,no_quant,torch.bfloat16,36,384,4096,128,8,0,0,asm,10002+20000,925.1771
gfx938,no_quant,torch.bfloat16,40,384,4096,128,8,0,0,asm,10002+20000,946.8443
gfx938,no_quant,torch.bfloat16,44,384,4096,128,8,0,0,asm,10002+20000,982.0526
gfx938,no_quant,torch.bfloat16,48,384,4096,128,8,0,0,asm,10002+20000,1004.0483
gfx938,no_quant,torch.bfloat16,56,384,4096,128,8,0,0,asm,10002+20000,1008.3682999999999
gfx938,no_quant,torch.bfloat16,64,384,4096,128,8,0,0,asm,10002+20000,1036.6745
gfx938,no_quant,torch.bfloat16,68,384,4096,128,8,0,0,asm,10002+20000,1009.5556000000001
gfx938,no_quant,torch.bfloat16,72,384,4096,128,8,0,0,asm,10002+20000,1017.5387000000001
gfx938,no_quant,torch.bfloat16,80,384,4096,128,8,0,0,asm,10002+20000,1016.1324000000001
gfx938,no_quant,torch.bfloat16,88,384,4096,128,8,0,0,asm,10002+20000,1022.3051
gfx938,no_quant,torch.bfloat16,96,384,4096,128,8,0,0,asm,10002+20000,1028.1575
gfx938,no_quant,torch.bfloat16,104,384,4096,128,8,0,0,asm,10002+20000,1029.3365
gfx938,no_quant,torch.bfloat16,112,384,4096,128,8,0,0,asm,10002+20000,1030.6838
gfx938,no_quant,torch.bfloat16,128,384,4096,128,8,0,0,asm,10002+20000,1038.3891
gfx938,no_quant,torch.bfloat16,144,384,4096,128,8,0,0,asm,10002+20000,1049.4039
gfx938,no_quant,torch.bfloat16,160,384,4096,128,8,0,0,asm,10002+20000,1057.5723
gfx938,no_quant,torch.bfloat16,192,384,4096,128,8,0,0,asm,12001+22001,1096.2332
gfx938,no_quant,torch.bfloat16,224,384,4096,128,8,0,0,asm,12001+22001,1105.1679
gfx938,no_quant,torch.bfloat16,256,384,4096,128,8,0,0,asm,12001+22001,1114.4311
gfx938,no_quant,torch.bfloat16,320,384,4096,128,8,0,0,asm,12001+22001,1129.5048
gfx938,no_quant,torch.bfloat16,384,384,4096,128,8,0,0,asm,12001+22001,1159.4921
gfx938,no_quant,torch.bfloat16,448,384,4096,128,8,0,0,asm,12001+22001,1161.1932
gfx938,no_quant,torch.bfloat16,512,384,4096,128,8,0,0,asm,12001+22001,1180.1742
gfx938,no_quant,torch.bfloat16,576,384,4096,128,8,0,0,asm,12001+22001,1196.2163
gfx938,no_quant,torch.bfloat16,640,384,4096,128,8,0,0,asm,12001+22001,1219.7446
gfx938,no_quant,torch.bfloat16,704,384,4096,128,8,0,0,asm,12001+22001,1224.0478
gfx938,no_quant,torch.bfloat16,768,384,4096,128,8,0,0,asm,12001+22001,1238.1277
gfx938,no_quant,torch.bfloat16,832,384,4096,128,8,0,0,asm,12001+22001,1252.9572
gfx938,no_quant,torch.bfloat16,896,384,4096,128,8,0,0,asm,12001+22001,1309.0665
gfx938,no_quant,torch.bfloat16,960,384,4096,128,8,0,0,asm,13001+23001,1374.0515
gfx938,no_quant,torch.bfloat16,1024,384,4096,128,8,0,0,asm,13001+23001,1385.7821
gfx938,no_quant,torch.bfloat16,1152,384,4096,128,8,0,0,asm,13001+23001,1423.6346
gfx938,no_quant,torch.bfloat16,1280,384,4096,128,8,0,0,asm,13001+23001,1419.9631
gfx938,no_quant,torch.bfloat16,1408,384,4096,128,8,0,0,asm,13001+23001,1439.9123
gfx938,no_quant,torch.bfloat16,1536,384,4096,128,8,0,0,asm,13001+23001,1467.6091
gfx938,no_quant,torch.bfloat16,1664,384,4096,128,8,0,0,asm,13001+23001,1592.1729
gfx938,no_quant,torch.bfloat16,1792,384,4096,128,8,0,0,asm,13001+23001,1631.3979
gfx938,no_quant,torch.bfloat16,1920,384,4096,128,8,0,0,asm,13001+23001,1820.3655
gfx938,no_quant,torch.bfloat16,2048,384,4096,128,8,0,0,asm,13001+23001,2047.0343
gfx938,no_quant,torch.bfloat16,2304,384,4096,128,8,0,0,asm,13001+23001,2625.8116
gfx938,no_quant,torch.bfloat16,2560,384,4096,128,8,0,0,asm,13001+23001,2679.9506
gfx938,no_quant,torch.bfloat16,2816,384,4096,128,8,0,0,asm,13001+23001,2715.7403
gfx938,no_quant,torch.bfloat16,3072,384,4096,128,8,0,0,asm,13001+23001,2745.2056
gfx938,no_quant,torch.bfloat16,3328,384,4096,128,8,0,0,asm,13001+23001,2781.8456
gfx938,no_quant,torch.bfloat16,3584,384,4096,128,8,0,0,asm,13001+23001,2925.4747
gfx938,no_quant,torch.bfloat16,3840,384,4096,128,8,0,0,asm,13001+23001,3025.5921
gfx938,no_quant,torch.bfloat16,4096,384,4096,128,8,0,0,asm,13001+23001,3433.3634
gfx938,no_quant,torch.bfloat16,4608,384,4096,128,8,0,0,asm,13001+23001,4062.0351
gfx938,no_quant,torch.bfloat16,5120,384,4096,128,8,0,0,asm,13001+23001,4116.7715
gfx938,no_quant,torch.bfloat16,5632,384,4096,128,8,0,0,asm,13001+23001,4327.2296
gfx938,no_quant,torch.bfloat16,6144,384,4096,128,8,0,0,asm,13001+23001,4917.9061
gfx938,no_quant,torch.bfloat16,6656,384,4096,128,8,0,0,asm,13001+23001,5421.0124
gfx938,no_quant,torch.bfloat16,7168,384,4096,128,8,0,0,asm,13001+23001,5534.0483
gfx938,no_quant,torch.bfloat16,7680,384,4096,128,8,0,0,asm,13001+23001,5698.4187
gfx938,no_quant,torch.bfloat16,8192,384,4096,128,8,0,0,asm,13001+23001,6196.8255
gfx938,no_quant,torch.bfloat16,10240,384,4096,128,8,0,0,asm,13001+23001,7595.145
gfx938,no_quant,torch.bfloat16,12288,384,4096,128,8,0,0,asm,13001+23001,8934.1889
gfx938,no_quant,torch.bfloat16,14336,384,4096,128,8,0,0,asm,13001+23001,10329.2311
gfx938,no_quant,torch.bfloat16,16384,384,4096,128,8,0,0,asm,13001+23001,11702.0355
gfx938,no_quant,torch.bfloat16,17408,384,4096,128,8,0,0,asm,13001+23001,12483.0714
gfx938,no_quant,torch.bfloat16,24576,384,4096,128,8,0,0,asm,13001+23001,17223.7804
gfx938,no_quant,torch.bfloat16,32768,384,4096,128,8,0,0,asm,13001+23001,22719.4254
gfx938,no_quant,torch.bfloat16,40960,384,4096,128,8,0,0,asm,13001+23001,28232.8175
gfx938,no_quant,torch.bfloat16,49152,384,4096,128,8,0,0,asm,13001+23001,33760.5851
gfx938,no_quant,torch.bfloat16,57344,384,4096,128,8,0,0,asm,13001+23001,39304.2245
gfx938,no_quant,torch.bfloat16,65536,384,4096,128,8,0,0,asm,13001+23001,44786.0225
gfx938,no_quant,torch.bfloat16,65536,384,4096,128,8,0,0,asm,13001+23001,44776.8645
gfx936,no_quant,torch.bfloat16,1,384,4096,128,8,0,0,asm,10008+20000,88.778
gfx936,no_quant,torch.bfloat16,2,384,4096,128,8,0,0,asm,10012+20000,145.6453
gfx936,no_quant,torch.bfloat16,3,384,4096,128,8,0,0,asm,10002+20000,226.1335
gfx936,no_quant,torch.bfloat16,4,384,4096,128,8,0,0,asm,10008+20000,262.7649
gfx936,no_quant,torch.bfloat16,5,384,4096,128,8,0,0,asm,10011+20000,309.5268
gfx936,no_quant,torch.bfloat16,6,384,4096,128,8,0,0,asm,10002+20000,379.8004
gfx936,no_quant,torch.bfloat16,7,384,4096,128,8,0,0,asm,10008+20000,421.0213
gfx936,no_quant,torch.bfloat16,8,384,4096,128,8,0,0,asm,10011+20000,473.8716
gfx936,no_quant,torch.bfloat16,9,384,4096,128,8,0,0,asm,10011+20000,501.8547
gfx936,no_quant,torch.bfloat16,10,384,4096,128,8,0,0,asm,10002+20000,554.2504
gfx936,no_quant,torch.bfloat16,11,384,4096,128,8,0,0,asm,10002+20000,569.8967
gfx936,no_quant,torch.bfloat16,12,384,4096,128,8,0,0,asm,10008+20000,607.4544
gfx936,no_quant,torch.bfloat16,13,384,4096,128,8,0,0,asm,10002+20000,647.4375
gfx936,no_quant,torch.bfloat16,14,384,4096,128,8,0,0,asm,10012+20000,668.9448
gfx936,no_quant,torch.bfloat16,15,384,4096,128,8,0,0,asm,10002+20000,691.8079
gfx936,no_quant,torch.bfloat16,16,384,4096,128,8,0,0,asm,10002+20000,721.2395
gfx936,no_quant,torch.bfloat16,17,384,4096,128,8,0,0,asm,10002+20000,722.8702
gfx936,no_quant,torch.bfloat16,18,384,4096,128,8,0,0,asm,10002+20000,759.9647
gfx936,no_quant,torch.bfloat16,20,384,4096,128,8,0,0,asm,10002+20000,807.611
gfx936,no_quant,torch.bfloat16,24,384,4096,128,8,0,0,asm,10002+20000,838.7015
gfx936,no_quant,torch.bfloat16,28,384,4096,128,8,0,0,asm,10002+20000,864.4391
gfx936,no_quant,torch.bfloat16,32,384,4096,128,8,0,0,asm,10002+20000,897.0201
gfx936,no_quant,torch.bfloat16,34,384,4096,128,8,0,0,asm,10002+20000,897.0423
gfx936,no_quant,torch.bfloat16,36,384,4096,128,8,0,0,asm,10002+20000,925.1771
gfx936,no_quant,torch.bfloat16,40,384,4096,128,8,0,0,asm,10002+20000,946.8443
gfx936,no_quant,torch.bfloat16,44,384,4096,128,8,0,0,asm,10002+20000,982.0526
gfx936,no_quant,torch.bfloat16,48,384,4096,128,8,0,0,asm,10002+20000,1004.0483
gfx936,no_quant,torch.bfloat16,56,384,4096,128,8,0,0,asm,10002+20000,1008.3682999999999
gfx936,no_quant,torch.bfloat16,64,384,4096,128,8,0,0,asm,10002+20000,1036.6745
gfx936,no_quant,torch.bfloat16,68,384,4096,128,8,0,0,asm,10002+20000,1009.5556000000001
gfx936,no_quant,torch.bfloat16,72,384,4096,128,8,0,0,asm,10002+20000,1017.5387000000001
gfx936,no_quant,torch.bfloat16,80,384,4096,128,8,0,0,asm,10002+20000,1016.1324000000001
gfx936,no_quant,torch.bfloat16,88,384,4096,128,8,0,0,asm,10002+20000,1022.3051
gfx936,no_quant,torch.bfloat16,96,384,4096,128,8,0,0,asm,10002+20000,1028.1575
gfx936,no_quant,torch.bfloat16,104,384,4096,128,8,0,0,asm,10002+20000,1029.3365
gfx936,no_quant,torch.bfloat16,112,384,4096,128,8,0,0,asm,10002+20000,1030.6838
gfx936,no_quant,torch.bfloat16,128,384,4096,128,8,0,0,asm,10002+20000,1038.3891
gfx936,no_quant,torch.bfloat16,144,384,4096,128,8,0,0,asm,10002+20000,1049.4039
gfx936,no_quant,torch.bfloat16,160,384,4096,128,8,0,0,asm,10002+20000,1057.5723
gfx936,no_quant,torch.bfloat16,192,384,4096,128,8,0,0,asm,12001+22001,1096.2332
gfx936,no_quant,torch.bfloat16,224,384,4096,128,8,0,0,asm,12001+22001,1105.1679
gfx936,no_quant,torch.bfloat16,256,384,4096,128,8,0,0,asm,12001+22001,1114.4311
gfx936,no_quant,torch.bfloat16,320,384,4096,128,8,0,0,asm,12001+22001,1129.5048
gfx936,no_quant,torch.bfloat16,384,384,4096,128,8,0,0,asm,12001+22001,1159.4921
gfx936,no_quant,torch.bfloat16,448,384,4096,128,8,0,0,asm,12001+22001,1161.1932
gfx936,no_quant,torch.bfloat16,512,384,4096,128,8,0,0,asm,12001+22001,1180.1742
gfx936,no_quant,torch.bfloat16,576,384,4096,128,8,0,0,asm,12001+22001,1196.2163
gfx936,no_quant,torch.bfloat16,640,384,4096,128,8,0,0,asm,12001+22001,1219.7446
gfx936,no_quant,torch.bfloat16,704,384,4096,128,8,0,0,asm,12001+22001,1224.0478
gfx936,no_quant,torch.bfloat16,768,384,4096,128,8,0,0,asm,12001+22001,1238.1277
gfx936,no_quant,torch.bfloat16,832,384,4096,128,8,0,0,asm,12001+22001,1252.9572
gfx936,no_quant,torch.bfloat16,896,384,4096,128,8,0,0,asm,12001+22001,1309.0665
gfx936,no_quant,torch.bfloat16,960,384,4096,128,8,0,0,asm,13001+23001,1374.0515
gfx936,no_quant,torch.bfloat16,1024,384,4096,128,8,0,0,asm,13001+23001,1385.7821
gfx936,no_quant,torch.bfloat16,1152,384,4096,128,8,0,0,asm,13001+23001,1423.6346
gfx936,no_quant,torch.bfloat16,1280,384,4096,128,8,0,0,asm,13001+23001,1419.9631
gfx936,no_quant,torch.bfloat16,1408,384,4096,128,8,0,0,asm,13001+23001,1439.9123
gfx936,no_quant,torch.bfloat16,1536,384,4096,128,8,0,0,asm,13001+23001,1467.6091
gfx936,no_quant,torch.bfloat16,1664,384,4096,128,8,0,0,asm,13001+23001,1592.1729
gfx936,no_quant,torch.bfloat16,1792,384,4096,128,8,0,0,asm,13001+23001,1631.3979
gfx936,no_quant,torch.bfloat16,1920,384,4096,128,8,0,0,asm,13001+23001,1820.3655
gfx936,no_quant,torch.bfloat16,2048,384,4096,128,8,0,0,asm,13001+23001,2047.0343
gfx936,no_quant,torch.bfloat16,2304,384,4096,128,8,0,0,asm,13001+23001,2625.8116
gfx936,no_quant,torch.bfloat16,2560,384,4096,128,8,0,0,asm,13001+23001,2679.9506
gfx936,no_quant,torch.bfloat16,2816,384,4096,128,8,0,0,asm,13001+23001,2715.7403
gfx936,no_quant,torch.bfloat16,3072,384,4096,128,8,0,0,asm,13001+23001,2745.2056
gfx936,no_quant,torch.bfloat16,3328,384,4096,128,8,0,0,asm,13001+23001,2781.8456
gfx936,no_quant,torch.bfloat16,3584,384,4096,128,8,0,0,asm,13001+23001,2925.4747
gfx936,no_quant,torch.bfloat16,3840,384,4096,128,8,0,0,asm,13001+23001,3025.5921
gfx936,no_quant,torch.bfloat16,4096,384,4096,128,8,0,0,asm,13001+23001,3433.3634
gfx936,no_quant,torch.bfloat16,4608,384,4096,128,8,0,0,asm,13001+23001,4062.0351
gfx936,no_quant,torch.bfloat16,5120,384,4096,128,8,0,0,asm,13001+23001,4116.7715
gfx936,no_quant,torch.bfloat16,5632,384,4096,128,8,0,0,asm,13001+23001,4327.2296
gfx936,no_quant,torch.bfloat16,6144,384,4096,128,8,0,0,asm,13001+23001,4917.9061
gfx936,no_quant,torch.bfloat16,6656,384,4096,128,8,0,0,asm,13001+23001,5421.0124
gfx936,no_quant,torch.bfloat16,7168,384,4096,128,8,0,0,asm,13001+23001,5534.0483
gfx936,no_quant,torch.bfloat16,7680,384,4096,128,8,0,0,asm,13001+23001,5698.4187
gfx936,no_quant,torch.bfloat16,8192,384,4096,128,8,0,0,asm,13001+23001,6196.8255
gfx936,no_quant,torch.bfloat16,10240,384,4096,128,8,0,0,asm,13001+23001,7595.145
gfx936,no_quant,torch.bfloat16,12288,384,4096,128,8,0,0,asm,13001+23001,8934.1889
gfx936,no_quant,torch.bfloat16,14336,384,4096,128,8,0,0,asm,13001+23001,10329.2311
gfx936,no_quant,torch.bfloat16,16384,384,4096,128,8,0,0,asm,13001+23001,11702.0355
gfx936,no_quant,torch.bfloat16,17408,384,4096,128,8,0,0,asm,13001+23001,12483.0714
gfx936,no_quant,torch.bfloat16,24576,384,4096,128,8,0,0,asm,13001+23001,17223.7804
gfx936,no_quant,torch.bfloat16,32768,384,4096,128,8,0,0,asm,13001+23001,22719.4254
gfx936,no_quant,torch.bfloat16,40960,384,4096,128,8,0,0,asm,13001+23001,28232.8175
gfx936,no_quant,torch.bfloat16,49152,384,4096,128,8,0,0,asm,13001+23001,33760.5851
gfx936,no_quant,torch.bfloat16,57344,384,4096,128,8,0,0,asm,13001+23001,39304.2245
gfx936,no_quant,torch.bfloat16,65536,384,4096,128,8,0,0,asm,13001+23001,44786.0225
gfx936,no_quant,torch.bfloat16,65536,384,4096,128,8,0,0,asm,13001+23001,44776.8645
gfx936,no_quant,torch.bfloat16,1,896,1280,64,6,0,0,asm,10011+20000,53.2828
gfx936,no_quant,torch.bfloat16,8,896,1280,64,6,0,0,asm,10002+20000,229.8033
gfx936,no_quant,torch.bfloat16,16,896,1280,64,6,0,0,asm,10002+20001,343.8064
gfx936,no_quant,torch.bfloat16,24,896,1280,64,6,0,0,asm,10002+20001,374.6831
gfx936,no_quant,torch.bfloat16,32,896,1280,64,6,0,0,asm,10002+20001,391.7386
gfx936,no_quant,torch.bfloat16,48,896,1280,64,6,0,0,asm,10002+20001,410.7332
gfx936,no_quant,torch.bfloat16,64,896,1280,64,6,0,0,asm,10002+20001,423.3508
gfx936,no_quant,torch.bfloat16,96,896,1280,64,6,0,0,asm,10007+20001,432.4509
gfx936,no_quant,torch.bfloat16,128,896,1280,64,6,0,0,asm,10002+20001,458.4495
gfx936,no_quant,torch.bfloat16,256,896,1280,64,6,0,0,asm,11006+20000,479.9704
gfx936,no_quant,torch.bfloat16,512,896,1280,64,6,0,0,asm,13001+23002,520.5426
gfx936,no_quant,torch.bfloat16,1024,896,1280,64,6,0,0,asm,13001+23002,572.3737
gfx936,no_quant,torch.bfloat16,2048,896,1280,64,6,0,0,asm,13001+23001,789.1126
gfx936,no_quant,torch.bfloat16,4096,896,1280,64,6,0,0,asm,13001+23001,1279.3058
gfx936,no_quant,torch.bfloat16,8192,896,1280,64,6,0,0,asm,13001+23001,2321.6618
gfx936,no_quant,torch.bfloat16,1,448,1280,64,6,0,0,asm,10009+20000,36.8876
gfx936,no_quant,torch.bfloat16,8,448,1280,64,6,0,0,asm,10010+20000,123.3791
gfx936,no_quant,torch.bfloat16,16,448,1280,64,6,0,0,asm,10002+20001,181.5932
gfx936,no_quant,torch.bfloat16,24,448,1280,64,6,0,0,asm,10002+20002,201.2532
gfx936,no_quant,torch.bfloat16,32,448,1280,64,6,0,0,asm,10002+20001,206.5698
gfx936,no_quant,torch.bfloat16,48,448,1280,64,6,0,0,asm,10002+20001,219.3329
gfx936,no_quant,torch.bfloat16,64,448,1280,64,6,0,0,asm,10002+20001,226.2244
gfx936,no_quant,torch.bfloat16,96,448,1280,64,6,0,0,asm,10002+20001,228.6381
gfx936,no_quant,torch.bfloat16,128,448,1280,64,6,0,0,asm,10002+20000,250.29160000000002
gfx936,no_quant,torch.bfloat16,256,448,1280,64,6,0,0,asm,11006+20000,257.0169
gfx936,no_quant,torch.bfloat16,512,448,1280,64,6,0,0,asm,12004+21001,293.6818
gfx936,no_quant,torch.bfloat16,1024,448,1280,64,6,0,0,asm,13000+22001,347.8455
gfx936,no_quant,torch.bfloat16,2048,448,1280,64,6,0,0,asm,13001+23001,530.3532
gfx936,no_quant,torch.bfloat16,4096,448,1280,64,6,0,0,asm,13001+23001,832.2113
gfx936,no_quant,torch.bfloat16,8192,448,1280,64,6,0,0,asm,13001+23001,1487.3629
gfx936,no_quant,torch.bfloat16,1,192,2048,128,8,0,0,asm,10002+20000,37.1908
gfx936,no_quant,torch.bfloat16,8,192,2048,128,8,0,0,asm,10001+20000,135.8265
gfx936,no_quant,torch.bfloat16,16,192,2048,128,8,0,0,asm,10001+20002,206.3107
gfx936,no_quant,torch.bfloat16,24,192,2048,128,8,0,0,asm,10002+20000,239.8573
gfx936,no_quant,torch.bfloat16,32,192,2048,128,8,0,0,asm,10001+20000,254.57180000000002
gfx936,no_quant,torch.bfloat16,48,192,2048,128,8,0,0,asm,10001+20002,288.4549
gfx936,no_quant,torch.bfloat16,64,192,2048,128,8,0,0,asm,10001+20000,305.0306
gfx936,no_quant,torch.bfloat16,96,192,2048,128,8,0,0,asm,10001+20002,300.9434
gfx936,no_quant,torch.bfloat16,128,192,2048,128,8,0,0,asm,10001+20002,309.0866
gfx936,no_quant,torch.bfloat16,256,192,2048,128,8,0,0,asm,10002+20000,347.7813
gfx936,no_quant,torch.bfloat16,512,192,2048,128,8,0,0,asm,11004+21001,395.2235
gfx936,no_quant,torch.bfloat16,1024,192,2048,128,8,0,0,asm,12001+22001,481.8189
gfx936,no_quant,torch.bfloat16,2048,192,2048,128,8,0,0,asm,13001+23001,664.2781
gfx936,no_quant,torch.bfloat16,4096,192,2048,128,8,0,0,asm,13001+23001,1028.5554
gfx936,no_quant,torch.bfloat16,8192,192,2048,128,8,0,0,asm,13001+23001,1846.0282
gfx936,no_quant,torch.bfloat16,1,96,2048,128,8,0,0,asm,10001+20000,31.531799999999997
gfx936,no_quant,torch.bfloat16,8,96,2048,128,8,0,0,asm,10011+20000,83.3465
gfx936,no_quant,torch.bfloat16,16,96,2048,128,8,0,0,asm,10001+20000,119.0518
gfx936,no_quant,torch.bfloat16,24,96,2048,128,8,0,0,asm,10002+20000,135.613
gfx936,no_quant,torch.bfloat16,32,96,2048,128,8,0,0,asm,10001+20002,148.9382
gfx936,no_quant,torch.bfloat16,48,96,2048,128,8,0,0,asm,10000+20002,161.4907
gfx936,no_quant,torch.bfloat16,64,96,2048,128,8,0,0,asm,10001+20000,179.3801
gfx936,no_quant,torch.bfloat16,96,96,2048,128,8,0,0,asm,10001+20000,172.1856
gfx936,no_quant,torch.bfloat16,128,96,2048,128,8,0,0,asm,10001+20000,176.6741
gfx936,no_quant,torch.bfloat16,256,96,2048,128,8,0,0,asm,11007+21001,206.2993
gfx936,no_quant,torch.bfloat16,512,96,2048,128,8,0,0,asm,11004+21001,256.5731
gfx936,no_quant,torch.bfloat16,1024,96,2048,128,8,0,0,asm,13001+23001,598.9590
gfx936,no_quant,torch.bfloat16,2048,96,2048,128,8,0,0,asm,13001+23001,913.4390
gfx936,no_quant,torch.bfloat16,4096,96,2048,128,8,0,0,asm,13001+23001,1006.4790
gfx936,no_quant,torch.bfloat16,8192,96,2048,128,8,0,0,asm,13001+23001,1703.4390
gfx936,no_quant,torch.bfloat16,1,192,2048,128,8,0,0,asm,10002+20000,37.1908
gfx936,no_quant,torch.bfloat16,8,192,2048,128,8,0,0,asm,10001+20000,135.8265
gfx936,no_quant,torch.bfloat16,16,192,2048,128,8,0,0,asm,10001+20002,206.3107
gfx936,no_quant,torch.bfloat16,24,192,2048,128,8,0,0,asm,10002+20000,239.8573
gfx936,no_quant,torch.bfloat16,32,192,2048,128,8,0,0,asm,10001+20000,254.57180000000002
gfx936,no_quant,torch.bfloat16,48,192,2048,128,8,0,0,asm,10001+20002,288.4549
gfx936,no_quant,torch.bfloat16,64,192,2048,128,8,0,0,asm,10001+20000,305.0306
gfx936,no_quant,torch.bfloat16,96,192,2048,128,8,0,0,asm,10001+20002,300.9434
gfx936,no_quant,torch.bfloat16,128,192,2048,128,8,0,0,asm,10001+20002,309.0866
gfx936,no_quant,torch.bfloat16,256,192,2048,128,8,0,0,asm,10002+20000,347.7813
gfx936,no_quant,torch.bfloat16,512,192,2048,128,8,0,0,asm,11004+21001,395.2235
gfx936,no_quant,torch.bfloat16,1024,192,2048,128,8,0,0,asm,12001+22001,481.8189
gfx936,no_quant,torch.bfloat16,2048,192,2048,128,8,0,0,asm,13001+23001,664.2781
gfx936,no_quant,torch.bfloat16,4096,192,2048,128,8,0,0,asm,13001+23001,1028.5554
gfx936,no_quant,torch.bfloat16,8192,192,2048,128,8,0,0,asm,13001+23001,1846.0282
gfx936,no_quant,torch.bfloat16,1,96,2048,128,8,0,0,asm,10001+20000,31.531799999999997
gfx936,no_quant,torch.bfloat16,8,96,2048,128,8,0,0,asm,10011+20000,83.3465
gfx936,no_quant,torch.bfloat16,16,96,2048,128,8,0,0,asm,10001+20000,119.0518
gfx936,no_quant,torch.bfloat16,24,96,2048,128,8,0,0,asm,10002+20000,135.613
gfx936,no_quant,torch.bfloat16,32,96,2048,128,8,0,0,asm,10001+20002,148.9382
gfx936,no_quant,torch.bfloat16,48,96,2048,128,8,0,0,asm,10000+20002,161.4907
gfx936,no_quant,torch.bfloat16,64,96,2048,128,8,0,0,asm,10001+20000,179.3801
gfx936,no_quant,torch.bfloat16,96,96,2048,128,8,0,0,asm,10001+20000,172.1856
gfx936,no_quant,torch.bfloat16,128,96,2048,128,8,0,0,asm,10001+20000,176.6741
gfx936,no_quant,torch.bfloat16,256,96,2048,128,8,0,0,asm,11007+21001,206.2993
gfx936,no_quant,torch.bfloat16,512,96,2048,128,8,0,0,asm,11004+21001,256.5731
gfx936,no_quant,torch.bfloat16,1024,96,2048,128,8,0,0,asm,13001+23001,598.9590
gfx936,no_quant,torch.bfloat16,2048,96,2048,128,8,0,0,asm,13001+23001,913.4390
gfx936,no_quant,torch.bfloat16,4096,96,2048,128,8,0,0,asm,13001+23001,1006.4790
gfx936,no_quant,torch.bfloat16,8192,96,2048,128,8,0,0,asm,13001+23001,1703.4390
gfx936,no_quant,torch.bfloat16,1,256,2048,256,8,0,0,asm,10002+20000,45.0473
gfx936,no_quant,torch.bfloat16,2,256,2048,256,8,0,0,asm,10002+20000,69.1485
gfx936,no_quant,torch.bfloat16,4,256,2048,256,8,0,0,asm,10001+20000,112.003
gfx936,no_quant,torch.bfloat16,6,256,2048,256,8,0,0,asm,10001+20000,149.2156
gfx936,no_quant,torch.bfloat16,8,256,2048,256,8,0,0,asm,10001+20000,184.1459
gfx936,no_quant,torch.bfloat16,10,256,2048,256,8,0,0,asm,10001+20002,218.2007
gfx936,no_quant,torch.bfloat16,12,256,2048,256,8,0,0,asm,10001+20000,243.1522
gfx936,no_quant,torch.bfloat16,16,256,2048,256,8,0,0,asm,10001+20000,291.8426
gfx936,no_quant,torch.bfloat16,20,256,2048,256,8,0,0,asm,10001+20000,333.6585
gfx936,no_quant,torch.bfloat16,24,256,2048,256,8,0,0,asm,10001+20000,386.3828
gfx936,no_quant,torch.bfloat16,28,256,2048,256,8,0,0,asm,10001+20000,443.0169
gfx936,no_quant,torch.bfloat16,32,256,2048,256,8,0,0,asm,10001+20000,474.4611
gfx936,no_quant,torch.bfloat16,36,256,2048,256,8,0,0,asm,10001+20000,491.8055
gfx936,no_quant,torch.bfloat16,40,256,2048,256,8,0,0,asm,10001+20000,515.7968
gfx936,no_quant,torch.bfloat16,48,256,2048,256,8,0,0,asm,10001+20000,550.8621
gfx936,no_quant,torch.bfloat16,56,256,2048,256,8,0,0,asm,10001+20000,584.1588
gfx936,no_quant,torch.bfloat16,72,256,2048,256,8,0,0,asm,10001+20000,626.3819
gfx936,no_quant,torch.bfloat16,80,256,2048,256,8,0,0,asm,10001+20000,655.8723
gfx936,no_quant,torch.bfloat16,96,256,2048,256,8,0,0,asm,10001+20000,678.8363
gfx936,no_quant,torch.bfloat16,112,256,2048,256,8,0,0,asm,10001+20000,699.3583
gfx936,no_quant,torch.bfloat16,128,256,2048,256,8,0,0,asm,10001+20000,715.5774
gfx936,no_quant,torch.bfloat16,192,256,2048,256,8,0,0,asm,10001+20001,749.7329
gfx936,no_quant,torch.bfloat16,224,256,2048,256,8,0,0,asm,10001+20000,760.6383
gfx936,no_quant,torch.bfloat16,256,256,2048,256,8,0,0,asm,10001+20000,767.6867
gfx936,no_quant,torch.bfloat16,384,256,2048,256,8,0,0,asm,10001+20000,805.2109
gfx936,no_quant,torch.bfloat16,448,256,2048,256,8,0,0,asm,10002+20000,830.1456
gfx936,no_quant,torch.bfloat16,512,256,2048,256,8,0,0,asm,10002+20000,849.2529
gfx936,no_quant,torch.bfloat16,640,256,2048,256,8,0,0,asm,11000+21001,886.8276
gfx936,no_quant,torch.bfloat16,768,256,2048,256,8,0,0,asm,12004+22001,907.6444
gfx936,no_quant,torch.bfloat16,896,256,2048,256,8,0,0,asm,12004+22001,932.2341
gfx936,no_quant,torch.bfloat16,1024,256,2048,256,8,0,0,asm,11007+21001,950.2972
gfx936,no_quant,torch.bfloat16,1280,256,2048,256,8,0,0,asm,11007+21001,992.3605
gfx936,no_quant,torch.bfloat16,1536,256,2048,256,8,0,0,asm,12004+22001,1033.5482
gfx936,no_quant,torch.bfloat16,1792,256,2048,256,8,0,0,asm,12004+22001,1070.9374
gfx936,no_quant,torch.bfloat16,1920,256,2048,256,8,0,0,asm,12005+22001,1085.8421
gfx936,no_quant,torch.bfloat16,2048,256,2048,256,8,0,0,asm,12005+22001,1094.4231
gfx936,no_quant,torch.bfloat16,4096,256,2048,256,8,0,0,asm,12001+22001,1443.4076
gfx936,no_quant,torch.bfloat16,8192,256,2048,256,8,0,0,asm,13001+23001,2122.4947
gfx936,no_quant,torch.bfloat16,16384,256,2048,256,8,0,0,asm,13001+23001,3688.4889
gfx938,no_quant,torch.bfloat16,1,256,2048,256,8,0,0,asm,10007+20002,45.477
gfx938,no_quant,torch.bfloat16,2,256,2048,256,8,0,0,asm,10008+20000,61.275
gfx938,no_quant,torch.bfloat16,4,256,2048,256,8,0,0,asm,10011+20000,96.2475
gfx938,no_quant,torch.bfloat16,6,256,2048,256,8,0,0,asm,10008+20000,127.9443
gfx938,no_quant,torch.bfloat16,8,256,2048,256,8,0,0,asm,10011+20000,149.5694
gfx938,no_quant,torch.bfloat16,10,256,2048,256,8,0,0,asm,10013+20000,178.2854
gfx938,no_quant,torch.bfloat16,12,256,2048,256,8,0,0,asm,10002+20000,207.6914
gfx938,no_quant,torch.bfloat16,16,256,2048,256,8,0,0,asm,10011+20000,248.5671
gfx938,no_quant,torch.bfloat16,20,256,2048,256,8,0,0,asm,10002+20000,286.1341
gfx938,no_quant,torch.bfloat16,24,256,2048,256,8,0,0,asm,10011+20000,318.7369
gfx938,no_quant,torch.bfloat16,28,256,2048,256,8,0,0,asm,10002+20000,377.8393
gfx938,no_quant,torch.bfloat16,32,256,2048,256,8,0,0,asm,10011+20000,396.2581
gfx938,no_quant,torch.bfloat16,36,256,2048,256,8,0,0,asm,10011+20000,406.0982
gfx938,no_quant,torch.bfloat16,40,256,2048,256,8,0,0,asm,10002+20000,424.5887
gfx938,no_quant,torch.bfloat16,48,256,2048,256,8,0,0,asm,10011+20000,457.7765
gfx938,no_quant,torch.bfloat16,56,256,2048,256,8,0,0,asm,10011+20000,475.4771
gfx938,no_quant,torch.bfloat16,72,256,2048,256,8,0,0,asm,10002+20000,514.1036
gfx938,no_quant,torch.bfloat16,80,256,2048,256,8,0,0,asm,10002+20000,520.4208
gfx938,no_quant,torch.bfloat16,96,256,2048,256,8,0,0,asm,10011+20000,543.4607
gfx938,no_quant,torch.bfloat16,112,256,2048,256,8,0,0,asm,10002+20000,547.8481
gfx938,no_quant,torch.bfloat16,128,256,2048,256,8,0,0,asm,10008+20000,562.2649
gfx938,no_quant,torch.bfloat16,192,256,2048,256,8,0,0,asm,10002+20000,570.8544
gfx938,no_quant,torch.bfloat16,224,256,2048,256,8,0,0,asm,10002+20000,577.4565
gfx938,no_quant,torch.bfloat16,256,256,2048,256,8,0,0,asm,10002+20000,584.5555
gfx938,no_quant,torch.bfloat16,384,256,2048,256,8,0,0,asm,10011+20000,598.8544
gfx938,no_quant,torch.bfloat16,448,256,2048,256,8,0,0,asm,10011+20000,625.9533
gfx938,no_quant,torch.bfloat16,512,256,2048,256,8,0,0,asm,11007+21001,658.2143
gfx938,no_quant,torch.bfloat16,640,256,2048,256,8,0,0,asm,11007+21001,680.6143
gfx938,no_quant,torch.bfloat16,768,256,2048,256,8,0,0,asm,11007+21001,685.7343
gfx938,no_quant,torch.bfloat16,896,256,2048,256,8,0,0,asm,11005+21001,711.8648
gfx938,no_quant,torch.bfloat16,1024,256,2048,256,8,0,0,asm,12001+22001,700.9928
gfx938,no_quant,torch.bfloat16,1280,256,2048,256,8,0,0,asm,12001+22001,721.4982
gfx938,no_quant,torch.bfloat16,1536,256,2048,256,8,0,0,asm,12001+22001,738.8961
gfx938,no_quant,torch.bfloat16,1792,256,2048,256,8,0,0,asm,12001+21001,862.9886
gfx938,no_quant,torch.bfloat16,1920,256,2048,256,8,0,0,asm,12001+22001,817.1506
gfx938,no_quant,torch.bfloat16,2048,256,2048,256,8,0,0,asm,12001+22001,877.8274
gfx938,no_quant,torch.bfloat16,4096,256,2048,256,8,0,0,asm,13001+23001,1271.6956
gfx938,no_quant,torch.bfloat16,8192,256,2048,256,8,0,0,asm,13001+23001,2153.2268
gfx938,no_quant,torch.bfloat16,16384,256,2048,256,8,0,0,asm,13001+23001,3888.0483
gfx938,no_quant,torch.bfloat16,1,512,2048,256,8,0,0,asm,10008+20000,59.5148
gfx938,no_quant,torch.bfloat16,2,512,2048,256,8,0,0,asm,10011+20000,91.0179
gfx938,no_quant,torch.bfloat16,4,512,2048,256,8,0,0,asm,10011+20000,153.8891
gfx938,no_quant,torch.bfloat16,6,512,2048,256,8,0,0,asm,10011+20000,217.0978
gfx938,no_quant,torch.bfloat16,8,512,2048,256,8,0,0,asm,10011+20000,273.2495
gfx938,no_quant,torch.bfloat16,10,512,2048,256,8,0,0,asm,10008+20000,332.8538
gfx938,no_quant,torch.bfloat16,12,512,2048,256,8,0,0,asm,10011+20000,366.3359
gfx938,no_quant,torch.bfloat16,16,512,2048,256,8,0,0,asm,10008+20000,459.5481
gfx938,no_quant,torch.bfloat16,20,512,2048,256,8,0,0,asm,10008+20000,532.6303
gfx938,no_quant,torch.bfloat16,24,512,2048,256,8,0,0,asm,10011+20000,605.7417
gfx938,no_quant,torch.bfloat16,28,512,2048,256,8,0,0,asm,10011+20000,685.4926
gfx938,no_quant,torch.bfloat16,32,512,2048,256,8,0,0,asm,10008+20000,733.8714
gfx938,no_quant,torch.bfloat16,36,512,2048,256,8,0,0,asm,10008+20000,771.8052
gfx938,no_quant,torch.bfloat16,40,512,2048,256,8,0,0,asm,10011+20000,804.3608
gfx938,no_quant,torch.bfloat16,48,512,2048,256,8,0,0,asm,10008+20000,861.0514
gfx938,no_quant,torch.bfloat16,56,512,2048,256,8,0,0,asm,10008+20000,906.8702
gfx938,no_quant,torch.bfloat16,72,512,2048,256,8,0,0,asm,10008+20000,976.2006
gfx938,no_quant,torch.bfloat16,80,512,2048,256,8,0,0,asm,10008+20000,999.6362
gfx938,no_quant,torch.bfloat16,96,512,2048,256,8,0,0,asm,10008+20000,1041.9268
gfx938,no_quant,torch.bfloat16,112,512,2048,256,8,0,0,asm,10008+20000,1057.5307
gfx938,no_quant,torch.bfloat16,128,512,2048,256,8,0,0,asm,10011+20000,1079.5604
gfx938,no_quant,torch.bfloat16,192,512,2048,256,8,0,0,asm,10008+20000,1097.5135
gfx938,no_quant,torch.bfloat16,224,512,2048,256,8,0,0,asm,10008+20000,1108.2477
gfx938,no_quant,torch.bfloat16,256,512,2048,256,8,0,0,asm,10011+20000,1115.7124
gfx938,no_quant,torch.bfloat16,384,512,2048,256,8,0,0,asm,10011+20000,1142.1366
gfx938,no_quant,torch.bfloat16,448,512,2048,256,8,0,0,asm,11005+21001,1158.8779
gfx938,no_quant,torch.bfloat16,512,512,2048,256,8,0,0,asm,11005+21001,1173.0084
gfx938,no_quant,torch.bfloat16,640,512,2048,256,8,0,0,asm,11005+21001,1189.0001
gfx938,no_quant,torch.bfloat16,768,512,2048,256,8,0,0,asm,11005+21001,1218.2632
gfx938,no_quant,torch.bfloat16,896,512,2048,256,8,0,0,asm,12001+22001,1242.2546
gfx938,no_quant,torch.bfloat16,1024,512,2048,256,8,0,0,asm,12001+22001,1255.922
gfx938,no_quant,torch.bfloat16,1280,512,2048,256,8,0,0,asm,12001+22001,1279.9811
gfx938,no_quant,torch.bfloat16,1536,512,2048,256,8,0,0,asm,12001+22001,1317.4461
gfx938,no_quant,torch.bfloat16,1792,512,2048,256,8,0,0,asm,12001+22001,1387.627
gfx938,no_quant,torch.bfloat16,1920,512,2048,256,8,0,0,asm,13001+23001,1468.8479
gfx938,no_quant,torch.bfloat16,2048,512,2048,256,8,0,0,asm,13001+23001,1484.1657
gfx938,no_quant,torch.bfloat16,4096,512,2048,256,8,0,0,asm,13001+23001,2171.9959
gfx938,no_quant,torch.bfloat16,8192,512,2048,256,8,0,0,asm,13001+23001,3643.6056
gfx938,no_quant,torch.bfloat16,16384,512,2048,256,8,0,0,asm,13001+23001,6527.4832
gfx936,no_quant,torch.bfloat16,1,128,2048,256,8,0,0,asm,10004+20001,38.2434
gfx936,no_quant,torch.bfloat16,8,128,2048,256,8,0,0,asm,10002+20000,105.3002
gfx936,no_quant,torch.bfloat16,16,128,2048,256,8,0,0,asm,10002+20000,164.5003
gfx936,no_quant,torch.bfloat16,24,128,2048,256,8,0,0,asm,10001+20000,206.6361
gfx936,no_quant,torch.bfloat16,32,128,2048,256,8,0,0,asm,10001+20000,260.2137
gfx936,no_quant,torch.bfloat16,48,128,2048,256,8,0,0,asm,10002+20000,294.3076
gfx936,no_quant,torch.bfloat16,64,128,2048,256,8,0,0,asm,10001+20000,317.5581
gfx936,no_quant,torch.bfloat16,96,128,2048,256,8,0,0,asm,10001+20000,352.7412
gfx936,no_quant,torch.bfloat16,128,128,2048,256,8,0,0,asm,10001+20000,371.8402
gfx936,no_quant,torch.bfloat16,256,128,2048,256,8,0,0,asm,10001+20000,400.1602
gfx936,no_quant,torch.bfloat16,512,128,2048,256,8,0,0,asm,10002+20002,471.3012
gfx936,no_quant,torch.bfloat16,1024,128,2048,256,8,0,0,asm,11007+21001,544.0674
gfx936,no_quant,torch.bfloat16,2048,128,2048,256,8,0,0,asm,11005+21001,706.8378
gfx936,no_quant,torch.bfloat16,4096,128,2048,256,8,0,0,asm,12001+22001,998.265
gfx936,no_quant,torch.bfloat16,8192,128,2048,256,8,0,0,asm,13001+23001,1604.2773
gfx936,no_quant,torch.bfloat16,1,64,2048,256,8,0,0,asm,10001+20000,33.0139
gfx936,no_quant,torch.bfloat16,8,64,2048,256,8,0,0,asm,10002+20002,70.9508
gfx936,no_quant,torch.bfloat16,16,64,2048,256,8,0,0,asm,10002+20000,102.6897
gfx936,no_quant,torch.bfloat16,24,64,2048,256,8,0,0,asm,10002+20002,123.2339
gfx936,no_quant,torch.bfloat16,32,64,2048,256,8,0,0,asm,10001+20002,157.3759
gfx936,no_quant,torch.bfloat16,48,64,2048,256,8,0,0,asm,10001+20002,166.5182
gfx936,no_quant,torch.bfloat16,64,64,2048,256,8,0,0,asm,10001+20000,181.6423
gfx936,no_quant,torch.bfloat16,96,64,2048,256,8,0,0,asm,10001+20002,201.6088
gfx936,no_quant,torch.bfloat16,128,64,2048,256,8,0,0,asm,10001+20002,213.5498
gfx936,no_quant,torch.bfloat16,256,64,2048,256,8,0,0,asm,10001+20002,235.7307
gfx936,no_quant,torch.bfloat16,512,64,2048,256,8,0,0,asm,10008+20002,283.2003
gfx936,no_quant,torch.bfloat16,1024,64,2048,256,8,0,0,asm,11006+21001,354.7286
gfx936,no_quant,torch.bfloat16,2048,64,2048,256,8,0,0,asm,12004+22001,496.0253
gfx936,no_quant,torch.bfloat16,4096,64,2048,256,8,0,0,asm,12000+22001,783.141
gfx936,no_quant,torch.bfloat16,8192,64,2048,256,8,0,0,asm,13000+23001,1382.6608
gfx936,no_quant,torch.bfloat16,1,192,2048,128,8,0,0,asm,10002+20000,37.1908
gfx936,no_quant,torch.bfloat16,8,192,2048,128,8,0,0,asm,10001+20000,135.8265
gfx936,no_quant,torch.bfloat16,16,192,2048,128,8,0,0,asm,10001+20002,206.3107
gfx936,no_quant,torch.bfloat16,24,192,2048,128,8,0,0,asm,10002+20000,239.8573
gfx936,no_quant,torch.bfloat16,32,192,2048,128,8,0,0,asm,10001+20000,254.57180000000002
gfx936,no_quant,torch.bfloat16,48,192,2048,128,8,0,0,asm,10001+20002,288.4549
gfx936,no_quant,torch.bfloat16,64,192,2048,128,8,0,0,asm,10001+20000,305.0306
gfx936,no_quant,torch.bfloat16,96,192,2048,128,8,0,0,asm,10001+20002,300.9434
gfx936,no_quant,torch.bfloat16,128,192,2048,128,8,0,0,asm,10001+20002,309.0866
gfx936,no_quant,torch.bfloat16,256,192,2048,128,8,0,0,asm,10002+20000,347.7813
gfx936,no_quant,torch.bfloat16,512,192,2048,128,8,0,0,asm,11004+21001,395.2235
gfx936,no_quant,torch.bfloat16,1024,192,2048,128,8,0,0,asm,12001+22001,481.8189
gfx936,no_quant,torch.bfloat16,2048,192,2048,128,8,0,0,asm,13001+23001,664.2781
gfx936,no_quant,torch.bfloat16,4096,192,2048,128,8,0,0,asm,13001+23001,1028.5554
gfx936,no_quant,torch.bfloat16,8192,192,2048,128,8,0,0,asm,13001+23001,1846.0282
gfx936,no_quant,torch.bfloat16,1,96,2048,128,8,0,0,asm,10001+20000,31.531799999999997
gfx936,no_quant,torch.bfloat16,8,96,2048,128,8,0,0,asm,10011+20000,83.3465
gfx936,no_quant,torch.bfloat16,16,96,2048,128,8,0,0,asm,10001+20000,119.0518
gfx936,no_quant,torch.bfloat16,24,96,2048,128,8,0,0,asm,10002+20000,135.613
gfx936,no_quant,torch.bfloat16,32,96,2048,128,8,0,0,asm,10001+20002,148.9382
gfx936,no_quant,torch.bfloat16,48,96,2048,128,8,0,0,asm,10000+20002,161.4907
gfx936,no_quant,torch.bfloat16,64,96,2048,128,8,0,0,asm,10001+20000,179.3801
gfx936,no_quant,torch.bfloat16,96,96,2048,128,8,0,0,asm,10001+20000,172.1856
gfx936,no_quant,torch.bfloat16,128,96,2048,128,8,0,0,asm,10001+20000,176.6741
gfx936,no_quant,torch.bfloat16,256,96,2048,128,8,0,0,asm,11007+21001,206.2993
gfx936,no_quant,torch.bfloat16,512,96,2048,128,8,0,0,asm,11004+21001,256.5731
gfx936,no_quant,torch.bfloat16,1024,96,2048,128,8,0,0,asm,13001+23001,598.9590
gfx936,no_quant,torch.bfloat16,2048,96,2048,128,8,0,0,asm,13001+23001,913.4390
gfx936,no_quant,torch.bfloat16,4096,96,2048,128,8,0,0,asm,13001+23001,1006.4790
gfx936,no_quant,torch.bfloat16,8192,96,2048,128,8,0,0,asm,13001+23001,1703.4390
gfx936,no_quant,torch.bfloat16,1,256,2048,256,8,0,0,asm,10002+20000,46.2854
gfx936,no_quant,torch.bfloat16,8,256,2048,256,8,0,0,asm,10001+20002,181.915
gfx936,no_quant,torch.bfloat16,16,256,2048,256,8,0,0,asm,10000+20000,299.0516
gfx936,no_quant,torch.bfloat16,24,256,2048,256,8,0,0,asm,10001+20000,379.4106
gfx936,no_quant,torch.bfloat16,32,256,2048,256,8,0,0,asm,10001+20000,470.2768
gfx936,no_quant,torch.bfloat16,48,256,2048,256,8,0,0,asm,10001+20000,549.8948
gfx936,no_quant,torch.bfloat16,64,256,2048,256,8,0,0,asm,10001+20000,598.2064
gfx936,no_quant,torch.bfloat16,96,256,2048,256,8,0,0,asm,10001+20001,698.8546
gfx936,no_quant,torch.bfloat16,128,256,2048,256,8,0,0,asm,10002+20000,723.6883
gfx936,no_quant,torch.bfloat16,256,256,2048,256,8,0,0,asm,10002+20002,781.5831
gfx936,no_quant,torch.bfloat16,512,256,2048,256,8,0,0,asm,10002+20000,860.1178
gfx936,no_quant,torch.bfloat16,1024,256,2048,256,8,0,0,asm,11007+21001,935.8819
gfx936,no_quant,torch.bfloat16,2048,256,2048,256,8,0,0,asm,12005+22001,1117.4477
gfx936,no_quant,torch.bfloat16,4096,256,2048,256,8,0,0,asm,12001+22001,1490.3567
gfx936,no_quant,torch.bfloat16,8192,256,2048,256,8,0,0,asm,13001+23001,2206.4156
gfx936,no_quant,torch.bfloat16,1,128,2048,256,8,0,0,asm,10004+20001,38.2434
gfx936,no_quant,torch.bfloat16,8,128,2048,256,8,0,0,asm,10002+20000,105.3002
gfx936,no_quant,torch.bfloat16,16,128,2048,256,8,0,0,asm,10002+20000,164.5003
gfx936,no_quant,torch.bfloat16,24,128,2048,256,8,0,0,asm,10001+20000,206.6361
gfx936,no_quant,torch.bfloat16,32,128,2048,256,8,0,0,asm,10001+20000,260.2137
gfx936,no_quant,torch.bfloat16,48,128,2048,256,8,0,0,asm,10002+20000,294.3076
gfx936,no_quant,torch.bfloat16,64,128,2048,256,8,0,0,asm,10001+20000,317.5581
gfx936,no_quant,torch.bfloat16,96,128,2048,256,8,0,0,asm,10001+20000,352.7412
gfx936,no_quant,torch.bfloat16,128,128,2048,256,8,0,0,asm,10001+20000,371.8402
gfx936,no_quant,torch.bfloat16,256,128,2048,256,8,0,0,asm,10001+20000,400.1602
gfx936,no_quant,torch.bfloat16,512,128,2048,256,8,0,0,asm,10002+20002,471.3012
gfx936,no_quant,torch.bfloat16,1024,128,2048,256,8,0,0,asm,11007+21001,544.0674
gfx936,no_quant,torch.bfloat16,2048,128,2048,256,8,0,0,asm,11005+21001,706.8378
gfx936,no_quant,torch.bfloat16,4096,128,2048,256,8,0,0,asm,12001+22001,998.265
gfx936,no_quant,torch.bfloat16,8192,128,2048,256,8,0,0,asm,13001+23001,1604.2773
gfx936,no_quant,torch.bfloat16,1,64,2048,256,8,0,0,asm,10001+20000,33.0139
gfx936,no_quant,torch.bfloat16,8,64,2048,256,8,0,0,asm,10002+20002,70.9508
gfx936,no_quant,torch.bfloat16,16,64,2048,256,8,0,0,asm,10002+20000,102.6897
gfx936,no_quant,torch.bfloat16,24,64,2048,256,8,0,0,asm,10002+20002,123.2339
gfx936,no_quant,torch.bfloat16,32,64,2048,256,8,0,0,asm,10001+20002,157.3759
gfx936,no_quant,torch.bfloat16,48,64,2048,256,8,0,0,asm,10001+20002,166.5182
gfx936,no_quant,torch.bfloat16,64,64,2048,256,8,0,0,asm,10001+20000,181.6423
gfx936,no_quant,torch.bfloat16,96,64,2048,256,8,0,0,asm,10001+20002,201.6088
gfx936,no_quant,torch.bfloat16,128,64,2048,256,8,0,0,asm,10001+20002,213.5498
gfx936,no_quant,torch.bfloat16,256,64,2048,256,8,0,0,asm,10001+20002,235.7307
gfx936,no_quant,torch.bfloat16,512,64,2048,256,8,0,0,asm,10008+20002,283.2003
gfx936,no_quant,torch.bfloat16,1024,64,2048,256,8,0,0,asm,11006+21001,354.7286
gfx936,no_quant,torch.bfloat16,2048,64,2048,256,8,0,0,asm,12004+22001,496.0253
gfx936,no_quant,torch.bfloat16,4096,64,2048,256,8,0,0,asm,12000+22001,783.141
gfx936,no_quant,torch.bfloat16,8192,64,2048,256,8,0,0,asm,13000+23001,1382.6608
gfx938,no_quant,torch.bfloat16,1,128,3072,256,8,0,0,asm,10003+20000,42.6728
gfx938,no_quant,torch.bfloat16,2,128,3072,256,8,0,0,asm,10002+20002,52.8201
gfx938,no_quant,torch.bfloat16,4,128,3072,256,8,0,0,asm,10008+20002,81.5445
gfx938,no_quant,torch.bfloat16,6,128,3072,256,8,0,0,asm,10011+20002,99.9192
gfx938,no_quant,torch.bfloat16,8,128,3072,256,8,0,0,asm,10011+20000,119.1275
gfx938,no_quant,torch.bfloat16,12,128,3072,256,8,0,0,asm,10002+20000,165.1401
gfx938,no_quant,torch.bfloat16,16,128,3072,256,8,0,0,asm,10008+20000,191.7674
gfx938,no_quant,torch.bfloat16,24,128,3072,256,8,0,0,asm,10002+20000,245.2719
gfx938,no_quant,torch.bfloat16,32,128,3072,256,8,0,0,asm,10002+20000,308.4155
gfx938,no_quant,torch.bfloat16,48,128,3072,256,8,0,0,asm,10002+20000,338.442
gfx938,no_quant,torch.bfloat16,64,128,3072,256,8,0,0,asm,10002+20000,371.3601
gfx938,no_quant,torch.bfloat16,96,128,3072,256,8,0,0,asm,10002+20000,413.0272
gfx938,no_quant,torch.bfloat16,128,128,3072,256,8,0,0,asm,10002+20000,422.3326
gfx938,no_quant,torch.bfloat16,256,128,3072,256,8,0,0,asm,10002+20000,457.0867
gfx938,no_quant,torch.bfloat16,512,128,3072,256,8,0,0,asm,11007+21001,522.004
gfx938,no_quant,torch.bfloat16,768,128,3072,256,8,0,0,asm,11007+21001,548.5137
gfx938,no_quant,torch.bfloat16,1024,128,3072,256,8,0,0,asm,12005+22001,607.0313
gfx938,no_quant,torch.bfloat16,1536,128,3072,256,8,0,0,asm,12005+22001,676.3204
gfx938,no_quant,torch.bfloat16,2048,128,3072,256,8,0,0,asm,12001+22001,814.0458
gfx938,no_quant,torch.bfloat16,3072,128,3072,256,8,0,0,asm,13001+23001,947.8066
gfx938,no_quant,torch.bfloat16,4096,128,3072,256,8,0,0,asm,13001+23001,1279.2791
gfx938,no_quant,torch.bfloat16,5120,128,3072,256,8,0,0,asm,12003+22001,1607.2248
gfx938,no_quant,torch.bfloat16,6144,128,3072,256,8,0,0,asm,13001+23001,1759.6822
gfx938,no_quant,torch.bfloat16,8192,128,3072,256,8,0,0,asm,13001+23001,2111.6235
gfx936,no_quant,torch.bfloat16,1,128,3072,256,8,0,0,asm,10000+20000,39.7761
gfx936,no_quant,torch.bfloat16,2,128,3072,256,8,0,0,asm,10002+20000,55.6245
gfx936,no_quant,torch.bfloat16,4,128,3072,256,8,0,0,asm,10010+20000,89.8896
gfx936,no_quant,torch.bfloat16,6,128,3072,256,8,0,0,asm,10001+20000,116.0287
gfx936,no_quant,torch.bfloat16,8,128,3072,256,8,0,0,asm,10000+20000,140.1381
gfx936,no_quant,torch.bfloat16,12,128,3072,256,8,0,0,asm,10001+20000,190.2771
gfx936,no_quant,torch.bfloat16,16,128,3072,256,8,0,0,asm,10000+20000,230.1002
gfx936,no_quant,torch.bfloat16,24,128,3072,256,8,0,0,asm,10001+20000,302.6951
gfx936,no_quant,torch.bfloat16,32,128,3072,256,8,0,0,asm,10001+20000,372.5253
gfx936,no_quant,torch.bfloat16,48,128,3072,256,8,0,0,asm,10001+20000,426.973
gfx936,no_quant,torch.bfloat16,64,128,3072,256,8,0,0,asm,10000+20000,470.9897
gfx936,no_quant,torch.bfloat16,96,128,3072,256,8,0,0,asm,10000+20000,530.4423
gfx936,no_quant,torch.bfloat16,128,128,3072,256,8,0,0,asm,10001+20000,559.5875
gfx936,no_quant,torch.bfloat16,256,128,3072,256,8,0,0,asm,10001+20000,602.9729
gfx936,no_quant,torch.bfloat16,512,128,3072,256,8,0,0,asm,10002+20002,673.5161
gfx936,no_quant,torch.bfloat16,768,128,3072,256,8,0,0,asm,11006+21001,721.6594
gfx936,no_quant,torch.bfloat16,1024,128,3072,256,8,0,0,asm,11007+21001,765.9961
gfx936,no_quant,torch.bfloat16,1536,128,3072,256,8,0,0,asm,11005+21001,878.4425
gfx936,no_quant,torch.bfloat16,2048,128,3072,256,8,0,0,asm,11005+21001,965.7182
gfx936,no_quant,torch.bfloat16,3072,128,3072,256,8,0,0,asm,12001+22001,1174.6443
gfx936,no_quant,torch.bfloat16,4096,128,3072,256,8,0,0,asm,13001+23001,1360.5981
gfx936,no_quant,torch.bfloat16,5120,128,3072,256,8,0,0,asm,12001+22001,1585.0189
gfx936,no_quant,torch.bfloat16,6144,128,3072,256,8,0,0,asm,13001+23001,1751.7223
gfx936,no_quant,torch.bfloat16,8192,128,3072,256,8,0,0,asm,13001+23001,2151.0567
gfx936,no_quant,torch.float16,1,1536,768,8,2,0,0,asm,10008+20000,39.1529
gfx936,no_quant,torch.float16,2,1536,768,8,2,0,0,asm,10011+20000,46.6307
gfx936,no_quant,torch.float16,4,1536,768,8,2,0,0,asm,10013+20000,59.0096
gfx936,no_quant,torch.float16,6,1536,768,8,2,0,0,asm,10006+20000,64.6602
gfx936,no_quant,torch.float16,8,1536,768,8,2,0,0,asm,10010+20000,69.6203
gfx936,no_quant,torch.float16,10,1536,768,8,2,0,0,asm,10006+20000,72.7359
gfx936,no_quant,torch.float16,12,1536,768,8,2,0,0,asm,10008+20000,71.7003
gfx936,no_quant,torch.float16,16,1536,768,8,2,0,0,asm,10008+20002,74.3107
gfx936,no_quant,torch.float16,20,1536,768,8,2,0,0,asm,10006+20000,81.1288
gfx936,no_quant,torch.float16,24,1536,768,8,2,0,0,asm,10008+20000,81.7941
gfx936,no_quant,torch.float16,28,1536,768,8,2,0,0,asm,10008+20000,74.5971
gfx936,no_quant,torch.float16,32,1536,768,8,2,0,0,asm,10008+20002,74.9339
gfx936,no_quant,torch.float16,36,1536,768,8,2,0,0,asm,10006+20000,82.9141
gfx936,no_quant,torch.float16,40,1536,768,8,2,0,0,asm,10006+20000,82.8299
gfx936,no_quant,torch.float16,48,1536,768,8,2,0,0,asm,11004+20002,85.4741
gfx936,no_quant,torch.float16,56,1536,768,8,2,0,0,asm,10013+20000,86.3414
gfx936,no_quant,torch.float16,72,1536,768,8,2,0,0,asm,10013+20000,85.8614
gfx936,no_quant,torch.float16,80,1536,768,8,2,0,0,asm,11004+20002,87.0235
gfx936,no_quant,torch.float16,96,1536,768,8,2,0,0,asm,11002+20002,88.093
gfx936,no_quant,torch.float16,112,1536,768,8,2,0,0,asm,11006+20002,90.2825
gfx936,no_quant,torch.float16,128,1536,768,8,2,0,0,asm,11007+21001,92.2643
gfx936,no_quant,torch.float16,192,1536,768,8,2,0,0,asm,12004+21001,105.3589
gfx936,no_quant,torch.float16,224,1536,768,8,2,0,0,asm,12005+21001,101.0024
gfx936,no_quant,torch.float16,256,1536,768,8,2,0,0,asm,12005+21001,120.2053
gfx936,no_quant,torch.float16,384,1536,768,8,2,0,0,asm,13000+22001,145.1823
gfx936,no_quant,torch.float16,448,1536,768,8,2,0,0,asm,12005+22001,156.7696
gfx936,no_quant,torch.float16,512,1536,768,8,2,0,0,asm,13001+22001,162.4791
gfx936,no_quant,torch.float16,640,1536,768,8,2,0,0,asm,12005+22001,190.0917
gfx936,no_quant,torch.float16,768,1536,768,8,2,0,0,asm,13001+23002,205.9063
gfx936,no_quant,torch.float16,896,1536,768,8,2,0,0,asm,13001+23002,221.5947
gfx936,no_quant,torch.float16,1024,1536,768,8,2,0,0,asm,13001+23002,163.0317
gfx936,no_quant,torch.float16,1280,1536,768,8,2,0,0,asm,13001+23002,189.3223
gfx936,no_quant,torch.float16,1536,1536,768,8,2,0,0,asm,13001+23001,242.6106
gfx936,no_quant,torch.float16,1792,1536,768,8,2,0,0,asm,13001+23001,257.7517
gfx936,no_quant,torch.float16,1920,1536,768,8,2,0,0,asm,13001+23001,260.0422
gfx936,no_quant,torch.float16,2048,1536,768,8,2,0,0,asm,13001+23001,279.6212
gfx936,no_quant,torch.float16,4096,1536,768,8,2,0,0,asm,13001+23001,474.8547
gfx936,no_quant,torch.float16,8192,1536,768,8,2,0,0,asm,13001+23001,850.0965
gfx936,no_quant,torch.float16,16384,1536,768,8,2,0,0,asm,13001+23001,1625.8685
gfx938,no_quant,torch.bfloat16,1,128,2048,256,8,0,0,asm,10000+20000,37.4603
gfx938,no_quant,torch.bfloat16,2,128,2048,256,8,0,0,asm,10002+20002,45.9908
gfx938,no_quant,torch.bfloat16,4,128,2048,256,8,0,0,asm,10008+20000,65.1739
gfx938,no_quant,torch.bfloat16,6,256,2048,256,8,0,0,asm,10008+20000,128.3065
gfx938,no_quant,torch.bfloat16,8,256,2048,256,8,0,0,asm,10011+20000,147.5233
gfx938,no_quant,torch.bfloat16,10,256,2048,256,8,0,0,asm,10011+20000,174.0664
gfx938,no_quant,torch.bfloat16,12,256,2048,256,8,0,0,asm,10002+20000,208.8282
gfx938,no_quant,torch.bfloat16,16,256,2048,256,8,0,0,asm,10011+20000,239.1355
gfx938,no_quant,torch.bfloat16,20,256,2048,256,8,0,0,asm,10002+20000,283.1747
gfx938,no_quant,torch.bfloat16,24,256,2048,256,8,0,0,asm,10011+20000,307.6547
gfx938,no_quant,torch.bfloat16,28,256,2048,256,8,0,0,asm,10002+20000,372.6345
gfx938,no_quant,torch.bfloat16,32,256,2048,256,8,0,0,asm,10011+20000,384.2977
gfx938,no_quant,torch.bfloat16,36,256,2048,256,8,0,0,asm,10011+20000,388.9262
gfx938,no_quant,torch.bfloat16,40,256,2048,256,8,0,0,asm,10002+20000,420.1344
gfx938,no_quant,torch.bfloat16,48,256,2048,256,8,0,0,asm,10011+20000,445.5576
gfx938,no_quant,torch.bfloat16,56,256,2048,256,8,0,0,asm,10011+20000,459.7893
gfx938,no_quant,torch.bfloat16,72,256,2048,256,8,0,0,asm,10002+20000,508.5134
gfx938,no_quant,torch.bfloat16,80,256,2048,256,8,0,0,asm,10011+20000,512.4881
gfx938,no_quant,torch.bfloat16,96,256,2048,256,8,0,0,asm,10011+20000,526.7301
gfx938,no_quant,torch.bfloat16,112,256,2048,256,8,0,0,asm,10011+20000,529.9871
gfx938,no_quant,torch.bfloat16,128,256,2048,256,8,0,0,asm,10002+20000,544.0514
gfx938,no_quant,torch.bfloat16,192,256,2048,256,8,0,0,asm,10002+20000,549.3469
gfx938,no_quant,torch.bfloat16,224,256,2048,256,8,0,0,asm,10002+20000,560.6564
gfx938,no_quant,torch.bfloat16,256,256,2048,256,8,0,0,asm,10002+20000,561.306
gfx938,no_quant,torch.bfloat16,384,256,2048,256,8,0,0,asm,10011+20000,588.3125
gfx938,no_quant,torch.bfloat16,448,256,2048,256,8,0,0,asm,10011+20000,601.9407
gfx938,no_quant,torch.bfloat16,512,256,2048,256,8,0,0,asm,11005+21001,642.8206
gfx938,no_quant,torch.bfloat16,640,256,2048,256,8,0,0,asm,11004+21001,650.5512
gfx938,no_quant,torch.bfloat16,768,256,2048,256,8,0,0,asm,11005+21001,663.2419
gfx938,no_quant,torch.bfloat16,896,256,2048,256,8,0,0,asm,11005+21001,677.1027
gfx938,no_quant,torch.bfloat16,1024,256,2048,256,8,0,0,asm,12005+22001,695.8647
gfx938,no_quant,torch.bfloat16,1280,256,2048,256,8,0,0,asm,12005+22001,727.1743
gfx938,no_quant,torch.bfloat16,1536,256,2048,256,8,0,0,asm,12005+22001,762.0711
gfx938,no_quant,torch.bfloat16,1792,256,2048,256,8,0,0,asm,12001+22001,780.5804
gfx938,no_quant,torch.bfloat16,1920,256,2048,256,8,0,0,asm,12001+22001,823.0984
gfx938,no_quant,torch.bfloat16,2048,256,2048,256,8,0,0,asm,12001+22001,888.32
gfx938,no_quant,torch.bfloat16,4096,256,2048,256,8,0,0,asm,13001+23001,1300.8504
gfx938,no_quant,torch.bfloat16,8192,256,2048,256,8,0,0,asm,13001+23001,2178.4081
gfx938,no_quant,torch.bfloat16,16384,256,2048,256,8,0,0,asm,13001+23001,3936.8545
gfx938,no_quant,torch.bfloat16,6,128,2048,256,8,0,0,asm,10011+20000,80.5002
gfx938,no_quant,torch.bfloat16,8,128,2048,256,8,0,0,asm,10011+20000,92.7359
gfx938,no_quant,torch.bfloat16,10,128,2048,256,8,0,0,asm,10011+20000,107.0096
gfx938,no_quant,torch.bfloat16,12,128,2048,256,8,0,0,asm,10002+20000,125.797
gfx938,no_quant,torch.bfloat16,16,128,2048,256,8,0,0,asm,10008+20002,142.2769
gfx938,no_quant,torch.bfloat16,20,128,2048,256,8,0,0,asm,10011+20002,151.6466
gfx938,no_quant,torch.bfloat16,24,128,2048,256,8,0,0,asm,10011+20002,167.9496
gfx938,no_quant,torch.bfloat16,28,128,2048,256,8,0,0,asm,10002+20000,212.0959
gfx938,no_quant,torch.bfloat16,32,128,2048,256,8,0,0,asm,10008+20000,221.6958
gfx938,no_quant,torch.bfloat16,36,128,2048,256,8,0,0,asm,10008+20000,216.8087
gfx938,no_quant,torch.bfloat16,40,128,2048,256,8,0,0,asm,10011+20000,221.0445
gfx938,no_quant,torch.bfloat16,48,128,2048,256,8,0,0,asm,10011+20002,230.3245
gfx938,no_quant,torch.bfloat16,56,128,2048,256,8,0,0,asm,10011+20000,240.8676
gfx938,no_quant,torch.bfloat16,72,128,2048,256,8,0,0,asm,10002+20000,265.1034
gfx938,no_quant,torch.bfloat16,80,128,2048,256,8,0,0,asm,10002+20002,272.0171
gfx938,no_quant,torch.bfloat16,96,128,2048,256,8,0,0,asm,10002+20000,282.4592
gfx938,no_quant,torch.bfloat16,112,128,2048,256,8,0,0,asm,10002+20000,286.695
gfx938,no_quant,torch.bfloat16,128,128,2048,256,8,0,0,asm,10011+20000,290.1225
gfx938,no_quant,torch.bfloat16,192,128,2048,256,8,0,0,asm,10011+20002,298.9812
gfx938,no_quant,torch.bfloat16,224,128,2048,256,8,0,0,asm,10002+20000,301.5161
gfx938,no_quant,torch.bfloat16,256,128,2048,256,8,0,0,asm,10011+20002,304.4634
gfx938,no_quant,torch.bfloat16,384,128,2048,256,8,0,0,asm,10011+20002,321.4406
gfx938,no_quant,torch.bfloat16,448,128,2048,256,8,0,0,asm,11005+21001,336.7411
gfx938,no_quant,torch.bfloat16,512,128,2048,256,8,0,0,asm,11005+21001,343.5791
gfx938,no_quant,torch.bfloat16,640,128,2048,256,8,0,0,asm,11005+21001,353.0106
gfx938,no_quant,torch.bfloat16,768,128,2048,256,8,0,0,asm,11005+21001,362.2399
gfx938,no_quant,torch.bfloat16,896,128,2048,256,8,0,0,asm,11004+21001,408.2863
gfx938,no_quant,torch.bfloat16,1024,128,2048,256,8,0,0,asm,12005+22001,439.2252
gfx938,no_quant,torch.bfloat16,1280,128,2048,256,8,0,0,asm,12005+22001,457.9536
gfx938,no_quant,torch.bfloat16,1536,128,2048,256,8,0,0,asm,12005+22001,473.3641
gfx938,no_quant,torch.bfloat16,1792,128,2048,256,8,0,0,asm,12005+22001,537.9197
gfx938,no_quant,torch.bfloat16,1920,128,2048,256,8,0,0,asm,12001+22001,551.5618
gfx938,no_quant,torch.bfloat16,2048,128,2048,256,8,0,0,asm,12001+22001,602.5596
gfx938,no_quant,torch.bfloat16,4096,128,2048,256,8,0,0,asm,13001+23001,927.8901
gfx938,no_quant,torch.bfloat16,8192,128,2048,256,8,0,0,asm,13001+23001,1553.5569
gfx938,no_quant,torch.bfloat16,16384,128,2048,256,8,0,0,asm,13001+23001,2806.9959
gfx938,no_quant,torch.bfloat16,1,64,2048,256,8,0,0,asm,10001+20000,34.1423
gfx938,no_quant,torch.bfloat16,2,64,2048,256,8,0,0,asm,10000+20002,38.5886
gfx938,no_quant,torch.bfloat16,4,64,2048,256,8,0,0,asm,10002+20002,51.0603
gfx938,no_quant,torch.bfloat16,6,64,2048,256,8,0,0,asm,10008+20000,59.1022
gfx938,no_quant,torch.bfloat16,8,64,2048,256,8,0,0,asm,10008+20002,65.7043
gfx938,no_quant,torch.bfloat16,10,64,2048,256,8,0,0,asm,10008+20000,77.4349
gfx938,no_quant,torch.bfloat16,12,64,2048,256,8,0,0,asm,10002+20002,93.3171
gfx938,no_quant,torch.bfloat16,16,64,2048,256,8,0,0,asm,10002+20002,97.5023
gfx938,no_quant,torch.bfloat16,20,64,2048,256,8,0,0,asm,10008+20002,104.2194
gfx938,no_quant,torch.bfloat16,24,64,2048,256,8,0,0,asm,10008+20002,109.7603
gfx938,no_quant,torch.bfloat16,28,64,2048,256,8,0,0,asm,10002+20002,142.3443
gfx938,no_quant,torch.bfloat16,32,64,2048,256,8,0,0,asm,10002+20002,146.4369
gfx938,no_quant,torch.bfloat16,36,64,2048,256,8,0,0,asm,10002+20002,134.3498
gfx938,no_quant,torch.bfloat16,40,64,2048,256,8,0,0,asm,10002+20002,140.7162
gfx938,no_quant,torch.bfloat16,48,64,2048,256,8,0,0,asm,10002+20002,147.4361
gfx938,no_quant,torch.bfloat16,56,64,2048,256,8,0,0,asm,10002+20002,153.3897
gfx938,no_quant,torch.bfloat16,72,64,2048,256,8,0,0,asm,10002+20002,162.9898
gfx938,no_quant,torch.bfloat16,80,64,2048,256,8,0,0,asm,10002+20002,166.3413
gfx938,no_quant,torch.bfloat16,96,64,2048,256,8,0,0,asm,10002+20002,172.1013
gfx938,no_quant,torch.bfloat16,112,64,2048,256,8,0,0,asm,10002+20002,175.3348
gfx938,no_quant,torch.bfloat16,128,64,2048,256,8,0,0,asm,10002+20002,178.1392
gfx938,no_quant,torch.bfloat16,192,64,2048,256,8,0,0,asm,10002+20002,192.573
gfx938,no_quant,torch.bfloat16,224,64,2048,256,8,0,0,asm,10002+20002,188.6486
gfx938,no_quant,torch.bfloat16,256,64,2048,256,8,0,0,asm,10002+20002,198.7707
gfx938,no_quant,torch.bfloat16,384,64,2048,256,8,0,0,asm,10002+20002,212.6234
gfx938,no_quant,torch.bfloat16,448,64,2048,256,8,0,0,asm,11004+21001,222.055
gfx938,no_quant,torch.bfloat16,512,64,2048,256,8,0,0,asm,11004+21001,232.1686
gfx938,no_quant,torch.bfloat16,640,64,2048,256,8,0,0,asm,11004+21001,236.7833
gfx938,no_quant,torch.bfloat16,768,64,2048,256,8,0,0,asm,11004+21001,249.8445
gfx938,no_quant,torch.bfloat16,896,64,2048,256,8,0,0,asm,11004+21001,276.0842
gfx938,no_quant,torch.bfloat16,1024,64,2048,256,8,0,0,asm,11004+21001,336.4127
gfx938,no_quant,torch.bfloat16,1280,64,2048,256,8,0,0,asm,12000+22001,352.8841
gfx938,no_quant,torch.bfloat16,1536,64,2048,256,8,0,0,asm,12004+22001,372.5053
gfx938,no_quant,torch.bfloat16,1792,64,2048,256,8,0,0,asm,12000+22001,425.0191
gfx938,no_quant,torch.bfloat16,1920,64,2048,256,8,0,0,asm,12000+22001,446.6442
gfx938,no_quant,torch.bfloat16,2048,64,2048,256,8,0,0,asm,12000+22001,497.6841
gfx938,no_quant,torch.bfloat16,4096,64,2048,256,8,0,0,asm,12000+22001,825.7764
gfx938,no_quant,torch.bfloat16,8192,64,2048,256,8,0,0,asm,13000+23001,1321.9864
gfx938,no_quant,torch.bfloat16,16384,64,2048,256,8,0,0,asm,13000+23001,2419.24
gfx936,no_quant,torch.bfloat16,1,128,6144,256,14,0,0,asm,10005+20000,83.136
gfx936,no_quant,torch.bfloat16,2,128,6144,256,14,0,0,asm,10000+20000,132.6179
gfx936,no_quant,torch.bfloat16,4,128,6144,256,14,0,0,asm,10000+20000,228.7695
gfx936,no_quant,torch.bfloat16,6,128,6144,256,14,0,0,asm,10005+20000,308.2474
gfx936,no_quant,torch.bfloat16,8,128,6144,256,14,0,0,asm,10003+20000,376.1801
gfx936,no_quant,torch.bfloat16,12,128,6144,256,14,0,0,asm,10003+20000,496.0455
gfx936,no_quant,torch.bfloat16,16,128,6144,256,14,0,0,asm,10000+20000,581.948
gfx936,no_quant,torch.bfloat16,24,128,6144,256,14,0,0,asm,10004+20000,753.6844
gfx936,no_quant,torch.bfloat16,32,128,6144,256,14,0,0,asm,10003+20000,855.7668
gfx936,no_quant,torch.bfloat16,48,128,6144,256,14,0,0,asm,10000+20000,920.6311
gfx936,no_quant,torch.bfloat16,64,128,6144,256,14,0,0,asm,10004+20000,967.0988
gfx936,no_quant,torch.bfloat16,96,128,6144,256,14,0,0,asm,10003+20000,1016.3953000000001
gfx936,no_quant,torch.bfloat16,128,128,6144,256,14,0,0,asm,10004+20002,1056.8416
gfx936,no_quant,torch.bfloat16,256,128,6144,256,14,0,0,asm,11000+21001,1148.9513
gfx936,no_quant,torch.bfloat16,384,128,6144,256,14,0,0,asm,11000+21001,1229.5745
gfx936,no_quant,torch.bfloat16,512,128,6144,256,14,0,0,asm,11000+21001,1340.8931
gfx936,no_quant,torch.bfloat16,768,128,6144,256,14,0,0,asm,11006+21001,1519.5104
gfx936,no_quant,torch.bfloat16,1024,128,6144,256,14,0,0,asm,11007+21001,1668.7742
gfx936,no_quant,torch.bfloat16,1536,128,6144,256,14,0,0,asm,12000+22001,2008.0412999999999
gfx936,no_quant,torch.bfloat16,2048,128,6144,256,14,0,0,asm,12005+22001,2286.5927
gfx936,no_quant,torch.bfloat16,3072,128,6144,256,14,0,0,asm,12005+22001,2983.7112
gfx936,no_quant,torch.bfloat16,4096,128,6144,256,14,0,0,asm,13000+23001,3562.5587
gfx936,no_quant,torch.bfloat16,6144,128,6144,256,14,0,0,asm,13001+23001,4875.5096
gfx936,no_quant,torch.bfloat16,8192,128,6144,256,14,0,0,asm,13001+23000,6638.2596
gfx936,no_quant,torch.bfloat16,16384,128,6144,256,14,0,0,asm,13001+22001,12638.2874
gfx936,no_quant,torch.bfloat16,32768,128,6144,256,14,0,0,asm,13001+23001,22778.5317
gfx938,no_quant,torch.bfloat16,1,192,4096,128,8,0,0,asm,10002+20000,48.1297
gfx938,no_quant,torch.bfloat16,2,192,4096,128,8,0,0,asm,10008+20000,70.1087
gfx938,no_quant,torch.bfloat16,4,192,4096,128,8,0,0,asm,10011+20000,113.7802
gfx938,no_quant,torch.bfloat16,6,192,4096,128,8,0,0,asm,10002+20000,161.1992
gfx938,no_quant,torch.bfloat16,8,192,4096,128,8,0,0,asm,10008+20000,185.637
gfx938,no_quant,torch.bfloat16,10,192,4096,128,8,0,0,asm,10002+20000,223.9526
gfx938,no_quant,torch.bfloat16,12,192,4096,128,8,0,0,asm,10002+20000,234.8819
gfx938,no_quant,torch.bfloat16,16,192,4096,128,8,0,0,asm,10011+20000,282.1405
gfx938,no_quant,torch.bfloat16,20,192,4096,128,8,0,0,asm,10008+20000,312.2089
gfx938,no_quant,torch.bfloat16,24,192,4096,128,8,0,0,asm,10008+20000,320.0742
gfx938,no_quant,torch.bfloat16,28,192,4096,128,8,0,0,asm,10002+20000,337.0473
gfx938,no_quant,torch.bfloat16,32,192,4096,128,8,0,0,asm,10002+20000,346.0241
gfx938,no_quant,torch.bfloat16,36,192,4096,128,8,0,0,asm,10002+20000,351.5958
gfx938,no_quant,torch.bfloat16,40,192,4096,128,8,0,0,asm,10008+20000,365.4232
gfx938,no_quant,torch.bfloat16,48,192,4096,128,8,0,0,asm,10008+20000,379.0901
gfx938,no_quant,torch.bfloat16,56,192,4096,128,8,0,0,asm,10008+20000,380.2016
gfx938,no_quant,torch.bfloat16,72,192,4096,128,8,0,0,asm,10008+20000,386.3658
gfx938,no_quant,torch.bfloat16,80,192,4096,128,8,0,0,asm,10002+20000,386.1974
gfx938,no_quant,torch.bfloat16,96,192,4096,128,8,0,0,asm,10008+20000,389.3385
gfx938,no_quant,torch.bfloat16,112,192,4096,128,8,0,0,asm,10008+20000,392.53
gfx938,no_quant,torch.bfloat16,128,192,4096,128,8,0,0,asm,10002+20000,398.45
gfx938,no_quant,torch.bfloat16,192,192,4096,128,8,0,0,asm,11004+21001,422.4668
gfx938,no_quant,torch.bfloat16,224,192,4096,128,8,0,0,asm,11004+21001,425.785
gfx938,no_quant,torch.bfloat16,256,192,4096,128,8,0,0,asm,11004+21001,432.6313
gfx938,no_quant,torch.bfloat16,384,192,4096,128,8,0,0,asm,11004+21001,473.6249
gfx938,no_quant,torch.bfloat16,448,192,4096,128,8,0,0,asm,11004+21001,500.6988
gfx938,no_quant,torch.bfloat16,512,192,4096,128,8,0,0,asm,12000+22001,520.5642
gfx938,no_quant,torch.bfloat16,640,192,4096,128,8,0,0,asm,12000+22001,537.0105
gfx938,no_quant,torch.bfloat16,768,192,4096,128,8,0,0,asm,12000+22001,553.7768
gfx938,no_quant,torch.bfloat16,896,192,4096,128,8,0,0,asm,12000+22001,614.7005
gfx938,no_quant,torch.bfloat16,1024,192,4096,128,8,0,0,asm,12000+22001,738.1557
gfx938,no_quant,torch.bfloat16,1280,192,4096,128,8,0,0,asm,13001+23001,817.6335
gfx938,no_quant,torch.bfloat16,1536,192,4096,128,8,0,0,asm,13001+23001,840.6214
gfx938,no_quant,torch.bfloat16,1792,192,4096,128,8,0,0,asm,13000+23001,939.0144
gfx938,no_quant,torch.bfloat16,1920,192,4096,128,8,0,0,asm,13001+23001,1006.4753
gfx938,no_quant,torch.bfloat16,2048,192,4096,128,8,0,0,asm,13001+23001,1160.5035
gfx938,no_quant,torch.bfloat16,4096,192,4096,128,8,0,0,asm,13001+23001,1958.3841
gfx938,no_quant,torch.bfloat16,8192,192,4096,128,8,0,0,asm,13001+23001,3563.6011
gfx938,no_quant,torch.bfloat16,16384,192,4096,128,8,0,0,asm,13001+23001,6771.8854
gfx938,no_quant,torch.bfloat16,1,384,4096,128,8,0,0,asm,10008+20000,68.1718
gfx938,no_quant,torch.bfloat16,2,384,4096,128,8,0,0,asm,10011+20000,112.9716
gfx938,no_quant,torch.bfloat16,4,384,4096,128,8,0,0,asm,10008+20000,194.5376
gfx938,no_quant,torch.bfloat16,6,384,4096,128,8,0,0,asm,10002+20000,282.5373
gfx938,no_quant,torch.bfloat16,8,384,4096,128,8,0,0,asm,10011+20000,349.7715
gfx938,no_quant,torch.bfloat16,10,384,4096,128,8,0,0,asm,10002+20000,412.8963
gfx938,no_quant,torch.bfloat16,12,384,4096,128,8,0,0,asm,10008+20000,456.4499
gfx938,no_quant,torch.bfloat16,16,384,4096,128,8,0,0,asm,10002+20000,541.9566
gfx938,no_quant,torch.bfloat16,20,384,4096,128,8,0,0,asm,10011+20000,606.7448
gfx938,no_quant,torch.bfloat16,24,384,4096,128,8,0,0,asm,10011+20000,622.3153
gfx938,no_quant,torch.bfloat16,28,384,4096,128,8,0,0,asm,10002+20000,646.0825
gfx938,no_quant,torch.bfloat16,32,384,4096,128,8,0,0,asm,10002+20000,668.8783
gfx938,no_quant,torch.bfloat16,36,384,4096,128,8,0,0,asm,10002+20000,691.0237
gfx938,no_quant,torch.bfloat16,40,384,4096,128,8,0,0,asm,10002+20000,710.0292
gfx938,no_quant,torch.bfloat16,48,384,4096,128,8,0,0,asm,10011+20000,750.8039
gfx938,no_quant,torch.bfloat16,56,384,4096,128,8,0,0,asm,10011+20000,750.7999
gfx938,no_quant,torch.bfloat16,72,384,4096,128,8,0,0,asm,10011+20000,757.8355
gfx938,no_quant,torch.bfloat16,80,384,4096,128,8,0,0,asm,10011+20000,752.5807
gfx938,no_quant,torch.bfloat16,96,384,4096,128,8,0,0,asm,10011+20000,758.7449
gfx938,no_quant,torch.bfloat16,112,384,4096,128,8,0,0,asm,10011+20000,758.2824
gfx938,no_quant,torch.bfloat16,128,384,4096,128,8,0,0,asm,10011+20000,762.5434
gfx938,no_quant,torch.bfloat16,192,384,4096,128,8,0,0,asm,10011+20000,794.5934
gfx938,no_quant,torch.bfloat16,224,384,4096,128,8,0,0,asm,12001+22001,813.246
gfx938,no_quant,torch.bfloat16,256,384,4096,128,8,0,0,asm,12001+22001,821.2544
gfx938,no_quant,torch.bfloat16,384,384,4096,128,8,0,0,asm,12001+22001,842.1555
gfx938,no_quant,torch.bfloat16,448,384,4096,128,8,0,0,asm,12001+22001,853.0355
gfx938,no_quant,torch.bfloat16,512,384,4096,128,8,0,0,asm,12001+22001,864.2608
gfx938,no_quant,torch.bfloat16,640,384,4096,128,8,0,0,asm,12001+22001,891.7808
gfx938,no_quant,torch.bfloat16,768,384,4096,128,8,0,0,asm,12001+22001,913.1029
gfx938,no_quant,torch.bfloat16,896,384,4096,128,8,0,0,asm,12001+22001,965.6671
gfx938,no_quant,torch.bfloat16,1024,384,4096,128,8,0,0,asm,13001+23001,1068.9934
gfx938,no_quant,torch.bfloat16,1280,384,4096,128,8,0,0,asm,13001+23001,1087.3091
gfx938,no_quant,torch.bfloat16,1536,384,4096,128,8,0,0,asm,13001+23001,1127.6206
gfx938,no_quant,torch.bfloat16,1792,384,4096,128,8,0,0,asm,13001+23001,1260.2774
gfx938,no_quant,torch.bfloat16,1920,384,4096,128,8,0,0,asm,13001+23001,1403.2077
gfx938,no_quant,torch.bfloat16,2048,384,4096,128,8,0,0,asm,13001+23001,1576.7654
gfx938,no_quant,torch.bfloat16,4096,384,4096,128,8,0,0,asm,13001+23001,2651.7877
gfx938,no_quant,torch.bfloat16,8192,384,4096,128,8,0,0,asm,13001+23001,4802.194
gfx938,no_quant,torch.bfloat16,16384,384,4096,128,8,0,0,asm,13001+23001,9108.2175
gfx936,no_quant,torch.bfloat16,1,192,4096,128,8,0,0,asm,10002+20000,51.5487
gfx936,no_quant,torch.bfloat16,2,192,4096,128,8,0,0,asm,10008+20000,85.738
gfx936,no_quant,torch.bfloat16,4,192,4096,128,8,0,0,asm,10001+20000,143.0433
gfx936,no_quant,torch.bfloat16,6,192,4096,128,8,0,0,asm,10001+20000,196.6096
gfx936,no_quant,torch.bfloat16,8,192,4096,128,8,0,0,asm,10001+20000,253.09789999999998
gfx936,no_quant,torch.bfloat16,10,192,4096,128,8,0,0,asm,10000+20000,289.8978
gfx936,no_quant,torch.bfloat16,12,192,4096,128,8,0,0,asm,10001+20000,319.9189
gfx936,no_quant,torch.bfloat16,16,192,4096,128,8,0,0,asm,10001+20000,383.3965
gfx936,no_quant,torch.bfloat16,20,192,4096,128,8,0,0,asm,10001+20000,425.7851
gfx936,no_quant,torch.bfloat16,24,192,4096,128,8,0,0,asm,10000+20000,451.1324
gfx936,no_quant,torch.bfloat16,28,192,4096,128,8,0,0,asm,10001+20000,462.7904
gfx936,no_quant,torch.bfloat16,32,192,4096,128,8,0,0,asm,10001+20000,486.1755
gfx936,no_quant,torch.bfloat16,36,192,4096,128,8,0,0,asm,10001+20000,496.2778
gfx936,no_quant,torch.bfloat16,40,192,4096,128,8,0,0,asm,10000+20000,513.743
gfx936,no_quant,torch.bfloat16,48,192,4096,128,8,0,0,asm,10001+20000,541.2124
gfx936,no_quant,torch.bfloat16,56,192,4096,128,8,0,0,asm,10000+20000,545.9618
gfx936,no_quant,torch.bfloat16,72,192,4096,128,8,0,0,asm,10000+20000,556.985
gfx936,no_quant,torch.bfloat16,80,192,4096,128,8,0,0,asm,10003+20000,566.2817
gfx936,no_quant,torch.bfloat16,96,192,4096,128,8,0,0,asm,10000+20000,569.0776
gfx936,no_quant,torch.bfloat16,112,192,4096,128,8,0,0,asm,10001+20000,579.1829
gfx936,no_quant,torch.bfloat16,128,192,4096,128,8,0,0,asm,10001+20000,580.7408
gfx936,no_quant,torch.bfloat16,192,192,4096,128,8,0,0,asm,10001+20000,612.1766
gfx936,no_quant,torch.bfloat16,224,192,4096,128,8,0,0,asm,10001+20000,618.3997
gfx936,no_quant,torch.bfloat16,256,192,4096,128,8,0,0,asm,10001+20000,643.0396
gfx936,no_quant,torch.bfloat16,384,192,4096,128,8,0,0,asm,12004+22001,672.8585
gfx936,no_quant,torch.bfloat16,448,192,4096,128,8,0,0,asm,12004+22001,683.7048
gfx936,no_quant,torch.bfloat16,512,192,4096,128,8,0,0,asm,12004+22001,701.8942
gfx936,no_quant,torch.bfloat16,640,192,4096,128,8,0,0,asm,12004+22001,734.3233
gfx936,no_quant,torch.bfloat16,768,192,4096,128,8,0,0,asm,12004+22001,767.0788
gfx936,no_quant,torch.bfloat16,896,192,4096,128,8,0,0,asm,12004+22001,803.6793
gfx936,no_quant,torch.bfloat16,1024,192,4096,128,8,0,0,asm,12003+22001,851.8224
gfx936,no_quant,torch.bfloat16,1280,192,4096,128,8,0,0,asm,13000+23001,914.9213
gfx936,no_quant,torch.bfloat16,1536,192,4096,128,8,0,0,asm,13000+23001,963.7045
gfx936,no_quant,torch.bfloat16,1792,192,4096,128,8,0,0,asm,13001+23001,1056.9086
gfx936,no_quant,torch.bfloat16,1920,192,4096,128,8,0,0,asm,13000+23001,1071.3001
gfx936,no_quant,torch.bfloat16,2048,192,4096,128,8,0,0,asm,13000+23001,1138.4829
gfx936,no_quant,torch.bfloat16,4096,192,4096,128,8,0,0,asm,13001+23001,1750.1704
gfx936,no_quant,torch.bfloat16,8192,192,4096,128,8,0,0,asm,13001+23001,3184.6124
gfx936,no_quant,torch.bfloat16,16384,192,4096,128,8,0,0,asm,13001+23001,5989.8553
gfx936,no_quant,torch.bfloat16,1,384,4096,128,8,0,0,asm,10009+20002,86.6812
gfx936,no_quant,torch.bfloat16,2,384,4096,128,8,0,0,asm,10000+20000,155.6669
gfx936,no_quant,torch.bfloat16,4,384,4096,128,8,0,0,asm,10001+20001,271.1105
gfx936,no_quant,torch.bfloat16,6,384,4096,128,8,0,0,asm,10000+20001,378.6896
gfx936,no_quant,torch.bfloat16,8,384,4096,128,8,0,0,asm,10000+20001,486.4451
gfx936,no_quant,torch.bfloat16,10,384,4096,128,8,0,0,asm,10000+20001,568.9882
gfx936,no_quant,torch.bfloat16,12,384,4096,128,8,0,0,asm,10000+20001,634.5466
gfx936,no_quant,torch.bfloat16,16,384,4096,128,8,0,0,asm,10000+20001,756.8282
gfx936,no_quant,torch.bfloat16,20,384,4096,128,8,0,0,asm,10000+20001,849.6926
gfx936,no_quant,torch.bfloat16,24,384,4096,128,8,0,0,asm,10003+20001,885.9036
gfx936,no_quant,torch.bfloat16,28,384,4096,128,8,0,0,asm,10000+20001,915.5641
gfx936,no_quant,torch.bfloat16,32,384,4096,128,8,0,0,asm,10000+20001,948.7264
gfx936,no_quant,torch.bfloat16,36,384,4096,128,8,0,0,asm,10005+20001,982.3823
gfx936,no_quant,torch.bfloat16,40,384,4096,128,8,0,0,asm,10003+20001,1007.2832000000001
gfx936,no_quant,torch.bfloat16,48,384,4096,128,8,0,0,asm,10003+20001,1080.0246
gfx936,no_quant,torch.bfloat16,56,384,4096,128,8,0,0,asm,10000+20001,1081.6077
gfx936,no_quant,torch.bfloat16,72,384,4096,128,8,0,0,asm,10000+20001,1092.1928
gfx936,no_quant,torch.bfloat16,80,384,4096,128,8,0,0,asm,10000+20001,1098.5592
gfx936,no_quant,torch.bfloat16,96,384,4096,128,8,0,0,asm,10005+20001,1116.6561
gfx936,no_quant,torch.bfloat16,112,384,4096,128,8,0,0,asm,10000+20001,1121.3298
gfx936,no_quant,torch.bfloat16,128,384,4096,128,8,0,0,asm,10000+20001,1131.8645
gfx936,no_quant,torch.bfloat16,192,384,4096,128,8,0,0,asm,10001+20001,1197.3378
gfx936,no_quant,torch.bfloat16,224,384,4096,128,8,0,0,asm,10013+20000,1188.3104
gfx936,no_quant,torch.bfloat16,256,384,4096,128,8,0,0,asm,10013+20000,1217.1861
gfx936,no_quant,torch.bfloat16,384,384,4096,128,8,0,0,asm,12004+22001,1272.2766
gfx936,no_quant,torch.bfloat16,448,384,4096,128,8,0,0,asm,12005+22001,1289.8684
gfx936,no_quant,torch.bfloat16,512,384,4096,128,8,0,0,asm,12005+22001,1312.9697
gfx936,no_quant,torch.bfloat16,640,384,4096,128,8,0,0,asm,12005+22001,1340.1509
gfx936,no_quant,torch.bfloat16,768,384,4096,128,8,0,0,asm,12005+22001,1369.5572
gfx936,no_quant,torch.bfloat16,896,384,4096,128,8,0,0,asm,12005+22001,1408.6813
gfx936,no_quant,torch.bfloat16,1024,384,4096,128,8,0,0,asm,13001+23001,1442.4664
gfx936,no_quant,torch.bfloat16,1280,384,4096,128,8,0,0,asm,13001+23001,1515.3674
gfx936,no_quant,torch.bfloat16,1536,384,4096,128,8,0,0,asm,13001+23001,1559.4683
gfx936,no_quant,torch.bfloat16,1792,384,4096,128,8,0,0,asm,12003+22001,1661.1273
gfx936,no_quant,torch.bfloat16,1920,384,4096,128,8,0,0,asm,13001+23001,1712.7062
gfx936,no_quant,torch.bfloat16,2048,384,4096,128,8,0,0,asm,13001+23001,1759.8557
gfx936,no_quant,torch.bfloat16,4096,384,4096,128,8,0,0,asm,13001+23001,2547.4088
gfx936,no_quant,torch.bfloat16,8192,384,4096,128,8,0,0,asm,13001+23001,4458.9014
gfx936,no_quant,torch.bfloat16,16384,384,4096,128,8,0,0,asm,13001+23001,8268.9825
gfx936,no_quant,torch.bfloat16,1,1280,256,512,6,0,0,asm,10013+20000,50.7149
gfx936,no_quant,torch.bfloat16,16,1280,256,512,6,0,0,asm,10013+20000,210.3781
gfx936,no_quant,torch.bfloat16,32,1280,256,512,6,0,0,asm,10013+20001,319.4362
gfx936,no_quant,torch.bfloat16,64,1280,256,512,6,0,0,asm,10013+20002,513.9792
gfx936,no_quant,torch.bfloat16,128,1280,256,512,6,0,0,asm,10011+20001,740.4882
gfx936,no_quant,torch.bfloat16,256,1280,256,512,6,0,0,asm,10011+20001,930.5854
gfx936,no_quant,torch.bfloat16,512,1280,256,512,6,0,0,asm,10011+20001,1027.6382
gfx936,no_quant,torch.bfloat16,1024,1280,256,512,6,0,0,asm,11005+20002,1129.3384
gfx936,no_quant,torch.bfloat16,2048,1280,256,512,6,0,0,asm,11007+20000,1275.1151
gfx936,no_quant,torch.bfloat16,4096,1280,256,512,6,0,0,asm,12005+22001,1547.0898
gfx936,no_quant,torch.bfloat16,8192,1280,256,512,6,0,0,asm,13001+23002,2081.6757
gfx936,no_quant,torch.bfloat16,16384,1280,256,512,6,0,0,asm,13001+23002,3313.7674
gfx936,no_quant,torch.bfloat16,32768,1280,256,512,6,0,0,asm,13001+23002,5711.5196
gfx936,no_quant,torch.bfloat16,65536,1280,256,512,6,0,0,asm,13001+23002,10572.4512
gfx938,no_quant,torch.bfloat16,1,1280,3584,64,8,0,0,asm,10002+20000,174.496
gfx938,no_quant,torch.bfloat16,2,1280,3584,64,8,0,0,asm,10002+20000,297.2579
gfx938,no_quant,torch.bfloat16,4,1280,3584,64,8,0,0,asm,10002+20000,552.2557
gfx938,no_quant,torch.bfloat16,6,1280,3584,64,8,0,0,asm,10011+20000,726.8914
gfx938,no_quant,torch.bfloat16,8,1280,3584,64,8,0,0,asm,10002+20000,782.0998
gfx938,no_quant,torch.bfloat16,10,1280,3584,64,8,0,0,asm,10011+20002,847.7924
gfx938,no_quant,torch.bfloat16,12,1280,3584,64,8,0,0,asm,10011+20000,949.3827
gfx938,no_quant,torch.bfloat16,16,1280,3584,64,8,0,0,asm,10002+20000,1054.0473
gfx938,no_quant,torch.bfloat16,20,1280,3584,64,8,0,0,asm,10011+20000,1088.4042
gfx938,no_quant,torch.bfloat16,24,1280,3584,64,8,0,0,asm,10002+20000,1126.6947
gfx938,no_quant,torch.bfloat16,28,1280,3584,64,8,0,0,asm,10011+20000,1181.6619
gfx938,no_quant,torch.bfloat16,32,1280,3584,64,8,0,0,asm,10011+20000,1176.5924
gfx938,no_quant,torch.bfloat16,36,1280,3584,64,8,0,0,asm,10002+20000,1200.7576
gfx938,no_quant,torch.bfloat16,40,1280,3584,64,8,0,0,asm,10011+20000,1165.4734
gfx938,no_quant,torch.bfloat16,48,1280,3584,64,8,0,0,asm,10011+20000,1192.3113
gfx938,no_quant,torch.bfloat16,56,1280,3584,64,8,0,0,asm,10011+20000,1224.5892
gfx938,no_quant,torch.bfloat16,72,1280,3584,64,8,0,0,asm,10011+20000,1220.9681
gfx938,no_quant,torch.bfloat16,80,1280,3584,64,8,0,0,asm,10012+20000,1247.4692
gfx938,no_quant,torch.bfloat16,96,1280,3584,64,8,0,0,asm,11005+21001,1252.1513
gfx938,no_quant,torch.bfloat16,112,1280,3584,64,8,0,0,asm,11005+21001,1262.4923
gfx938,no_quant,torch.bfloat16,128,1280,3584,64,8,0,0,asm,11005+21001,1274.7816
gfx938,no_quant,torch.bfloat16,192,1280,3584,64,8,0,0,asm,12001+22001,1273.0187
gfx938,no_quant,torch.bfloat16,224,1280,3584,64,8,0,0,asm,12001+22001,1282.6439
gfx938,no_quant,torch.bfloat16,256,1280,3584,64,8,0,0,asm,12001+22001,1282.9472
gfx938,no_quant,torch.bfloat16,384,1280,3584,64,8,0,0,asm,13001+23002,1340.7331
gfx938,no_quant,torch.bfloat16,448,1280,3584,64,8,0,0,asm,13001+23002,1359.0404
gfx938,no_quant,torch.bfloat16,512,1280,3584,64,8,0,0,asm,13001+23002,1376.0341
gfx938,no_quant,torch.bfloat16,640,1280,3584,64,8,0,0,asm,13001+23002,1410.1893
gfx938,no_quant,torch.bfloat16,768,1280,3584,64,8,0,0,asm,13001+23002,1424.8925
gfx938,no_quant,torch.bfloat16,896,1280,3584,64,8,0,0,asm,13001+23002,1544.4468
gfx938,no_quant,torch.bfloat16,1024,1280,3584,64,8,0,0,asm,13001+23001,2001.8026999999997
gfx938,no_quant,torch.bfloat16,1280,1280,3584,64,8,0,0,asm,13001+23001,2583.4861
gfx938,no_quant,torch.bfloat16,1536,1280,3584,64,8,0,0,asm,13001+23001,2639.2164
gfx938,no_quant,torch.bfloat16,1792,1280,3584,64,8,0,0,asm,13001+23001,2696.7155
gfx938,no_quant,torch.bfloat16,1920,1280,3584,64,8,0,0,asm,13001+23001,2889.945
gfx938,no_quant,torch.bfloat16,2048,1280,3584,64,8,0,0,asm,13001+23001,3310.3491
gfx938,no_quant,torch.bfloat16,4096,1280,3584,64,8,0,0,asm,13001+23001,5924.4791
gfx938,no_quant,torch.bfloat16,8192,1280,3584,64,8,0,0,asm,13001+23001,11226.1374
gfx938,no_quant,torch.float16,10240,1280,3584,64,8,0,0,asm,13001+23001,13787.2604
gfx938,no_quant,torch.float16,12288,1280,3584,64,8,0,0,asm,13001+23001,16594.5911
gfx938,no_quant,torch.float16,14336,1280,3584,64,8,0,0,asm,13001+23001,19310.8068
gfx938,no_quant,torch.float16,16384,1280,3584,64,8,0,0,asm,13001+23001,22138.2167
gfx938,no_quant,torch.float16,17408,1280,3584,64,8,0,0,asm,13001+23001,23524.259
gfx938,no_quant,torch.float16,24576,1280,3584,64,8,0,0,asm,13001+23001,33300.6054
gfx938,no_quant,torch.float16,32768,1280,3584,64,8,0,0,asm,13001+23001,44317.2171
gfx938,no_quant,torch.float16,40960,1280,3584,64,8,0,0,asm,13001+23001,55475.6748
gfx938,no_quant,torch.float16,49152,1280,3584,64,8,0,0,asm,13001+23001,66427.7034
gfx938,no_quant,torch.float16,57344,1280,3584,64,8,0,0,asm,13001+23001,77400.501
gfx938,no_quant,torch.float16,65536,1280,3584,64,8,0,0,asm,13001+23001,88186.3596
gfx938,no_quant,torch.bfloat16,1,256,3072,256,8,0,0,asm,10002+20000,51.296
gfx938,no_quant,torch.bfloat16,2,256,3072,256,8,0,0,asm,10008+20000,75.7255
gfx938,no_quant,torch.bfloat16,4,256,3072,256,8,0,0,asm,10011+20000,124.7276
gfx938,no_quant,torch.bfloat16,6,256,3072,256,8,0,0,asm,10008+20000,167.5655
gfx938,no_quant,torch.bfloat16,8,256,3072,256,8,0,0,asm,10011+20000,197.1149
gfx938,no_quant,torch.bfloat16,10,256,3072,256,8,0,0,asm,10002+20000,251.48959999999997
gfx938,no_quant,torch.bfloat16,12,256,3072,256,8,0,0,asm,10008+20000,276.6011
gfx938,no_quant,torch.bfloat16,16,256,3072,256,8,0,0,asm,10002+20000,341.2579
gfx938,no_quant,torch.bfloat16,20,256,3072,256,8,0,0,asm,10011+20000,382.7202
gfx938,no_quant,torch.bfloat16,24,256,3072,256,8,0,0,asm,10002+20000,445.5496
gfx938,no_quant,torch.bfloat16,28,256,3072,256,8,0,0,asm,10011+20000,514.2431
gfx938,no_quant,torch.bfloat16,32,256,3072,256,8,0,0,asm,10002+20000,548.0873
gfx938,no_quant,torch.bfloat16,36,256,3072,256,8,0,0,asm,10002+20000,577.6758
gfx938,no_quant,torch.bfloat16,40,256,3072,256,8,0,0,asm,10011+20000,588.8423
gfx938,no_quant,torch.bfloat16,48,256,3072,256,8,0,0,asm,10002+20000,637.8865
gfx938,no_quant,torch.bfloat16,56,256,3072,256,8,0,0,asm,10002+20000,663.4023
gfx938,no_quant,torch.bfloat16,72,256,3072,256,8,0,0,asm,10002+20000,719.6296
gfx938,no_quant,torch.bfloat16,80,256,3072,256,8,0,0,asm,10002+20000,730.9223
gfx938,no_quant,torch.bfloat16,96,256,3072,256,8,0,0,asm,10002+20000,768.3202
gfx938,no_quant,torch.bfloat16,112,256,3072,256,8,0,0,asm,10011+20000,773.8265
gfx938,no_quant,torch.bfloat16,128,256,3072,256,8,0,0,asm,10002+20000,795.5192
gfx938,no_quant,torch.bfloat16,192,256,3072,256,8,0,0,asm,10011+20000,804.9261
gfx938,no_quant,torch.bfloat16,224,256,3072,256,8,0,0,asm,10002+20000,822.8801
gfx938,no_quant,torch.bfloat16,256,256,3072,256,8,0,0,asm,10011+20000,818.5854
gfx938,no_quant,torch.bfloat16,384,256,3072,256,8,0,0,asm,10011+20000,853.3727
gfx938,no_quant,torch.bfloat16,448,256,3072,256,8,0,0,asm,11005+21001,879.7306
gfx938,no_quant,torch.bfloat16,512,256,3072,256,8,0,0,asm,12001+22001,895.7137
gfx938,no_quant,torch.bfloat16,640,256,3072,256,8,0,0,asm,12001+22001,909.1369
gfx938,no_quant,torch.bfloat16,768,256,3072,256,8,0,0,asm,12001+22001,944.6569
gfx938,no_quant,torch.bfloat16,896,256,3072,256,8,0,0,asm,12001+22001,941.4316
gfx938,no_quant,torch.bfloat16,1024,256,3072,256,8,0,0,asm,12001+22001,972.3032
gfx938,no_quant,torch.bfloat16,1280,256,3072,256,8,0,0,asm,12001+22001,1003.8063999999999
gfx938,no_quant,torch.bfloat16,1536,256,3072,256,8,0,0,asm,12001+22001,1091.5116
gfx938,no_quant,torch.bfloat16,1792,256,3072,256,8,0,0,asm,12001+22001,1100.2106
gfx938,no_quant,torch.bfloat16,1920,256,3072,256,8,0,0,asm,12001+22001,1146.9558
gfx938,no_quant,torch.bfloat16,2048,256,3072,256,8,0,0,asm,12001+22001,1257.2379
gfx938,no_quant,torch.bfloat16,4096,256,3072,256,8,0,0,asm,13001+23001,1870.2819
gfx938,no_quant,torch.bfloat16,8192,256,3072,256,8,0,0,asm,13001+23001,3181.7425
gfx938,no_quant,torch.float16,10240,256,3072,256,8,0,0,asm,13001+23001,3807.2917
gfx938,no_quant,torch.float16,12288,256,3072,256,8,0,0,asm,13001+23001,4445.6326
gfx938,no_quant,torch.float16,14336,256,3072,256,8,0,0,asm,13001+23001,5126.3904
gfx938,no_quant,torch.float16,16384,256,3072,256,8,0,0,asm,13001+23001,5710.9628
gfx938,no_quant,torch.float16,17408,256,3072,256,8,0,0,asm,13001+23001,6277.8602
gfx938,no_quant,torch.float16,24576,256,3072,256,8,0,0,asm,13001+23001,8340.3525
gfx938,no_quant,torch.float16,32768,256,3072,256,8,0,0,asm,13001+23001,10978.0357
gfx938,no_quant,torch.float16,40960,256,3072,256,8,0,0,asm,13001+23001,13538.2202
gfx938,no_quant,torch.float16,49152,256,3072,256,8,0,0,asm,13001+23001,16122.631800000001
gfx938,no_quant,torch.float16,57344,256,3072,256,8,0,0,asm,13001+23001,18777.2664
gfx938,no_quant,torch.float16,65536,256,3072,256,8,0,0,asm,13001+23001,21445.416
gfx938,no_quant,torch.bfloat16,1,768,2048,128,8,0,0,asm,10011+20000,72.9297
gfx938,no_quant,torch.bfloat16,2,768,2048,128,8,0,0,asm,10008+20002,126.05810000000001
gfx938,no_quant,torch.bfloat16,4,768,2048,128,8,0,0,asm,10002+20002,222.1676
gfx938,no_quant,torch.bfloat16,8,768,2048,128,8,0,0,asm,10012+20000,387.1526
gfx938,no_quant,torch.bfloat16,16,768,2048,128,8,0,0,asm,10002+20000,594.7481
gfx938,no_quant,torch.bfloat16,24,768,2048,128,8,0,0,asm,10002+20000,699.0152
gfx938,no_quant,torch.bfloat16,40,768,2048,128,8,0,0,asm,10002+20001,782.6691
gfx938,no_quant,torch.bfloat16,48,768,2048,128,8,0,0,asm,10011+20000,840.8756
gfx938,no_quant,torch.bfloat16,56,768,2048,128,8,0,0,asm,10002+20001,834.8041
gfx938,no_quant,torch.bfloat16,72,768,2048,128,8,0,0,asm,10002+20001,839.1247
gfx938,no_quant,torch.bfloat16,80,768,2048,128,8,0,0,asm,10002+20000,835.7303
gfx938,no_quant,torch.bfloat16,88,768,2048,128,8,0,0,asm,10012+20001,853.9956
gfx938,no_quant,torch.bfloat16,96,768,2048,128,8,0,0,asm,10002+20000,844.3953
gfx938,no_quant,torch.bfloat16,104,768,2048,128,8,0,0,asm,11005+21001,851.0148
gfx938,no_quant,torch.bfloat16,112,768,2048,128,8,0,0,asm,10002+20001,850.9132
gfx938,no_quant,torch.bfloat16,120,768,2048,128,8,0,0,asm,10012+20001,843.0483
gfx938,no_quant,torch.bfloat16,136,768,2048,128,8,0,0,asm,10011+20002,856.6315
gfx938,no_quant,torch.bfloat16,144,768,2048,128,8,0,0,asm,10002+20002,870.4503
gfx938,no_quant,torch.bfloat16,152,768,2048,128,8,0,0,asm,10012+20000,868.4038
gfx938,no_quant,torch.bfloat16,160,768,2048,128,8,0,0,asm,10013+20002,865.5998
gfx938,no_quant,torch.bfloat16,168,768,2048,128,8,0,0,asm,10012+20001,860.3199
gfx938,no_quant,torch.bfloat16,176,768,2048,128,8,0,0,asm,10011+20000,879.8489
gfx938,no_quant,torch.bfloat16,184,768,2048,128,8,0,0,asm,10011+20001,879.3175
gfx938,no_quant,torch.bfloat16,192,768,2048,128,8,0,0,asm,10011+20001,874.3746
gfx938,no_quant,torch.bfloat16,200,768,2048,128,8,0,0,asm,10011+20000,891.4607
gfx938,no_quant,torch.bfloat16,208,768,2048,128,8,0,0,asm,10011+20001,890.2742
gfx938,no_quant,torch.bfloat16,216,768,2048,128,8,0,0,asm,10011+20000,883.4522
gfx938,no_quant,torch.bfloat16,224,768,2048,128,8,0,0,asm,11002+21001,897.6419
gfx938,no_quant,torch.bfloat16,232,768,2048,128,8,0,0,asm,11005+21001,885.027
gfx938,no_quant,torch.bfloat16,240,768,2048,128,8,0,0,asm,11007+21001,904.809
gfx938,no_quant,torch.bfloat16,248,768,2048,128,8,0,0,asm,11005+21001,893.9697
gfx938,no_quant,torch.bfloat16,272,768,2048,128,8,0,0,asm,11005+21001,906.7115
gfx938,no_quant,torch.bfloat16,288,768,2048,128,8,0,0,asm,11005+21001,900.6817
gfx938,no_quant,torch.bfloat16,298,768,2048,128,8,0,0,asm,11002+21001,912.1012
gfx938,no_quant,torch.bfloat16,304,768,2048,128,8,0,0,asm,11005+21001,896.6061
gfx938,no_quant,torch.bfloat16,320,768,2048,128,8,0,0,asm,11005+21001,915.2168
gfx938,no_quant,torch.bfloat16,336,768,2048,128,8,0,0,asm,11003+21001,912.8838
gfx938,no_quant,torch.bfloat16,352,768,2048,128,8,0,0,asm,12003+22001,936.1353
gfx938,no_quant,torch.bfloat16,368,768,2048,128,8,0,0,asm,12005+22001,924.6986
gfx938,no_quant,torch.bfloat16,384,768,2048,128,8,0,0,asm,11002+21001,943.5707
gfx938,no_quant,torch.bfloat16,400,768,2048,128,8,0,0,asm,12001+22001,931.9742
gfx938,no_quant,torch.bfloat16,416,768,2048,128,8,0,0,asm,12005+22001,932.3122
gfx938,no_quant,torch.bfloat16,432,768,2048,128,8,0,0,asm,11005+21001,939.4271
gfx938,no_quant,torch.bfloat16,448,768,2048,128,8,0,0,asm,12005+22001,933.5075
gfx938,no_quant,torch.bfloat16,464,768,2048,128,8,0,0,asm,12001+22001,940.1344
gfx938,no_quant,torch.bfloat16,480,768,2048,128,8,0,0,asm,12005+22001,944.3784
gfx938,no_quant,torch.bfloat16,496,768,2048,128,8,0,0,asm,12001+22001,947.1073
gfx938,no_quant,torch.bfloat16,956,768,2048,128,8,0,0,asm,13001+23002,1037.8441
gfx938,no_quant,torch.bfloat16,1069,768,2048,128,8,0,0,asm,13001+23002,1049.3973
gfx938,no_quant,torch.bfloat16,2383,768,2048,128,8,0,0,asm,13001+23001,1781.2808
gfx938,no_quant,torch.bfloat16,2384,768,2048,128,8,0,0,asm,13001+23001,1777.6747
gfx938,no_quant,torch.bfloat16,2390,768,2048,128,8,0,0,asm,13001+23001,1782.6435
gfx938,no_quant,torch.bfloat16,2391,768,2048,128,8,0,0,asm,13001+23001,1781.0432
gfx938,no_quant,torch.bfloat16,2392,768,2048,128,8,0,0,asm,13001+23002,1875.7125
gfx938,no_quant,torch.bfloat16,2393,768,2048,128,8,0,0,asm,13001+23001,1780.7993
gfx938,no_quant,torch.bfloat16,2394,768,2048,128,8,0,0,asm,13001+23001,1781.6589
gfx938,no_quant,torch.bfloat16,2395,768,2048,128,8,0,0,asm,13001+23001,1781.1361
gfx938,no_quant,torch.bfloat16,2396,768,2048,128,8,0,0,asm,13001+23001,1791.7126
gfx938,no_quant,torch.bfloat16,2397,768,2048,128,8,0,0,asm,13001+23001,1789.4393
gfx938,no_quant,torch.bfloat16,2404,768,2048,128,8,0,0,asm,13001+23001,1784.4968
gfx938,no_quant,torch.bfloat16,2405,768,2048,128,8,0,0,asm,13001+23001,1792.7832
gfx938,no_quant,torch.bfloat16,2406,768,2048,128,8,0,0,asm,13001+23001,1793.0687
gfx938,no_quant,torch.bfloat16,2407,768,2048,128,8,0,0,asm,13001+23001,1789.6505
gfx938,no_quant,torch.bfloat16,2531,768,2048,128,8,0,0,asm,13001+23001,1844.8758
gfx938,no_quant,torch.bfloat16,2537,768,2048,128,8,0,0,asm,13001+23001,1846.8644
gfx938,no_quant,torch.bfloat16,2541,768,2048,128,8,0,0,asm,13001+23001,1853.9692
gfx938,no_quant,torch.bfloat16,2558,768,2048,128,8,0,0,asm,13001+23001,1846.4408
gfx938,no_quant,torch.bfloat16,2647,768,2048,128,8,0,0,asm,13001+23001,1859.9648
gfx938,no_quant,torch.bfloat16,2658,768,2048,128,8,0,0,asm,13001+23001,1853.2956
gfx938,no_quant,torch.bfloat16,2672,768,2048,128,8,0,0,asm,13001+23001,1863.056
gfx938,no_quant,torch.bfloat16,2676,768,2048,128,8,0,0,asm,13001+23002,1954.6851
gfx938,no_quant,torch.bfloat16,2784,768,2048,128,8,0,0,asm,13001+23001,1871.2747
gfx938,no_quant,torch.bfloat16,2790,768,2048,128,8,0,0,asm,13001+23001,1883.8968
gfx938,no_quant,torch.bfloat16,2803,768,2048,128,8,0,0,asm,13001+23001,1869.422
gfx938,no_quant,torch.bfloat16,2813,768,2048,128,8,0,0,asm,13001+23001,1875.7062
gfx938,no_quant,torch.bfloat16,2939,768,2048,128,8,0,0,asm,13001+23001,1879.4515
gfx938,no_quant,torch.bfloat16,2940,768,2048,128,8,0,0,asm,13001+23001,1876.4799
gfx938,no_quant,torch.bfloat16,2944,768,2048,128,8,0,0,asm,13001+23001,1876.8496
gfx938,no_quant,torch.bfloat16,2985,768,2048,128,8,0,0,asm,13001+23002,1981.9356
gfx938,no_quant,torch.bfloat16,3810,768,2048,128,8,0,0,asm,13001+23001,2033.7018000000003
gfx938,no_quant,torch.bfloat16,4771,768,2048,128,8,0,0,asm,13001+23001,2756.0233
gfx938,no_quant,torch.bfloat16,4779,768,2048,128,8,0,0,asm,13001+23001,2757.6738
gfx938,no_quant,torch.bfloat16,4781,768,2048,128,8,0,0,asm,13001+23001,2754.0614
gfx938,no_quant,torch.bfloat16,4783,768,2048,128,8,0,0,asm,13001+23002,2932.6466
gfx938,no_quant,torch.bfloat16,4785,768,2048,128,8,0,0,asm,13001+23001,2754.981
gfx938,no_quant,torch.bfloat16,4791,768,2048,128,8,0,0,asm,13001+23001,2755.6981
gfx938,no_quant,torch.bfloat16,4793,768,2048,128,8,0,0,asm,13001+23001,2779.9997
gfx938,no_quant,torch.bfloat16,4798,768,2048,128,8,0,0,asm,13001+23001,2760.2843
gfx938,no_quant,torch.bfloat16,4800,768,2048,128,8,0,0,asm,13001+23001,2753.2602
gfx938,no_quant,torch.bfloat16,4879,768,2048,128,8,0,0,asm,13001+23001,2762.3148
gfx938,no_quant,torch.bfloat16,4895,768,2048,128,8,0,0,asm,13001+23001,2765.0511
gfx938,no_quant,torch.bfloat16,4975,768,2048,128,8,0,0,asm,13001+23001,2771.1476
gfx938,no_quant,torch.bfloat16,4979,768,2048,128,8,0,0,asm,13001+23001,2777.0342
gfx938,no_quant,torch.bfloat16,5064,768,2048,128,8,0,0,asm,13001+23001,2780.7316
gfx938,no_quant,torch.bfloat16,5228,768,2048,128,8,0,0,asm,13001+23001,2799.4495
gfx938,no_quant,torch.bfloat16,5242,768,2048,128,8,0,0,asm,13001+23001,2789.3316
gfx938,no_quant,torch.bfloat16,5345,768,2048,128,8,0,0,asm,13001+23001,2836.8556
gfx938,no_quant,torch.bfloat16,5465,768,2048,128,8,0,0,asm,13001+23001,2812.6293
gfx938,no_quant,torch.bfloat16,6383,768,2048,128,8,0,0,asm,13001+23001,3513.7249
gfx938,no_quant,torch.bfloat16,7150,768,2048,128,8,0,0,asm,13001+23001,3723.1222
gfx938,no_quant,torch.bfloat16,7178,768,2048,128,8,0,0,asm,13001+23001,3736.0898
gfx938,no_quant,torch.bfloat16,7278,768,2048,128,8,0,0,asm,13001+23001,3733.1886
gfx938,no_quant,torch.bfloat16,7356,768,2048,128,8,0,0,asm,13001+23001,3757.9602
gfx938,no_quant,torch.bfloat16,7389,768,2048,128,8,0,0,asm,13001+23001,3756.2833
gfx938,no_quant,torch.bfloat16,7788,768,2048,128,8,0,0,asm,13001+23001,3866.1287
gfx938,no_quant,torch.bfloat16,8290,768,2048,128,8,0,0,asm,13001+23001,4282.1862
gfx938,no_quant,torch.bfloat16,8366,768,2048,128,8,0,0,asm,13001+23001,4368.5274
gfx938,no_quant,torch.bfloat16,9114,768,2048,128,8,0,0,asm,13001+23001,4637.0753
gfx938,no_quant,torch.bfloat16,9539,768,2048,128,8,0,0,asm,13001+23001,4699.7888
gfx938,no_quant,torch.bfloat16,9830,768,2048,128,8,0,0,asm,13001+23001,4788.9562
gfx938,no_quant,torch.bfloat16,12986,768,2048,128,8,0,0,asm,13001+23001,6430.9489
gfx938,no_quant,torch.bfloat16,13540,768,2048,128,8,0,0,asm,13001+23001,6573.9467
gfx938,no_quant,torch.bfloat16,14577,768,2048,128,8,0,0,asm,13001+23001,7116.0352
gfx938,no_quant,torch.bfloat16,14592,768,2048,128,8,0,0,asm,13001+23001,7117.4342
gfx936,no_quant,torch.bfloat16,1,1280,256,512,6,0,0,asm,10013+20000,50.7149
gfx936,no_quant,torch.bfloat16,16,1280,256,512,6,0,0,asm,10013+20000,210.3781
gfx936,no_quant,torch.bfloat16,32,1280,256,512,6,0,0,asm,10013+20001,319.4362
gfx936,no_quant,torch.bfloat16,64,1280,256,512,6,0,0,asm,10013+20002,513.9792
gfx936,no_quant,torch.bfloat16,128,1280,256,512,6,0,0,asm,10011+20001,740.4882
gfx936,no_quant,torch.bfloat16,256,1280,256,512,6,0,0,asm,10011+20001,930.5854
gfx936,no_quant,torch.bfloat16,512,1280,256,512,6,0,0,asm,10011+20001,1027.6382
gfx936,no_quant,torch.bfloat16,1024,1280,256,512,6,0,0,asm,11005+20002,1129.3384
gfx936,no_quant,torch.bfloat16,2048,1280,256,512,6,0,0,asm,11007+20000,1275.1151
gfx936,no_quant,torch.bfloat16,4096,1280,256,512,6,0,0,asm,12005+22001,1547.0898
gfx936,no_quant,torch.bfloat16,8192,1280,256,512,6,0,0,asm,13009+23002,2081.6757
gfx936,no_quant,torch.bfloat16,16384,1280,256,512,6,0,0,asm,13009+23002,3313.7674
gfx936,no_quant,torch.bfloat16,32768,1280,256,512,6,0,0,asm,13009+23002,5711.5196
gfx936,no_quant,torch.bfloat16,65536,1280,256,512,6,0,0,asm,13009+23002,10572.4512