arch,quant_type,indtype,token,inter_dim,model_dim,expert,topk,q_size_n,q_size_k,sol_type,sol_id,time_us
gfx936,int8_w8a8_channel,torch.float16,1,128,7168,256,8,0,0,asm,10003+20100,60.7153
gfx936,int8_w8a8_channel,torch.float16,2,128,7168,256,8,0,0,asm,10002+20102,77.9869
gfx936,int8_w8a8_channel,torch.float16,3,128,7168,256,8,0,0,asm,10009+20102,92.7455
gfx936,int8_w8a8_channel,torch.float16,4,128,7168,256,8,0,0,asm,10010+20102,110.4505
gfx936,int8_w8a8_channel,torch.float16,5,128,7168,256,8,0,0,asm,10006+20102,133.0372
gfx936,int8_w8a8_channel,torch.float16,6,128,7168,256,8,0,0,asm,10005+20102,155.6895
gfx936,int8_w8a8_channel,torch.float16,7,128,7168,256,8,0,0,asm,10001+20102,165.0761
gfx936,int8_w8a8_channel,torch.float16,8,128,7168,256,8,0,0,asm,10005+20102,175.591
gfx936,int8_w8a8_channel,torch.float16,9,128,7168,256,8,0,0,asm,10001+20102,188.4515
gfx936,int8_w8a8_channel,torch.float16,10,128,7168,256,8,0,0,asm,10001+20102,202.0567
gfx936,int8_w8a8_channel,torch.float16,11,128,7168,256,8,0,0,asm,10001+20102,216.0628
gfx936,int8_w8a8_channel,torch.float16,12,128,7168,256,8,0,0,asm,10001+20102,227.7442
gfx936,int8_w8a8_channel,torch.float16,13,128,7168,256,8,0,0,asm,10001+20102,241.5275
gfx936,int8_w8a8_channel,torch.float16,14,128,7168,256,8,0,0,asm,10004+20102,254.7253
gfx936,int8_w8a8_channel,torch.float16,15,128,7168,256,8,0,0,asm,10005+20102,261.3183
gfx936,int8_w8a8_channel,torch.float16,16,128,7168,256,8,0,0,asm,10001+20102,266.8521
gfx936,int8_w8a8_channel,torch.float16,17,128,7168,256,8,0,0,asm,10001+20102,268.9418
gfx936,int8_w8a8_channel,torch.float16,18,128,7168,256,8,0,0,asm,10001+20102,279.5306
gfx936,int8_w8a8_channel,torch.float16,20,128,7168,256,8,0,0,asm,10001+20102,304.5974
gfx936,int8_w8a8_channel,torch.float16,24,128,7168,256,8,0,0,asm,10001+20102,347.4364
gfx936,int8_w8a8_channel,torch.float16,28,128,7168,256,8,0,0,asm,10001+20102,394.1512
gfx936,int8_w8a8_channel,torch.float16,32,128,7168,256,8,0,0,asm,10001+20001,420.4774
gfx936,int8_w8a8_channel,torch.float16,34,128,7168,256,8,0,0,asm,10004+20001,423.2036
gfx936,int8_w8a8_channel,torch.float16,36,128,7168,256,8,0,0,asm,10001+20001,436.3232
gfx936,int8_w8a8_channel,torch.float16,40,128,7168,256,8,0,0,asm,10001+20102,452.7313
gfx936,int8_w8a8_channel,torch.float16,44,128,7168,256,8,0,0,asm,10000+20001,472.2898
gfx936,int8_w8a8_channel,torch.float16,48,128,7168,256,8,0,0,asm,10000+20001,484.0682
gfx936,int8_w8a8_channel,torch.float16,56,128,7168,256,8,0,0,asm,10001+20001,510.1813
gfx936,int8_w8a8_channel,torch.float16,64,128,7168,256,8,0,0,asm,10001+20001,530.0211
gfx936,int8_w8a8_channel,torch.float16,68,128,7168,256,8,0,0,asm,10000+20001,534.858
gfx936,int8_w8a8_channel,torch.float16,72,128,7168,256,8,0,0,asm,10000+20001,547.338
gfx936,int8_w8a8_channel,torch.float16,80,128,7168,256,8,0,0,asm,10000+20001,563.2076
gfx936,int8_w8a8_channel,torch.float16,88,128,7168,256,8,0,0,asm,10000+20001,582.2851
gfx936,int8_w8a8_channel,torch.float16,96,128,7168,256,8,0,0,asm,10000+20001,587.5819
gfx936,int8_w8a8_channel,torch.float16,104,128,7168,256,8,0,0,asm,10000+20001,593.8242
gfx936,int8_w8a8_channel,torch.float16,112,128,7168,256,8,0,0,asm,10001+20001,603.3377
gfx936,int8_w8a8_channel,torch.float16,128,128,7168,256,8,0,0,asm,10000+20001,617.634
gfx936,int8_w8a8_channel,torch.float16,144,128,7168,256,8,0,0,asm,10000+20001,630.7514
gfx936,int8_w8a8_channel,torch.float16,160,128,7168,256,8,0,0,asm,10000+20001,639.4196
gfx936,int8_w8a8_channel,torch.float16,192,128,7168,256,8,0,0,asm,10000+20001,654.4355
gfx936,int8_w8a8_channel,torch.float16,224,128,7168,256,8,0,0,asm,10000+20001,668.7697
gfx936,int8_w8a8_channel,torch.float16,256,128,7168,256,8,0,0,asm,10000+20001,679.4586
gfx936,int8_w8a8_channel,torch.float16,320,128,7168,256,8,0,0,asm,10001+20001,712.4597
gfx936,int8_w8a8_channel,torch.float16,384,128,7168,256,8,0,0,asm,10002+20001,737.9884
gfx936,int8_w8a8_channel,torch.float16,448,128,7168,256,8,0,0,asm,10002+20102,773.0358
gfx936,int8_w8a8_channel,torch.float16,512,128,7168,256,8,0,0,asm,10006+20102,791.3841
gfx936,int8_w8a8_channel,torch.float16,576,128,7168,256,8,0,0,asm,11000+21001,818.8247
gfx936,int8_w8a8_channel,torch.float16,640,128,7168,256,8,0,0,asm,11000+21001,836.441
gfx936,int8_w8a8_channel,torch.float16,704,128,7168,256,8,0,0,asm,11000+21001,862.0874
gfx936,int8_w8a8_channel,torch.float16,768,128,7168,256,8,0,0,asm,11006+21001,885.7409
gfx936,int8_w8a8_channel,torch.float16,832,128,7168,256,8,0,0,asm,11006+21001,914.526
gfx936,int8_w8a8_channel,torch.float16,896,128,7168,256,8,0,0,asm,11006+21001,933.0011
gfx936,int8_w8a8_channel,torch.float16,960,128,7168,256,8,0,0,asm,11006+21001,952.168
gfx936,int8_w8a8_channel,torch.float16,1024,128,7168,256,8,0,0,asm,11006+21001,976.3539
gfx936,int8_w8a8_channel,torch.float16,1152,128,7168,256,8,0,0,asm,11007+21001,1038.3866
gfx936,int8_w8a8_channel,torch.float16,1280,128,7168,256,8,0,0,asm,12004+22001,1072.8371
gfx936,int8_w8a8_channel,torch.float16,1408,128,7168,256,8,0,0,asm,12004+22001,1114.2061
gfx936,int8_w8a8_channel,torch.float16,1536,128,7168,256,8,0,0,asm,12004+22001,1147.3019
gfx936,int8_w8a8_channel,torch.float16,1664,128,7168,256,8,0,0,asm,12004+22001,1188.4794
gfx936,int8_w8a8_channel,torch.float16,1792,128,7168,256,8,0,0,asm,11007+21001,1272.1697
gfx936,int8_w8a8_channel,torch.float16,1920,128,7168,256,8,0,0,asm,12004+22001,1314.1846
gfx936,int8_w8a8_channel,torch.float16,2048,128,7168,256,8,0,0,asm,12004+22001,1393.276
gfx936,int8_w8a8_channel,torch.float16,2304,128,7168,256,8,0,0,asm,12005+22001,1509.9256
gfx936,int8_w8a8_channel,torch.float16,2560,128,7168,256,8,0,0,asm,12005+22001,1624.4163
gfx936,int8_w8a8_channel,torch.float16,2816,128,7168,256,8,0,0,asm,12005+22001,1691.4089
gfx936,int8_w8a8_channel,torch.float16,3072,128,7168,256,8,0,0,asm,13000+23001,1756.3363
gfx936,int8_w8a8_channel,torch.float16,3328,128,7168,256,8,0,0,asm,13000+23001,1796.1869
gfx936,int8_w8a8_channel,torch.float16,3584,128,7168,256,8,0,0,asm,12005+22001,1918.564
gfx936,int8_w8a8_channel,torch.float16,3840,128,7168,256,8,0,0,asm,12005+22001,2043.4429
gfx936,int8_w8a8_channel,torch.float16,4096,128,7168,256,8,0,0,asm,12005+22001,2154.6243
gfx936,int8_w8a8_channel,torch.float16,4608,128,7168,256,8,0,0,asm,12005+22001,2425.8021
gfx936,int8_w8a8_channel,torch.float16,5120,128,7168,256,8,0,0,asm,12001+22001,2591.2525
gfx936,int8_w8a8_channel,torch.float16,5632,128,7168,256,8,0,0,asm,12005+22001,2774.3757
gfx936,int8_w8a8_channel,torch.float16,6144,128,7168,256,8,0,0,asm,13001+23001,3007.5207
gfx936,int8_w8a8_channel,torch.float16,6656,128,7168,256,8,0,0,asm,13001+23001,3109.7569
gfx936,int8_w8a8_channel,torch.float16,7168,128,7168,256,8,0,0,asm,13001+23001,3259.6305
gfx936,int8_w8a8_channel,torch.float16,7680,128,7168,256,8,0,0,asm,13001+23001,3473.4205
gfx936,int8_w8a8_channel,torch.float16,8192,128,7168,256,8,0,0,asm,13001+23001,3792.1285
gfx936,int8_w8a8_channel,torch.float16,10240,128,7168,256,8,0,0,asm,13001+23001,4587.977
gfx936,int8_w8a8_channel,torch.float16,12288,128,7168,256,8,0,0,asm,13001+23001,5386.7393
gfx936,int8_w8a8_channel,torch.float16,14336,128,7168,256,8,0,0,asm,13001+23001,6132.057
gfx936,int8_w8a8_channel,torch.float16,16384,128,7168,256,8,0,0,asm,13001+23001,6980.8374
gfx936,int8_w8a8_channel,torch.float16,17408,128,7168,256,8,0,0,asm,13001+23001,7425.3098
gfx936,int8_w8a8_channel,torch.float16,24576,128,7168,256,8,0,0,asm,13001+23001,10095.1451
gfx936,int8_w8a8_channel,torch.float16,32768,128,7168,256,8,0,0,asm,13001+23001,13283.6878
gfx936,int8_w8a8_channel,torch.float16,40960,128,7168,256,8,0,0,asm,13001+23001,17546.1102
gfx936,int8_w8a8_channel,torch.float16,49152,128,7168,256,8,0,0,asm,13001+23001,20999.5441
gfx936,int8_w8a8_channel,torch.float16,57344,128,7168,256,8,0,0,asm,13001+23001,22780.6062
gfx936,int8_w8a8_channel,torch.float16,1,256,7168,256,8,0,0,asm,10002+20001,75.0987
gfx936,int8_w8a8_channel,torch.float16,2,256,7168,256,8,0,0,asm,10010+20001,112.2721
gfx936,int8_w8a8_channel,torch.float16,3,256,7168,256,8,0,0,asm,10007+20001,152.3008
gfx936,int8_w8a8_channel,torch.float16,4,256,7168,256,8,0,0,asm,10004+20001,192.0999
gfx936,int8_w8a8_channel,torch.float16,5,256,7168,256,8,0,0,asm,10001+20001,217.7121
gfx936,int8_w8a8_channel,torch.float16,6,256,7168,256,8,0,0,asm,10004+20001,245.6376
gfx936,int8_w8a8_channel,torch.float16,7,256,7168,256,8,0,0,asm,10001+20001,273.5973
gfx936,int8_w8a8_channel,torch.float16,8,256,7168,256,8,0,0,asm,10001+20001,294.147
gfx936,int8_w8a8_channel,torch.float16,9,256,7168,256,8,0,0,asm,10005+20001,320.9195
gfx936,int8_w8a8_channel,torch.float16,10,256,7168,256,8,0,0,asm,10001+20001,344.6414
gfx936,int8_w8a8_channel,torch.float16,11,256,7168,256,8,0,0,asm,10001+20001,367.9973
gfx936,int8_w8a8_channel,torch.float16,12,256,7168,256,8,0,0,asm,10001+20001,384.5183
gfx936,int8_w8a8_channel,torch.float16,13,256,7168,256,8,0,0,asm,10001+20001,404.5027
gfx936,int8_w8a8_channel,torch.float16,14,256,7168,256,8,0,0,asm,10001+20001,432.7809
gfx936,int8_w8a8_channel,torch.float16,15,256,7168,256,8,0,0,asm,10001+20001,449.9427
gfx936,int8_w8a8_channel,torch.float16,16,256,7168,256,8,0,0,asm,10001+20001,461.8845
gfx936,int8_w8a8_channel,torch.float16,17,256,7168,256,8,0,0,asm,10001+20001,474.664
gfx936,int8_w8a8_channel,torch.float16,18,256,7168,256,8,0,0,asm,10001+20001,494.5292
gfx936,int8_w8a8_channel,torch.float16,20,256,7168,256,8,0,0,asm,10001+20001,535.7401
gfx936,int8_w8a8_channel,torch.float16,24,256,7168,256,8,0,0,asm,10001+20001,613.1227
gfx936,int8_w8a8_channel,torch.float16,28,256,7168,256,8,0,0,asm,10001+20001,697.9555
gfx936,int8_w8a8_channel,torch.float16,32,256,7168,256,8,0,0,asm,10001+20001,745.6344
gfx936,int8_w8a8_channel,torch.float16,34,256,7168,256,8,0,0,asm,10000+20001,756.038
gfx936,int8_w8a8_channel,torch.float16,36,256,7168,256,8,0,0,asm,10001+20001,784.6725
gfx936,int8_w8a8_channel,torch.float16,40,256,7168,256,8,0,0,asm,10000+20001,815.961
gfx936,int8_w8a8_channel,torch.float16,44,256,7168,256,8,0,0,asm,10000+20001,853.4527
gfx936,int8_w8a8_channel,torch.float16,48,256,7168,256,8,0,0,asm,10000+20001,874.2259
gfx936,int8_w8a8_channel,torch.float16,56,256,7168,256,8,0,0,asm,10000+20001,920.5861
gfx936,int8_w8a8_channel,torch.float16,64,256,7168,256,8,0,0,asm,10000+20001,957.2705
gfx936,int8_w8a8_channel,torch.float16,68,256,7168,256,8,0,0,asm,10000+20001,966.4684
gfx936,int8_w8a8_channel,torch.float16,72,256,7168,256,8,0,0,asm,10000+20001,993.4945
gfx936,int8_w8a8_channel,torch.float16,80,256,7168,256,8,0,0,asm,10000+20001,1024.3243
gfx936,int8_w8a8_channel,torch.float16,88,256,7168,256,8,0,0,asm,10000+20001,1060.0685
gfx936,int8_w8a8_channel,torch.float16,96,256,7168,256,8,0,0,asm,10000+20001,1075.8352
gfx936,int8_w8a8_channel,torch.float16,104,256,7168,256,8,0,0,asm,10000+20001,1088.9588
gfx936,int8_w8a8_channel,torch.float16,112,256,7168,256,8,0,0,asm,10000+20001,1100.0135
gfx936,int8_w8a8_channel,torch.float16,128,256,7168,256,8,0,0,asm,10000+20001,1124.4242
gfx936,int8_w8a8_channel,torch.float16,144,256,7168,256,8,0,0,asm,12004+22001,1140.4953
gfx936,int8_w8a8_channel,torch.float16,160,256,7168,256,8,0,0,asm,12004+22001,1153.8942
gfx936,int8_w8a8_channel,torch.float16,192,256,7168,256,8,0,0,asm,12004+22001,1170.6655
gfx936,int8_w8a8_channel,torch.float16,224,256,7168,256,8,0,0,asm,12004+22001,1176.2023
gfx936,int8_w8a8_channel,torch.float16,256,256,7168,256,8,0,0,asm,12004+22001,1188.1461
gfx936,int8_w8a8_channel,torch.float16,320,256,7168,256,8,0,0,asm,12004+22001,1215.3141
gfx936,int8_w8a8_channel,torch.float16,384,256,7168,256,8,0,0,asm,12004+22001,1230.5589
gfx936,int8_w8a8_channel,torch.float16,448,256,7168,256,8,0,0,asm,12004+22001,1253.6801
gfx936,int8_w8a8_channel,torch.float16,512,256,7168,256,8,0,0,asm,12004+22001,1274.6525
gfx936,int8_w8a8_channel,torch.float16,576,256,7168,256,8,0,0,asm,12004+22001,1303.6342
gfx936,int8_w8a8_channel,torch.float16,640,256,7168,256,8,0,0,asm,12004+22001,1324.7529
gfx936,int8_w8a8_channel,torch.float16,704,256,7168,256,8,0,0,asm,12004+22001,1346.4485
gfx936,int8_w8a8_channel,torch.float16,768,256,7168,256,8,0,0,asm,12004+22001,1371.3286
gfx936,int8_w8a8_channel,torch.float16,832,256,7168,256,8,0,0,asm,12004+22001,1381.5703
gfx936,int8_w8a8_channel,torch.float16,896,256,7168,256,8,0,0,asm,12004+22001,1413.5563
gfx936,int8_w8a8_channel,torch.float16,960,256,7168,256,8,0,0,asm,12004+22001,1426.0749
gfx936,int8_w8a8_channel,torch.float16,1024,256,7168,256,8,0,0,asm,12004+22001,1459.5109
gfx936,int8_w8a8_channel,torch.float16,1152,256,7168,256,8,0,0,asm,12004+22001,1489.2666
gfx936,int8_w8a8_channel,torch.float16,1280,256,7168,256,8,0,0,asm,12004+22001,1551.0266
gfx936,int8_w8a8_channel,torch.float16,1408,256,7168,256,8,0,0,asm,12004+22001,1581.6204
gfx936,int8_w8a8_channel,torch.float16,1536,256,7168,256,8,0,0,asm,12004+22001,1624.9426
gfx936,int8_w8a8_channel,torch.float16,1664,256,7168,256,8,0,0,asm,12004+22001,1673.3162
gfx936,int8_w8a8_channel,torch.float16,1792,256,7168,256,8,0,0,asm,12004+22001,1750.1469
gfx936,int8_w8a8_channel,torch.float16,1920,256,7168,256,8,0,0,asm,12004+22001,1815.5911
gfx936,int8_w8a8_channel,torch.float16,2048,256,7168,256,8,0,0,asm,12004+22001,1913.0902
gfx936,int8_w8a8_channel,torch.float16,2304,256,7168,256,8,0,0,asm,12005+22001,2068.4439
gfx936,int8_w8a8_channel,torch.float16,2560,256,7168,256,8,0,0,asm,12005+22001,2179.9266
gfx936,int8_w8a8_channel,torch.float16,2816,256,7168,256,8,0,0,asm,12005+22001,2261.0226
gfx936,int8_w8a8_channel,torch.float16,3072,256,7168,256,8,0,0,asm,12005+22001,2341.2846
gfx936,int8_w8a8_channel,torch.float16,3328,256,7168,256,8,0,0,asm,12005+22001,2433.3414
gfx936,int8_w8a8_channel,torch.float16,3584,256,7168,256,8,0,0,asm,12005+22001,2551.62
gfx936,int8_w8a8_channel,torch.float16,3840,256,7168,256,8,0,0,asm,12005+22001,2685.2969
gfx936,int8_w8a8_channel,torch.float16,4096,256,7168,256,8,0,0,asm,12005+22001,2888.1218
gfx936,int8_w8a8_channel,torch.float16,4608,256,7168,256,8,0,0,asm,12005+22001,3288.5242
gfx936,int8_w8a8_channel,torch.float16,5120,256,7168,256,8,0,0,asm,12001+22001,3496.5502
gfx936,int8_w8a8_channel,torch.float16,5632,256,7168,256,8,0,0,asm,12005+22001,3709.4328
gfx936,int8_w8a8_channel,torch.float16,6144,256,7168,256,8,0,0,asm,13001+23001,3861.1458
gfx936,int8_w8a8_channel,torch.float16,6656,256,7168,256,8,0,0,asm,13001+23001,3971.802
gfx936,int8_w8a8_channel,torch.float16,7168,256,7168,256,8,0,0,asm,13001+23001,4122.667
gfx936,int8_w8a8_channel,torch.float16,7680,256,7168,256,8,0,0,asm,13001+23001,4365.1053
gfx936,int8_w8a8_channel,torch.float16,8192,256,7168,256,8,0,0,asm,13001+23001,4820.6556
gfx936,int8_w8a8_channel,torch.float16,10240,256,7168,256,8,0,0,asm,13001+23001,5935.9992
gfx936,int8_w8a8_channel,torch.float16,12288,256,7168,256,8,0,0,asm,13001+23001,6847.5073
gfx936,int8_w8a8_channel,torch.float16,14336,256,7168,256,8,0,0,asm,13001+23001,7958.7381
gfx936,int8_w8a8_channel,torch.float16,16384,256,7168,256,8,0,0,asm,13001+23001,8817.8405
gfx936,int8_w8a8_channel,torch.float16,17408,256,7168,256,8,0,0,asm,13001+23001,9465.1795
gfx936,int8_w8a8_channel,torch.float16,24576,256,7168,256,8,0,0,asm,13001+23001,12940.1163
gfx936,int8_w8a8_channel,torch.float16,32768,256,7168,256,8,0,0,asm,13001+23001,17049.7543
gfx936,int8_w8a8_channel,torch.float16,40960,256,7168,256,8,0,0,asm,13001+23001,21102.088
gfx936,int8_w8a8_channel,torch.float16,49152,256,7168,256,8,0,0,asm,13001+23001,25129.0387
gfx938,int8_w8a8_channel,torch.float16,1,128,7168,256,8,0,0,asm,10000+20101,61.5548
gfx938,int8_w8a8_channel,torch.float16,2,128,7168,256,8,0,0,asm,10006+20102,76.2512
gfx938,int8_w8a8_channel,torch.float16,3,128,7168,256,8,0,0,asm,10008+20102,83.7998
gfx938,int8_w8a8_channel,torch.float16,4,128,7168,256,8,0,0,asm,10008+20102,102.0971
gfx938,int8_w8a8_channel,torch.float16,5,128,7168,256,8,0,0,asm,10011+20102,125.0755
gfx938,int8_w8a8_channel,torch.float16,6,128,7168,256,8,0,0,asm,10011+20102,130.7657
gfx938,int8_w8a8_channel,torch.float16,7,128,7168,256,8,0,0,asm,10011+20102,138.7698
gfx938,int8_w8a8_channel,torch.float16,8,128,7168,256,8,0,0,asm,10011+20102,143.9185
gfx938,int8_w8a8_channel,torch.float16,9,128,7168,256,8,0,0,asm,10008+20102,156.7554
gfx938,int8_w8a8_channel,torch.float16,10,128,7168,256,8,0,0,asm,10008+20102,169.7235
gfx938,int8_w8a8_channel,torch.float16,11,128,7168,256,8,0,0,asm,10007+20102,196.9235
gfx938,int8_w8a8_channel,torch.float16,12,128,7168,256,8,0,0,asm,10006+20102,197.9408
gfx938,int8_w8a8_channel,torch.float16,13,128,7168,256,8,0,0,asm,10006+20102,202.0065
gfx938,int8_w8a8_channel,torch.float16,14,128,7168,256,8,0,0,asm,10008+20102,207.7829
gfx938,int8_w8a8_channel,torch.float16,15,128,7168,256,8,0,0,asm,10008+20102,211.6187
gfx938,int8_w8a8_channel,torch.float16,16,128,7168,256,8,0,0,asm,10008+20102,215.549
gfx938,int8_w8a8_channel,torch.float16,17,128,7168,256,8,0,0,asm,10008+20102,216.2229
gfx938,int8_w8a8_channel,torch.float16,18,128,7168,256,8,0,0,asm,10008+20102,225.1172
gfx938,int8_w8a8_channel,torch.float16,20,128,7168,256,8,0,0,asm,10007+20102,252.6248
gfx938,int8_w8a8_channel,torch.float16,24,128,7168,256,8,0,0,asm,10009+20102,270.0401
gfx938,int8_w8a8_channel,torch.float16,28,128,7168,256,8,0,0,asm,10006+20102,322.4983
gfx938,int8_w8a8_channel,torch.float16,32,128,7168,256,8,0,0,asm,10009+20102,333.6121
gfx938,int8_w8a8_channel,torch.float16,34,128,7168,256,8,0,0,asm,10008+20102,326.2245
gfx938,int8_w8a8_channel,torch.float16,36,128,7168,256,8,0,0,asm,10008+20102,336.0665
gfx938,int8_w8a8_channel,torch.float16,40,128,7168,256,8,0,0,asm,10006+20102,360.2305
gfx938,int8_w8a8_channel,torch.float16,44,128,7168,256,8,0,0,asm,10006+20102,370.0438
gfx938,int8_w8a8_channel,torch.float16,48,128,7168,256,8,0,0,asm,10008+20102,376.5956
gfx938,int8_w8a8_channel,torch.float16,56,128,7168,256,8,0,0,asm,10009+20102,390.4745
gfx938,int8_w8a8_channel,torch.float16,64,128,7168,256,8,0,0,asm,10006+20102,412.9934
gfx938,int8_w8a8_channel,torch.float16,68,128,7168,256,8,0,0,asm,10007+20102,438.704
gfx938,int8_w8a8_channel,torch.float16,72,128,7168,256,8,0,0,asm,10007+20102,444.9891
gfx938,int8_w8a8_channel,torch.float16,80,128,7168,256,8,0,0,asm,10006+20001,460.9659
gfx938,int8_w8a8_channel,torch.float16,88,128,7168,256,8,0,0,asm,10008+20102,447.6596
gfx938,int8_w8a8_channel,torch.float16,96,128,7168,256,8,0,0,asm,10008+20102,449.785
gfx938,int8_w8a8_channel,torch.float16,104,128,7168,256,8,0,0,asm,10008+20102,456.8659
gfx938,int8_w8a8_channel,torch.float16,112,128,7168,256,8,0,0,asm,10008+20102,459.0649
gfx938,int8_w8a8_channel,torch.float16,128,128,7168,256,8,0,0,asm,10009+20102,469.3418
gfx938,int8_w8a8_channel,torch.float16,144,128,7168,256,8,0,0,asm,10006+20102,487.4953
gfx938,int8_w8a8_channel,torch.float16,160,128,7168,256,8,0,0,asm,10007+20102,494.2935
gfx938,int8_w8a8_channel,torch.float16,192,128,7168,256,8,0,0,asm,10007+20102,503.7376
gfx938,int8_w8a8_channel,torch.float16,224,128,7168,256,8,0,0,asm,10006+20102,507.8321
gfx938,int8_w8a8_channel,torch.float16,256,128,7168,256,8,0,0,asm,10008+20102,520.7877
gfx938,int8_w8a8_channel,torch.float16,320,128,7168,256,8,0,0,asm,10008+20102,539.2761
gfx938,int8_w8a8_channel,torch.float16,384,128,7168,256,8,0,0,asm,10008+20102,544.8087
gfx938,int8_w8a8_channel,torch.float16,448,128,7168,256,8,0,0,asm,10009+20102,573.4907
gfx938,int8_w8a8_channel,torch.float16,512,128,7168,256,8,0,0,asm,10011+20102,596.1433
gfx938,int8_w8a8_channel,torch.float16,576,128,7168,256,8,0,0,asm,11005+21102,656.0282
gfx938,int8_w8a8_channel,torch.float16,640,128,7168,256,8,0,0,asm,11007+21102,635.9422
gfx938,int8_w8a8_channel,torch.float16,704,128,7168,256,8,0,0,asm,11007+21102,645.1769
gfx938,int8_w8a8_channel,torch.float16,768,128,7168,256,8,0,0,asm,11007+21102,657.2918
gfx938,int8_w8a8_channel,torch.float16,832,128,7168,256,8,0,0,asm,11007+21102,672.0241
gfx938,int8_w8a8_channel,torch.float16,896,128,7168,256,8,0,0,asm,11002+21102,704.436
gfx938,int8_w8a8_channel,torch.float16,960,128,7168,256,8,0,0,asm,11007+21102,732.9018
gfx938,int8_w8a8_channel,torch.float16,1024,128,7168,256,8,0,0,asm,11007+21102,771.3553
gfx938,int8_w8a8_channel,torch.float16,1152,128,7168,256,8,0,0,asm,11007+21102,876.3761
gfx938,int8_w8a8_channel,torch.float16,1280,128,7168,256,8,0,0,asm,11005+21102,874.5662
gfx938,int8_w8a8_channel,torch.float16,1408,128,7168,256,8,0,0,asm,11007+21102,920.0681
gfx938,int8_w8a8_channel,torch.float16,1536,128,7168,256,8,0,0,asm,11005+21102,1005.6719
gfx938,int8_w8a8_channel,torch.float16,1664,128,7168,256,8,0,0,asm,11003+21102,1021.9835
gfx938,int8_w8a8_channel,torch.float16,1792,128,7168,256,8,0,0,asm,11005+21102,1059.247
gfx938,int8_w8a8_channel,torch.float16,1920,128,7168,256,8,0,0,asm,11005+21102,1114.7504
gfx938,int8_w8a8_channel,torch.float16,2048,128,7168,256,8,0,0,asm,11005+21102,1168.9655
gfx938,int8_w8a8_channel,torch.float16,2304,128,7168,256,8,0,0,asm,11003+21102,1312.8102
gfx938,int8_w8a8_channel,torch.float16,2560,128,7168,256,8,0,0,asm,11005+21102,1403.0569
gfx938,int8_w8a8_channel,torch.float16,2816,128,7168,256,8,0,0,asm,11005+21102,1498.835
gfx938,int8_w8a8_channel,torch.float16,3072,128,7168,256,8,0,0,asm,11003+21102,1613.8125
gfx938,int8_w8a8_channel,torch.float16,3328,128,7168,256,8,0,0,asm,13001+23001,1700.2946
gfx938,int8_w8a8_channel,torch.float16,3584,128,7168,256,8,0,0,asm,13001+23001,1783.0265
gfx938,int8_w8a8_channel,torch.float16,3840,128,7168,256,8,0,0,asm,12005+22101,1873.9472
gfx938,int8_w8a8_channel,torch.float16,4096,128,7168,256,8,0,0,asm,12005+22101,2008.9948
gfx938,int8_w8a8_channel,torch.float16,4608,128,7168,256,8,0,0,asm,11005+21102,2286.6552
gfx938,int8_w8a8_channel,torch.float16,5120,128,7168,256,8,0,0,asm,12005+22101,2463.2891
gfx938,int8_w8a8_channel,torch.float16,5632,128,7168,256,8,0,0,asm,12005+22101,2637.5543
gfx938,int8_w8a8_channel,torch.float16,6144,128,7168,256,8,0,0,asm,12005+22101,2873.6969
gfx938,int8_w8a8_channel,torch.float16,6656,128,7168,256,8,0,0,asm,13001+23100,3049.9628
gfx938,int8_w8a8_channel,torch.float16,7168,128,7168,256,8,0,0,asm,13001+23101,3153.4823
gfx938,int8_w8a8_channel,torch.float16,7680,128,7168,256,8,0,0,asm,13001+23101,3301.7073
gfx938,int8_w8a8_channel,torch.float16,8192,128,7168,256,8,0,0,asm,13001+23101,3585.6404
gfx938,int8_w8a8_channel,torch.float16,10240,128,7168,256,8,0,0,asm,13001+23101,4373.7192
gfx938,int8_w8a8_channel,torch.float16,12288,128,7168,256,8,0,0,asm,13001+23101,5123.7714
gfx938,int8_w8a8_channel,torch.float16,14336,128,7168,256,8,0,0,asm,13001+23101,5923.3454
gfx938,int8_w8a8_channel,torch.float16,16384,128,7168,256,8,0,0,asm,13001+23101,6549.2382
gfx938,int8_w8a8_channel,torch.float16,17408,128,7168,256,8,0,0,asm,13001+23101,7048.0915
gfx938,int8_w8a8_channel,torch.float16,24576,128,7168,256,8,0,0,asm,13001+23101,9605.6151
gfx938,int8_w8a8_channel,torch.float16,32768,128,7168,256,8,0,0,asm,13001+23101,12610.251
gfx938,int8_w8a8_channel,torch.float16,40960,128,7168,256,8,0,0,asm,13001+23001,16237.065883
gfx938,int8_w8a8_channel,torch.float16,49152,128,7168,256,8,0,0,asm,13001+23001,19410.158410
gfx938,int8_w8a8_channel,torch.float16,57344,128,7168,256,8,0,0,asm,13001+23001,22544.956570
gfx938,int8_w8a8_channel,torch.float16,65536,128,7168,256,8,0,0,asm,13001+23001,25489.873102
gfx938,int8_w8a8_channel,torch.float16,1,256,7168,256,8,0,0,asm,10006+20001,68.5505
gfx938,int8_w8a8_channel,torch.float16,2,256,7168,256,8,0,0,asm,10008+20001,100.8147
gfx938,int8_w8a8_channel,torch.float16,3,256,7168,256,8,0,0,asm,10011+20001,133.5213
gfx938,int8_w8a8_channel,torch.float16,4,256,7168,256,8,0,0,asm,10011+20001,160.5774
gfx938,int8_w8a8_channel,torch.float16,5,256,7168,256,8,0,0,asm,10007+20001,190.2981
gfx938,int8_w8a8_channel,torch.float16,6,256,7168,256,8,0,0,asm,10008+20001,201.7628
gfx938,int8_w8a8_channel,torch.float16,7,256,7168,256,8,0,0,asm,10008+20001,221.2054
gfx938,int8_w8a8_channel,torch.float16,8,256,7168,256,8,0,0,asm,10011+20001,237.7383
gfx938,int8_w8a8_channel,torch.float16,9,256,7168,256,8,0,0,asm,10011+20001,256.8013
gfx938,int8_w8a8_channel,torch.float16,10,256,7168,256,8,0,0,asm,10008+20001,272.7689
gfx938,int8_w8a8_channel,torch.float16,11,256,7168,256,8,0,0,asm,10006+20001,300.0406
gfx938,int8_w8a8_channel,torch.float16,12,256,7168,256,8,0,0,asm,10008+20001,305.9437
gfx938,int8_w8a8_channel,torch.float16,13,256,7168,256,8,0,0,asm,10008+20001,316.1973
gfx938,int8_w8a8_channel,torch.float16,14,256,7168,256,8,0,0,asm,10011+20001,339.9413
gfx938,int8_w8a8_channel,torch.float16,15,256,7168,256,8,0,0,asm,10011+20001,351.3606
gfx938,int8_w8a8_channel,torch.float16,16,256,7168,256,8,0,0,asm,10011+20001,357.4739
gfx938,int8_w8a8_channel,torch.float16,17,256,7168,256,8,0,0,asm,10008+20001,361.1618
gfx938,int8_w8a8_channel,torch.float16,18,256,7168,256,8,0,0,asm,10008+20001,374.265
gfx938,int8_w8a8_channel,torch.float16,20,256,7168,256,8,0,0,asm,10008+20001,401.4923
gfx938,int8_w8a8_channel,torch.float16,24,256,7168,256,8,0,0,asm,10008+20001,453.172
gfx938,int8_w8a8_channel,torch.float16,28,256,7168,256,8,0,0,asm,10006+20001,517.5313
gfx938,int8_w8a8_channel,torch.float16,32,256,7168,256,8,0,0,asm,10008+20001,544.9005
gfx938,int8_w8a8_channel,torch.float16,34,256,7168,256,8,0,0,asm,10008+20001,544.9203
gfx938,int8_w8a8_channel,torch.float16,36,256,7168,256,8,0,0,asm,10008+20001,560.8699
gfx938,int8_w8a8_channel,torch.float16,40,256,7168,256,8,0,0,asm,10006+20001,585.8207
gfx938,int8_w8a8_channel,torch.float16,44,256,7168,256,8,0,0,asm,10009+20001,609.8321
gfx938,int8_w8a8_channel,torch.float16,48,256,7168,256,8,0,0,asm,10008+20001,621.0491
gfx938,int8_w8a8_channel,torch.float16,56,256,7168,256,8,0,0,asm,10008+20001,655.6489
gfx938,int8_w8a8_channel,torch.float16,64,256,7168,256,8,0,0,asm,10008+20001,678.5654
gfx938,int8_w8a8_channel,torch.float16,68,256,7168,256,8,0,0,asm,10006+20001,704.5449
gfx938,int8_w8a8_channel,torch.float16,72,256,7168,256,8,0,0,asm,10006+20001,699.4441
gfx938,int8_w8a8_channel,torch.float16,80,256,7168,256,8,0,0,asm,10008+20001,720.0905
gfx938,int8_w8a8_channel,torch.float16,88,256,7168,256,8,0,0,asm,10006+20001,750.3095
gfx938,int8_w8a8_channel,torch.float16,96,256,7168,256,8,0,0,asm,10006+20001,754.8377
gfx938,int8_w8a8_channel,torch.float16,104,256,7168,256,8,0,0,asm,10008+20001,773.6645
gfx938,int8_w8a8_channel,torch.float16,112,256,7168,256,8,0,0,asm,10008+20001,774.8759
gfx938,int8_w8a8_channel,torch.float16,128,256,7168,256,8,0,0,asm,10008+20001,789.6589
gfx938,int8_w8a8_channel,torch.float16,144,256,7168,256,8,0,0,asm,10008+20001,797.6933
gfx938,int8_w8a8_channel,torch.float16,160,256,7168,256,8,0,0,asm,10008+20001,807.9442
gfx938,int8_w8a8_channel,torch.float16,192,256,7168,256,8,0,0,asm,10008+20001,820.3015
gfx938,int8_w8a8_channel,torch.float16,224,256,7168,256,8,0,0,asm,10008+20001,830.4963
gfx938,int8_w8a8_channel,torch.float16,256,256,7168,256,8,0,0,asm,10008+20001,845.8104
gfx938,int8_w8a8_channel,torch.float16,320,256,7168,256,8,0,0,asm,10009+20001,880.0833
gfx938,int8_w8a8_channel,torch.float16,384,256,7168,256,8,0,0,asm,10011+20001,907.5741
gfx938,int8_w8a8_channel,torch.float16,448,256,7168,256,8,0,0,asm,11004+21001,925.8605
gfx938,int8_w8a8_channel,torch.float16,512,256,7168,256,8,0,0,asm,11004+21001,949.4826
gfx938,int8_w8a8_channel,torch.float16,576,256,7168,256,8,0,0,asm,11004+21001,1004.8272
gfx938,int8_w8a8_channel,torch.float16,640,256,7168,256,8,0,0,asm,11004+21001,981.5911
gfx938,int8_w8a8_channel,torch.float16,704,256,7168,256,8,0,0,asm,11004+21001,1006.4282
gfx938,int8_w8a8_channel,torch.float16,768,256,7168,256,8,0,0,asm,11007+21001,1028.9819
gfx938,int8_w8a8_channel,torch.float16,832,256,7168,256,8,0,0,asm,11007+21001,1062.8699
gfx938,int8_w8a8_channel,torch.float16,896,256,7168,256,8,0,0,asm,11005+21001,1111.3783
gfx938,int8_w8a8_channel,torch.float16,960,256,7168,256,8,0,0,asm,11005+21001,1172.5677
gfx938,int8_w8a8_channel,torch.float16,1024,256,7168,256,8,0,0,asm,11005+21001,1198.2545
gfx938,int8_w8a8_channel,torch.float16,1152,256,7168,256,8,0,0,asm,12005+22001,1312.7485
gfx938,int8_w8a8_channel,torch.float16,1280,256,7168,256,8,0,0,asm,12003+22001,1305.7395
gfx938,int8_w8a8_channel,torch.float16,1408,256,7168,256,8,0,0,asm,12005+22001,1344.1193
gfx938,int8_w8a8_channel,torch.float16,1536,256,7168,256,8,0,0,asm,12000+22001,1382.4336
gfx938,int8_w8a8_channel,torch.float16,1664,256,7168,256,8,0,0,asm,12005+22001,1410.499
gfx938,int8_w8a8_channel,torch.float16,1792,256,7168,256,8,0,0,asm,12001+22001,1492.3818
gfx938,int8_w8a8_channel,torch.float16,1920,256,7168,256,8,0,0,asm,12005+22001,1537.2226
gfx938,int8_w8a8_channel,torch.float16,2048,256,7168,256,8,0,0,asm,12005+22001,1697.7758
gfx938,int8_w8a8_channel,torch.float16,2304,256,7168,256,8,0,0,asm,12005+22001,1956.1871
gfx938,int8_w8a8_channel,torch.float16,2560,256,7168,256,8,0,0,asm,13001+23001,2038.5128
gfx938,int8_w8a8_channel,torch.float16,2816,256,7168,256,8,0,0,asm,13001+23001,2095.8748
gfx938,int8_w8a8_channel,torch.float16,3072,256,7168,256,8,0,0,asm,13001+23001,2151.5135
gfx938,int8_w8a8_channel,torch.float16,3328,256,7168,256,8,0,0,asm,13001+23001,2219.1767
gfx938,int8_w8a8_channel,torch.float16,3584,256,7168,256,8,0,0,asm,13001+23001,2287.4431
gfx938,int8_w8a8_channel,torch.float16,3840,256,7168,256,8,0,0,asm,13001+23001,2475.5367
gfx938,int8_w8a8_channel,torch.float16,4096,256,7168,256,8,0,0,asm,12005+22001,2775.478
gfx938,int8_w8a8_channel,torch.float16,4608,256,7168,256,8,0,0,asm,12001+22001,3167.0785
gfx938,int8_w8a8_channel,torch.float16,5120,256,7168,256,8,0,0,asm,12005+22001,3359.1433
gfx938,int8_w8a8_channel,torch.float16,5632,256,7168,256,8,0,0,asm,12001+22001,3549.321
gfx938,int8_w8a8_channel,torch.float16,6144,256,7168,256,8,0,0,asm,13001+23001,3848.2614
gfx938,int8_w8a8_channel,torch.float16,6656,256,7168,256,8,0,0,asm,13001+23001,3960.4866
gfx938,int8_w8a8_channel,torch.float16,7168,256,7168,256,8,0,0,asm,13001+23001,4072.7199
gfx938,int8_w8a8_channel,torch.float16,7680,256,7168,256,8,0,0,asm,13001+23001,4313.7529
gfx938,int8_w8a8_channel,torch.float16,8192,256,7168,256,8,0,0,asm,13001+23001,4792.6391
gfx938,int8_w8a8_channel,torch.float16,10240,256,7168,256,8,0,0,asm,13001+23001,5855.5025
gfx938,int8_w8a8_channel,torch.float16,12288,256,7168,256,8,0,0,asm,13001+23001,6805.8167
gfx938,int8_w8a8_channel,torch.float16,14336,256,7168,256,8,0,0,asm,13001+23001,7873.4718
gfx938,int8_w8a8_channel,torch.float16,16384,256,7168,256,8,0,0,asm,13001+23001,8847.507
gfx938,int8_w8a8_channel,torch.float16,17408,256,7168,256,8,0,0,asm,13001+23001,9618.6136
gfx938,int8_w8a8_channel,torch.float16,24576,256,7168,256,8,0,0,asm,13001+23001,12937.4104
gfx938,int8_w8a8_channel,torch.float16,32768,256,7168,256,8,0,0,asm,13001+23001,16973.6735
gfx938,int8_w8a8_channel,torch.float16,40960,256,7168,256,8,0,0,asm,13001+23001,21009.7928
gfx938,int8_w8a8_channel,torch.float16,49152,256,7168,256,8,0,0,asm,13001+23001,24983.1394
gfx938,int8_w8a8_channel,torch.float16,57344,256,7168,256,8,0,0,asm,13001+23001,29099.3916
gfx938,int8_w8a8_channel,torch.float16,65536,256,7168,256,8,0,0,asm,13001+23001,33141.3321
gfx938,f8_w8a8_channel,torch.float16,1,128,7168,256,8,0,0,asm,10000+20101,63.2993
gfx938,f8_w8a8_channel,torch.float16,2,128,7168,256,8,0,0,asm,10002+20102,75.3779
gfx938,f8_w8a8_channel,torch.float16,3,128,7168,256,8,0,0,asm,10008+20102,83.7752
gfx938,f8_w8a8_channel,torch.float16,4,128,7168,256,8,0,0,asm,10002+20102,102.3926
gfx938,f8_w8a8_channel,torch.float16,5,128,7168,256,8,0,0,asm,10011+20102,124.0745
gfx938,f8_w8a8_channel,torch.float16,6,128,7168,256,8,0,0,asm,10011+20102,132.456
gfx938,f8_w8a8_channel,torch.float16,7,128,7168,256,8,0,0,asm,10011+20102,141.4159
gfx938,f8_w8a8_channel,torch.float16,8,128,7168,256,8,0,0,asm,10008+20102,145.7236
gfx938,f8_w8a8_channel,torch.float16,9,128,7168,256,8,0,0,asm,10008+20102,155.8406
gfx938,f8_w8a8_channel,torch.float16,10,128,7168,256,8,0,0,asm,10009+20102,169.2886
gfx938,f8_w8a8_channel,torch.float16,11,128,7168,256,8,0,0,asm,10006+20102,195.3932
gfx938,f8_w8a8_channel,torch.float16,12,128,7168,256,8,0,0,asm,10006+20102,197.5265
gfx938,f8_w8a8_channel,torch.float16,13,128,7168,256,8,0,0,asm,10006+20102,202.384
gfx938,f8_w8a8_channel,torch.float16,14,128,7168,256,8,0,0,asm,10009+20102,208.2793
gfx938,f8_w8a8_channel,torch.float16,15,128,7168,256,8,0,0,asm,10008+20102,211.4998
gfx938,f8_w8a8_channel,torch.float16,16,128,7168,256,8,0,0,asm,10008+20102,216.0495
gfx938,f8_w8a8_channel,torch.float16,17,128,7168,256,8,0,0,asm,10009+20102,217.7286
gfx938,f8_w8a8_channel,torch.float16,18,128,7168,256,8,0,0,asm,10008+20102,226.1962
gfx938,f8_w8a8_channel,torch.float16,20,128,7168,256,8,0,0,asm,10011+20102,250.2782
gfx938,f8_w8a8_channel,torch.float16,24,128,7168,256,8,0,0,asm,10008+20102,269.9047
gfx938,f8_w8a8_channel,torch.float16,28,128,7168,256,8,0,0,asm,10006+20102,324.0327
gfx938,f8_w8a8_channel,torch.float16,32,128,7168,256,8,0,0,asm,10008+20102,332.3731
gfx938,f8_w8a8_channel,torch.float16,34,128,7168,256,8,0,0,asm,10008+20102,323.6891
gfx938,f8_w8a8_channel,torch.float16,36,128,7168,256,8,0,0,asm,10008+20102,335.5496
gfx938,f8_w8a8_channel,torch.float16,40,128,7168,256,8,0,0,asm,10006+20102,360.0131
gfx938,f8_w8a8_channel,torch.float16,44,128,7168,256,8,0,0,asm,10006+20102,368.4807
gfx938,f8_w8a8_channel,torch.float16,48,128,7168,256,8,0,0,asm,10006+20102,373.211
gfx938,f8_w8a8_channel,torch.float16,56,128,7168,256,8,0,0,asm,10008+20102,387.0038
gfx938,f8_w8a8_channel,torch.float16,64,128,7168,256,8,0,0,asm,10006+20102,412.3411
gfx938,f8_w8a8_channel,torch.float16,68,128,7168,256,8,0,0,asm,10009+20102,427.3523
gfx938,f8_w8a8_channel,torch.float16,72,128,7168,256,8,0,0,asm,10007+20102,429.8217
gfx938,f8_w8a8_channel,torch.float16,80,128,7168,256,8,0,0,asm,10006+20102,436.6703
gfx938,f8_w8a8_channel,torch.float16,88,128,7168,256,8,0,0,asm,10009+20102,450.7544
gfx938,f8_w8a8_channel,torch.float16,96,128,7168,256,8,0,0,asm,10008+20102,448.3286
gfx938,f8_w8a8_channel,torch.float16,104,128,7168,256,8,0,0,asm,10008+20102,455.746
gfx938,f8_w8a8_channel,torch.float16,112,128,7168,256,8,0,0,asm,10008+20102,460.9111
gfx938,f8_w8a8_channel,torch.float16,128,128,7168,256,8,0,0,asm,10008+20102,473.5223
gfx938,f8_w8a8_channel,torch.float16,144,128,7168,256,8,0,0,asm,10006+20102,489.0501
gfx938,f8_w8a8_channel,torch.float16,160,128,7168,256,8,0,0,asm,10006+20102,494.0089
gfx938,f8_w8a8_channel,torch.float16,192,128,7168,256,8,0,0,asm,10007+20102,503.0324
gfx938,f8_w8a8_channel,torch.float16,224,128,7168,256,8,0,0,asm,10007+20102,509.8447
gfx938,f8_w8a8_channel,torch.float16,256,128,7168,256,8,0,0,asm,10006+20102,519.6637
gfx938,f8_w8a8_channel,torch.float16,320,128,7168,256,8,0,0,asm,10011+20102,541.1159
gfx938,f8_w8a8_channel,torch.float16,384,128,7168,256,8,0,0,asm,10008+20102,544.4964
gfx938,f8_w8a8_channel,torch.float16,448,128,7168,256,8,0,0,asm,10008+20102,571.483
gfx938,f8_w8a8_channel,torch.float16,512,128,7168,256,8,0,0,asm,10011+20102,594.417
gfx938,f8_w8a8_channel,torch.float16,576,128,7168,256,8,0,0,asm,11007+21102,655.6798
gfx938,f8_w8a8_channel,torch.float16,640,128,7168,256,8,0,0,asm,11007+21102,642.2806
gfx938,f8_w8a8_channel,torch.float16,704,128,7168,256,8,0,0,asm,11005+21102,654.5883
gfx938,f8_w8a8_channel,torch.float16,768,128,7168,256,8,0,0,asm,11007+21102,664.4925
gfx938,f8_w8a8_channel,torch.float16,832,128,7168,256,8,0,0,asm,11002+21102,675.4143
gfx938,f8_w8a8_channel,torch.float16,896,128,7168,256,8,0,0,asm,11007+21102,724.4094
gfx938,f8_w8a8_channel,torch.float16,960,128,7168,256,8,0,0,asm,11007+21102,733.8166
gfx938,f8_w8a8_channel,torch.float16,1024,128,7168,256,8,0,0,asm,11005+21102,792.8112
gfx938,f8_w8a8_channel,torch.float16,1152,128,7168,256,8,0,0,asm,11007+21102,889.0462
gfx938,f8_w8a8_channel,torch.float16,1280,128,7168,256,8,0,0,asm,11007+21102,898.7677
gfx938,f8_w8a8_channel,torch.float16,1408,128,7168,256,8,0,0,asm,11007+21102,928.2732
gfx938,f8_w8a8_channel,torch.float16,1536,128,7168,256,8,0,0,asm,12005+22001,989.7838
gfx938,f8_w8a8_channel,torch.float16,1664,128,7168,256,8,0,0,asm,11007+21102,1037.5527
gfx938,f8_w8a8_channel,torch.float16,1792,128,7168,256,8,0,0,asm,11005+21102,1076.8675
gfx938,f8_w8a8_channel,torch.float16,1920,128,7168,256,8,0,0,asm,11005+21102,1136.2149
gfx938,f8_w8a8_channel,torch.float16,2048,128,7168,256,8,0,0,asm,11005+21102,1185.9542
gfx938,f8_w8a8_channel,torch.float16,2304,128,7168,256,8,0,0,asm,11005+21102,1348.5463
gfx938,f8_w8a8_channel,torch.float16,2560,128,7168,256,8,0,0,asm,11005+21102,1420.4804
gfx938,f8_w8a8_channel,torch.float16,2816,128,7168,256,8,0,0,asm,11005+21102,1525.0421
gfx938,f8_w8a8_channel,torch.float16,3072,128,7168,256,8,0,0,asm,13001+23001,1643.3144
gfx938,f8_w8a8_channel,torch.float16,3328,128,7168,256,8,0,0,asm,13001+23001,1692.1798
gfx938,f8_w8a8_channel,torch.float16,3584,128,7168,256,8,0,0,asm,13001+23001,1774.5672
gfx938,f8_w8a8_channel,torch.float16,3840,128,7168,256,8,0,0,asm,12005+22101,1901.4262
gfx938,f8_w8a8_channel,torch.float16,4096,128,7168,256,8,0,0,asm,12005+22101,2048.3671
gfx938,f8_w8a8_channel,torch.float16,4608,128,7168,256,8,0,0,asm,11005+21102,2313.0716
gfx938,f8_w8a8_channel,torch.float16,5120,128,7168,256,8,0,0,asm,12001+22101,2501.2432
gfx938,f8_w8a8_channel,torch.float16,5632,128,7168,256,8,0,0,asm,12005+22001,2673.3164
gfx938,f8_w8a8_channel,torch.float16,6144,128,7168,256,8,0,0,asm,12005+22101,2910.5216
gfx938,f8_w8a8_channel,torch.float16,6656,128,7168,256,8,0,0,asm,13001+23001,3051.8871
gfx938,f8_w8a8_channel,torch.float16,7168,128,7168,256,8,0,0,asm,13001+23001,3169.9625
gfx938,f8_w8a8_channel,torch.float16,7680,128,7168,256,8,0,0,asm,13001+23001,3321.1865
gfx938,f8_w8a8_channel,torch.float16,8192,128,7168,256,8,0,0,asm,13001+23101,3639.3636
gfx938,f8_w8a8_channel,torch.float16,10240,128,7168,256,8,0,0,asm,13001+23101,4414.8517
gfx938,f8_w8a8_channel,torch.float16,12288,128,7168,256,8,0,0,asm,13001+23101,5191.0948
gfx938,f8_w8a8_channel,torch.float16,14336,128,7168,256,8,0,0,asm,13001+23100,6015.8587
gfx938,f8_w8a8_channel,torch.float16,16384,128,7168,256,8,0,0,asm,13001+23101,6643.1382
gfx938,f8_w8a8_channel,torch.float16,17408,128,7168,256,8,0,0,asm,13001+23101,7147.6777
gfx938,f8_w8a8_channel,torch.float16,24576,128,7168,256,8,0,0,asm,13001+23101,9742.9246
gfx938,f8_w8a8_channel,torch.float16,32768,128,7168,256,8,0,0,asm,13001+23101,12818.7074
gfx938,f8_w8a8_channel,torch.float16,40960,128,7168,256,8,0,0,asm,13001+23001,16022.180361
gfx938,f8_w8a8_channel,torch.float16,49152,128,7168,256,8,0,0,asm,13001+23001,18964.601381
gfx938,f8_w8a8_channel,torch.float16,57344,128,7168,256,8,0,0,asm,13001+23001,22222.636711
gfx938,f8_w8a8_channel,torch.float16,65536,128,7168,256,8,0,0,asm,13001+23001,25321.665232
gfx938,f8_w8a8_channel,torch.float16,1,256,7168,256,8,0,0,asm,10002+20001,71.3773
gfx938,f8_w8a8_channel,torch.float16,2,256,7168,256,8,0,0,asm,10008+20001,103.0325
gfx938,f8_w8a8_channel,torch.float16,3,256,7168,256,8,0,0,asm,10011+20001,132.8016
gfx938,f8_w8a8_channel,torch.float16,4,256,7168,256,8,0,0,asm,10008+20001,161.5924
gfx938,f8_w8a8_channel,torch.float16,5,256,7168,256,8,0,0,asm,10006+20001,188.8424
gfx938,f8_w8a8_channel,torch.float16,6,256,7168,256,8,0,0,asm,10008+20001,203.0139
gfx938,f8_w8a8_channel,torch.float16,7,256,7168,256,8,0,0,asm,10008+20001,221.2909
gfx938,f8_w8a8_channel,torch.float16,8,256,7168,256,8,0,0,asm,10011+20001,237.7794
gfx938,f8_w8a8_channel,torch.float16,9,256,7168,256,8,0,0,asm,10011+20001,257.2902
gfx938,f8_w8a8_channel,torch.float16,10,256,7168,256,8,0,0,asm,10011+20001,272.7781
gfx938,f8_w8a8_channel,torch.float16,11,256,7168,256,8,0,0,asm,10006+20001,298.4969
gfx938,f8_w8a8_channel,torch.float16,12,256,7168,256,8,0,0,asm,10009+20001,307.2374
gfx938,f8_w8a8_channel,torch.float16,13,256,7168,256,8,0,0,asm,10008+20001,317.3495
gfx938,f8_w8a8_channel,torch.float16,14,256,7168,256,8,0,0,asm,10011+20001,339.3927
gfx938,f8_w8a8_channel,torch.float16,15,256,7168,256,8,0,0,asm,10011+20001,349.8841
gfx938,f8_w8a8_channel,torch.float16,16,256,7168,256,8,0,0,asm,10011+20001,358.5241
gfx938,f8_w8a8_channel,torch.float16,17,256,7168,256,8,0,0,asm,10009+20001,361.753
gfx938,f8_w8a8_channel,torch.float16,18,256,7168,256,8,0,0,asm,10008+20001,375.0472
gfx938,f8_w8a8_channel,torch.float16,20,256,7168,256,8,0,0,asm,10006+20001,403.993
gfx938,f8_w8a8_channel,torch.float16,24,256,7168,256,8,0,0,asm,10008+20001,453.9264
gfx938,f8_w8a8_channel,torch.float16,28,256,7168,256,8,0,0,asm,10008+20001,516.5211
gfx938,f8_w8a8_channel,torch.float16,32,256,7168,256,8,0,0,asm,10009+20001,546.433
gfx938,f8_w8a8_channel,torch.float16,34,256,7168,256,8,0,0,asm,10011+20001,547.1689
gfx938,f8_w8a8_channel,torch.float16,36,256,7168,256,8,0,0,asm,10008+20001,562.6345
gfx938,f8_w8a8_channel,torch.float16,40,256,7168,256,8,0,0,asm,10006+20001,586.7441
gfx938,f8_w8a8_channel,torch.float16,44,256,7168,256,8,0,0,asm,10008+20001,609.3898
gfx938,f8_w8a8_channel,torch.float16,48,256,7168,256,8,0,0,asm,10008+20001,623.9783
gfx938,f8_w8a8_channel,torch.float16,56,256,7168,256,8,0,0,asm,10008+20001,655.9684
gfx938,f8_w8a8_channel,torch.float16,64,256,7168,256,8,0,0,asm,10006+20001,680.2431
gfx938,f8_w8a8_channel,torch.float16,68,256,7168,256,8,0,0,asm,10006+20001,686.086
gfx938,f8_w8a8_channel,torch.float16,72,256,7168,256,8,0,0,asm,10012+20001,720.2646
gfx938,f8_w8a8_channel,torch.float16,80,256,7168,256,8,0,0,asm,10008+20001,771.0738
gfx938,f8_w8a8_channel,torch.float16,88,256,7168,256,8,0,0,asm,10008+20001,745.2486
gfx938,f8_w8a8_channel,torch.float16,96,256,7168,256,8,0,0,asm,10006+20001,755.5114
gfx938,f8_w8a8_channel,torch.float16,104,256,7168,256,8,0,0,asm,10008+20001,770.5044
gfx938,f8_w8a8_channel,torch.float16,112,256,7168,256,8,0,0,asm,10008+20001,775.8668
gfx938,f8_w8a8_channel,torch.float16,128,256,7168,256,8,0,0,asm,10008+20001,789.3307
gfx938,f8_w8a8_channel,torch.float16,144,256,7168,256,8,0,0,asm,10008+20001,801.6573
gfx938,f8_w8a8_channel,torch.float16,160,256,7168,256,8,0,0,asm,10008+20001,808.8431
gfx938,f8_w8a8_channel,torch.float16,192,256,7168,256,8,0,0,asm,10008+20001,822.915
gfx938,f8_w8a8_channel,torch.float16,224,256,7168,256,8,0,0,asm,10008+20001,833.1515
gfx938,f8_w8a8_channel,torch.float16,256,256,7168,256,8,0,0,asm,10008+20001,843.5744
gfx938,f8_w8a8_channel,torch.float16,320,256,7168,256,8,0,0,asm,10008+20001,875.8173
gfx938,f8_w8a8_channel,torch.float16,384,256,7168,256,8,0,0,asm,11002+21001,903.3123
gfx938,f8_w8a8_channel,torch.float16,448,256,7168,256,8,0,0,asm,11004+21001,923.768
gfx938,f8_w8a8_channel,torch.float16,512,256,7168,256,8,0,0,asm,11004+21001,945.9661
gfx938,f8_w8a8_channel,torch.float16,576,256,7168,256,8,0,0,asm,11004+21001,1004.9307
gfx938,f8_w8a8_channel,torch.float16,640,256,7168,256,8,0,0,asm,11004+21001,984.5559
gfx938,f8_w8a8_channel,torch.float16,704,256,7168,256,8,0,0,asm,11004+21001,1009.4000
gfx938,f8_w8a8_channel,torch.float16,768,256,7168,256,8,0,0,asm,11007+21001,1039.9012
gfx938,f8_w8a8_channel,torch.float16,832,256,7168,256,8,0,0,asm,11005+21001,1073.4592
gfx938,f8_w8a8_channel,torch.float16,896,256,7168,256,8,0,0,asm,11005+21001,1100.2193
gfx938,f8_w8a8_channel,torch.float16,960,256,7168,256,8,0,0,asm,11003+21001,1159.3657
gfx938,f8_w8a8_channel,torch.float16,1024,256,7168,256,8,0,0,asm,11005+21001,1212.9271
gfx938,f8_w8a8_channel,torch.float16,1152,256,7168,256,8,0,0,asm,12005+22001,1301.3286
gfx938,f8_w8a8_channel,torch.float16,1280,256,7168,256,8,0,0,asm,12000+22001,1317.5435
gfx938,f8_w8a8_channel,torch.float16,1408,256,7168,256,8,0,0,asm,12005+22001,1342.2792
gfx938,f8_w8a8_channel,torch.float16,1536,256,7168,256,8,0,0,asm,12005+22001,1367.209
gfx938,f8_w8a8_channel,torch.float16,1664,256,7168,256,8,0,0,asm,12005+22001,1409.4242
gfx938,f8_w8a8_channel,torch.float16,1792,256,7168,256,8,0,0,asm,12005+22001,1489.8281
gfx938,f8_w8a8_channel,torch.float16,1920,256,7168,256,8,0,0,asm,12005+22001,1528.3161
gfx938,f8_w8a8_channel,torch.float16,2048,256,7168,256,8,0,0,asm,12001+22001,1688.9472
gfx938,f8_w8a8_channel,torch.float16,2304,256,7168,256,8,0,0,asm,12005+22001,1951.8713
gfx938,f8_w8a8_channel,torch.float16,2560,256,7168,256,8,0,0,asm,13001+23001,2031.2743
gfx938,f8_w8a8_channel,torch.float16,2816,256,7168,256,8,0,0,asm,13001+23001,2085.2615
gfx938,f8_w8a8_channel,torch.float16,3072,256,7168,256,8,0,0,asm,13001+23001,2147.5381
gfx938,f8_w8a8_channel,torch.float16,3328,256,7168,256,8,0,0,asm,13001+23001,2207.5995
gfx938,f8_w8a8_channel,torch.float16,3584,256,7168,256,8,0,0,asm,13001+23001,2290.0607
gfx938,f8_w8a8_channel,torch.float16,3840,256,7168,256,8,0,0,asm,13001+23001,2455.1266
gfx938,f8_w8a8_channel,torch.float16,4096,256,7168,256,8,0,0,asm,12005+22001,2762.0217
gfx938,f8_w8a8_channel,torch.float16,4608,256,7168,256,8,0,0,asm,12001+22001,3148.4202
gfx938,f8_w8a8_channel,torch.float16,5120,256,7168,256,8,0,0,asm,12001+22001,3345.6214
gfx938,f8_w8a8_channel,torch.float16,5632,256,7168,256,8,0,0,asm,12001+22001,3531.3437
gfx938,f8_w8a8_channel,torch.float16,6144,256,7168,256,8,0,0,asm,13001+23001,3833.4307
gfx938,f8_w8a8_channel,torch.float16,6656,256,7168,256,8,0,0,asm,13001+23001,3933.061
gfx938,f8_w8a8_channel,torch.float16,7168,256,7168,256,8,0,0,asm,13001+23001,4047.1816
gfx938,f8_w8a8_channel,torch.float16,7680,256,7168,256,8,0,0,asm,13001+23001,4302.8155
gfx938,f8_w8a8_channel,torch.float16,8192,256,7168,256,8,0,0,asm,13001+23001,4770.8874
gfx938,f8_w8a8_channel,torch.float16,10240,256,7168,256,8,0,0,asm,13001+23001,5814.4894
gfx938,f8_w8a8_channel,torch.float16,12288,256,7168,256,8,0,0,asm,13001+23001,6783.9214
gfx938,f8_w8a8_channel,torch.float16,14336,256,7168,256,8,0,0,asm,13001+23001,7833.6239
gfx938,f8_w8a8_channel,torch.float16,16384,256,7168,256,8,0,0,asm,13001+23001,8799.1627
gfx938,f8_w8a8_channel,torch.float16,17408,256,7168,256,8,0,0,asm,13001+23001,9562.2695
gfx938,f8_w8a8_channel,torch.float16,24576,256,7168,256,8,0,0,asm,13001+23001,12888.3568
gfx938,f8_w8a8_channel,torch.float16,32768,256,7168,256,8,0,0,asm,13001+23001,16903.9514
gfx938,f8_w8a8_channel,torch.float16,40960,256,7168,256,8,0,0,asm,13001+23001,20904.6085
gfx938,f8_w8a8_channel,torch.float16,49152,256,7168,256,8,0,0,asm,13001+23001,24866.1601
gfx938,f8_w8a8_channel,torch.float16,57344,256,7168,256,8,0,0,asm,13001+23001,28986.4682
gfx938,f8_w8a8_channel,torch.float16,65536,256,7168,256,8,0,0,asm,13001+23001,33012.5482
gfx938,f8_w8a8_channel,torch.float16,1,352,4096,128,8,0,0,asm,10001+20000,63.0496
gfx938,f8_w8a8_channel,torch.float16,2,352,4096,128,8,0,0,asm,10001+20000,89.0958
gfx938,f8_w8a8_channel,torch.float16,4,352,4096,128,8,0,0,asm,10006+20000,128.5736
gfx938,f8_w8a8_channel,torch.float16,6,352,4096,128,8,0,0,asm,10006+20000,161.6681
gfx938,f8_w8a8_channel,torch.float16,8,352,4096,128,8,0,0,asm,10007+20000,193.1626
gfx938,f8_w8a8_channel,torch.float16,12,352,4096,128,8,0,0,asm,10006+20001,237.1877
gfx938,f8_w8a8_channel,torch.float16,16,352,4096,128,8,0,0,asm,10006+20000,271.0993
gfx938,f8_w8a8_channel,torch.float16,20,352,4096,128,8,0,0,asm,10007+20000,309.4708
gfx938,f8_w8a8_channel,torch.float16,24,352,4096,128,8,0,0,asm,10007+20000,317.0666
gfx938,f8_w8a8_channel,torch.float16,28,352,4096,128,8,0,0,asm,10006+20000,320.9012
gfx938,f8_w8a8_channel,torch.float16,32,352,4096,128,8,0,0,asm,10007+20001,333.1537
gfx938,f8_w8a8_channel,torch.float16,36,352,4096,128,8,0,0,asm,10006+20001,340.7128
gfx938,f8_w8a8_channel,torch.float16,40,352,4096,128,8,0,0,asm,10006+20000,346.6581
gfx938,f8_w8a8_channel,torch.float16,44,352,4096,128,8,0,0,asm,10006+20000,359.2222
gfx938,f8_w8a8_channel,torch.float16,48,352,4096,128,8,0,0,asm,10006+20000,367.6264
gfx938,f8_w8a8_channel,torch.float16,56,352,4096,128,8,0,0,asm,10006+20001,368.0895
gfx938,f8_w8a8_channel,torch.float16,64,352,4096,128,8,0,0,asm,10006+20001,379.8314
gfx938,f8_w8a8_channel,torch.float16,72,352,4096,128,8,0,0,asm,10006+20000,372.8558
gfx938,f8_w8a8_channel,torch.float16,80,352,4096,128,8,0,0,asm,10006+20000,371.9043
gfx938,f8_w8a8_channel,torch.float16,96,352,4096,128,8,0,0,asm,10006+20000,376.7547
gfx938,f8_w8a8_channel,torch.float16,104,352,4096,128,8,0,0,asm,10006+20000,378.9442
gfx938,f8_w8a8_channel,torch.float16,112,352,4096,128,8,0,0,asm,10006+20001,381.2263
gfx938,f8_w8a8_channel,torch.float16,128,352,4096,128,8,0,0,asm,10006+20001,385.3105
gfx938,f8_w8a8_channel,torch.float16,144,352,4096,128,8,0,0,asm,10006+20001,430.5903
gfx938,f8_w8a8_channel,torch.float16,160,352,4096,128,8,0,0,asm,10006+20000,399.4326
gfx938,f8_w8a8_channel,torch.float16,192,352,4096,128,8,0,0,asm,10006+20001,418.3883
gfx938,f8_w8a8_channel,torch.float16,224,352,4096,128,8,0,0,asm,11002+21000,434.2787
gfx938,f8_w8a8_channel,torch.float16,256,352,4096,128,8,0,0,asm,11004+21000,446.9103
gfx938,f8_w8a8_channel,torch.float16,320,352,4096,128,8,0,0,asm,11004+21001,460.9228
gfx938,f8_w8a8_channel,torch.float16,384,352,4096,128,8,0,0,asm,11004+21001,529.2931
gfx938,f8_w8a8_channel,torch.float16,448,352,4096,128,8,0,0,asm,11004+21001,508.83
gfx938,f8_w8a8_channel,torch.float16,512,352,4096,128,8,0,0,asm,11004+21001,554.5308
gfx938,f8_w8a8_channel,torch.float16,768,352,4096,128,8,0,0,asm,12002+22001,625.1664
gfx938,f8_w8a8_channel,torch.float16,896,352,4096,128,8,0,0,asm,12004+22001,665.6967
gfx938,f8_w8a8_channel,torch.float16,960,352,4096,128,8,0,0,asm,12000+22001,710.7071
gfx938,f8_w8a8_channel,torch.float16,1024,352,4096,128,8,0,0,asm,12005+22001,746.8753
gfx938,f8_w8a8_channel,torch.float16,1280,352,4096,128,8,0,0,asm,12001+22001,861.7717
gfx938,f8_w8a8_channel,torch.float16,1536,352,4096,128,8,0,0,asm,12001+22001,918.0662
gfx938,f8_w8a8_channel,torch.float16,1920,352,4096,128,8,0,0,asm,12001+22001,995.969
gfx938,f8_w8a8_channel,torch.float16,2048,352,4096,128,8,0,0,asm,12001+22001,1101.2402
gfx938,f8_w8a8_channel,torch.float16,2304,352,4096,128,8,0,0,asm,12001+22001,1248.389
gfx938,f8_w8a8_channel,torch.float16,2560,352,4096,128,8,0,0,asm,12001+22001,1272.6331
gfx938,f8_w8a8_channel,torch.float16,3072,352,4096,128,8,0,0,asm,13001+23001,1460.7586
gfx938,f8_w8a8_channel,torch.float16,3584,352,4096,128,8,0,0,asm,13001+23001,1532.7836
gfx938,f8_w8a8_channel,torch.float16,3840,352,4096,128,8,0,0,asm,13001+23001,1618.2737
gfx938,f8_w8a8_channel,torch.float16,4096,352,4096,128,8,0,0,asm,13001+23001,1813.9613
gfx938,f8_w8a8_channel,torch.float16,4608,352,4096,128,8,0,0,asm,13001+23001,2081.9939
gfx938,f8_w8a8_channel,torch.float16,5120,352,4096,128,8,0,0,asm,13001+23001,2147.0968
gfx938,f8_w8a8_channel,torch.float16,6144,352,4096,128,8,0,0,asm,13001+23001,2515.8026
gfx938,f8_w8a8_channel,torch.float16,7168,352,4096,128,8,0,0,asm,13001+23001,2873.9653
gfx938,f8_w8a8_channel,torch.float16,8192,352,4096,128,8,0,0,asm,13001+23001,3216.9279
gfx938,f8_w8a8_channel,torch.float16,10240,352,4096,128,8,0,0,asm,13001+23001,3971.7204
gfx938,f8_w8a8_channel,torch.float16,12288,352,4096,128,8,0,0,asm,13001+23001,4688.2562
gfx938,f8_w8a8_channel,torch.float16,16384,352,4096,128,8,0,0,asm,13001+23001,6226.4982
gfx938,f8_w8a8_channel,torch.float16,24576,352,4096,128,8,0,0,asm,13001+23001,8953.0047
gfx938,f8_w8a8_channel,torch.float16,32768,352,4096,128,8,0,0,asm,13001+23001,11870.9884
gfx938,f8_w8a8_channel,torch.float16,1,352,4096,129,9,0,0,asm,10004+20000,66.9906
gfx938,f8_w8a8_channel,torch.float16,2,352,4096,129,9,0,0,asm,10006+20000,93.7946
gfx938,f8_w8a8_channel,torch.float16,4,352,4096,129,9,0,0,asm,10006+20000,135.1756
gfx938,f8_w8a8_channel,torch.float16,6,352,4096,129,9,0,0,asm,10006+20000,169.0953
gfx938,f8_w8a8_channel,torch.float16,8,352,4096,129,9,0,0,asm,10006+20000,206.291
gfx938,f8_w8a8_channel,torch.float16,12,352,4096,129,9,0,0,asm,10006+20000,247.0656
gfx938,f8_w8a8_channel,torch.float16,16,352,4096,129,9,0,0,asm,10006+20000,289.8192
gfx938,f8_w8a8_channel,torch.float16,20,352,4096,129,9,0,0,asm,10007+20000,319.9213
gfx938,f8_w8a8_channel,torch.float16,24,352,4096,129,9,0,0,asm,10006+20000,338.0181
gfx938,f8_w8a8_channel,torch.float16,28,352,4096,129,9,0,0,asm,10006+20000,339.0821
gfx938,f8_w8a8_channel,torch.float16,32,352,4096,129,9,0,0,asm,10006+20000,344.3705
gfx938,f8_w8a8_channel,torch.float16,36,352,4096,129,9,0,0,asm,10006+20000,349.698
gfx938,f8_w8a8_channel,torch.float16,40,352,4096,129,9,0,0,asm,10006+20000,356.6116
gfx938,f8_w8a8_channel,torch.float16,44,352,4096,129,9,0,0,asm,10006+20000,364.4264
gfx938,f8_w8a8_channel,torch.float16,48,352,4096,129,9,0,0,asm,10006+20000,369.5632
gfx938,f8_w8a8_channel,torch.float16,56,352,4096,129,9,0,0,asm,10006+20000,374.7421
gfx938,f8_w8a8_channel,torch.float16,64,352,4096,129,9,0,0,asm,10006+20000,383.0145
gfx938,f8_w8a8_channel,torch.float16,72,352,4096,129,9,0,0,asm,10006+20000,381.8074
gfx938,f8_w8a8_channel,torch.float16,80,352,4096,129,9,0,0,asm,10007+20000,377.8916
gfx938,f8_w8a8_channel,torch.float16,96,352,4096,129,9,0,0,asm,10006+20000,385.0915
gfx938,f8_w8a8_channel,torch.float16,104,352,4096,129,9,0,0,asm,10006+20000,384.6873
gfx938,f8_w8a8_channel,torch.float16,112,352,4096,129,9,0,0,asm,10006+20000,387.6684
gfx938,f8_w8a8_channel,torch.float16,128,352,4096,129,9,0,0,asm,10006+20001,389.6473
gfx938,f8_w8a8_channel,torch.float16,144,352,4096,129,9,0,0,asm,10006+20001,403.0031
gfx938,f8_w8a8_channel,torch.float16,160,352,4096,129,9,0,0,asm,10006+20001,404.7041
gfx938,f8_w8a8_channel,torch.float16,192,352,4096,129,9,0,0,asm,11004+21000,428.0303
gfx938,f8_w8a8_channel,torch.float16,224,352,4096,129,9,0,0,asm,11004+21001,438.6576
gfx938,f8_w8a8_channel,torch.float16,256,352,4096,129,9,0,0,asm,11004+21000,446.2871
gfx938,f8_w8a8_channel,torch.float16,320,352,4096,129,9,0,0,asm,11004+21001,471.8112
gfx938,f8_w8a8_channel,torch.float16,384,352,4096,129,9,0,0,asm,11004+21000,494.91
gfx938,f8_w8a8_channel,torch.float16,448,352,4096,129,9,0,0,asm,11004+21001,535.9625
gfx938,f8_w8a8_channel,torch.float16,512,352,4096,129,9,0,0,asm,12000+22001,566.0424
gfx938,f8_w8a8_channel,torch.float16,768,352,4096,129,9,0,0,asm,12004+22001,633.3263
gfx938,f8_w8a8_channel,torch.float16,896,352,4096,129,9,0,0,asm,12001+22001,714.4207
gfx938,f8_w8a8_channel,torch.float16,960,352,4096,129,9,0,0,asm,12003+22001,785.0646
gfx938,f8_w8a8_channel,torch.float16,1024,352,4096,129,9,0,0,asm,12001+22001,842.2433
gfx938,f8_w8a8_channel,torch.float16,1280,352,4096,129,9,0,0,asm,12001+22001,895.9105
gfx938,f8_w8a8_channel,torch.float16,1536,352,4096,129,9,0,0,asm,12005+22001,955.506
gfx938,f8_w8a8_channel,torch.float16,1920,352,4096,129,9,0,0,asm,12001+22001,1193.5008
gfx938,f8_w8a8_channel,torch.float16,2048,352,4096,129,9,0,0,asm,12001+22001,1239.749
gfx938,f8_w8a8_channel,torch.float16,2304,352,4096,129,9,0,0,asm,12001+22001,1304.8266
gfx938,f8_w8a8_channel,torch.float16,2560,352,4096,129,9,0,0,asm,12001+22001,1346.1569
gfx938,f8_w8a8_channel,torch.float16,3072,352,4096,129,9,0,0,asm,13001+23001,1491.9416
gfx938,f8_w8a8_channel,torch.float16,3584,352,4096,129,9,0,0,asm,13001+23001,1740.909
gfx938,f8_w8a8_channel,torch.float16,3840,352,4096,129,9,0,0,asm,13001+23001,1995.6785
gfx938,f8_w8a8_channel,torch.float16,4096,352,4096,129,9,0,0,asm,13001+23001,2067.636
gfx938,f8_w8a8_channel,torch.float16,4608,352,4096,129,9,0,0,asm,13001+23001,2126.1537
gfx938,f8_w8a8_channel,torch.float16,5120,352,4096,129,9,0,0,asm,13001+23001,2344.7044
gfx938,f8_w8a8_channel,torch.float16,6144,352,4096,129,9,0,0,asm,13001+23001,2914.0914
gfx938,f8_w8a8_channel,torch.float16,7168,352,4096,129,9,0,0,asm,13001+23001,3109.3158
gfx938,f8_w8a8_channel,torch.float16,8192,352,4096,129,9,0,0,asm,13001+23001,3587.9411
gfx938,f8_w8a8_channel,torch.float16,10240,352,4096,129,9,0,0,asm,13001+23001,4377.0662
gfx938,f8_w8a8_channel,torch.float16,12288,352,4096,129,9,0,0,asm,13001+23001,5110.4779
gfx938,f8_w8a8_channel,torch.float16,16384,352,4096,129,9,0,0,asm,13001+23001,6757.208
gfx938,f8_w8a8_channel,torch.float16,24576,352,4096,129,9,0,0,asm,13001+23001,9975.1734
gfx938,f8_w8a8_channel,torch.float16,32768,352,4096,129,9,0,0,asm,13001+23001,13179.6065
gfx936,int8_w8a8_channel,torch.float16,1,384,3072,256,8,0,0,asm,10002+20000,57.8034
gfx936,int8_w8a8_channel,torch.float16,2,384,3072,256,8,0,0,asm,10006+20000,79.9676
gfx936,int8_w8a8_channel,torch.float16,4,384,3072,256,8,0,0,asm,10007+20000,127.3875
gfx936,int8_w8a8_channel,torch.float16,6,384,3072,256,8,0,0,asm,10007+20000,167.0003
gfx936,int8_w8a8_channel,torch.float16,8,384,3072,256,8,0,0,asm,10007+20000,202.6299
gfx936,int8_w8a8_channel,torch.float16,12,384,3072,256,8,0,0,asm,10007+20000,264.5336
gfx936,int8_w8a8_channel,torch.float16,16,384,3072,256,8,0,0,asm,10007+20000,316.8877
gfx936,int8_w8a8_channel,torch.float16,24,384,3072,256,8,0,0,asm,10007+20000,415.3612
gfx936,int8_w8a8_channel,torch.float16,32,384,3072,256,8,0,0,asm,10007+20000,503.9710
gfx936,int8_w8a8_channel,torch.float16,36,384,3072,256,8,0,0,asm,10007+20000,523.2945
gfx936,int8_w8a8_channel,torch.float16,48,384,3072,256,8,0,0,asm,10007+20000,584.4568
gfx936,int8_w8a8_channel,torch.float16,56,384,3072,256,8,0,0,asm,10007+20000,615.8508
gfx936,int8_w8a8_channel,torch.float16,64,384,3072,256,8,0,0,asm,10006+20000,640.557
gfx936,int8_w8a8_channel,torch.float16,72,384,3072,256,8,0,0,asm,10006+20000,664.3161
gfx936,int8_w8a8_channel,torch.float16,80,384,3072,256,8,0,0,asm,10006+20000,687.6761
gfx936,int8_w8a8_channel,torch.float16,88,384,3072,256,8,0,0,asm,10007+20000,708.2149
gfx936,int8_w8a8_channel,torch.float16,96,384,3072,256,8,0,0,asm,10006+20000,716.4591
gfx936,int8_w8a8_channel,torch.float16,100,384,3072,256,8,0,0,asm,10007+20000,721.7644
gfx936,int8_w8a8_channel,torch.float16,112,384,3072,256,8,0,0,asm,10007+20000,734.3622
gfx936,int8_w8a8_channel,torch.float16,128,384,3072,256,8,0,0,asm,10007+20000,751.3221
gfx936,int8_w8a8_channel,torch.float16,144,384,3072,256,8,0,0,asm,10007+20000,759.3304
gfx936,int8_w8a8_channel,torch.float16,160,384,3072,256,8,0,0,asm,10006+20000,767.7599
gfx936,int8_w8a8_channel,torch.float16,192,384,3072,256,8,0,0,asm,10007+20000,782.0504
gfx936,int8_w8a8_channel,torch.float16,224,384,3072,256,8,0,0,asm,10006+20000,795.6587
gfx936,int8_w8a8_channel,torch.float16,256,384,3072,256,8,0,0,asm,10006+20000,804.6354
gfx936,int8_w8a8_channel,torch.float16,320,384,3072,256,8,0,0,asm,10007+20000,830.3447
gfx936,int8_w8a8_channel,torch.float16,384,384,3072,256,8,0,0,asm,11006+21000,854.2437
gfx936,int8_w8a8_channel,torch.float16,448,384,3072,256,8,0,0,asm,11006+21000,872.6016
gfx936,int8_w8a8_channel,torch.float16,512,384,3072,256,8,0,0,asm,11006+21000,887.7257
gfx936,int8_w8a8_channel,torch.float16,640,384,3072,256,8,0,0,asm,11006+21000,921.6457
gfx936,int8_w8a8_channel,torch.float16,768,384,3072,256,8,0,0,asm,11006+21000,952.2567
gfx936,int8_w8a8_channel,torch.float16,896,384,3072,256,8,0,0,asm,12004+22001,1000.5934
gfx936,int8_w8a8_channel,torch.float16,1024,384,3072,256,8,0,0,asm,12004+22001,1024.0714
gfx936,int8_w8a8_channel,torch.float16,1280,384,3072,256,8,0,0,asm,12004+22001,1071.4648
gfx936,int8_w8a8_channel,torch.float16,1536,384,3072,256,8,0,0,asm,12004+22001,1123.8351
gfx936,int8_w8a8_channel,torch.float16,2048,384,3072,256,8,0,0,asm,12005+22001,1284.3736
gfx936,int8_w8a8_channel,torch.float16,2304,384,3072,256,8,0,0,asm,12005+22001,1379.2871
gfx936,int8_w8a8_channel,torch.float16,2560,384,3072,256,8,0,0,asm,13000+23001,1425.6448
gfx936,int8_w8a8_channel,torch.float16,3072,384,3072,256,8,0,0,asm,13000+23001,1514.0309
gfx936,int8_w8a8_channel,torch.float16,3584,384,3072,256,8,0,0,asm,13000+23001,1634.6032
gfx936,int8_w8a8_channel,torch.float16,4096,384,3072,256,8,0,0,asm,13001+23001,1824.514
gfx936,int8_w8a8_channel,torch.float16,5120,384,3072,256,8,0,0,asm,12001+22001,2216.8495
gfx936,int8_w8a8_channel,torch.float16,6144,384,3072,256,8,0,0,asm,13001+23001,2364.4616
gfx936,int8_w8a8_channel,torch.float16,7168,384,3072,256,8,0,0,asm,13001+23001,2538.6083
gfx936,int8_w8a8_channel,torch.float16,8192,384,3072,256,8,0,0,asm,13001+23001,2952.9812
gfx936,int8_w8a8_channel,torch.float16,10240,384,3072,256,8,0,0,asm,13001+23001,3585.1639
gfx936,int8_w8a8_channel,torch.float16,12288,384,3072,256,8,0,0,asm,13001+23001,4181.1698
gfx936,int8_w8a8_channel,torch.float16,16384,384,3072,256,8,0,0,asm,13001+23001,5377.322
gfx936,int8_w8a8_channel,torch.float16,24576,384,3072,256,8,0,0,asm,13001+23001,7906.7003
gfx936,int8_w8a8_channel,torch.float16,32768,384,3072,256,8,0,0,asm,13001+23001,10408.7744
gfx938,f8_w8a8_channel,torch.bfloat16,1,384,3072,256,8,0,0,asm,10008+20001,56.8014
gfx938,f8_w8a8_channel,torch.bfloat16,2,384,3072,256,8,0,0,asm,10006+20000,78.4688
gfx938,f8_w8a8_channel,torch.bfloat16,4,384,3072,256,8,0,0,asm,10008+20000,115.4793
gfx938,f8_w8a8_channel,torch.bfloat16,6,384,3072,256,8,0,0,asm,10008+20001,143.3269
gfx938,f8_w8a8_channel,torch.bfloat16,8,384,3072,256,8,0,0,asm,10008+20001,168.0518
gfx938,f8_w8a8_channel,torch.bfloat16,10,384,3072,256,8,0,0,asm,10008+20000,198.4942
gfx938,f8_w8a8_channel,torch.bfloat16,12,384,3072,256,8,0,0,asm,10008+20000,218.1824
gfx938,f8_w8a8_channel,torch.bfloat16,14,384,3072,256,8,0,0,asm,10008+20001,246.3508
gfx938,f8_w8a8_channel,torch.bfloat16,16,384,3072,256,8,0,0,asm,10008+20001,260.6414
gfx938,f8_w8a8_channel,torch.bfloat16,20,384,3072,256,8,0,0,asm,10008+20001,285.9267
gfx938,f8_w8a8_channel,torch.bfloat16,24,384,3072,256,8,0,0,asm,10009+20000,324.3472
gfx938,f8_w8a8_channel,torch.bfloat16,28,384,3072,256,8,0,0,asm,10008+20000,371.2351
gfx938,f8_w8a8_channel,torch.bfloat16,32,384,3072,256,8,0,0,asm,10009+20000,401.3821
gfx938,f8_w8a8_channel,torch.bfloat16,40,384,3072,256,8,0,0,asm,10008+20000,416.0406
gfx938,f8_w8a8_channel,torch.bfloat16,48,384,3072,256,8,0,0,asm,10008+20000,437.1265
gfx938,f8_w8a8_channel,torch.bfloat16,56,384,3072,256,8,0,0,asm,10008+20000,464.1327
gfx938,f8_w8a8_channel,torch.bfloat16,64,384,3072,256,8,0,0,asm,10009+20000,486.4736
gfx938,f8_w8a8_channel,torch.bfloat16,80,384,3072,256,8,0,0,asm,10008+20000,515.6278
gfx938,f8_w8a8_channel,torch.bfloat16,96,384,3072,256,8,0,0,asm,10008+20001,529.6064
gfx938,f8_w8a8_channel,torch.bfloat16,112,384,3072,256,8,0,0,asm,10009+20000,549.48
gfx938,f8_w8a8_channel,torch.bfloat16,128,384,3072,256,8,0,0,asm,10008+20000,556.95
gfx938,f8_w8a8_channel,torch.bfloat16,144,384,3072,256,8,0,0,asm,10008+20000,568.1834
gfx938,f8_w8a8_channel,torch.bfloat16,160,384,3072,256,8,0,0,asm,10008+20000,565.9267
gfx938,f8_w8a8_channel,torch.bfloat16,192,384,3072,256,8,0,0,asm,10008+20001,568.8486
gfx938,f8_w8a8_channel,torch.bfloat16,224,384,3072,256,8,0,0,asm,10008+20000,587.5265
gfx938,f8_w8a8_channel,torch.bfloat16,256,384,3072,256,8,0,0,asm,10008+20000,593.312
gfx938,f8_w8a8_channel,torch.bfloat16,320,384,3072,256,8,0,0,asm,10008+20000,605.1096
gfx938,f8_w8a8_channel,torch.bfloat16,384,384,3072,256,8,0,0,asm,10008+20001,618.6843
gfx938,f8_w8a8_channel,torch.bfloat16,448,384,3072,256,8,0,0,asm,11005+21000,641.8338
gfx938,f8_w8a8_channel,torch.bfloat16,512,384,3072,256,8,0,0,asm,11004+21000,655.9811
gfx938,f8_w8a8_channel,torch.bfloat16,640,384,3072,256,8,0,0,asm,11003+21001,702.7938
gfx938,f8_w8a8_channel,torch.bfloat16,768,384,3072,256,8,0,0,asm,11004+21001,706.5496
gfx938,f8_w8a8_channel,torch.bfloat16,896,384,3072,256,8,0,0,asm,11003+21001,733.7411
gfx938,f8_w8a8_channel,torch.bfloat16,1024,384,3072,256,8,0,0,asm,11005+21001,799.7124
gfx938,f8_w8a8_channel,torch.bfloat16,2048,384,3072,256,8,0,0,asm,12005+22001,1056.9581
gfx938,f8_w8a8_channel,torch.bfloat16,3072,384,3072,256,8,0,0,asm,13001+23001,1302.3712
gfx938,f8_w8a8_channel,torch.bfloat16,4096,384,3072,256,8,0,0,asm,12005+22001,1747.0977
gfx938,f8_w8a8_channel,torch.bfloat16,8192,384,3072,256,8,0,0,asm,13001+23001,2859.5095
gfx938,f8_w8a8_channel,torch.bfloat16,16384,384,3072,256,8,0,0,asm,13001+23000,5426.4121
gfx938,f8_w8a8_channel,torch.bfloat16,32768,384,3072,256,8,0,0,asm,13001+23001,10101.1767
gfx938,f8_w8a8_channel,torch.bfloat16,65536,384,3072,256,8,0,0,asm,13001+23001,19664.6929
gfx936,int8_w8a8_channel,torch.float16,1,192,3072,256,8,0,0,asm,10006+20000,44.8855
gfx936,int8_w8a8_channel,torch.float16,2,192,3072,256,8,0,0,asm,10009+20000,60.4898
gfx936,int8_w8a8_channel,torch.float16,4,192,3072,256,8,0,0,asm,10013+20000,83.9172
gfx936,int8_w8a8_channel,torch.float16,6,192,3072,256,8,0,0,asm,10006+20000,104.9866
gfx936,int8_w8a8_channel,torch.float16,8,192,3072,256,8,0,0,asm,10009+20001,125.0032
gfx936,int8_w8a8_channel,torch.float16,12,192,3072,256,8,0,0,asm,10010+20000,160.2622
gfx936,int8_w8a8_channel,torch.float16,16,192,3072,256,8,0,0,asm,10006+20000,188.6327
gfx936,int8_w8a8_channel,torch.float16,24,192,3072,256,8,0,0,asm,10007+20001,236.7812
gfx936,int8_w8a8_channel,torch.float16,32,192,3072,256,8,0,0,asm,10007+20001,292.8094
gfx936,int8_w8a8_channel,torch.float16,36,192,3072,256,8,0,0,asm,10007+20001,296.5958
gfx936,int8_w8a8_channel,torch.float16,48,192,3072,256,8,0,0,asm,10007+20000,328.3769
gfx936,int8_w8a8_channel,torch.float16,56,192,3072,256,8,0,0,asm,10007+20001,343.5516
gfx936,int8_w8a8_channel,torch.float16,64,192,3072,256,8,0,0,asm,10007+20001,356.6294
gfx936,int8_w8a8_channel,torch.float16,72,192,3072,256,8,0,0,asm,10007+20001,369.8757
gfx936,int8_w8a8_channel,torch.float16,80,192,3072,256,8,0,0,asm,10006+20001,377.9768
gfx936,int8_w8a8_channel,torch.float16,88,192,3072,256,8,0,0,asm,10006+20001,389.4547
gfx936,int8_w8a8_channel,torch.float16,96,192,3072,256,8,0,0,asm,10006+20000,396.4441
gfx936,int8_w8a8_channel,torch.float16,100,192,3072,256,8,0,0,asm,10007+20000,395.9387
gfx936,int8_w8a8_channel,torch.float16,112,192,3072,256,8,0,0,asm,10007+20001,404.8062
gfx936,int8_w8a8_channel,torch.float16,128,192,3072,256,8,0,0,asm,10006+20000,418.9955
gfx936,int8_w8a8_channel,torch.float16,144,192,3072,256,8,0,0,asm,10006+20001,422.4733
gfx936,int8_w8a8_channel,torch.float16,160,192,3072,256,8,0,0,asm,10006+20001,426.6501
gfx936,int8_w8a8_channel,torch.float16,192,192,3072,256,8,0,0,asm,10006+20001,435.0712
gfx936,int8_w8a8_channel,torch.float16,224,192,3072,256,8,0,0,asm,10006+20001,441.6734
gfx936,int8_w8a8_channel,torch.float16,256,192,3072,256,8,0,0,asm,10006+20001,449.2776
gfx936,int8_w8a8_channel,torch.float16,320,192,3072,256,8,0,0,asm,10007+20001,465.3449
gfx936,int8_w8a8_channel,torch.float16,384,192,3072,256,8,0,0,asm,10007+20001,483.1134
gfx936,int8_w8a8_channel,torch.float16,448,192,3072,256,8,0,0,asm,11006+21001,496.2418
gfx936,int8_w8a8_channel,torch.float16,512,192,3072,256,8,0,0,asm,11006+21001,511.8880
gfx936,int8_w8a8_channel,torch.float16,640,192,3072,256,8,0,0,asm,11006+21001,536.2923
gfx936,int8_w8a8_channel,torch.float16,768,192,3072,256,8,0,0,asm,11006+21001,565.488
gfx936,int8_w8a8_channel,torch.float16,896,192,3072,256,8,0,0,asm,11004+21001,592.8648
gfx936,int8_w8a8_channel,torch.float16,1024,192,3072,256,8,0,0,asm,11004+21001,632.0227
gfx936,int8_w8a8_channel,torch.float16,1280,192,3072,256,8,0,0,asm,12004+22001,678.2626
gfx936,int8_w8a8_channel,torch.float16,1536,192,3072,256,8,0,0,asm,12004+22001,721.7235
gfx936,int8_w8a8_channel,torch.float16,2048,192,3072,256,8,0,0,asm,12000+22001,866.7338
gfx936,int8_w8a8_channel,torch.float16,2304,192,3072,256,8,0,0,asm,13001+23001,968.9905
gfx936,int8_w8a8_channel,torch.float16,2560,192,3072,256,8,0,0,asm,13001+23001,1005.2935
gfx936,int8_w8a8_channel,torch.float16,3072,192,3072,256,8,0,0,asm,13000+23001,1075.8535
gfx936,int8_w8a8_channel,torch.float16,3584,192,3072,256,8,0,0,asm,13001+23001,1161.3776
gfx936,int8_w8a8_channel,torch.float16,4096,192,3072,256,8,0,0,asm,13001+23001,1384.6193
gfx936,int8_w8a8_channel,torch.float16,5120,192,3072,256,8,0,0,asm,12000+22001,1677.0231
gfx936,int8_w8a8_channel,torch.float16,6144,192,3072,256,8,0,0,asm,13001+23001,1893.4521
gfx936,int8_w8a8_channel,torch.float16,7168,192,3072,256,8,0,0,asm,13001+23001,2042.8661
gfx936,int8_w8a8_channel,torch.float16,8192,192,3072,256,8,0,0,asm,13001+23001,2372.4733
gfx936,int8_w8a8_channel,torch.float16,10240,192,3072,256,8,0,0,asm,13001+23001,2884.8177
gfx936,int8_w8a8_channel,torch.float16,12288,192,3072,256,8,0,0,asm,13001+23001,3381.5416
gfx936,int8_w8a8_channel,torch.float16,16384,192,3072,256,8,0,0,asm,13001+23001,4384.9761
gfx936,int8_w8a8_channel,torch.float16,24576,192,3072,256,8,0,0,asm,13001+23001,6428.7541
gfx936,int8_w8a8_channel,torch.float16,32768,192,3072,256,8,0,0,asm,13001+23001,8504.9194
gfx936,int8_w8a8_channel,torch.float16,1,192,5120,160,8,0,0,asm,10006+20000,52.2624
gfx936,int8_w8a8_channel,torch.float16,2,192,5120,160,8,0,0,asm,10009+20000,70.2834
gfx936,int8_w8a8_channel,torch.float16,4,192,5120,160,8,0,0,asm,10002+20000,103.8327
gfx936,int8_w8a8_channel,torch.float16,6,192,5120,160,8,0,0,asm,10007+20000,139.0834
gfx936,int8_w8a8_channel,torch.float16,8,192,5120,160,8,0,0,asm,10007+20000,171.4032
gfx936,int8_w8a8_channel,torch.float16,12,192,5120,160,8,0,0,asm,10007+20001,233.6516
gfx936,int8_w8a8_channel,torch.float16,16,192,5120,160,8,0,0,asm,10007+20000,268.1862
gfx936,int8_w8a8_channel,torch.float16,24,192,5120,160,8,0,0,asm,10007+20001,321.5474
gfx936,int8_w8a8_channel,torch.float16,32,192,5120,160,8,0,0,asm,10007+20001,362.0808
gfx936,int8_w8a8_channel,torch.float16,36,192,5120,160,8,0,0,asm,10006+20001,372.5115
gfx936,int8_w8a8_channel,torch.float16,48,192,5120,160,8,0,0,asm,10007+20000,397.1009
gfx936,int8_w8a8_channel,torch.float16,56,192,5120,160,8,0,0,asm,10007+20000,410.7262
gfx936,int8_w8a8_channel,torch.float16,64,192,5120,160,8,0,0,asm,10007+20000,416.1324
gfx936,int8_w8a8_channel,torch.float16,72,192,5120,160,8,0,0,asm,10007+20001,423.3745
gfx936,int8_w8a8_channel,torch.float16,80,192,5120,160,8,0,0,asm,10007+20000,430.4229
gfx936,int8_w8a8_channel,torch.float16,88,192,5120,160,8,0,0,asm,10007+20001,432.8483
gfx936,int8_w8a8_channel,torch.float16,96,192,5120,160,8,0,0,asm,10006+20001,437.564
gfx936,int8_w8a8_channel,torch.float16,100,192,5120,160,8,0,0,asm,10001+20001,439.9303
gfx936,int8_w8a8_channel,torch.float16,112,192,5120,160,8,0,0,asm,10006+20001,443.0629
gfx936,int8_w8a8_channel,torch.float16,128,192,5120,160,8,0,0,asm,10006+20001,446.1113
gfx936,int8_w8a8_channel,torch.float16,144,192,5120,160,8,0,0,asm,10007+20001,452.2587
gfx936,int8_w8a8_channel,torch.float16,160,192,5120,160,8,0,0,asm,10006+20001,457.2608
gfx936,int8_w8a8_channel,torch.float16,192,192,5120,160,8,0,0,asm,10006+20001,466.7092
gfx936,int8_w8a8_channel,torch.float16,224,192,5120,160,8,0,0,asm,10006+20001,476.2418
gfx936,int8_w8a8_channel,torch.float16,256,192,5120,160,8,0,0,asm,10006+20001,490.3724
gfx936,int8_w8a8_channel,torch.float16,320,192,5120,160,8,0,0,asm,11006+21001,506.7597
gfx936,int8_w8a8_channel,torch.float16,384,192,5120,160,8,0,0,asm,11006+21001,525.1344
gfx936,int8_w8a8_channel,torch.float16,448,192,5120,160,8,0,0,asm,11006+21001,540.646
gfx936,int8_w8a8_channel,torch.float16,512,192,5120,160,8,0,0,asm,11006+21001,575.2648
gfx936,int8_w8a8_channel,torch.float16,640,192,5120,160,8,0,0,asm,12004+22001,626.5237
gfx936,int8_w8a8_channel,torch.float16,768,192,5120,160,8,0,0,asm,12004+22001,656.4268
gfx936,int8_w8a8_channel,torch.float16,896,192,5120,160,8,0,0,asm,12004+22001,681.1089
gfx936,int8_w8a8_channel,torch.float16,1024,192,5120,160,8,0,0,asm,12004+22001,722.4309
gfx936,int8_w8a8_channel,torch.float16,1280,192,5120,160,8,0,0,asm,12004+22001,840.5107
gfx936,int8_w8a8_channel,torch.float16,1536,192,5120,160,8,0,0,asm,13001+23001,962.6073
gfx936,int8_w8a8_channel,torch.float16,2048,192,5120,160,8,0,0,asm,13001+23001,1058.4304
gfx936,int8_w8a8_channel,torch.float16,2304,192,5120,160,8,0,0,asm,13001+23001,1153.0744
gfx936,int8_w8a8_channel,torch.float16,2560,192,5120,160,8,0,0,asm,12001+22001,1339.7014
gfx936,int8_w8a8_channel,torch.float16,3072,192,5120,160,8,0,0,asm,12001+22001,1563.2211
gfx936,int8_w8a8_channel,torch.float16,3584,192,5120,160,8,0,0,asm,12001+22001,1709.4608
gfx936,int8_w8a8_channel,torch.float16,4096,192,5120,160,8,0,0,asm,13001+23001,1842.4543
gfx936,int8_w8a8_channel,torch.float16,5120,192,5120,160,8,0,0,asm,13001+23001,2276.4578
gfx936,int8_w8a8_channel,torch.float16,6144,192,5120,160,8,0,0,asm,13001+23001,2694.0318
gfx936,int8_w8a8_channel,torch.float16,7168,192,5120,160,8,0,0,asm,13001+23001,2929.3831
gfx936,int8_w8a8_channel,torch.float16,8192,192,5120,160,8,0,0,asm,13001+23001,3537.1883
gfx936,int8_w8a8_channel,torch.float16,10240,192,5120,160,8,0,0,asm,13001+23001,4197.0934
gfx936,int8_w8a8_channel,torch.float16,12288,192,5120,160,8,0,0,asm,13001+23001,4879.3646
gfx936,int8_w8a8_channel,torch.float16,16384,192,5120,160,8,0,0,asm,13001+23001,6534.0736
gfx936,int8_w8a8_channel,torch.float16,24576,192,5120,160,8,0,0,asm,13001+23001,9540.3264
gfx936,int8_w8a8_channel,torch.float16,32768,192,5120,160,8,0,0,asm,13001+23001,12666.0375
gfx936,int8_w8a8_channel,torch.float16,1,96,5120,160,8,0,0,asm,10001+20000,42.0897
gfx936,int8_w8a8_channel,torch.float16,2,96,5120,160,8,0,0,asm,10006+20001,51.6561
gfx936,int8_w8a8_channel,torch.float16,4,96,5120,160,8,0,0,asm,10010+20001,71.9255
gfx936,int8_w8a8_channel,torch.float16,6,96,5120,160,8,0,0,asm,10011+20001,89.837
gfx936,int8_w8a8_channel,torch.float16,8,96,5120,160,8,0,0,asm,10013+20001,105.9211
gfx936,int8_w8a8_channel,torch.float16,12,96,5120,160,8,0,0,asm,10006+20001,143.3947
gfx936,int8_w8a8_channel,torch.float16,16,96,5120,160,8,0,0,asm,10006+20001,162.0727
gfx936,int8_w8a8_channel,torch.float16,24,96,5120,160,8,0,0,asm,10006+20001,189.3033
gfx936,int8_w8a8_channel,torch.float16,32,96,5120,160,8,0,0,asm,10007+20001,215.8915
gfx936,int8_w8a8_channel,torch.float16,36,96,5120,160,8,0,0,asm,10006+20001,217.2443
gfx936,int8_w8a8_channel,torch.float16,48,96,5120,160,8,0,0,asm,10006+20001,230.3644
gfx936,int8_w8a8_channel,torch.float16,56,96,5120,160,8,0,0,asm,10008+20001,241.438
gfx936,int8_w8a8_channel,torch.float16,64,96,5120,160,8,0,0,asm,10008+20001,246.0443
gfx936,int8_w8a8_channel,torch.float16,72,96,5120,160,8,0,0,asm,10007+20001,248.8653
gfx936,int8_w8a8_channel,torch.float16,80,96,5120,160,8,0,0,asm,10007+20001,252.1325
gfx936,int8_w8a8_channel,torch.float16,88,96,5120,160,8,0,0,asm,10007+20001,253.3452
gfx936,int8_w8a8_channel,torch.float16,96,96,5120,160,8,0,0,asm,10007+20001,254.6589
gfx936,int8_w8a8_channel,torch.float16,100,96,5120,160,8,0,0,asm,10007+20001,258.5915
gfx936,int8_w8a8_channel,torch.float16,112,96,5120,160,8,0,0,asm,10010+20001,261.1095
gfx936,int8_w8a8_channel,torch.float16,128,96,5120,160,8,0,0,asm,10008+20001,265.8504
gfx936,int8_w8a8_channel,torch.float16,144,96,5120,160,8,0,0,asm,10006+20001,273.5389
gfx936,int8_w8a8_channel,torch.float16,160,96,5120,160,8,0,0,asm,10006+20001,276.6042
gfx936,int8_w8a8_channel,torch.float16,192,96,5120,160,8,0,0,asm,10006+20001,282.76
gfx936,int8_w8a8_channel,torch.float16,224,96,5120,160,8,0,0,asm,10006+20001,293.7663
gfx936,int8_w8a8_channel,torch.float16,256,96,5120,160,8,0,0,asm,10013+20001,302.4736
gfx936,int8_w8a8_channel,torch.float16,320,96,5120,160,8,0,0,asm,11004+21001,321.4126
gfx936,int8_w8a8_channel,torch.float16,384,96,5120,160,8,0,0,asm,11007+21001,337.4463
gfx936,int8_w8a8_channel,torch.float16,448,96,5120,160,8,0,0,asm,11007+21001,347.8715
gfx936,int8_w8a8_channel,torch.float16,512,96,5120,160,8,0,0,asm,11005+21001,372.8314
gfx936,int8_w8a8_channel,torch.float16,640,96,5120,160,8,0,0,asm,11005+21001,421.7914
gfx936,int8_w8a8_channel,torch.float16,768,96,5120,160,8,0,0,asm,12004+22001,469.1428
gfx936,int8_w8a8_channel,torch.float16,896,96,5120,160,8,0,0,asm,12005+22001,493.4038
gfx936,int8_w8a8_channel,torch.float16,1024,96,5120,160,8,0,0,asm,12005+22001,519.3238
gfx936,int8_w8a8_channel,torch.float16,1280,96,5120,160,8,0,0,asm,12005+22001,622.8689
gfx936,int8_w8a8_channel,torch.float16,1536,96,5120,160,8,0,0,asm,12001+22001,744.5023
gfx936,int8_w8a8_channel,torch.float16,2048,96,5120,160,8,0,0,asm,13001+23001,832.9569
gfx936,int8_w8a8_channel,torch.float16,2304,96,5120,160,8,0,0,asm,13001+23001,898.0432
gfx936,int8_w8a8_channel,torch.float16,2560,96,5120,160,8,0,0,asm,12001+22001,1039.8702
gfx936,int8_w8a8_channel,torch.float16,3072,96,5120,160,8,0,0,asm,12005+22001,1214.0004
gfx936,int8_w8a8_channel,torch.float16,3584,96,5120,160,8,0,0,asm,12005+22001,1325.1582
gfx936,int8_w8a8_channel,torch.float16,4096,96,5120,160,8,0,0,asm,13001+23001,1482.2526
gfx936,int8_w8a8_channel,torch.float16,5120,96,5120,160,8,0,0,asm,13001+23001,1854.3025
gfx936,int8_w8a8_channel,torch.float16,6144,96,5120,160,8,0,0,asm,13001+23001,2196.5587
gfx936,int8_w8a8_channel,torch.float16,7168,96,5120,160,8,0,0,asm,13001+23001,2383.1689
gfx936,int8_w8a8_channel,torch.float16,8192,96,5120,160,8,0,0,asm,13001+23001,2855.7492
gfx936,int8_w8a8_channel,torch.float16,10240,96,5120,160,8,0,0,asm,13001+23001,3437.3146
gfx936,int8_w8a8_channel,torch.float16,12288,96,5120,160,8,0,0,asm,13001+23001,3987.7221
gfx936,int8_w8a8_channel,torch.float16,16384,96,5120,160,8,0,0,asm,13001+23001,5349.7577
gfx936,int8_w8a8_channel,torch.float16,24576,96,5120,160,8,0,0,asm,13001+23001,7825.0634
gfx936,int8_w8a8_channel,torch.float16,32768,96,5120,160,8,0,0,asm,13001+23001,10289.2112
gfx936,int8_w8a8_channel,torch.float16,1,192,4096,128,8,0,0,asm,10001+20000,49.4919
gfx936,int8_w8a8_channel,torch.float16,2,192,4096,128,8,0,0,asm,10003+20000,66.0476
gfx936,int8_w8a8_channel,torch.float16,4,192,4096,128,8,0,0,asm,10001+20000,94.2496
gfx936,int8_w8a8_channel,torch.float16,6,192,4096,128,8,0,0,asm,10004+20001,120.3632
gfx936,int8_w8a8_channel,torch.float16,8,192,4096,128,8,0,0,asm,10001+20000,143.3105
gfx936,int8_w8a8_channel,torch.float16,12,192,4096,128,8,0,0,asm,10001+20000,180.2621
gfx936,int8_w8a8_channel,torch.float16,16,192,4096,128,8,0,0,asm,10004+20000,208.0346
gfx936,int8_w8a8_channel,torch.float16,24,192,4096,128,8,0,0,asm,10001+20000,239.1557
gfx936,int8_w8a8_channel,torch.float16,32,192,4096,128,8,0,0,asm,10001+20001,259.3861
gfx936,int8_w8a8_channel,torch.float16,36,192,4096,128,8,0,0,asm,10001+20000,264.5032
gfx936,int8_w8a8_channel,torch.float16,48,192,4096,128,8,0,0,asm,10001+20001,291.3578
gfx936,int8_w8a8_channel,torch.float16,56,192,4096,128,8,0,0,asm,10001+20000,291.1558
gfx936,int8_w8a8_channel,torch.float16,64,192,4096,128,8,0,0,asm,10001+20000,306.3335
gfx936,int8_w8a8_channel,torch.float16,72,192,4096,128,8,0,0,asm,10001+20000,297.4295
gfx936,int8_w8a8_channel,torch.float16,80,192,4096,128,8,0,0,asm,10001+20000,300.5621
gfx936,int8_w8a8_channel,torch.float16,88,192,4096,128,8,0,0,asm,10001+20000,303.5936
gfx936,int8_w8a8_channel,torch.float16,96,192,4096,128,8,0,0,asm,10001+20000,305.0337
gfx936,int8_w8a8_channel,torch.float16,100,192,4096,128,8,0,0,asm,10001+20000,306.1537
gfx936,int8_w8a8_channel,torch.float16,112,192,4096,128,8,0,0,asm,10001+20000,308.8231
gfx936,int8_w8a8_channel,torch.float16,128,192,4096,128,8,0,0,asm,10001+20001,313.1853
gfx936,int8_w8a8_channel,torch.float16,144,192,4096,128,8,0,0,asm,10001+20001,319.6357
gfx936,int8_w8a8_channel,torch.float16,160,192,4096,128,8,0,0,asm,10001+20001,324.4863
gfx936,int8_w8a8_channel,torch.float16,192,192,4096,128,8,0,0,asm,10006+20001,338.3978
gfx936,int8_w8a8_channel,torch.float16,224,192,4096,128,8,0,0,asm,10007+20001,351.7957
gfx936,int8_w8a8_channel,torch.float16,256,192,4096,128,8,0,0,asm,10007+20001,364.2756
gfx936,int8_w8a8_channel,torch.float16,320,192,4096,128,8,0,0,asm,11000+21001,388.1662
gfx936,int8_w8a8_channel,torch.float16,384,192,4096,128,8,0,0,asm,11000+21001,406.0188
gfx936,int8_w8a8_channel,torch.float16,448,192,4096,128,8,0,0,asm,11006+21001,425.2861
gfx936,int8_w8a8_channel,torch.float16,512,192,4096,128,8,0,0,asm,11006+21001,446.7596
gfx936,int8_w8a8_channel,torch.float16,640,192,4096,128,8,0,0,asm,11004+21001,495.1384
gfx936,int8_w8a8_channel,torch.float16,768,192,4096,128,8,0,0,asm,12004+22001,529.7151
gfx936,int8_w8a8_channel,torch.float16,896,192,4096,128,8,0,0,asm,12004+22001,549.2014
gfx936,int8_w8a8_channel,torch.float16,1024,192,4096,128,8,0,0,asm,12004+22001,599.2392
gfx936,int8_w8a8_channel,torch.float16,1280,192,4096,128,8,0,0,asm,12001+22001,711.3232
gfx936,int8_w8a8_channel,torch.float16,1536,192,4096,128,8,0,0,asm,12001+22001,757.8579
gfx936,int8_w8a8_channel,torch.float16,2048,192,4096,128,8,0,0,asm,12001+22001,912.6535
gfx936,int8_w8a8_channel,torch.float16,2304,192,4096,128,8,0,0,asm,12001+22001,1026.4976
gfx936,int8_w8a8_channel,torch.float16,2560,192,4096,128,8,0,0,asm,12001+22001,1080.5522
gfx936,int8_w8a8_channel,torch.float16,3072,192,4096,128,8,0,0,asm,13001+23001,1229.0909
gfx936,int8_w8a8_channel,torch.float16,3584,192,4096,128,8,0,0,asm,13001+23001,1326.9518
gfx936,int8_w8a8_channel,torch.float16,4096,192,4096,128,8,0,0,asm,13001+23001,1519.4988
gfx936,int8_w8a8_channel,torch.float16,5120,192,4096,128,8,0,0,asm,13001+23001,1839.1447
gfx936,int8_w8a8_channel,torch.float16,6144,192,4096,128,8,0,0,asm,13001+23001,2176.0198
gfx936,int8_w8a8_channel,torch.float16,7168,192,4096,128,8,0,0,asm,13001+23001,2477.9225
gfx936,int8_w8a8_channel,torch.float16,8192,192,4096,128,8,0,0,asm,13001+23001,2777.7368
gfx936,int8_w8a8_channel,torch.float16,10240,192,4096,128,8,0,0,asm,13001+23001,3406.7548
gfx936,int8_w8a8_channel,torch.float16,12288,192,4096,128,8,0,0,asm,13001+23001,4037.6253
gfx936,int8_w8a8_channel,torch.float16,16384,192,4096,128,8,0,0,asm,13001+23001,5310.6843
gfx936,int8_w8a8_channel,torch.float16,24576,192,4096,128,8,0,0,asm,13001+23001,7871.7663
gfx936,int8_w8a8_channel,torch.float16,32768,192,4096,128,8,0,0,asm,13001+23001,10420.6629
gfx936,int8_w8a8_channel,torch.float16,1,96,4096,128,8,0,0,asm,10000+20001,39.8919
gfx936,int8_w8a8_channel,torch.float16,2,96,4096,128,8,0,0,asm,10000+20001,51.8832
gfx936,int8_w8a8_channel,torch.float16,4,96,4096,128,8,0,0,asm,10001+20001,68.3214
gfx936,int8_w8a8_channel,torch.float16,6,96,4096,128,8,0,0,asm,10004+20001,83.2014
gfx936,int8_w8a8_channel,torch.float16,8,96,4096,128,8,0,0,asm,10001+20001,94.8645
gfx936,int8_w8a8_channel,torch.float16,12,96,4096,128,8,0,0,asm,10001+20001,118.1485
gfx936,int8_w8a8_channel,torch.float16,16,96,4096,128,8,0,0,asm,10001+20001,135.2013
gfx936,int8_w8a8_channel,torch.float16,24,96,4096,128,8,0,0,asm,10001+20001,151.198
gfx936,int8_w8a8_channel,torch.float16,32,96,4096,128,8,0,0,asm,10001+20001,163.2264
gfx936,int8_w8a8_channel,torch.float16,36,96,4096,128,8,0,0,asm,10001+20001,160.5708
gfx936,int8_w8a8_channel,torch.float16,48,96,4096,128,8,0,0,asm,10001+20001,177.8002
gfx936,int8_w8a8_channel,torch.float16,56,96,4096,128,8,0,0,asm,10001+20001,178.8275
gfx936,int8_w8a8_channel,torch.float16,64,96,4096,128,8,0,0,asm,10001+20001,193.2052
gfx936,int8_w8a8_channel,torch.float16,72,96,4096,128,8,0,0,asm,10001+20001,184.4949
gfx936,int8_w8a8_channel,torch.float16,80,96,4096,128,8,0,0,asm,10001+20001,183.1728
gfx936,int8_w8a8_channel,torch.float16,88,96,4096,128,8,0,0,asm,10001+20001,186.7517
gfx936,int8_w8a8_channel,torch.float16,96,96,4096,128,8,0,0,asm,10001+20001,190.8023
gfx936,int8_w8a8_channel,torch.float16,100,96,4096,128,8,0,0,asm,10001+20001,188.0907
gfx936,int8_w8a8_channel,torch.float16,112,96,4096,128,8,0,0,asm,10001+20001,191.3074
gfx936,int8_w8a8_channel,torch.float16,128,96,4096,128,8,0,0,asm,10001+20001,197.4464
gfx936,int8_w8a8_channel,torch.float16,144,96,4096,128,8,0,0,asm,10001+20001,198.1539
gfx936,int8_w8a8_channel,torch.float16,160,96,4096,128,8,0,0,asm,10001+20001,203.0464
gfx936,int8_w8a8_channel,torch.float16,192,96,4096,128,8,0,0,asm,10004+20001,212.4527
gfx936,int8_w8a8_channel,torch.float16,224,96,4096,128,8,0,0,asm,10006+20001,227.6695
gfx936,int8_w8a8_channel,torch.float16,256,96,4096,128,8,0,0,asm,10006+20001,235.0968
gfx936,int8_w8a8_channel,torch.float16,320,96,4096,128,8,0,0,asm,11000+21001,257.539
gfx936,int8_w8a8_channel,torch.float16,384,96,4096,128,8,0,0,asm,11000+21001,269.9684
gfx936,int8_w8a8_channel,torch.float16,448,96,4096,128,8,0,0,asm,11004+21001,284.2084
gfx936,int8_w8a8_channel,torch.float16,512,96,4096,128,8,0,0,asm,11004+21001,309.8589
gfx936,int8_w8a8_channel,torch.float16,640,96,4096,128,8,0,0,asm,12004+22001,353.4631
gfx936,int8_w8a8_channel,torch.float16,768,96,4096,128,8,0,0,asm,12004+22001,373.0925
gfx936,int8_w8a8_channel,torch.float16,896,96,4096,128,8,0,0,asm,12000+22001,399.3156
gfx936,int8_w8a8_channel,torch.float16,1024,96,4096,128,8,0,0,asm,12000+22001,445.0587
gfx936,int8_w8a8_channel,torch.float16,1280,96,4096,128,8,0,0,asm,11005+21001,529.2775
gfx936,int8_w8a8_channel,torch.float16,1536,96,4096,128,8,0,0,asm,12005+22001,581.3195
gfx936,int8_w8a8_channel,torch.float16,2048,96,4096,128,8,0,0,asm,12005+22001,703.7529
gfx936,int8_w8a8_channel,torch.float16,2304,96,4096,128,8,0,0,asm,12005+22001,797.5802
gfx936,int8_w8a8_channel,torch.float16,2560,96,4096,128,8,0,0,asm,12005+22001,838.2538
gfx936,int8_w8a8_channel,torch.float16,3072,96,4096,128,8,0,0,asm,12001+22001,962.8515
gfx936,int8_w8a8_channel,torch.float16,3584,96,4096,128,8,0,0,asm,13001+23000,1089.4702
gfx936,int8_w8a8_channel,torch.float16,4096,96,4096,128,8,0,0,asm,13001+23001,1229.4868
gfx936,int8_w8a8_channel,torch.float16,5120,96,4096,128,8,0,0,asm,13001+23001,1491.0864
gfx936,int8_w8a8_channel,torch.float16,6144,96,4096,128,8,0,0,asm,13001+23001,1771.3386
gfx936,int8_w8a8_channel,torch.float16,7168,96,4096,128,8,0,0,asm,13001+23001,1998.9508
gfx936,int8_w8a8_channel,torch.float16,8192,96,4096,128,8,0,0,asm,13001+23001,2247.9693
gfx936,int8_w8a8_channel,torch.float16,10240,96,4096,128,8,0,0,asm,13001+23001,2772.4906
gfx936,int8_w8a8_channel,torch.float16,12288,96,4096,128,8,0,0,asm,13001+23001,3282.9993
gfx936,int8_w8a8_channel,torch.float16,16384,96,4096,128,8,0,0,asm,13001+23001,4321.1449
gfx936,int8_w8a8_channel,torch.float16,24576,96,4096,128,8,0,0,asm,13001+23001,6393.1752
gfx936,int8_w8a8_channel,torch.float16,32768,96,4096,128,8,0,0,asm,13001+23001,8450.1147
gfx936,int8_w8a8_channel,torch.float16,1,256,3072,256,8,0,0,asm,10002+20000,48.5319
gfx936,int8_w8a8_channel,torch.float16,2,256,3072,256,8,0,0,asm,10009+20000,64.8519
gfx936,int8_w8a8_channel,torch.float16,4,256,3072,256,8,0,0,asm,10006+20000,97.4833
gfx936,int8_w8a8_channel,torch.float16,6,256,3072,256,8,0,0,asm,10009+20000,123.5382
gfx936,int8_w8a8_channel,torch.float16,8,256,3072,256,8,0,0,asm,10007+20000,148.1611
gfx936,int8_w8a8_channel,torch.float16,12,256,3072,256,8,0,0,asm,10007+20001,195.8077
gfx936,int8_w8a8_channel,torch.float16,16,256,3072,256,8,0,0,asm,10007+20000,230.0055
gfx936,int8_w8a8_channel,torch.float16,24,256,3072,256,8,0,0,asm,10007+20001,293.6989
gfx936,int8_w8a8_channel,torch.float16,32,256,3072,256,8,0,0,asm,10007+20001,360.8176
gfx936,int8_w8a8_channel,torch.float16,36,256,3072,256,8,0,0,asm,10007+20001,368.5452
gfx936,int8_w8a8_channel,torch.float16,48,256,3072,256,8,0,0,asm,10007+20000,410.6672
gfx936,int8_w8a8_channel,torch.float16,56,256,3072,256,8,0,0,asm,10007+20001,434.7514
gfx936,int8_w8a8_channel,torch.float16,64,256,3072,256,8,0,0,asm,10006+20000,449.4966
gfx936,int8_w8a8_channel,torch.float16,72,256,3072,256,8,0,0,asm,10007+20001,465.8249
gfx936,int8_w8a8_channel,torch.float16,80,256,3072,256,8,0,0,asm,10007+20001,480.9155
gfx936,int8_w8a8_channel,torch.float16,88,256,3072,256,8,0,0,asm,10006+20001,495.1807
gfx936,int8_w8a8_channel,torch.float16,96,256,3072,256,8,0,0,asm,10007+20001,504.3090
gfx936,int8_w8a8_channel,torch.float16,100,256,3072,256,8,0,0,asm,10006+20001,503.5680
gfx936,int8_w8a8_channel,torch.float16,112,256,3072,256,8,0,0,asm,10007+20001,513.446
gfx936,int8_w8a8_channel,torch.float16,128,256,3072,256,8,0,0,asm,10006+20001,526.3723
gfx936,int8_w8a8_channel,torch.float16,144,256,3072,256,8,0,0,asm,10006+20001,532.8817
gfx936,int8_w8a8_channel,torch.float16,160,256,3072,256,8,0,0,asm,10007+20001,539.686
gfx936,int8_w8a8_channel,torch.float16,192,256,3072,256,8,0,0,asm,10006+20001,547.0795
gfx936,int8_w8a8_channel,torch.float16,224,256,3072,256,8,0,0,asm,10006+20001,557.4037
gfx936,int8_w8a8_channel,torch.float16,256,256,3072,256,8,0,0,asm,10006+20001,565.4795
gfx936,int8_w8a8_channel,torch.float16,320,256,3072,256,8,0,0,asm,10006+20001,582.7006
gfx936,int8_w8a8_channel,torch.float16,384,256,3072,256,8,0,0,asm,11006+21001,602.8521
gfx936,int8_w8a8_channel,torch.float16,448,256,3072,256,8,0,0,asm,11006+21001,615.5257
gfx936,int8_w8a8_channel,torch.float16,512,256,3072,256,8,0,0,asm,11006+21001,632.2499
gfx936,int8_w8a8_channel,torch.float16,640,256,3072,256,8,0,0,asm,11006+21001,656.0731
gfx936,int8_w8a8_channel,torch.float16,768,256,3072,256,8,0,0,asm,11006+21001,683.6183
gfx936,int8_w8a8_channel,torch.float16,896,256,3072,256,8,0,0,asm,11007+21001,723.3656
gfx936,int8_w8a8_channel,torch.float16,1024,256,3072,256,8,0,0,asm,11007+21001,757.1508
gfx936,int8_w8a8_channel,torch.float16,1280,256,3072,256,8,0,0,asm,12004+22001,816.3592
gfx936,int8_w8a8_channel,torch.float16,1536,256,3072,256,8,0,0,asm,12004+22001,862.9191
gfx936,int8_w8a8_channel,torch.float16,2048,256,3072,256,8,0,0,asm,12005+22001,1002.9019
gfx936,int8_w8a8_channel,torch.float16,2304,256,3072,256,8,0,0,asm,12005+22001,1086.3881
gfx936,int8_w8a8_channel,torch.float16,2560,256,3072,256,8,0,0,asm,13000+23001,1128.3502
gfx936,int8_w8a8_channel,torch.float16,3072,256,3072,256,8,0,0,asm,13000+23001,1204.3164
gfx936,int8_w8a8_channel,torch.float16,3584,256,3072,256,8,0,0,asm,13000+23001,1307.5498
gfx936,int8_w8a8_channel,torch.float16,4096,256,3072,256,8,0,0,asm,13001+23001,1488.3075
gfx936,int8_w8a8_channel,torch.float16,5120,256,3072,256,8,0,0,asm,12001+22001,1775.8017
gfx936,int8_w8a8_channel,torch.float16,6144,256,3072,256,8,0,0,asm,13001+23001,1976.7277
gfx936,int8_w8a8_channel,torch.float16,7168,256,3072,256,8,0,0,asm,13001+23001,2122.9169
gfx936,int8_w8a8_channel,torch.float16,8192,256,3072,256,8,0,0,asm,13001+23001,2456.4827
gfx936,int8_w8a8_channel,torch.float16,10240,256,3072,256,8,0,0,asm,13001+23001,2976.8103
gfx936,int8_w8a8_channel,torch.float16,12288,256,3072,256,8,0,0,asm,13001+23001,3479.6053
gfx936,int8_w8a8_channel,torch.float16,16384,256,3072,256,8,0,0,asm,13001+23001,4491.6122
gfx936,int8_w8a8_channel,torch.float16,24576,256,3072,256,8,0,0,asm,13001+23001,6587.6761
gfx936,int8_w8a8_channel,torch.float16,32768,256,3072,256,8,0,0,asm,13001+23001,8660.7336
gfx936,int8_w8a8_channel,torch.float16,1,128,3072,256,8,0,0,asm,10000+20000,44.8266
gfx936,int8_w8a8_channel,torch.float16,2,128,3072,256,8,0,0,asm,10002+20100,54.0391
gfx936,int8_w8a8_channel,torch.float16,4,128,3072,256,8,0,0,asm,10002+20101,69.913
gfx936,int8_w8a8_channel,torch.float16,6,128,3072,256,8,0,0,asm,10006+20102,85.8454
gfx936,int8_w8a8_channel,torch.float16,8,128,3072,256,8,0,0,asm,10009+20102,100.2034
gfx936,int8_w8a8_channel,torch.float16,12,128,3072,256,8,0,0,asm,10006+20001,127.706
gfx936,int8_w8a8_channel,torch.float16,16,128,3072,256,8,0,0,asm,10007+20001,146.0643
gfx936,int8_w8a8_channel,torch.float16,24,128,3072,256,8,0,0,asm,10007+20001,178.3224
gfx936,int8_w8a8_channel,torch.float16,32,128,3072,256,8,0,0,asm,10006+20001,222.8306
gfx936,int8_w8a8_channel,torch.float16,36,128,3072,256,8,0,0,asm,10007+20001,218.6591
gfx936,int8_w8a8_channel,torch.float16,48,128,3072,256,8,0,0,asm,10007+20001,238.2969
gfx936,int8_w8a8_channel,torch.float16,56,128,3072,256,8,0,0,asm,10007+20001,252.3937
gfx936,int8_w8a8_channel,torch.float16,64,128,3072,256,8,0,0,asm,10007+20001,262.6758
gfx936,int8_w8a8_channel,torch.float16,72,128,3072,256,8,0,0,asm,10007+20001,271.4337
gfx936,int8_w8a8_channel,torch.float16,80,128,3072,256,8,0,0,asm,10007+20001,281.4379
gfx936,int8_w8a8_channel,torch.float16,88,128,3072,256,8,0,0,asm,10007+20001,285.7495
gfx936,int8_w8a8_channel,torch.float16,96,128,3072,256,8,0,0,asm,10006+20001,290.5159
gfx936,int8_w8a8_channel,torch.float16,100,128,3072,256,8,0,0,asm,10007+20001,290.2801
gfx936,int8_w8a8_channel,torch.float16,112,128,3072,256,8,0,0,asm,10006+20001,297.9432
gfx936,int8_w8a8_channel,torch.float16,128,128,3072,256,8,0,0,asm,10006+20001,303.0295
gfx936,int8_w8a8_channel,torch.float16,144,128,3072,256,8,0,0,asm,10007+20001,308.2674
gfx936,int8_w8a8_channel,torch.float16,160,128,3072,256,8,0,0,asm,10006+20001,312.2084
gfx936,int8_w8a8_channel,torch.float16,192,128,3072,256,8,0,0,asm,10007+20001,314.9031
gfx936,int8_w8a8_channel,torch.float16,224,128,3072,256,8,0,0,asm,10006+20001,321.6316
gfx936,int8_w8a8_channel,torch.float16,256,128,3072,256,8,0,0,asm,10006+20001,325.6231
gfx936,int8_w8a8_channel,torch.float16,320,128,3072,256,8,0,0,asm,10006+20001,337.0926
gfx936,int8_w8a8_channel,torch.float16,384,128,3072,256,8,0,0,asm,10006+20001,349.8673
gfx936,int8_w8a8_channel,torch.float16,448,128,3072,256,8,0,0,asm,11006+21001,364.8736
gfx936,int8_w8a8_channel,torch.float16,512,128,3072,256,8,0,0,asm,11006+21001,377.1262
gfx936,int8_w8a8_channel,torch.float16,640,128,3072,256,8,0,0,asm,11002+21001,394.7514
gfx936,int8_w8a8_channel,torch.float16,768,128,3072,256,8,0,0,asm,11006+21001,415.0208
gfx936,int8_w8a8_channel,torch.float16,896,128,3072,256,8,0,0,asm,11006+21001,438.9619
gfx936,int8_w8a8_channel,torch.float16,1024,128,3072,256,8,0,0,asm,11007+21001,469.1261
gfx936,int8_w8a8_channel,torch.float16,1280,128,3072,256,8,0,0,asm,12004+21102,498.0102
gfx936,int8_w8a8_channel,torch.float16,1536,128,3072,256,8,0,0,asm,12004+22001,547.5512
gfx936,int8_w8a8_channel,torch.float16,2048,128,3072,256,8,0,0,asm,12005+22001,654.5574
gfx936,int8_w8a8_channel,torch.float16,2304,128,3072,256,8,0,0,asm,12005+21102,716.8814
gfx936,int8_w8a8_channel,torch.float16,2560,128,3072,256,8,0,0,asm,12005+21102,751.2982
gfx936,int8_w8a8_channel,torch.float16,3072,128,3072,256,8,0,0,asm,12005+21102,821.4792
gfx936,int8_w8a8_channel,torch.float16,3584,128,3072,256,8,0,0,asm,12005+22001,902.3379
gfx936,int8_w8a8_channel,torch.float16,4096,128,3072,256,8,0,0,asm,12005+22001,1016.4852
gfx936,int8_w8a8_channel,torch.float16,5120,128,3072,256,8,0,0,asm,12005+22001,1233.2848
gfx936,int8_w8a8_channel,torch.float16,6144,128,3072,256,8,0,0,asm,13001+23001,1410.4297
gfx936,int8_w8a8_channel,torch.float16,7168,128,3072,256,8,0,0,asm,13001+23001,1532.0043
gfx936,int8_w8a8_channel,torch.float16,8192,128,3072,256,8,0,0,asm,13001+23001,1765.966
gfx936,int8_w8a8_channel,torch.float16,10240,128,3072,256,8,0,0,asm,13001+23001,2124.0959
gfx936,int8_w8a8_channel,torch.float16,12288,128,3072,256,8,0,0,asm,13001+23001,2490.6301
gfx936,int8_w8a8_channel,torch.float16,16384,128,3072,256,8,0,0,asm,13001+21102,3151.1006
gfx936,int8_w8a8_channel,torch.float16,24576,128,3072,256,8,0,0,asm,13001+23001,4696.4204
gfx936,int8_w8a8_channel,torch.float16,32768,128,3072,256,8,0,0,asm,13001+23001,6188.8897
gfx938,int8_w8a8_channel,torch.bfloat16,1,256,4096,288,8,0,0,asm,10002+20000,52.6838
gfx938,int8_w8a8_channel,torch.bfloat16,2,256,4096,288,8,0,0,asm,10002+20000,73.8374
gfx938,int8_w8a8_channel,torch.bfloat16,32,256,4096,288,8,0,0,asm,10008+20001,375.8169
gfx938,int8_w8a8_channel,torch.bfloat16,64,256,4096,288,8,0,0,asm,10008+20001,468.892
gfx938,int8_w8a8_channel,torch.bfloat16,96,256,4096,288,8,0,0,asm,10008+20001,516.3784
gfx938,int8_w8a8_channel,torch.bfloat16,128,256,4096,288,8,0,0,asm,10008+20001,548.5047
gfx938,int8_w8a8_channel,torch.bfloat16,256,256,4096,288,8,0,0,asm,10008+20001,600.7657
gfx938,int8_w8a8_channel,torch.bfloat16,512,256,4096,288,8,0,0,asm,11004+21001,675.1237
gfx938,int8_w8a8_channel,torch.bfloat16,768,256,4096,288,8,0,0,asm,11004+21001,732.7659
gfx938,int8_w8a8_channel,torch.bfloat16,1024,256,4096,288,8,0,0,asm,11005+21001,808.9514
gfx938,int8_w8a8_channel,torch.bfloat16,1536,256,4096,288,8,0,0,asm,12005+22001,1008.8675000000001
gfx938,int8_w8a8_channel,torch.bfloat16,2048,256,4096,288,8,0,0,asm,12001+22001,1135.9835
gfx938,int8_w8a8_channel,torch.bfloat16,3072,256,4096,288,8,0,0,asm,13001+23001,1559.3274
gfx938,int8_w8a8_channel,torch.bfloat16,4096,256,4096,288,8,0,0,asm,13001+23001,1763.9931
gfx938,int8_w8a8_channel,torch.bfloat16,5120,256,4096,288,8,0,0,asm,12001+22001,2405.51
gfx938,int8_w8a8_channel,torch.bfloat16,6144,256,4096,288,8,0,0,asm,12001+22001,2655.5821
gfx938,int8_w8a8_channel,torch.bfloat16,8192,256,4096,288,8,0,0,asm,13001+23001,3183.4651
gfx938,f8_w8a8_channel,torch.float16,1,256,6144,384,8,0,0,asm,10002+20000,70.5362
gfx938,f8_w8a8_channel,torch.float16,2,256,6144,384,8,0,0,asm,10007+20000,94.174
gfx938,f8_w8a8_channel,torch.float16,4,256,6144,384,8,0,0,asm,10008+20001,139.1592
gfx938,f8_w8a8_channel,torch.float16,6,256,6144,384,8,0,0,asm,10008+20001,180.7255
gfx938,f8_w8a8_channel,torch.float16,8,256,6144,384,8,0,0,asm,10002+20001,212.3801
gfx938,f8_w8a8_channel,torch.float16,10,256,6144,384,8,0,0,asm,10006+20001,249.3569
gfx938,f8_w8a8_channel,torch.float16,12,256,6144,384,8,0,0,asm,10008+20001,289.6348
gfx938,f8_w8a8_channel,torch.float16,14,256,6144,384,8,0,0,asm,10008+20001,319.0579
gfx938,f8_w8a8_channel,torch.float16,16,256,6144,384,8,0,0,asm,10008+20001,351.6389
gfx938,f8_w8a8_channel,torch.float16,20,256,6144,384,8,0,0,asm,10008+20001,399.2316
gfx938,f8_w8a8_channel,torch.float16,24,256,6144,384,8,0,0,asm,10009+20001,467.5267
gfx938,f8_w8a8_channel,torch.float16,28,256,6144,384,8,0,0,asm,10008+20001,510.93710000000004
gfx938,f8_w8a8_channel,torch.float16,32,256,6144,384,8,0,0,asm,10009+20001,553.0925
gfx938,f8_w8a8_channel,torch.float16,36,256,6144,384,8,0,0,asm,10008+20001,604.9158
gfx938,f8_w8a8_channel,torch.float16,40,256,6144,384,8,0,0,asm,10009+20001,645.901
gfx938,f8_w8a8_channel,torch.float16,44,256,6144,384,8,0,0,asm,10008+20001,683.0125
gfx938,f8_w8a8_channel,torch.float16,48,256,6144,384,8,0,0,asm,10008+20001,709.2525
gfx938,f8_w8a8_channel,torch.float16,56,256,6144,384,8,0,0,asm,10008+20001,750.4649
gfx938,f8_w8a8_channel,torch.float16,64,256,6144,384,8,0,0,asm,10009+20001,807.3828
gfx938,f8_w8a8_channel,torch.float16,80,256,6144,384,8,0,0,asm,10009+20001,877.9175
gfx938,f8_w8a8_channel,torch.float16,96,256,6144,384,8,0,0,asm,10008+20001,923.3659
gfx938,f8_w8a8_channel,torch.float16,112,256,6144,384,8,0,0,asm,10009+20001,944.1658
gfx938,f8_w8a8_channel,torch.float16,128,256,6144,384,8,0,0,asm,10009+20001,980.6874
gfx938,f8_w8a8_channel,torch.float16,160,256,6144,384,8,0,0,asm,10008+20001,1020.2583000000001
gfx938,f8_w8a8_channel,torch.float16,192,256,6144,384,8,0,0,asm,10009+20001,1051.888
gfx938,f8_w8a8_channel,torch.float16,224,256,6144,384,8,0,0,asm,10008+20001,1057.4457
gfx938,f8_w8a8_channel,torch.float16,256,256,6144,384,8,0,0,asm,10009+20001,1081.2856
gfx938,f8_w8a8_channel,torch.float16,320,256,6144,384,8,0,0,asm,10009+20001,1108.2077
gfx938,f8_w8a8_channel,torch.float16,384,256,6144,384,8,0,0,asm,10009+20001,1140.1319
gfx938,f8_w8a8_channel,torch.float16,448,256,6144,384,8,0,0,asm,10009+20001,1158.7088
gfx938,f8_w8a8_channel,torch.float16,512,256,6144,384,8,0,0,asm,10008+20001,1174.0014
gfx938,f8_w8a8_channel,torch.float16,576,256,6144,384,8,0,0,asm,11004+21001,1203.4079
gfx938,f8_w8a8_channel,torch.float16,640,256,6144,384,8,0,0,asm,11002+21001,1229.7152
gfx938,f8_w8a8_channel,torch.float16,704,256,6144,384,8,0,0,asm,11004+21001,1240.9993
gfx938,f8_w8a8_channel,torch.float16,768,256,6144,384,8,0,0,asm,11004+21001,1258.6918
gfx938,f8_w8a8_channel,torch.float16,832,256,6144,384,8,0,0,asm,11004+21001,1284.0562
gfx938,f8_w8a8_channel,torch.float16,896,256,6144,384,8,0,0,asm,11004+21001,1295.5675
gfx938,f8_w8a8_channel,torch.float16,960,256,6144,384,8,0,0,asm,11004+21001,1318.6752
gfx938,f8_w8a8_channel,torch.float16,1024,256,6144,384,8,0,0,asm,11004+21001,1336.8728
gfx938,f8_w8a8_channel,torch.float16,1152,256,6144,384,8,0,0,asm,11004+21001,1383.7867
gfx938,f8_w8a8_channel,torch.float16,1280,256,6144,384,8,0,0,asm,11004+21001,1447.6263
gfx938,f8_w8a8_channel,torch.float16,1408,256,6144,384,8,0,0,asm,11004+21001,1519.2978
gfx938,f8_w8a8_channel,torch.float16,1536,256,6144,384,8,0,0,asm,11003+21001,1622.6325
gfx938,f8_w8a8_channel,torch.float16,1664,256,6144,384,8,0,0,asm,12005+22001,1697.7061
gfx938,f8_w8a8_channel,torch.float16,1792,256,6144,384,8,0,0,asm,12001+22001,1737.3271
gfx938,f8_w8a8_channel,torch.float16,1920,256,6144,384,8,0,0,asm,12005+22001,1760.4088
gfx938,f8_w8a8_channel,torch.float16,2048,256,6144,384,8,0,0,asm,12005+22001,1795.7188
gfx938,f8_w8a8_channel,torch.float16,2304,256,6144,384,8,0,0,asm,12005+22001,1861.8743
gfx938,f8_w8a8_channel,torch.float16,2560,256,6144,384,8,0,0,asm,12005+22001,1941.0405
gfx938,f8_w8a8_channel,torch.float16,2816,256,6144,384,8,0,0,asm,12005+22001,2086.1773
gfx938,f8_w8a8_channel,torch.float16,3072,256,6144,384,8,0,0,asm,12001+22001,2300.8716
gfx938,f8_w8a8_channel,torch.float16,3328,256,6144,384,8,0,0,asm,12001+22001,2498.5385
gfx938,f8_w8a8_channel,torch.float16,3584,256,6144,384,8,0,0,asm,13001+23001,2641.8224
gfx938,f8_w8a8_channel,torch.float16,3840,256,6144,384,8,0,0,asm,13001+23001,2700.712
gfx938,f8_w8a8_channel,torch.float16,4096,256,6144,384,8,0,0,asm,13001+23001,2739.7427
gfx938,f8_w8a8_channel,torch.float16,4608,256,6144,384,8,0,0,asm,13001+23001,2860.0382
gfx938,f8_w8a8_channel,torch.float16,5120,256,6144,384,8,0,0,asm,13001+23001,2995.953
gfx938,f8_w8a8_channel,torch.float16,5632,256,6144,384,8,0,0,asm,13001+23001,3240.5682
gfx938,f8_w8a8_channel,torch.float16,6144,256,6144,384,8,0,0,asm,12001+22001,3780.8885
gfx938,f8_w8a8_channel,torch.float16,6656,256,6144,384,8,0,0,asm,12001+22001,4135.6742
gfx938,f8_w8a8_channel,torch.float16,7168,256,6144,384,8,0,0,asm,12001+22001,4400.525
gfx938,f8_w8a8_channel,torch.float16,7680,256,6144,384,8,0,0,asm,12001+22001,4546.7307
gfx938,f8_w8a8_channel,torch.float16,8192,256,6144,384,8,0,0,asm,12001+22001,4694.9584
gfx938,f8_w8a8_channel,torch.float16,10240,256,6144,384,8,0,0,asm,13001+23001,5428.2534
gfx938,f8_w8a8_channel,torch.float16,12288,256,6144,384,8,0,0,asm,13001+23001,6659.9839
gfx938,f8_w8a8_channel,torch.float16,14336,256,6144,384,8,0,0,asm,13001+23001,7783.9982
gfx938,f8_w8a8_channel,torch.float16,16384,256,6144,384,8,0,0,asm,13001+23001,8231.5867
gfx938,f8_w8a8_channel,torch.float16,17408,256,6144,384,8,0,0,asm,13001+23001,8589.6981
gfx938,f8_w8a8_channel,torch.float16,24576,256,6144,384,8,0,0,asm,13001+23001,12112.0538
gfx938,f8_w8a8_channel,torch.float16,32768,256,6144,384,8,0,0,asm,13001+23001,16066.447399999997
gfx938,f8_w8a8_channel,torch.float16,1,128,6144,384,8,0,0,asm,10001+20100,61.9382
gfx938,f8_w8a8_channel,torch.float16,2,128,6144,384,8,0,0,asm,10001+20101,77.096
gfx938,f8_w8a8_channel,torch.float16,4,128,6144,384,8,0,0,asm,10007+20102,99.075
gfx938,f8_w8a8_channel,torch.float16,6,128,6144,384,8,0,0,asm,10006+20001,126.216
gfx938,f8_w8a8_channel,torch.float16,8,128,6144,384,8,0,0,asm,10008+20102,143.1676
gfx938,f8_w8a8_channel,torch.float16,10,128,6144,384,8,0,0,asm,10006+20001,174.9486
gfx938,f8_w8a8_channel,torch.float16,12,128,6144,384,8,0,0,asm,10008+20101,194.4433
gfx938,f8_w8a8_channel,torch.float16,14,128,6144,384,8,0,0,asm,10008+20102,207.6719
gfx938,f8_w8a8_channel,torch.float16,16,128,6144,384,8,0,0,asm,10006+20102,233.5675
gfx938,f8_w8a8_channel,torch.float16,20,128,6144,384,8,0,0,asm,10007+20101,258.6676
gfx938,f8_w8a8_channel,torch.float16,24,128,6144,384,8,0,0,asm,10008+20101,291.9306
gfx938,f8_w8a8_channel,torch.float16,28,128,6144,384,8,0,0,asm,10006+20101,314.1875
gfx938,f8_w8a8_channel,torch.float16,32,128,6144,384,8,0,0,asm,10008+20101,331.1559
gfx938,f8_w8a8_channel,torch.float16,36,128,6144,384,8,0,0,asm,10009+20101,364.0232
gfx938,f8_w8a8_channel,torch.float16,40,128,6144,384,8,0,0,asm,10008+20101,387.6443
gfx938,f8_w8a8_channel,torch.float16,44,128,6144,384,8,0,0,asm,10006+20101,404.6379
gfx938,f8_w8a8_channel,torch.float16,48,128,6144,384,8,0,0,asm,10008+20101,418.4822
gfx938,f8_w8a8_channel,torch.float16,56,128,6144,384,8,0,0,asm,10009+20101,447.0632
gfx938,f8_w8a8_channel,torch.float16,64,128,6144,384,8,0,0,asm,10008+20101,463.2399
gfx938,f8_w8a8_channel,torch.float16,80,128,6144,384,8,0,0,asm,10008+20101,508.7134
gfx938,f8_w8a8_channel,torch.float16,96,128,6144,384,8,0,0,asm,10008+20101,542.9536
gfx938,f8_w8a8_channel,torch.float16,112,128,6144,384,8,0,0,asm,10006+20101,556.7893
gfx938,f8_w8a8_channel,torch.float16,128,128,6144,384,8,0,0,asm,10008+20101,571.9894
gfx938,f8_w8a8_channel,torch.float16,160,128,6144,384,8,0,0,asm,10009+20101,604.7809
gfx938,f8_w8a8_channel,torch.float16,192,128,6144,384,8,0,0,asm,10006+20101,621.5725
gfx938,f8_w8a8_channel,torch.float16,224,128,6144,384,8,0,0,asm,10008+20102,635.1226
gfx938,f8_w8a8_channel,torch.float16,256,128,6144,384,8,0,0,asm,10009+20101,632.3598
gfx938,f8_w8a8_channel,torch.float16,320,128,6144,384,8,0,0,asm,10008+20101,647.4506
gfx938,f8_w8a8_channel,torch.float16,384,128,6144,384,8,0,0,asm,10009+20101,662.5409
gfx938,f8_w8a8_channel,torch.float16,448,128,6144,384,8,0,0,asm,10006+20101,687.0718
gfx938,f8_w8a8_channel,torch.float16,512,128,6144,384,8,0,0,asm,10008+20101,690.8356
gfx938,f8_w8a8_channel,torch.float16,576,128,6144,384,8,0,0,asm,10008+20101,720.8397
gfx938,f8_w8a8_channel,torch.float16,640,128,6144,384,8,0,0,asm,11002+21101,753.5389
gfx938,f8_w8a8_channel,torch.float16,704,128,6144,384,8,0,0,asm,11004+21101,787.7029
gfx938,f8_w8a8_channel,torch.float16,768,128,6144,384,8,0,0,asm,11004+21102,785.8924
gfx938,f8_w8a8_channel,torch.float16,832,128,6144,384,8,0,0,asm,11002+21101,791.4589
gfx938,f8_w8a8_channel,torch.float16,896,128,6144,384,8,0,0,asm,11002+21101,809.985
gfx938,f8_w8a8_channel,torch.float16,960,128,6144,384,8,0,0,asm,11006+21101,842.3894
gfx938,f8_w8a8_channel,torch.float16,1024,128,6144,384,8,0,0,asm,11002+21101,830.4313
gfx938,f8_w8a8_channel,torch.float16,1152,128,6144,384,8,0,0,asm,11004+21101,869.1774
gfx938,f8_w8a8_channel,torch.float16,1280,128,6144,384,8,0,0,asm,11002+21101,915.0892
gfx938,f8_w8a8_channel,torch.float16,1408,128,6144,384,8,0,0,asm,11004+21101,951.0174
gfx938,f8_w8a8_channel,torch.float16,1536,128,6144,384,8,0,0,asm,11007+21101,1027.3664
gfx938,f8_w8a8_channel,torch.float16,1664,128,6144,384,8,0,0,asm,11005+21101,1082.558
gfx938,f8_w8a8_channel,torch.float16,1792,128,6144,384,8,0,0,asm,11005+21101,1166.3052
gfx938,f8_w8a8_channel,torch.float16,1920,128,6144,384,8,0,0,asm,11003+21101,1212.3607
gfx938,f8_w8a8_channel,torch.float16,2048,128,6144,384,8,0,0,asm,12002+21101,1227.9989
gfx938,f8_w8a8_channel,torch.float16,2304,128,6144,384,8,0,0,asm,12004+21101,1293.6913
gfx938,f8_w8a8_channel,torch.float16,2560,128,6144,384,8,0,0,asm,12005+21101,1366.7772
gfx938,f8_w8a8_channel,torch.float16,2816,128,6144,384,8,0,0,asm,11003+21101,1483.0546
gfx938,f8_w8a8_channel,torch.float16,3072,128,6144,384,8,0,0,asm,11005+21101,1606.9962
gfx938,f8_w8a8_channel,torch.float16,3328,128,6144,384,8,0,0,asm,11005+21101,1743.9641
gfx938,f8_w8a8_channel,torch.float16,3584,128,6144,384,8,0,0,asm,11005+21101,1837.9513
gfx938,f8_w8a8_channel,torch.float16,3840,128,6144,384,8,0,0,asm,13001+22101,1918.3623
gfx938,f8_w8a8_channel,torch.float16,4096,128,6144,384,8,0,0,asm,12001+22101,1979.2199
gfx938,f8_w8a8_channel,torch.float16,4608,128,6144,384,8,0,0,asm,12001+22101,2071.2353
gfx938,f8_w8a8_channel,torch.float16,5120,128,6144,384,8,0,0,asm,12005+22101,2199.6005
gfx938,f8_w8a8_channel,torch.float16,5632,128,6144,384,8,0,0,asm,12003+22101,2341.7044
gfx938,f8_w8a8_channel,torch.float16,6144,128,6144,384,8,0,0,asm,12001+22101,2634.2873
gfx938,f8_w8a8_channel,torch.float16,6656,128,6144,384,8,0,0,asm,12005+22101,2862.1946
gfx938,f8_w8a8_channel,torch.float16,7168,128,6144,384,8,0,0,asm,12001+22101,3087.6676
gfx938,f8_w8a8_channel,torch.float16,7680,128,6144,384,8,0,0,asm,12003+22101,3181.2594
gfx938,f8_w8a8_channel,torch.float16,8192,128,6144,384,8,0,0,asm,12005+22101,3327.8616
gfx938,f8_w8a8_channel,torch.float16,10240,128,6144,384,8,0,0,asm,13001+23101,3968.0789
gfx938,f8_w8a8_channel,torch.float16,12288,128,6144,384,8,0,0,asm,13001+22101,4782.6388
gfx938,f8_w8a8_channel,torch.float16,14336,128,6144,384,8,0,0,asm,12001+22101,5438.8887
gfx938,f8_w8a8_channel,torch.float16,16384,128,6144,384,8,0,0,asm,13001+22101,5884.4816
gfx938,f8_w8a8_channel,torch.float16,17408,128,6144,384,8,0,0,asm,13001+23101,6226.4691
gfx938,f8_w8a8_channel,torch.float16,24576,128,6144,384,8,0,0,asm,13001+22101,8645.8748
gfx938,f8_w8a8_channel,torch.float16,32768,128,6144,384,8,0,0,asm,13001+22101,11398.9249
gfx936,int8_w8a8_channel,torch.bfloat16,1,256,7168,384,8,0,0,asm,10006+20001,73.1298
gfx936,int8_w8a8_channel,torch.bfloat16,8,256,7168,384,8,0,0,asm,10001+20000,273.441
gfx936,int8_w8a8_channel,torch.bfloat16,32,256,7168,384,8,0,0,asm,10004+20001,813.9175
gfx936,int8_w8a8_channel,torch.bfloat16,64,256,7168,384,8,0,0,asm,10005+20001,1221.9587
gfx936,int8_w8a8_channel,torch.bfloat16,128,256,7168,384,8,0,0,asm,10001+20001,1522.5398
gfx936,int8_w8a8_channel,torch.bfloat16,256,256,7168,384,8,0,0,asm,10001+20001,1698.9955
gfx936,int8_w8a8_channel,torch.bfloat16,512,256,7168,384,8,0,0,asm,10001+20001,1852.2584
gfx936,int8_w8a8_channel,torch.bfloat16,1024,256,7168,384,8,0,0,asm,11000+21001,2104.5519
gfx936,int8_w8a8_channel,torch.bfloat16,2048,256,7168,384,8,0,0,asm,11007+21001,2601.2335
gfx936,int8_w8a8_channel,torch.bfloat16,4096,256,7168,384,8,0,0,asm,12005+22001,3539.4219
gfx936,int8_w8a8_channel,torch.bfloat16,6144,256,7168,384,8,0,0,asm,12005+22001,4489.4082
gfx936,int8_w8a8_channel,torch.bfloat16,8192,256,7168,384,8,0,0,asm,12005+22001,5618.4934
gfx936,int8_w8a8_channel,torch.bfloat16,10240,256,7168,384,8,0,0,asm,13001+23001,6324.5387
gfx936,int8_w8a8_channel,torch.bfloat16,16384,256,7168,384,8,0,0,asm,13001+23001,9521.4958
gfx936,int8_w8a8_channel,torch.bfloat16,24576,256,7168,384,8,0,0,asm,13001+23001,13679.4999
gfx936,int8_w8a8_channel,torch.bfloat16,32768,256,7168,384,8,0,0,asm,13001+23001,18257.086
gfx936,int8_w8a8_channel,torch.bfloat16,49512,256,7168,384,8,0,0,asm,13001+23001,6324.5387
gfx936,int8_w8a8_channel,torch.bfloat16,65536,256,7168,384,8,0,0,asm,13001+23001,9521.4958
gfx936,int8_w8a8_channel,torch.bfloat16,131072,256,7168,384,8,0,0,asm,13001+23001,13679.4999
gfx936,int8_w8a8_channel,torch.bfloat16,196608,256,7168,384,8,0,0,asm,13001+23001,18257.086
gfx938,int8_w8a8_channel,torch.bfloat16,1,256,7168,384,8,0,0,asm,10006+20000,70.511
gfx938,int8_w8a8_channel,torch.bfloat16,2,256,7168,384,8,0,0,asm,10008+20001,95.3196
gfx938,int8_w8a8_channel,torch.bfloat16,4,256,7168,384,8,0,0,asm,10013+20001,144.7849
gfx938,int8_w8a8_channel,torch.bfloat16,6,256,7168,384,8,0,0,asm,10008+20001,189.5514
gfx938,int8_w8a8_channel,torch.bfloat16,8,256,7168,384,8,0,0,asm,10011+20001,225.2483
gfx938,int8_w8a8_channel,torch.bfloat16,12,256,7168,384,8,0,0,asm,10011+20001,318.4273
gfx938,int8_w8a8_channel,torch.bfloat16,16,256,7168,384,8,0,0,asm,10008+20001,394.6381
gfx938,int8_w8a8_channel,torch.bfloat16,24,256,7168,384,8,0,0,asm,10008+20001,533.7343
gfx938,int8_w8a8_channel,torch.bfloat16,32,256,7168,384,8,0,0,asm,10008+20001,625.5408
gfx938,int8_w8a8_channel,torch.bfloat16,48,256,7168,384,8,0,0,asm,10008+20001,808.2107
gfx938,int8_w8a8_channel,torch.bfloat16,64,256,7168,384,8,0,0,asm,10008+20001,919.8993
gfx938,int8_w8a8_channel,torch.bfloat16,96,256,7168,384,8,0,0,asm,10008+20001,1047.6301
gfx938,int8_w8a8_channel,torch.bfloat16,128,256,7168,384,8,0,0,asm,10008+20001,1126.7375
gfx938,int8_w8a8_channel,torch.bfloat16,256,256,7168,384,8,0,0,asm,10008+20001,1238.5019
gfx938,int8_w8a8_channel,torch.bfloat16,512,256,7168,384,8,0,0,asm,10008+20001,1346.4346
gfx938,int8_w8a8_channel,torch.bfloat16,768,256,7168,384,8,0,0,asm,11007+21001,1448.658
gfx938,int8_w8a8_channel,torch.bfloat16,1024,256,7168,384,8,0,0,asm,11004+21001,1536.7339
gfx938,int8_w8a8_channel,torch.bfloat16,1536,256,7168,384,8,0,0,asm,11005+21001,1853.6019
gfx938,int8_w8a8_channel,torch.bfloat16,2048,256,7168,384,8,0,0,asm,12005+22001,2088.4318
gfx938,int8_w8a8_channel,torch.bfloat16,3072,256,7168,384,8,0,0,asm,12001+22001,2697.5445
gfx938,int8_w8a8_channel,torch.bfloat16,4096,256,7168,384,8,0,0,asm,13001+23001,3245.7983
gfx938,int8_w8a8_channel,torch.bfloat16,5120,256,7168,384,8,0,0,asm,13001+23001,3537.5967
gfx938,int8_w8a8_channel,torch.bfloat16,6144,256,7168,384,8,0,0,asm,12001+22001,4463.5521
gfx938,int8_w8a8_channel,torch.bfloat16,8192,256,7168,384,8,0,0,asm,12001+22001,5566.1899
gfx936,int8_w8a8_channel,torch.bfloat16,1,256,4096,288,8,0,0,asm,10003+20001,58.7298
gfx936,int8_w8a8_channel,torch.bfloat16,2,256,4096,288,8,0,0,asm,10004+20000,81.3742
gfx936,int8_w8a8_channel,torch.bfloat16,4,256,4096,288,8,0,0,asm,10004+20000,116.2624
gfx936,int8_w8a8_channel,torch.bfloat16,6,256,4096,288,8,0,0,asm,10004+20000,152.2456
gfx936,int8_w8a8_channel,torch.bfloat16,8,256,4096,288,8,0,0,asm,10001+20000,178.8898
gfx936,int8_w8a8_channel,torch.bfloat16,12,256,4096,288,8,0,0,asm,10001+20001,240.5319
gfx936,int8_w8a8_channel,torch.bfloat16,16,256,4096,288,8,0,0,asm,10001+20000,290.1488
gfx936,int8_w8a8_channel,torch.bfloat16,24,256,4096,288,8,0,0,asm,10001+20000,375.4004
gfx936,int8_w8a8_channel,torch.bfloat16,32,256,4096,288,8,0,0,asm,10001+20000,467.4288
gfx936,int8_w8a8_channel,torch.bfloat16,48,256,4096,288,8,0,0,asm,10001+20001,555.6614
gfx936,int8_w8a8_channel,torch.bfloat16,64,256,4096,288,8,0,0,asm,10001+20001,614.0614
gfx936,int8_w8a8_channel,torch.bfloat16,96,256,4096,288,8,0,0,asm,10001+20001,681.834
gfx936,int8_w8a8_channel,torch.bfloat16,128,256,4096,288,8,0,0,asm,10001+20000,740.2003
gfx936,int8_w8a8_channel,torch.bfloat16,256,256,4096,288,8,0,0,asm,10001+20001,825.6403
gfx936,int8_w8a8_channel,torch.bfloat16,512,256,4096,288,8,0,0,asm,10007+20001,937.4971
gfx936,int8_w8a8_channel,torch.bfloat16,768,256,4096,288,8,0,0,asm,11000+21001,1041.0339
gfx936,int8_w8a8_channel,torch.bfloat16,1024,256,4096,288,8,0,0,asm,11006+21001,1116.2593
gfx936,int8_w8a8_channel,torch.bfloat16,1536,256,4096,288,8,0,0,asm,11007+21001,1257.625
gfx936,int8_w8a8_channel,torch.bfloat16,2048,256,4096,288,8,0,0,asm,11002+21001,1407.1561
gfx936,int8_w8a8_channel,torch.bfloat16,3072,256,4096,288,8,0,0,asm,12005+22001,1720.0322
gfx936,int8_w8a8_channel,torch.bfloat16,4096,256,4096,288,8,0,0,asm,12005+22001,1952.3017
gfx936,int8_w8a8_channel,torch.bfloat16,5120,256,4096,288,8,0,0,asm,12005+22001,2301.4553
gfx936,int8_w8a8_channel,torch.bfloat16,6144,256,4096,288,8,0,0,asm,12005+22001,2557.8426
gfx936,int8_w8a8_channel,torch.bfloat16,8192,256,4096,288,8,0,0,asm,13001+23001,3104.0739
gfx936,int8_w8a8_channel,torch.float16,1,512,2048,256,8,0,0,asm,10000+20000,58.1824
gfx936,int8_w8a8_channel,torch.float16,2,512,2048,256,8,0,0,asm,10006+20000,79.3275
gfx936,int8_w8a8_channel,torch.float16,3,512,2048,256,8,0,0,asm,10002+20000,95.6979
gfx936,int8_w8a8_channel,torch.float16,4,512,2048,256,8,0,0,asm,10006+20000,117.2895
gfx936,int8_w8a8_channel,torch.float16,5,512,2048,256,8,0,0,asm,10006+20000,134.4516
gfx936,int8_w8a8_channel,torch.float16,6,512,2048,256,8,0,0,asm,10006+20000,154.2243
gfx936,int8_w8a8_channel,torch.float16,7,512,2048,256,8,0,0,asm,10006+20000,173.0536
gfx936,int8_w8a8_channel,torch.float16,8,512,2048,256,8,0,0,asm,10006+20000,184.5315
gfx936,int8_w8a8_channel,torch.float16,9,512,2048,256,8,0,0,asm,10007+20000,202.1062
gfx936,int8_w8a8_channel,torch.float16,10,512,2048,256,8,0,0,asm,10006+20000,216.0598
gfx936,int8_w8a8_channel,torch.float16,11,512,2048,256,8,0,0,asm,10006+20000,231.2262
gfx936,int8_w8a8_channel,torch.float16,12,512,2048,256,8,0,0,asm,10007+20000,241.8198
gfx936,int8_w8a8_channel,torch.float16,13,512,2048,256,8,0,0,asm,10002+20000,254.8556
gfx936,int8_w8a8_channel,torch.float16,14,512,2048,256,8,0,0,asm,10006+20000,271.8914
gfx936,int8_w8a8_channel,torch.float16,15,512,2048,256,8,0,0,asm,10002+20000,282.0303
gfx936,int8_w8a8_channel,torch.float16,16,512,2048,256,8,0,0,asm,10002+20000,289.9207
gfx936,int8_w8a8_channel,torch.float16,17,512,2048,256,8,0,0,asm,10002+20000,298.8271
gfx936,int8_w8a8_channel,torch.float16,18,512,2048,256,8,0,0,asm,10007+20000,309.8587
gfx936,int8_w8a8_channel,torch.float16,20,512,2048,256,8,0,0,asm,10002+20000,335.8292
gfx936,int8_w8a8_channel,torch.float16,32,512,2048,256,8,0,0,asm,10002+20000,466.3582
gfx936,int8_w8a8_channel,torch.float16,48,512,2048,256,8,0,0,asm,10002+20000,535.1465
gfx936,int8_w8a8_channel,torch.float16,64,512,2048,256,8,0,0,asm,10002+20000,584.0055
gfx936,int8_w8a8_channel,torch.float16,68,512,2048,256,8,0,0,asm,10002+20000,603.3065
gfx936,int8_w8a8_channel,torch.float16,72,512,2048,256,8,0,0,asm,10007+20000,615.8961
gfx936,int8_w8a8_channel,torch.float16,80,512,2048,256,8,0,0,asm,10007+20000,636.9823
gfx936,int8_w8a8_channel,torch.float16,88,512,2048,256,8,0,0,asm,10002+20000,656.7045
gfx936,int8_w8a8_channel,torch.float16,96,512,2048,256,8,0,0,asm,10007+20000,667.9971
gfx936,int8_w8a8_channel,torch.float16,104,512,2048,256,8,0,0,asm,10002+20000,674.4645
gfx936,int8_w8a8_channel,torch.float16,112,512,2048,256,8,0,0,asm,10002+20000,684.5107
gfx936,int8_w8a8_channel,torch.float16,128,512,2048,256,8,0,0,asm,10006+20000,705.3528
gfx936,int8_w8a8_channel,torch.float16,144,512,2048,256,8,0,0,asm,10002+20000,702.9023
gfx936,int8_w8a8_channel,torch.float16,160,512,2048,256,8,0,0,asm,10007+20000,715.1213
gfx936,int8_w8a8_channel,torch.float16,192,512,2048,256,8,0,0,asm,10006+20000,730.5823
gfx936,int8_w8a8_channel,torch.float16,224,512,2048,256,8,0,0,asm,10002+20000,748.0559
gfx936,int8_w8a8_channel,torch.float16,256,512,2048,256,8,0,0,asm,10002+20000,752.4685
gfx936,int8_w8a8_channel,torch.float16,320,512,2048,256,8,0,0,asm,10008+20000,780.8391
gfx936,int8_w8a8_channel,torch.float16,384,512,2048,256,8,0,0,asm,11006+21000,799.4579
gfx936,int8_w8a8_channel,torch.float16,448,512,2048,256,8,0,0,asm,12004+22000,817.6053
gfx936,int8_w8a8_channel,torch.float16,512,512,2048,256,8,0,0,asm,12004+22000,834.4811
gfx936,int8_w8a8_channel,torch.float16,576,512,2048,256,8,0,0,asm,11002+21000,851.921
gfx936,int8_w8a8_channel,torch.float16,640,512,2048,256,8,0,0,asm,12004+22000,857.5379
gfx936,int8_w8a8_channel,torch.float16,704,512,2048,256,8,0,0,asm,11006+21000,869.2347
gfx936,int8_w8a8_channel,torch.float16,768,512,2048,256,8,0,0,asm,11004+21000,887.2473
gfx936,int8_w8a8_channel,torch.float16,832,512,2048,256,8,0,0,asm,12004+22000,892.8052
gfx936,int8_w8a8_channel,torch.float16,896,512,2048,256,8,0,0,asm,12004+22000,907.0199
gfx936,int8_w8a8_channel,torch.float16,960,512,2048,256,8,0,0,asm,12000+22000,922.843
gfx936,int8_w8a8_channel,torch.float16,1024,512,2048,256,8,0,0,asm,12002+22000,944.2072
gfx936,int8_w8a8_channel,torch.float16,1152,512,2048,256,8,0,0,asm,12004+22000,961.024
gfx936,int8_w8a8_channel,torch.float16,1280,512,2048,256,8,0,0,asm,12004+22000,987.8282
gfx936,int8_w8a8_channel,torch.float16,1536,512,2048,256,8,0,0,asm,12004+22000,1043.3228
gfx936,int8_w8a8_channel,torch.float16,1792,512,2048,256,8,0,0,asm,12004+22000,1082.5059
gfx936,int8_w8a8_channel,torch.float16,1920,512,2048,256,8,0,0,asm,12002+22000,1136.6701
gfx936,int8_w8a8_channel,torch.float16,2048,512,2048,256,8,0,0,asm,12005+22000,1157.0911
gfx936,int8_w8a8_channel,torch.float16,2304,512,2048,256,8,0,0,asm,12005+22001,1204.0046
gfx936,int8_w8a8_channel,torch.float16,2560,512,2048,256,8,0,0,asm,13000+23001,1269.175
gfx936,int8_w8a8_channel,torch.float16,2816,512,2048,256,8,0,0,asm,12005+22001,1300.2234
gfx936,int8_w8a8_channel,torch.float16,3072,512,2048,256,8,0,0,asm,12005+22001,1335.6759
gfx936,int8_w8a8_channel,torch.float16,3328,512,2048,256,8,0,0,asm,12005+22000,1385.0906
gfx936,int8_w8a8_channel,torch.float16,3584,512,2048,256,8,0,0,asm,12005+22000,1432.9306
gfx936,int8_w8a8_channel,torch.float16,3840,512,2048,256,8,0,0,asm,12005+22001,1483.3978
gfx936,int8_w8a8_channel,torch.float16,4096,512,2048,256,8,0,0,asm,13001+23001,1563.9198
gfx936,int8_w8a8_channel,torch.float16,4608,512,2048,256,8,0,0,asm,13001+23001,1691.2795
gfx936,int8_w8a8_channel,torch.float16,5120,512,2048,256,8,0,0,asm,12001+22001,1812.9383
gfx936,int8_w8a8_channel,torch.float16,5632,512,2048,256,8,0,0,asm,13001+23001,1880.3234
gfx936,int8_w8a8_channel,torch.float16,6144,512,2048,256,8,0,0,asm,13001+23001,1980.3569
gfx936,int8_w8a8_channel,torch.float16,7168,512,2048,256,8,0,0,asm,13001+23001,2130.0493
gfx936,int8_w8a8_channel,torch.float16,8192,512,2048,256,8,0,0,asm,13001+23001,2378.3688
gfx936,int8_w8a8_channel,torch.float16,10240,512,2048,256,8,0,0,asm,13001+23001,2818.3512
gfx936,int8_w8a8_channel,torch.float16,16384,512,2048,256,8,0,0,asm,13001+23001,4193.7342
gfx936,int8_w8a8_channel,torch.float16,32768,512,2048,256,8,0,0,asm,13001+23001,7936.6795
gfx936,int8_w8a8_channel,torch.float16,40960,512,2048,256,8,0,0,asm,13001+23001,9691.0601
gfx936,int8_w8a8_channel,torch.float16,65536,512,2048,256,8,0,0,asm,13001+23001,15232.9979
gfx936,int8_w8a8_channel,torch.bfloat16,1,512,2048,256,8,0,0,asm,10000+20000,58.1824
gfx936,int8_w8a8_channel,torch.bfloat16,2,512,2048,256,8,0,0,asm,10006+20000,79.3275
gfx936,int8_w8a8_channel,torch.bfloat16,3,512,2048,256,8,0,0,asm,10002+20000,95.6979
gfx936,int8_w8a8_channel,torch.bfloat16,4,512,2048,256,8,0,0,asm,10006+20000,117.2895
gfx936,int8_w8a8_channel,torch.bfloat16,5,512,2048,256,8,0,0,asm,10006+20000,134.4516
gfx936,int8_w8a8_channel,torch.bfloat16,6,512,2048,256,8,0,0,asm,10006+20000,154.2243
gfx936,int8_w8a8_channel,torch.bfloat16,7,512,2048,256,8,0,0,asm,10006+20000,173.0536
gfx936,int8_w8a8_channel,torch.bfloat16,8,512,2048,256,8,0,0,asm,10006+20000,184.5315
gfx936,int8_w8a8_channel,torch.bfloat16,9,512,2048,256,8,0,0,asm,10007+20000,202.1062
gfx936,int8_w8a8_channel,torch.bfloat16,10,512,2048,256,8,0,0,asm,10006+20000,216.0598
gfx936,int8_w8a8_channel,torch.bfloat16,11,512,2048,256,8,0,0,asm,10006+20000,231.2262
gfx936,int8_w8a8_channel,torch.bfloat16,12,512,2048,256,8,0,0,asm,10007+20000,241.8198
gfx936,int8_w8a8_channel,torch.bfloat16,13,512,2048,256,8,0,0,asm,10002+20000,254.8556
gfx936,int8_w8a8_channel,torch.bfloat16,14,512,2048,256,8,0,0,asm,10006+20000,271.8914
gfx936,int8_w8a8_channel,torch.bfloat16,15,512,2048,256,8,0,0,asm,10002+20000,282.0303
gfx936,int8_w8a8_channel,torch.bfloat16,16,512,2048,256,8,0,0,asm,10002+20000,289.9207
gfx936,int8_w8a8_channel,torch.bfloat16,17,512,2048,256,8,0,0,asm,10002+20000,298.8271
gfx936,int8_w8a8_channel,torch.bfloat16,18,512,2048,256,8,0,0,asm,10007+20000,309.8587
gfx936,int8_w8a8_channel,torch.bfloat16,20,512,2048,256,8,0,0,asm,10002+20000,335.8292
gfx936,int8_w8a8_channel,torch.bfloat16,32,512,2048,256,8,0,0,asm,10002+20000,466.3582
gfx936,int8_w8a8_channel,torch.bfloat16,48,512,2048,256,8,0,0,asm,10002+20000,535.1465
gfx936,int8_w8a8_channel,torch.bfloat16,64,512,2048,256,8,0,0,asm,10002+20000,584.0055
gfx936,int8_w8a8_channel,torch.bfloat16,68,512,2048,256,8,0,0,asm,10002+20000,603.3065
gfx936,int8_w8a8_channel,torch.bfloat16,72,512,2048,256,8,0,0,asm,10007+20000,615.8961
gfx936,int8_w8a8_channel,torch.bfloat16,80,512,2048,256,8,0,0,asm,10007+20000,636.9823
gfx936,int8_w8a8_channel,torch.bfloat16,88,512,2048,256,8,0,0,asm,10002+20000,656.7045
gfx936,int8_w8a8_channel,torch.bfloat16,96,512,2048,256,8,0,0,asm,10007+20000,667.9971
gfx936,int8_w8a8_channel,torch.bfloat16,104,512,2048,256,8,0,0,asm,10002+20000,674.4645
gfx936,int8_w8a8_channel,torch.bfloat16,112,512,2048,256,8,0,0,asm,10002+20000,684.5107
gfx936,int8_w8a8_channel,torch.bfloat16,128,512,2048,256,8,0,0,asm,10006+20000,705.3528
gfx936,int8_w8a8_channel,torch.bfloat16,144,512,2048,256,8,0,0,asm,10002+20000,702.9023
gfx936,int8_w8a8_channel,torch.bfloat16,160,512,2048,256,8,0,0,asm,10007+20000,715.1213
gfx936,int8_w8a8_channel,torch.bfloat16,192,512,2048,256,8,0,0,asm,10006+20000,730.5823
gfx936,int8_w8a8_channel,torch.bfloat16,224,512,2048,256,8,0,0,asm,10002+20000,748.0559
gfx936,int8_w8a8_channel,torch.bfloat16,256,512,2048,256,8,0,0,asm,10002+20000,752.4685
gfx936,int8_w8a8_channel,torch.bfloat16,320,512,2048,256,8,0,0,asm,10008+20000,780.8391
gfx936,int8_w8a8_channel,torch.bfloat16,384,512,2048,256,8,0,0,asm,11006+21000,799.4579
gfx936,int8_w8a8_channel,torch.bfloat16,448,512,2048,256,8,0,0,asm,12004+22000,817.6053
gfx936,int8_w8a8_channel,torch.bfloat16,512,512,2048,256,8,0,0,asm,12004+22000,834.4811
gfx936,int8_w8a8_channel,torch.bfloat16,576,512,2048,256,8,0,0,asm,11002+21000,851.921
gfx936,int8_w8a8_channel,torch.bfloat16,640,512,2048,256,8,0,0,asm,12004+22000,857.5379
gfx936,int8_w8a8_channel,torch.bfloat16,704,512,2048,256,8,0,0,asm,11006+21000,869.2347
gfx936,int8_w8a8_channel,torch.bfloat16,768,512,2048,256,8,0,0,asm,11004+21000,887.2473
gfx936,int8_w8a8_channel,torch.bfloat16,832,512,2048,256,8,0,0,asm,12004+22000,892.8052
gfx936,int8_w8a8_channel,torch.bfloat16,896,512,2048,256,8,0,0,asm,12004+22000,907.0199
gfx936,int8_w8a8_channel,torch.bfloat16,960,512,2048,256,8,0,0,asm,12000+22000,922.843
gfx936,int8_w8a8_channel,torch.bfloat16,1024,512,2048,256,8,0,0,asm,12002+22000,944.2072
gfx936,int8_w8a8_channel,torch.bfloat16,1152,512,2048,256,8,0,0,asm,12004+22000,961.024
gfx936,int8_w8a8_channel,torch.bfloat16,1280,512,2048,256,8,0,0,asm,12004+22000,987.8282
gfx936,int8_w8a8_channel,torch.bfloat16,1536,512,2048,256,8,0,0,asm,12004+22000,1043.3228
gfx936,int8_w8a8_channel,torch.bfloat16,1792,512,2048,256,8,0,0,asm,12004+22000,1082.5059
gfx936,int8_w8a8_channel,torch.bfloat16,1920,512,2048,256,8,0,0,asm,12002+22000,1136.6701
gfx936,int8_w8a8_channel,torch.bfloat16,2048,512,2048,256,8,0,0,asm,12005+22000,1157.0911
gfx936,int8_w8a8_channel,torch.bfloat16,2304,512,2048,256,8,0,0,asm,12005+22001,1204.0046
gfx936,int8_w8a8_channel,torch.bfloat16,2560,512,2048,256,8,0,0,asm,13000+23001,1269.175
gfx936,int8_w8a8_channel,torch.bfloat16,2816,512,2048,256,8,0,0,asm,12005+22001,1300.2234
gfx936,int8_w8a8_channel,torch.bfloat16,3072,512,2048,256,8,0,0,asm,12005+22001,1335.6759
gfx936,int8_w8a8_channel,torch.bfloat16,3328,512,2048,256,8,0,0,asm,12005+22000,1385.0906
gfx936,int8_w8a8_channel,torch.bfloat16,3584,512,2048,256,8,0,0,asm,12005+22000,1432.9306
gfx936,int8_w8a8_channel,torch.bfloat16,3840,512,2048,256,8,0,0,asm,12005+22001,1483.3978
gfx936,int8_w8a8_channel,torch.bfloat16,4096,512,2048,256,8,0,0,asm,13001+23001,1563.9198
gfx936,int8_w8a8_channel,torch.bfloat16,4608,512,2048,256,8,0,0,asm,13001+23001,1691.2795
gfx936,int8_w8a8_channel,torch.bfloat16,5120,512,2048,256,8,0,0,asm,12001+22001,1812.9383
gfx936,int8_w8a8_channel,torch.bfloat16,5632,512,2048,256,8,0,0,asm,13001+23001,1880.3234
gfx936,int8_w8a8_channel,torch.bfloat16,6144,512,2048,256,8,0,0,asm,13001+23001,1980.3569
gfx936,int8_w8a8_channel,torch.bfloat16,7168,512,2048,256,8,0,0,asm,13001+23001,2130.0493
gfx936,int8_w8a8_channel,torch.bfloat16,8192,512,2048,256,8,0,0,asm,13001+23001,2378.3688
gfx936,int8_w8a8_channel,torch.bfloat16,10240,512,2048,256,8,0,0,asm,13001+23001,2818.3512
gfx936,int8_w8a8_channel,torch.bfloat16,16384,512,2048,256,8,0,0,asm,13001+23001,4193.7342
gfx936,int8_w8a8_channel,torch.bfloat16,32768,512,2048,256,8,0,0,asm,13001+23001,7936.6795
gfx936,int8_w8a8_channel,torch.bfloat16,40960,512,2048,256,8,0,0,asm,13001+23001,9691.0601
gfx936,int8_w8a8_channel,torch.bfloat16,65536,512,2048,256,8,0,0,asm,13001+23001,15232.9979
gfx938,f8_w8a8_channel,torch.float16,1,512,2048,256,8,0,0,asm,10002+20000,56.6329
gfx938,f8_w8a8_channel,torch.float16,2,512,2048,256,8,0,0,asm,10008+20000,72.7929
gfx938,f8_w8a8_channel,torch.float16,3,512,2048,256,8,0,0,asm,10008+20000,93.3486
gfx938,f8_w8a8_channel,torch.float16,4,512,2048,256,8,0,0,asm,10008+20000,106.1992
gfx938,f8_w8a8_channel,torch.float16,5,512,2048,256,8,0,0,asm,10008+20000,122.1656
gfx938,f8_w8a8_channel,torch.float16,6,512,2048,256,8,0,0,asm,10008+20000,132.6666
gfx938,f8_w8a8_channel,torch.float16,7,512,2048,256,8,0,0,asm,10008+20000,153.1045
gfx938,f8_w8a8_channel,torch.float16,8,512,2048,256,8,0,0,asm,10008+20000,157.6434
gfx938,f8_w8a8_channel,torch.float16,9,512,2048,256,8,0,0,asm,10008+20000,172.2792
gfx938,f8_w8a8_channel,torch.float16,10,512,2048,256,8,0,0,asm,10008+20000,182.2076
gfx938,f8_w8a8_channel,torch.float16,11,512,2048,256,8,0,0,asm,10008+20000,195.7401
gfx938,f8_w8a8_channel,torch.float16,12,512,2048,256,8,0,0,asm,10008+20000,199.1422
gfx938,f8_w8a8_channel,torch.float16,13,512,2048,256,8,0,0,asm,10008+20000,213.9548
gfx938,f8_w8a8_channel,torch.float16,14,512,2048,256,8,0,0,asm,10008+20000,220.1101
gfx938,f8_w8a8_channel,torch.float16,15,512,2048,256,8,0,0,asm,10008+20000,231.3529
gfx938,f8_w8a8_channel,torch.float16,16,512,2048,256,8,0,0,asm,10008+20000,234.2412
gfx938,f8_w8a8_channel,torch.float16,17,512,2048,256,8,0,0,asm,10008+20000,242.9876
gfx938,f8_w8a8_channel,torch.float16,18,512,2048,256,8,0,0,asm,10008+20000,248.2174
gfx938,f8_w8a8_channel,torch.float16,20,512,2048,256,8,0,0,asm,10008+20000,267.9054
gfx938,f8_w8a8_channel,torch.float16,24,512,2048,256,8,0,0,asm,10008+20000,298.4654
gfx938,f8_w8a8_channel,torch.float16,28,512,2048,256,8,0,0,asm,10008+20000,348.1864
gfx938,f8_w8a8_channel,torch.float16,32,512,2048,256,8,0,0,asm,10011+20000,358.6791
gfx938,f8_w8a8_channel,torch.float16,34,512,2048,256,8,0,0,asm,10008+20000,362.4231
gfx938,f8_w8a8_channel,torch.float16,36,512,2048,256,8,0,0,asm,10012+20001,367.5686
gfx938,f8_w8a8_channel,torch.float16,40,512,2048,256,8,0,0,asm,10008+20000,389.5391
gfx938,f8_w8a8_channel,torch.float16,44,512,2048,256,8,0,0,asm,10012+20001,395.4843
gfx938,f8_w8a8_channel,torch.float16,48,512,2048,256,8,0,0,asm,10008+20000,412.1412
gfx938,f8_w8a8_channel,torch.float16,56,512,2048,256,8,0,0,asm,10012+20001,421.455
gfx938,f8_w8a8_channel,torch.float16,64,512,2048,256,8,0,0,asm,10012+20001,448.1666
gfx938,f8_w8a8_channel,torch.float16,68,512,2048,256,8,0,0,asm,10011+20000,440.6295
gfx938,f8_w8a8_channel,torch.float16,72,512,2048,256,8,0,0,asm,10012+20000,461.3618
gfx938,f8_w8a8_channel,torch.float16,80,512,2048,256,8,0,0,asm,10011+20000,459.1389
gfx938,f8_w8a8_channel,torch.float16,88,512,2048,256,8,0,0,asm,10011+20000,492.3936
gfx938,f8_w8a8_channel,torch.float16,96,512,2048,256,8,0,0,asm,10011+20000,477.9516
gfx938,f8_w8a8_channel,torch.float16,104,512,2048,256,8,0,0,asm,10012+20001,502.6337
gfx938,f8_w8a8_channel,torch.float16,112,512,2048,256,8,0,0,asm,10011+20000,489.5812
gfx938,f8_w8a8_channel,torch.float16,128,512,2048,256,8,0,0,asm,10011+20000,517.3957
gfx938,f8_w8a8_channel,torch.float16,144,512,2048,256,8,0,0,asm,10011+20001,524.3347
gfx938,f8_w8a8_channel,torch.float16,160,512,2048,256,8,0,0,asm,10011+20000,531.5515
gfx938,f8_w8a8_channel,torch.float16,192,512,2048,256,8,0,0,asm,10012+20000,525.0673
gfx938,f8_w8a8_channel,torch.float16,224,512,2048,256,8,0,0,asm,10012+20000,546.8947
gfx938,f8_w8a8_channel,torch.float16,256,512,2048,256,8,0,0,asm,10011+20000,541.6737
gfx938,f8_w8a8_channel,torch.float16,320,512,2048,256,8,0,0,asm,10011+20000,570.4484
gfx938,f8_w8a8_channel,torch.float16,384,512,2048,256,8,0,0,asm,10012+20000,565.1936
gfx938,f8_w8a8_channel,torch.float16,448,512,2048,256,8,0,0,asm,11003+21000,593.7242
gfx938,f8_w8a8_channel,torch.float16,512,512,2048,256,8,0,0,asm,11007+21000,591.6021
gfx938,f8_w8a8_channel,torch.float16,576,512,2048,256,8,0,0,asm,11007+21000,640.4189
gfx938,f8_w8a8_channel,torch.float16,640,512,2048,256,8,0,0,asm,11007+21000,612.8821
gfx938,f8_w8a8_channel,torch.float16,704,512,2048,256,8,0,0,asm,11005+21000,643.5256
gfx938,f8_w8a8_channel,torch.float16,768,512,2048,256,8,0,0,asm,11007+21000,644.1659
gfx938,f8_w8a8_channel,torch.float16,832,512,2048,256,8,0,0,asm,11007+21000,672.1994
gfx938,f8_w8a8_channel,torch.float16,896,512,2048,256,8,0,0,asm,11005+21000,683.6687
gfx938,f8_w8a8_channel,torch.float16,960,512,2048,256,8,0,0,asm,12005+22001,718.6838
gfx938,f8_w8a8_channel,torch.float16,1024,512,2048,256,8,0,0,asm,12005+22001,721.5974
gfx938,f8_w8a8_channel,torch.float16,1152,512,2048,256,8,0,0,asm,12005+22001,747.4852
gfx938,f8_w8a8_channel,torch.float16,1280,512,2048,256,8,0,0,asm,12005+22001,753.1429
gfx938,f8_w8a8_channel,torch.float16,1408,512,2048,256,8,0,0,asm,12005+22001,796.0313
gfx938,f8_w8a8_channel,torch.float16,1536,512,2048,256,8,0,0,asm,12005+22001,808.3934
gfx938,f8_w8a8_channel,torch.float16,1664,512,2048,256,8,0,0,asm,12005+22001,840.4186
gfx938,f8_w8a8_channel,torch.float16,1792,512,2048,256,8,0,0,asm,12005+22001,874.3554
gfx938,f8_w8a8_channel,torch.float16,1920,512,2048,256,8,0,0,asm,12005+22001,930.9953
gfx938,f8_w8a8_channel,torch.float16,2048,512,2048,256,8,0,0,asm,12001+22001,1005.3532
gfx938,f8_w8a8_channel,torch.float16,2304,512,2048,256,8,0,0,asm,13001+23001,1069.9089
gfx938,f8_w8a8_channel,torch.float16,2560,512,2048,256,8,0,0,asm,13001+23001,1111.391
gfx938,f8_w8a8_channel,torch.float16,2816,512,2048,256,8,0,0,asm,13001+23001,1126.7931
gfx938,f8_w8a8_channel,torch.float16,3072,512,2048,256,8,0,0,asm,13001+23001,1143.1299
gfx938,f8_w8a8_channel,torch.float16,3328,512,2048,256,8,0,0,asm,13001+23001,1212.5025
gfx938,f8_w8a8_channel,torch.float16,3584,512,2048,256,8,0,0,asm,13001+23001,1253.0414
gfx938,f8_w8a8_channel,torch.float16,3840,512,2048,256,8,0,0,asm,13001+23001,1357.5295
gfx938,f8_w8a8_channel,torch.float16,4096,512,2048,256,8,0,0,asm,13001+23001,1553.4273
gfx938,f8_w8a8_channel,torch.float16,4608,512,2048,256,8,0,0,asm,12001+22001,1835.1037
gfx938,f8_w8a8_channel,torch.float16,5120,512,2048,256,8,0,0,asm,12001+22001,1935.7683
gfx938,f8_w8a8_channel,torch.float16,5632,512,2048,256,8,0,0,asm,12005+22001,2045.1581
gfx938,f8_w8a8_channel,torch.float16,6144,512,2048,256,8,0,0,asm,13001+23001,2095.4655
gfx938,f8_w8a8_channel,torch.float16,6656,512,2048,256,8,0,0,asm,13001+23001,2154.4213
gfx938,f8_w8a8_channel,torch.float16,7168,512,2048,256,8,0,0,asm,13001+23001,2235.6844
gfx938,f8_w8a8_channel,torch.float16,7680,512,2048,256,8,0,0,asm,13001+23001,2363.0452
gfx938,f8_w8a8_channel,torch.float16,8192,512,2048,256,8,0,0,asm,13001+23001,2661.8398
gfx938,f8_w8a8_channel,torch.float16,10240,512,2048,256,8,0,0,asm,13001+23001,3177.0731
gfx938,f8_w8a8_channel,torch.float16,12288,512,2048,256,8,0,0,asm,13001+23001,3737.5356
gfx938,f8_w8a8_channel,torch.float16,14336,512,2048,256,8,0,0,asm,13001+23001,4305.5014
gfx938,f8_w8a8_channel,torch.float16,16384,512,2048,256,8,0,0,asm,13001+23001,4855.3954
gfx938,f8_w8a8_channel,torch.float16,17408,512,2048,256,8,0,0,asm,13001+23001,5220.8856
gfx938,f8_w8a8_channel,torch.float16,24576,512,2048,256,8,0,0,asm,13001+23001,7038.6353
gfx938,f8_w8a8_channel,torch.float16,32768,512,2048,256,8,0,0,asm,13001+23001,9233.3718
gfx938,f8_w8a8_channel,torch.float16,40960,512,2048,256,8,0,0,asm,13001+23001,11460.0191
gfx938,f8_w8a8_channel,torch.float16,49152,512,2048,256,8,0,0,asm,13001+23001,13713.6403
gfx938,f8_w8a8_channel,torch.float16,57344,512,2048,256,8,0,0,asm,13001+23001,15915.9958
gfx938,f8_w8a8_channel,torch.float16,65536,512,2048,256,8,0,0,asm,13001+23001,18008.381
gfx938,f8_w8a8_channel,torch.bfloat16,1,192,3072,256,8,0,0,asm,10007+20000,47.4709
gfx938,f8_w8a8_channel,torch.bfloat16,2,192,3072,256,8,0,0,asm,10008+20001,59.2518
gfx938,f8_w8a8_channel,torch.bfloat16,4,192,3072,256,8,0,0,asm,10006+20001,83.1004
gfx938,f8_w8a8_channel,torch.bfloat16,6,192,3072,256,8,0,0,asm,10007+20001,97.0372
gfx938,f8_w8a8_channel,torch.bfloat16,8,192,3072,256,8,0,0,asm,10006+20000,115.5298
gfx938,f8_w8a8_channel,torch.bfloat16,10,192,3072,256,8,0,0,asm,10011+20001,131.5466
gfx938,f8_w8a8_channel,torch.bfloat16,12,192,3072,256,8,0,0,asm,10007+20001,146.2161
gfx938,f8_w8a8_channel,torch.bfloat16,16,192,3072,256,8,0,0,asm,10011+20001,169.4833
gfx938,f8_w8a8_channel,torch.bfloat16,20,192,3072,256,8,0,0,asm,10007+20001,182.7773
gfx938,f8_w8a8_channel,torch.bfloat16,24,192,3072,256,8,0,0,asm,10007+20001,206.4405
gfx938,f8_w8a8_channel,torch.bfloat16,28,192,3072,256,8,0,0,asm,10008+20001,237.5255
gfx938,f8_w8a8_channel,torch.bfloat16,32,192,3072,256,8,0,0,asm,10008+20001,249.7944
gfx938,f8_w8a8_channel,torch.bfloat16,36,192,3072,256,8,0,0,asm,10006+20001,246.9287
gfx938,f8_w8a8_channel,torch.bfloat16,40,192,3072,256,8,0,0,asm,10008+20001,248.1158
gfx938,f8_w8a8_channel,torch.bfloat16,48,192,3072,256,8,0,0,asm,10008+20001,266.1636
gfx938,f8_w8a8_channel,torch.bfloat16,56,192,3072,256,8,0,0,asm,10008+20001,281.1941
gfx938,f8_w8a8_channel,torch.bfloat16,72,192,3072,256,8,0,0,asm,10006+20000,313.8426
gfx938,f8_w8a8_channel,torch.bfloat16,80,192,3072,256,8,0,0,asm,10008+20001,301.4215
gfx938,f8_w8a8_channel,torch.bfloat16,96,192,3072,256,8,0,0,asm,10008+20001,317.9267
gfx938,f8_w8a8_channel,torch.bfloat16,112,192,3072,256,8,0,0,asm,10008+20000,327.9647
gfx938,f8_w8a8_channel,torch.bfloat16,128,192,3072,256,8,0,0,asm,10008+20001,332.0991
gfx938,f8_w8a8_channel,torch.bfloat16,192,192,3072,256,8,0,0,asm,10008+20001,338.6342
gfx938,f8_w8a8_channel,torch.bfloat16,224,192,3072,256,8,0,0,asm,10008+20001,344.7226
gfx938,f8_w8a8_channel,torch.bfloat16,256,192,3072,256,8,0,0,asm,10008+20001,360.7391
gfx938,f8_w8a8_channel,torch.bfloat16,384,192,3072,256,8,0,0,asm,10008+20001,386.7266
gfx938,f8_w8a8_channel,torch.bfloat16,448,192,3072,256,8,0,0,asm,11004+21001,405.3118
gfx938,f8_w8a8_channel,torch.bfloat16,512,192,3072,256,8,0,0,asm,11004+21001,422.0949
gfx938,f8_w8a8_channel,torch.bfloat16,640,192,3072,256,8,0,0,asm,11006+21001,474.2128
gfx938,f8_w8a8_channel,torch.bfloat16,768,192,3072,256,8,0,0,asm,11004+21001,468.3265
gfx938,f8_w8a8_channel,torch.bfloat16,896,192,3072,256,8,0,0,asm,11004+21001,498.1112
gfx938,f8_w8a8_channel,torch.bfloat16,1024,192,3072,256,8,0,0,asm,11004+21001,559.9646
gfx938,f8_w8a8_channel,torch.bfloat16,1280,192,3072,256,8,0,0,asm,12000+22001,612.2344
gfx938,f8_w8a8_channel,torch.bfloat16,1536,192,3072,256,8,0,0,asm,12004+22001,645.5638
gfx938,f8_w8a8_channel,torch.bfloat16,1792,192,3072,256,8,0,0,asm,12000+22001,710.7767
gfx938,f8_w8a8_channel,torch.bfloat16,1920,192,3072,256,8,0,0,asm,12000+22001,759.2397
gfx938,f8_w8a8_channel,torch.bfloat16,2048,192,3072,256,8,0,0,asm,12000+22001,827.2901
gfx938,f8_w8a8_channel,torch.bfloat16,4096,192,3072,256,8,0,0,asm,12001+22001,1400.7208
gfx938,f8_w8a8_channel,torch.bfloat16,8192,192,3072,256,8,0,0,asm,13001+23001,2443.6927
gfx938,f8_w8a8_channel,torch.bfloat16,16384,192,3072,256,8,0,0,asm,13001+23001,4553.3176
gfx936,int8_w8a8_channel,torch.bfloat16,1,128,6144,256,14,0,0,asm,10001+20000,64.6498
gfx936,int8_w8a8_channel,torch.bfloat16,2,128,6144,256,14,0,0,asm,10004+20000,92.6162
gfx936,int8_w8a8_channel,torch.bfloat16,4,128,6144,256,14,0,0,asm,10005+20001,138.1488
gfx936,int8_w8a8_channel,torch.bfloat16,6,128,6144,256,14,0,0,asm,10001+20001,181.3151
gfx936,int8_w8a8_channel,torch.bfloat16,8,128,6144,256,14,0,0,asm,10005+20001,216.0351
gfx936,int8_w8a8_channel,torch.bfloat16,12,128,6144,256,14,0,0,asm,10004+20001,281.6014
gfx936,int8_w8a8_channel,torch.bfloat16,16,128,6144,256,14,0,0,asm,10005+20001,335.2772
gfx936,int8_w8a8_channel,torch.bfloat16,24,128,6144,256,14,0,0,asm,10004+20001,406.2215
gfx936,int8_w8a8_channel,torch.bfloat16,32,128,6144,256,14,0,0,asm,10005+20001,469.7109
gfx936,int8_w8a8_channel,torch.bfloat16,48,128,6144,256,14,0,0,asm,10004+20001,495.9394
gfx936,int8_w8a8_channel,torch.bfloat16,64,128,6144,256,14,0,0,asm,10004+20001,519.0717
gfx936,int8_w8a8_channel,torch.bfloat16,96,128,6144,256,14,0,0,asm,10005+20001,560.5203
gfx936,int8_w8a8_channel,torch.bfloat16,128,128,6144,256,14,0,0,asm,10005+20001,580.9326
gfx936,int8_w8a8_channel,torch.bfloat16,256,128,6144,256,14,0,0,asm,10006+20100,678.7773
gfx936,int8_w8a8_channel,torch.bfloat16,384,128,6144,256,14,0,0,asm,11000+21001,761.1098
gfx936,int8_w8a8_channel,torch.bfloat16,512,128,6144,256,14,0,0,asm,11006+21001,835.2067
gfx936,int8_w8a8_channel,torch.bfloat16,768,128,6144,256,14,0,0,asm,11007+21001,1027.434
gfx936,int8_w8a8_channel,torch.bfloat16,1024,128,6144,256,14,0,0,asm,11007+21001,1153.0676
gfx936,int8_w8a8_channel,torch.bfloat16,1536,128,6144,256,14,0,0,asm,12005+21101,1509.775
gfx936,int8_w8a8_channel,torch.bfloat16,2048,128,6144,256,14,0,0,asm,12005+22001,1745.1939
gfx936,int8_w8a8_channel,torch.bfloat16,3072,128,6144,256,14,0,0,asm,12005+22001,2453.8085
gfx936,int8_w8a8_channel,torch.bfloat16,4096,128,6144,256,14,0,0,asm,13001+23001,3035.4917
gfx936,int8_w8a8_channel,torch.bfloat16,6144,128,6144,256,14,0,0,asm,13001+23001,4338.9167
gfx936,int8_w8a8_channel,torch.bfloat16,8192,128,6144,256,14,0,0,asm,13001+23001,5734.4762
gfx936,int8_w8a8_channel,torch.bfloat16,16384,128,6144,256,14,0,0,asm,13001+23001,10989.8389
gfx936,int8_w8a8_channel,torch.bfloat16,1,64,6144,256,14,0,0,asm,10004+20000,51.1509
gfx936,int8_w8a8_channel,torch.bfloat16,2,64,6144,256,14,0,0,asm,10003+20001,70.3171
gfx936,int8_w8a8_channel,torch.bfloat16,4,64,6144,256,14,0,0,asm,10004+20001,95.4541
gfx936,int8_w8a8_channel,torch.bfloat16,8,64,6144,256,14,0,0,asm,10005+20001,140.2624
gfx936,int8_w8a8_channel,torch.bfloat16,12,64,6144,256,14,0,0,asm,10005+20001,180.9949
gfx936,int8_w8a8_channel,torch.bfloat16,16,64,6144,256,14,0,0,asm,10001+20001,206.8055
gfx936,int8_w8a8_channel,torch.bfloat16,20,64,6144,256,14,0,0,asm,10005+20001,225.4214
gfx936,int8_w8a8_channel,torch.bfloat16,24,64,6144,256,14,0,0,asm,10005+20001,246.373
gfx936,int8_w8a8_channel,torch.bfloat16,28,64,6144,256,14,0,0,asm,10004+20001,277.9381
gfx936,int8_w8a8_channel,torch.bfloat16,32,64,6144,256,14,0,0,asm,10004+20001,288.8012
gfx936,int8_w8a8_channel,torch.bfloat16,36,64,6144,256,14,0,0,asm,10004+20001,281.1349
gfx936,int8_w8a8_channel,torch.bfloat16,40,64,6144,256,14,0,0,asm,10005+20001,286.9624
gfx936,int8_w8a8_channel,torch.bfloat16,48,64,6144,256,14,0,0,asm,10004+20001,298.2978
gfx936,int8_w8a8_channel,torch.bfloat16,56,64,6144,256,14,0,0,asm,10005+20001,304.6635
gfx936,int8_w8a8_channel,torch.bfloat16,64,64,6144,256,14,0,0,asm,10005+20001,317.9941
gfx936,int8_w8a8_channel,torch.bfloat16,72,64,6144,256,14,0,0,asm,10004+20001,321.8088
gfx936,int8_w8a8_channel,torch.bfloat16,84,64,6144,256,14,0,0,asm,10005+20001,335.4929
gfx936,int8_w8a8_channel,torch.bfloat16,96,64,6144,256,14,0,0,asm,10005+20001,346.9035
gfx936,int8_w8a8_channel,torch.bfloat16,128,64,6144,256,14,0,0,asm,10001+20001,369.7327
gfx936,int8_w8a8_channel,torch.bfloat16,196,64,6144,256,14,0,0,asm,10001+20001,408.7137
gfx936,int8_w8a8_channel,torch.bfloat16,256,64,6144,256,14,0,0,asm,10006+20001,444.3938
gfx936,int8_w8a8_channel,torch.bfloat16,512,64,6144,256,14,0,0,asm,11006+21001,592.9158
gfx936,int8_w8a8_channel,torch.bfloat16,1024,64,6144,256,14,0,0,asm,11006+21001,893.244
gfx936,int8_w8a8_channel,torch.bfloat16,2048,64,6144,256,14,0,0,asm,12004+22001,1472.9993
gfx936,int8_w8a8_channel,torch.bfloat16,4096,64,6144,256,14,0,0,asm,13000+23000,2738.9521
gfx936,int8_w8a8_channel,torch.bfloat16,8192,64,6144,256,14,0,0,asm,13000+23001,5277.6872
gfx938,f8_w8a8_channel,torch.float16,1,512,4096,257,7,0,0,asm,10009+20000,69.6941
gfx938,f8_w8a8_channel,torch.float16,2,512,4096,257,7,0,0,asm,10008+20000,96.5488
gfx938,f8_w8a8_channel,torch.float16,4,512,4096,257,7,0,0,asm,10008+20001,151.3447
gfx938,f8_w8a8_channel,torch.float16,8,512,4096,257,7,0,0,asm,10008+20000,226.7131
gfx938,f8_w8a8_channel,torch.float16,16,512,4096,257,7,0,0,asm,10009+20000,378.353
gfx938,f8_w8a8_channel,torch.float16,32,512,4096,257,7,0,0,asm,10008+20000,545.6532
gfx938,f8_w8a8_channel,torch.float16,64,512,4096,257,7,0,0,asm,10009+20000,742.7186
gfx938,f8_w8a8_channel,torch.float16,128,512,4096,257,7,0,0,asm,10008+20000,862.1141
gfx938,f8_w8a8_channel,torch.float16,256,512,4096,257,7,0,0,asm,10008+20000,928.9347
gfx938,f8_w8a8_channel,torch.float16,512,512,4096,257,7,0,0,asm,11004+21000,997.8765
gfx938,f8_w8a8_channel,torch.float16,1024,512,4096,257,7,0,0,asm,11005+21001,1138.9134
gfx938,f8_w8a8_channel,torch.float16,2048,512,4096,257,7,0,0,asm,12005+22001,1360.2948
gfx938,f8_w8a8_channel,torch.float16,4096,512,4096,257,7,0,0,asm,13001+23001,1942.1733
gfx938,f8_w8a8_channel,torch.float16,8192,512,4096,257,7,0,0,asm,13001+23001,3425.1392
gfx938,int8_w8a8_channel,torch.float16,1,512,3072,256,8,0,0,asm,10002+20000,62.1572
gfx938,int8_w8a8_channel,torch.float16,2,512,3072,256,8,0,0,asm,10008+20000,88.7256
gfx938,int8_w8a8_channel,torch.float16,3,512,3072,256,8,0,0,asm,10008+20000,113.5423
gfx938,int8_w8a8_channel,torch.float16,4,512,3072,256,8,0,0,asm,10008+20000,136.0602
gfx938,int8_w8a8_channel,torch.float16,5,512,3072,256,8,0,0,asm,10009+20000,161.3991
gfx938,int8_w8a8_channel,torch.float16,6,512,3072,256,8,0,0,asm,10008+20001,178.1149
gfx938,int8_w8a8_channel,torch.float16,7,512,3072,256,8,0,0,asm,10009+20000,196.8348
gfx938,int8_w8a8_channel,torch.float16,8,512,3072,256,8,0,0,asm,10009+20000,209.1379
gfx938,int8_w8a8_channel,torch.float16,9,512,3072,256,8,0,0,asm,10008+20000,226.4012
gfx938,int8_w8a8_channel,torch.float16,10,512,3072,256,8,0,0,asm,10008+20000,247.8496
gfx938,int8_w8a8_channel,torch.float16,11,512,3072,256,8,0,0,asm,10011+20000,266.3759
gfx938,int8_w8a8_channel,torch.float16,12,512,3072,256,8,0,0,asm,10009+20001,273.6265
gfx938,int8_w8a8_channel,torch.float16,13,512,3072,256,8,0,0,asm,10009+20000,284.8431
gfx938,int8_w8a8_channel,torch.float16,14,512,3072,256,8,0,0,asm,10009+20000,303.0326
gfx938,int8_w8a8_channel,torch.float16,15,512,3072,256,8,0,0,asm,11007+21001,317.8034
gfx938,int8_w8a8_channel,torch.float16,16,512,3072,256,8,0,0,asm,10008+20000,319.1503
gfx938,int8_w8a8_channel,torch.float16,17,512,3072,256,8,0,0,asm,10008+20000,337.6485
gfx938,int8_w8a8_channel,torch.float16,18,512,3072,256,8,0,0,asm,10013+20000,347.9474
gfx938,int8_w8a8_channel,torch.float16,20,512,3072,256,8,0,0,asm,10012+20001,373.9937
gfx938,int8_w8a8_channel,torch.float16,24,512,3072,256,8,0,0,asm,10008+20000,412.2339
gfx938,int8_w8a8_channel,torch.float16,28,512,3072,256,8,0,0,asm,10012+20001,469.6596
gfx938,int8_w8a8_channel,torch.float16,32,512,3072,256,8,0,0,asm,10012+20000,499.4031
gfx938,int8_w8a8_channel,torch.float16,34,512,3072,256,8,0,0,asm,10008+20001,501.9262
gfx938,int8_w8a8_channel,torch.float16,36,512,3072,256,8,0,0,asm,10012+20000,520.3011
gfx938,int8_w8a8_channel,torch.float16,40,512,3072,256,8,0,0,asm,10008+20000,530.9283
gfx938,int8_w8a8_channel,torch.float16,44,512,3072,256,8,0,0,asm,10012+20000,558.7853
gfx938,int8_w8a8_channel,torch.float16,48,512,3072,256,8,0,0,asm,10008+20000,567.6439
gfx938,int8_w8a8_channel,torch.float16,56,512,3072,256,8,0,0,asm,10008+20001,598.4061
gfx938,int8_w8a8_channel,torch.float16,64,512,3072,256,8,0,0,asm,10012+20000,620.4441
gfx938,int8_w8a8_channel,torch.float16,68,512,3072,256,8,0,0,asm,10012+20000,629.3621
gfx938,int8_w8a8_channel,torch.float16,72,512,3072,256,8,0,0,asm,10012+20000,639.2483
gfx938,int8_w8a8_channel,torch.float16,80,512,3072,256,8,0,0,asm,10012+20001,655.3744
gfx938,int8_w8a8_channel,torch.float16,88,512,3072,256,8,0,0,asm,10012+20001,675.5848
gfx938,int8_w8a8_channel,torch.float16,96,512,3072,256,8,0,0,asm,10012+20000,680.5956
gfx938,int8_w8a8_channel,torch.float16,104,512,3072,256,8,0,0,asm,10008+20001,687.846
gfx938,int8_w8a8_channel,torch.float16,112,512,3072,256,8,0,0,asm,10012+20000,695.5683
gfx938,int8_w8a8_channel,torch.float16,128,512,3072,256,8,0,0,asm,10012+20000,707.6609
gfx938,int8_w8a8_channel,torch.float16,144,512,3072,256,8,0,0,asm,10012+20000,716.3346
gfx938,int8_w8a8_channel,torch.float16,160,512,3072,256,8,0,0,asm,10012+20000,724.1746
gfx938,int8_w8a8_channel,torch.float16,192,512,3072,256,8,0,0,asm,10012+20000,736.4188
gfx938,int8_w8a8_channel,torch.float16,224,512,3072,256,8,0,0,asm,10008+20000,741.0083
gfx938,int8_w8a8_channel,torch.float16,256,512,3072,256,8,0,0,asm,10012+20000,751.8798
gfx938,int8_w8a8_channel,torch.float16,320,512,3072,256,8,0,0,asm,10012+20000,765.7746
gfx938,int8_w8a8_channel,torch.float16,384,512,3072,256,8,0,0,asm,11003+21000,783.4167
gfx938,int8_w8a8_channel,torch.float16,448,512,3072,256,8,0,0,asm,11005+21001,808.1412
gfx938,int8_w8a8_channel,torch.float16,512,512,3072,256,8,0,0,asm,11007+21000,821.8249
gfx938,int8_w8a8_channel,torch.float16,576,512,3072,256,8,0,0,asm,11007+21000,829.3366
gfx938,int8_w8a8_channel,torch.float16,640,512,3072,256,8,0,0,asm,11007+21001,850.4823
gfx938,int8_w8a8_channel,torch.float16,704,512,3072,256,8,0,0,asm,11007+21000,866.7849
gfx938,int8_w8a8_channel,torch.float16,768,512,3072,256,8,0,0,asm,11007+21001,878.0607
gfx938,int8_w8a8_channel,torch.float16,832,512,3072,256,8,0,0,asm,11005+21000,901.0755
gfx938,int8_w8a8_channel,torch.float16,896,512,3072,256,8,0,0,asm,11005+21000,936.7975
gfx938,int8_w8a8_channel,torch.float16,960,512,3072,256,8,0,0,asm,11005+21001,962.7258
gfx938,int8_w8a8_channel,torch.float16,1024,512,3072,256,8,0,0,asm,12001+22001,976.1488
gfx938,int8_w8a8_channel,torch.float16,1152,512,3072,256,8,0,0,asm,12001+22001,997.033
gfx938,int8_w8a8_channel,torch.float16,1280,512,3072,256,8,0,0,asm,12005+22001,1023.8205
gfx938,int8_w8a8_channel,torch.float16,1408,512,3072,256,8,0,0,asm,12005+22001,1039.9637
gfx938,int8_w8a8_channel,torch.float16,1536,512,3072,256,8,0,0,asm,12005+22001,1080.5116
gfx938,int8_w8a8_channel,torch.float16,1664,512,3072,256,8,0,0,asm,12005+22001,1101.2605
gfx938,int8_w8a8_channel,torch.float16,1792,512,3072,256,8,0,0,asm,12005+22001,1088.4611
gfx938,int8_w8a8_channel,torch.float16,1920,512,3072,256,8,0,0,asm,12005+22001,1209.9341
gfx938,int8_w8a8_channel,torch.float16,2048,512,3072,256,8,0,0,asm,12001+22001,1315.0708
gfx938,int8_w8a8_channel,torch.float16,2304,512,3072,256,8,0,0,asm,13001+23001,1424.6789
gfx938,int8_w8a8_channel,torch.float16,2560,512,3072,256,8,0,0,asm,13001+23001,1474.4819
gfx938,int8_w8a8_channel,torch.float16,2816,512,3072,256,8,0,0,asm,13001+23001,1494.5064
gfx938,int8_w8a8_channel,torch.float16,3072,512,3072,256,8,0,0,asm,13001+23001,1455.2142
gfx938,int8_w8a8_channel,torch.float16,3328,512,3072,256,8,0,0,asm,13001+22001,1563.7204
gfx938,int8_w8a8_channel,torch.float16,3584,512,3072,256,8,0,0,asm,13001+23001,1555.9047
gfx938,int8_w8a8_channel,torch.float16,3840,512,3072,256,8,0,0,asm,13001+23001,1705.2602
gfx938,int8_w8a8_channel,torch.float16,4096,512,3072,256,8,0,0,asm,13001+23001,1943.5594
gfx938,int8_w8a8_channel,torch.float16,4608,512,3072,256,8,0,0,asm,12001+22001,2316.7811
gfx938,int8_w8a8_channel,torch.float16,5120,512,3072,256,8,0,0,asm,12001+22001,2428.7966
gfx938,int8_w8a8_channel,torch.float16,5632,512,3072,256,8,0,0,asm,12001+22001,2535.5758
gfx938,int8_w8a8_channel,torch.float16,6144,512,3072,256,8,0,0,asm,13001+23001,2667.7452
gfx938,int8_w8a8_channel,torch.float16,6656,512,3072,256,8,0,0,asm,13001+23001,2730.3037
gfx938,int8_w8a8_channel,torch.float16,7168,512,3072,256,8,0,0,asm,13001+23001,2789.5033
gfx938,int8_w8a8_channel,torch.float16,7680,512,3072,256,8,0,0,asm,13001+23001,2957.1077
gfx938,int8_w8a8_channel,torch.float16,8192,512,3072,256,8,0,0,asm,13001+23001,3509.8644
gfx938,int8_w8a8_channel,torch.float16,10240,512,3072,256,8,0,0,asm,13001+23001,4259.1207
gfx938,int8_w8a8_channel,torch.float16,12288,512,3072,256,8,0,0,asm,13001+23001,5014.8679
gfx938,int8_w8a8_channel,torch.float16,14336,512,3072,256,8,0,0,asm,13001+23001,5761.0701
gfx938,int8_w8a8_channel,torch.float16,16384,512,3072,256,8,0,0,asm,13001+23001,6419.84
gfx938,int8_w8a8_channel,torch.float16,17408,512,3072,256,8,0,0,asm,13001+22001,7170.0453
gfx938,int8_w8a8_channel,torch.float16,24576,512,3072,256,8,0,0,asm,13001+23001,9416.6197
gfx938,int8_w8a8_channel,torch.float16,32768,512,3072,256,8,0,0,asm,13001+23000,12698.3868
gfx938,f8_w8a8_channel,torch.float16,1,384,4096,128,8,0,0,asm,10008+20001,57.2225
gfx938,f8_w8a8_channel,torch.float16,2,384,4096,128,8,0,0,asm,10007+20001,83.1087
gfx938,f8_w8a8_channel,torch.float16,3,384,4096,128,8,0,0,asm,10006+20000,108.6161
gfx938,f8_w8a8_channel,torch.float16,4,384,4096,128,8,0,0,asm,10006+20000,125.0791
gfx938,f8_w8a8_channel,torch.float16,5,384,4096,128,8,0,0,asm,10011+20000,142.8979
gfx938,f8_w8a8_channel,torch.float16,6,384,4096,128,8,0,0,asm,10006+20000,168.7844
gfx938,f8_w8a8_channel,torch.float16,7,384,4096,128,8,0,0,asm,11004+21001,187.0075
gfx938,f8_w8a8_channel,torch.float16,8,384,4096,128,8,0,0,asm,10011+20000,197.9042
gfx938,f8_w8a8_channel,torch.float16,9,384,4096,128,8,0,0,asm,10008+20001,208.0095
gfx938,f8_w8a8_channel,torch.float16,10,384,4096,128,8,0,0,asm,10008+20001,222.9484
gfx938,f8_w8a8_channel,torch.float16,11,384,4096,128,8,0,0,asm,10009+20000,231.3357
gfx938,f8_w8a8_channel,torch.float16,12,384,4096,128,8,0,0,asm,10008+20000,240.0768
gfx938,f8_w8a8_channel,torch.float16,13,384,4096,128,8,0,0,asm,10009+20000,256.1779
gfx938,f8_w8a8_channel,torch.float16,14,384,4096,128,8,0,0,asm,10009+20000,270.0473
gfx938,f8_w8a8_channel,torch.float16,15,384,4096,128,8,0,0,asm,10009+20000,273.1883
gfx938,f8_w8a8_channel,torch.float16,16,384,4096,128,8,0,0,asm,10008+20001,285.8029
gfx938,f8_w8a8_channel,torch.float16,17,384,4096,128,8,0,0,asm,10009+20001,294.4403
gfx938,f8_w8a8_channel,torch.float16,18,384,4096,128,8,0,0,asm,10009+20000,302.5158
gfx938,f8_w8a8_channel,torch.float16,20,384,4096,128,8,0,0,asm,10009+20000,318.0611
gfx938,f8_w8a8_channel,torch.float16,24,384,4096,128,8,0,0,asm,10008+20000,321.3958
gfx938,f8_w8a8_channel,torch.float16,28,384,4096,128,8,0,0,asm,10009+20000,329.7441
gfx938,f8_w8a8_channel,torch.float16,32,384,4096,128,8,0,0,asm,10009+20000,341.9209
gfx938,f8_w8a8_channel,torch.float16,34,384,4096,128,8,0,0,asm,10009+20000,341.7411
gfx938,f8_w8a8_channel,torch.float16,36,384,4096,128,8,0,0,asm,10009+20001,354.8023
gfx938,f8_w8a8_channel,torch.float16,40,384,4096,128,8,0,0,asm,10009+20000,359.6442
gfx938,f8_w8a8_channel,torch.float16,44,384,4096,128,8,0,0,asm,10008+20000,374.3813
gfx938,f8_w8a8_channel,torch.float16,48,384,4096,128,8,0,0,asm,10008+20001,379.5347
gfx938,f8_w8a8_channel,torch.float16,56,384,4096,128,8,0,0,asm,10008+20000,379.0126
gfx938,f8_w8a8_channel,torch.float16,64,384,4096,128,8,0,0,asm,10008+20000,391.6724
gfx938,f8_w8a8_channel,torch.float16,68,384,4096,128,8,0,0,asm,10008+20001,388.2337
gfx938,f8_w8a8_channel,torch.float16,72,384,4096,128,8,0,0,asm,10011+20000,385.2863
gfx938,f8_w8a8_channel,torch.float16,80,384,4096,128,8,0,0,asm,10011+20000,393.5052
gfx938,f8_w8a8_channel,torch.float16,88,384,4096,128,8,0,0,asm,10011+20000,392.0063
gfx938,f8_w8a8_channel,torch.float16,96,384,4096,128,8,0,0,asm,10011+20000,392.5537
gfx938,f8_w8a8_channel,torch.float16,104,384,4096,128,8,0,0,asm,10011+20000,392.0905
gfx938,f8_w8a8_channel,torch.float16,112,384,4096,128,8,0,0,asm,10011+20000,397.0842
gfx938,f8_w8a8_channel,torch.float16,128,384,4096,128,8,0,0,asm,10011+20000,403.8715
gfx938,f8_w8a8_channel,torch.float16,144,384,4096,128,8,0,0,asm,10011+20000,416.5452
gfx938,f8_w8a8_channel,torch.float16,160,384,4096,128,8,0,0,asm,10011+20000,415.3326
gfx938,f8_w8a8_channel,torch.float16,192,384,4096,128,8,0,0,asm,11004+21001,424.4274
gfx938,f8_w8a8_channel,torch.float16,224,384,4096,128,8,0,0,asm,11002+21001,436.8821
gfx938,f8_w8a8_channel,torch.float16,256,384,4096,128,8,0,0,asm,11004+21001,435.5179
gfx938,f8_w8a8_channel,torch.float16,320,384,4096,128,8,0,0,asm,11002+21001,458.4821
gfx938,f8_w8a8_channel,torch.float16,384,384,4096,128,8,0,0,asm,11003+21001,471.9052
gfx938,f8_w8a8_channel,torch.float16,448,384,4096,128,8,0,0,asm,11005+21001,495.1137
gfx938,f8_w8a8_channel,torch.float16,512,384,4096,128,8,0,0,asm,12001+22001,551.9978
gfx938,f8_w8a8_channel,torch.float16,576,384,4096,128,8,0,0,asm,12000+22001,571.644
gfx938,f8_w8a8_channel,torch.float16,640,384,4096,128,8,0,0,asm,12005+22001,566.5746
gfx938,f8_w8a8_channel,torch.float16,704,384,4096,128,8,0,0,asm,12000+22001,602.7599
gfx938,f8_w8a8_channel,torch.float16,768,384,4096,128,8,0,0,asm,12004+22001,597.5303
gfx938,f8_w8a8_channel,torch.float16,832,384,4096,128,8,0,0,asm,12004+22001,613.7324
gfx938,f8_w8a8_channel,torch.float16,896,384,4096,128,8,0,0,asm,12005+22001,617.9092
gfx938,f8_w8a8_channel,torch.float16,960,384,4096,128,8,0,0,asm,12001+22001,664.1997
gfx938,f8_w8a8_channel,torch.float16,1024,384,4096,128,8,0,0,asm,12005+22001,703.0544
gfx938,f8_w8a8_channel,torch.float16,1152,384,4096,128,8,0,0,asm,12002+22001,901.2362
gfx938,f8_w8a8_channel,torch.float16,1280,384,4096,128,8,0,0,asm,13001+23001,830.6719
gfx938,f8_w8a8_channel,torch.float16,1408,384,4096,128,8,0,0,asm,13001+22001,848.1119
gfx938,f8_w8a8_channel,torch.float16,1536,384,4096,128,8,0,0,asm,12003+22001,921.2238
gfx938,f8_w8a8_channel,torch.float16,1664,384,4096,128,8,0,0,asm,13001+23001,890.8406
gfx938,f8_w8a8_channel,torch.float16,1792,384,4096,128,8,0,0,asm,12003+22000,977.4354
gfx938,f8_w8a8_channel,torch.float16,1920,384,4096,128,8,0,0,asm,13001+22001,1028.4833
gfx938,f8_w8a8_channel,torch.float16,2048,384,4096,128,8,0,0,asm,12003+22001,1129.4423
gfx938,f8_w8a8_channel,torch.float16,2304,384,4096,128,8,0,0,asm,12005+22001,1298.1611
gfx938,f8_w8a8_channel,torch.float16,2560,384,4096,128,8,0,0,asm,12001+22001,1364.9232
gfx938,f8_w8a8_channel,torch.float16,2816,384,4096,128,8,0,0,asm,12003+22001,1423.5839
gfx938,f8_w8a8_channel,torch.float16,3072,384,4096,128,8,0,0,asm,13001+23000,1551.9383
gfx938,f8_w8a8_channel,torch.float16,3328,384,4096,128,8,0,0,asm,13001+23001,1535.1064
gfx938,f8_w8a8_channel,torch.float16,3584,384,4096,128,8,0,0,asm,13001+23001,1607.8473
gfx938,f8_w8a8_channel,torch.float16,3840,384,4096,128,8,0,0,asm,13001+23001,1707.788
gfx938,f8_w8a8_channel,torch.float16,4096,384,4096,128,8,0,0,asm,13001+22001,1921.0516
gfx938,f8_w8a8_channel,torch.float16,4608,384,4096,128,8,0,0,asm,12001+22001,2245.9865
gfx938,f8_w8a8_channel,torch.float16,5120,384,4096,128,8,0,0,asm,13001+23001,2249.6579
gfx938,f8_w8a8_channel,torch.float16,5632,384,4096,128,8,0,0,asm,13001+23000,2433.7061
gfx938,f8_w8a8_channel,torch.float16,6144,384,4096,128,8,0,0,asm,13001+23001,2672.2655
gfx938,f8_w8a8_channel,torch.float16,6656,384,4096,128,8,0,0,asm,13001+23001,2928.4678
gfx938,f8_w8a8_channel,torch.float16,7168,384,4096,128,8,0,0,asm,13001+23001,3013.882
gfx938,f8_w8a8_channel,torch.float16,7680,384,4096,128,8,0,0,asm,13001+22001,3252.1732
gfx938,f8_w8a8_channel,torch.float16,8192,384,4096,128,8,0,0,asm,13001+23001,3391.5415
gfx938,f8_w8a8_channel,torch.float16,10240,384,4096,128,8,0,0,asm,13001+23000,4268.4412
gfx938,f8_w8a8_channel,torch.float16,12288,384,4096,128,8,0,0,asm,13001+23001,4928.0957
gfx938,f8_w8a8_channel,torch.float16,14336,384,4096,128,8,0,0,asm,13001+23000,5857.2488
gfx938,f8_w8a8_channel,torch.float16,16384,384,4096,128,8,0,0,asm,13001+23000,6618.7566
gfx938,f8_w8a8_channel,torch.float16,17408,384,4096,128,8,0,0,asm,13001+22001,7117.1982
gfx938,f8_w8a8_channel,torch.float16,24576,384,4096,128,8,0,0,asm,13001+23000,10502.2368
gfx938,f8_w8a8_channel,torch.float16,32768,384,4096,128,8,0,0,asm,10011+20001,28835.7818
gfx936,int8_w8a8_channel,torch.float16,112,1536,1280,392,1,0,0,asm,10008+20000,490.1711
gfx936,int8_w8a8_channel,torch.float16,2800,1536,1280,392,1,0,0,asm,10013+20000,2013.1928
gfx936,int8_w8a8_channel,torch.float16,4480,1536,1280,392,1,0,0,asm,10013+20000,2137.2683
gfx936,int8_w8a8_channel,torch.float16,8960,1536,1280,392,1,0,0,asm,12005+22000,2406.1525
gfx936,int8_w8a8_channel,torch.float16,11424,1536,1280,392,1,0,0,asm,12005+22000,2539.3048
gfx936,int8_w8a8_channel,torch.float16,13104,1536,1280,392,1,0,0,asm,13001+23002,2627.5574
gfx936,int8_w8a8_channel,torch.float16,28672,1536,1280,392,1,0,0,asm,13001+23002,3415.642
gfx936,int8_w8a8_channel,torch.float16,57344,1536,1280,392,1,0,0,asm,13001+23001,5335.4385
gfx938,f8_w8a8_channel,torch.float16,1,192,4096,128,8,0,0,asm,10006+20000,45.5508
gfx938,f8_w8a8_channel,torch.float16,2,192,4096,128,8,0,0,asm,10008+20001,62.7972
gfx938,f8_w8a8_channel,torch.float16,3,192,4096,128,8,0,0,asm,10011+20000,80.7929
gfx938,f8_w8a8_channel,torch.float16,4,192,4096,128,8,0,0,asm,10006+20000,87.5551
gfx938,f8_w8a8_channel,torch.float16,5,192,4096,128,8,0,0,asm,10006+20001,97.7109
gfx938,f8_w8a8_channel,torch.float16,6,192,4096,128,8,0,0,asm,10006+20001,112.0098
gfx938,f8_w8a8_channel,torch.float16,7,192,4096,128,8,0,0,asm,10006+20001,119.513
gfx938,f8_w8a8_channel,torch.float16,8,192,4096,128,8,0,0,asm,10009+20001,129.9719
gfx938,f8_w8a8_channel,torch.float16,9,192,4096,128,8,0,0,asm,10008+20001,138.2835
gfx938,f8_w8a8_channel,torch.float16,10,192,4096,128,8,0,0,asm,10006+20001,149.8792
gfx938,f8_w8a8_channel,torch.float16,11,192,4096,128,8,0,0,asm,10006+20001,155.3614
gfx938,f8_w8a8_channel,torch.float16,12,192,4096,128,8,0,0,asm,10007+20001,161.9551
gfx938,f8_w8a8_channel,torch.float16,13,192,4096,128,8,0,0,asm,10008+20001,167.3445
gfx938,f8_w8a8_channel,torch.float16,14,192,4096,128,8,0,0,asm,10008+20001,173.8372
gfx938,f8_w8a8_channel,torch.float16,15,192,4096,128,8,0,0,asm,10008+20001,178.073
gfx938,f8_w8a8_channel,torch.float16,16,192,4096,128,8,0,0,asm,10006+20001,186.8139
gfx938,f8_w8a8_channel,torch.float16,17,192,4096,128,8,0,0,asm,10008+20001,187.3498
gfx938,f8_w8a8_channel,torch.float16,18,192,4096,128,8,0,0,asm,10007+20001,197.084
gfx938,f8_w8a8_channel,torch.float16,20,192,4096,128,8,0,0,asm,10008+20001,205.0568
gfx938,f8_w8a8_channel,torch.float16,24,192,4096,128,8,0,0,asm,10008+20001,209.0506
gfx938,f8_w8a8_channel,torch.float16,28,192,4096,128,8,0,0,asm,10008+20001,218.2665
gfx938,f8_w8a8_channel,torch.float16,32,192,4096,128,8,0,0,asm,10008+20001,223.538
gfx938,f8_w8a8_channel,torch.float16,34,192,4096,128,8,0,0,asm,10009+20001,221.8339
gfx938,f8_w8a8_channel,torch.float16,36,192,4096,128,8,0,0,asm,10008+20001,224.6891
gfx938,f8_w8a8_channel,torch.float16,40,192,4096,128,8,0,0,asm,10008+20001,230.1539
gfx938,f8_w8a8_channel,torch.float16,44,192,4096,128,8,0,0,asm,10009+20001,236.5539
gfx938,f8_w8a8_channel,torch.float16,48,192,4096,128,8,0,0,asm,10009+20001,241.4803
gfx938,f8_w8a8_channel,torch.float16,56,192,4096,128,8,0,0,asm,10008+20001,237.6741
gfx938,f8_w8a8_channel,torch.float16,64,192,4096,128,8,0,0,asm,10008+20001,251.7065
gfx938,f8_w8a8_channel,torch.float16,68,192,4096,128,8,0,0,asm,10009+20001,241.3623
gfx938,f8_w8a8_channel,torch.float16,72,192,4096,128,8,0,0,asm,10008+20001,241.9772
gfx938,f8_w8a8_channel,torch.float16,80,192,4096,128,8,0,0,asm,10008+20001,240.5707
gfx938,f8_w8a8_channel,torch.float16,88,192,4096,128,8,0,0,asm,10008+20001,248.5541
gfx938,f8_w8a8_channel,torch.float16,96,192,4096,128,8,0,0,asm,10008+20001,248.4529
gfx938,f8_w8a8_channel,torch.float16,104,192,4096,128,8,0,0,asm,10008+20001,246.4823
gfx938,f8_w8a8_channel,torch.float16,112,192,4096,128,8,0,0,asm,10008+20001,252.08229999999998
gfx938,f8_w8a8_channel,torch.float16,128,192,4096,128,8,0,0,asm,10008+20001,252.3602
gfx938,f8_w8a8_channel,torch.float16,144,192,4096,128,8,0,0,asm,10008+20001,261.6571
gfx938,f8_w8a8_channel,torch.float16,160,192,4096,128,8,0,0,asm,10008+20001,262.4823
gfx938,f8_w8a8_channel,torch.float16,192,192,4096,128,8,0,0,asm,10008+20001,276.015
gfx938,f8_w8a8_channel,torch.float16,224,192,4096,128,8,0,0,asm,11004+21001,280.6129
gfx938,f8_w8a8_channel,torch.float16,256,192,4096,128,8,0,0,asm,11002+21001,286.1036
gfx938,f8_w8a8_channel,torch.float16,320,192,4096,128,8,0,0,asm,11004+21001,306.3055
gfx938,f8_w8a8_channel,torch.float16,384,192,4096,128,8,0,0,asm,11004+21001,320.655
gfx938,f8_w8a8_channel,torch.float16,448,192,4096,128,8,0,0,asm,11004+21001,342.0023
gfx938,f8_w8a8_channel,torch.float16,512,192,4096,128,8,0,0,asm,11002+21001,382.3643
gfx938,f8_w8a8_channel,torch.float16,576,192,4096,128,8,0,0,asm,12000+22001,405.0254
gfx938,f8_w8a8_channel,torch.float16,640,192,4096,128,8,0,0,asm,12000+22001,411.678
gfx938,f8_w8a8_channel,torch.float16,704,192,4096,128,8,0,0,asm,12002+22001,425.8253
gfx938,f8_w8a8_channel,torch.float16,768,192,4096,128,8,0,0,asm,12000+22001,436.9664
gfx938,f8_w8a8_channel,torch.float16,832,192,4096,128,8,0,0,asm,12004+22001,443.7201
gfx938,f8_w8a8_channel,torch.float16,896,192,4096,128,8,0,0,asm,12000+22001,472.6127
gfx938,f8_w8a8_channel,torch.float16,960,192,4096,128,8,0,0,asm,12000+22001,516.2084
gfx938,f8_w8a8_channel,torch.float16,1024,192,4096,128,8,0,0,asm,12002+22001,556.8316
gfx938,f8_w8a8_channel,torch.float16,1152,192,4096,128,8,0,0,asm,12000+22001,637.9514
gfx938,f8_w8a8_channel,torch.float16,1280,192,4096,128,8,0,0,asm,13000+23001,675.8462
gfx938,f8_w8a8_channel,torch.float16,1408,192,4096,128,8,0,0,asm,13001+23001,689.2525
gfx938,f8_w8a8_channel,torch.float16,1536,192,4096,128,8,0,0,asm,13001+23001,714.6841
gfx938,f8_w8a8_channel,torch.float16,1664,192,4096,128,8,0,0,asm,13001+23001,740.4862
gfx938,f8_w8a8_channel,torch.float16,1792,192,4096,128,8,0,0,asm,13001+23001,772.6798
gfx938,f8_w8a8_channel,torch.float16,1920,192,4096,128,8,0,0,asm,13001+23001,822.3977
gfx938,f8_w8a8_channel,torch.float16,2048,192,4096,128,8,0,0,asm,12001+22001,907.8461
gfx938,f8_w8a8_channel,torch.float16,2304,192,4096,128,8,0,0,asm,12001+22001,1046.0021
gfx938,f8_w8a8_channel,torch.float16,2560,192,4096,128,8,0,0,asm,12001+22001,1089.6908
gfx938,f8_w8a8_channel,torch.float16,2816,192,4096,128,8,0,0,asm,12000+22001,1153.8601
gfx938,f8_w8a8_channel,torch.float16,3072,192,4096,128,8,0,0,asm,13001+23001,1263.7619
gfx938,f8_w8a8_channel,torch.float16,3328,192,4096,128,8,0,0,asm,13001+23001,1296.1405
gfx938,f8_w8a8_channel,torch.float16,3584,192,4096,128,8,0,0,asm,13001+23001,1366.8941
gfx938,f8_w8a8_channel,torch.float16,3840,192,4096,128,8,0,0,asm,13001+23001,1432.0092
gfx938,f8_w8a8_channel,torch.float16,4096,192,4096,128,8,0,0,asm,13001+23001,1579.8693
gfx938,f8_w8a8_channel,torch.float16,4608,192,4096,128,8,0,0,asm,13001+23001,1840.0468
gfx938,f8_w8a8_channel,torch.float16,5120,192,4096,128,8,0,0,asm,13001+23001,1919.6276
gfx938,f8_w8a8_channel,torch.float16,5632,192,4096,128,8,0,0,asm,13001+23001,2022.1106
gfx938,f8_w8a8_channel,torch.float16,6144,192,4096,128,8,0,0,asm,13001+23001,2274.3543
gfx938,f8_w8a8_channel,torch.float16,6656,192,4096,128,8,0,0,asm,13001+23001,2488.5596
gfx938,f8_w8a8_channel,torch.float16,7168,192,4096,128,8,0,0,asm,13001+23001,2582.4381
gfx938,f8_w8a8_channel,torch.float16,7680,192,4096,128,8,0,0,asm,13001+23001,2700.2324
gfx938,f8_w8a8_channel,torch.float16,8192,192,4096,128,8,0,0,asm,13001+23001,2907.2394
gfx938,f8_w8a8_channel,torch.float16,10240,192,4096,128,8,0,0,asm,13001+23001,3570.8253
gfx938,f8_w8a8_channel,torch.float16,12288,192,4096,128,8,0,0,asm,13001+23001,4226.4795
gfx938,f8_w8a8_channel,torch.float16,14336,192,4096,128,8,0,0,asm,13001+23001,4881.6113
gfx938,f8_w8a8_channel,torch.float16,16384,192,4096,128,8,0,0,asm,13001+23001,5532.2023
gfx938,f8_w8a8_channel,torch.float16,17408,192,4096,128,8,0,0,asm,13001+23001,5916.3934
gfx938,f8_w8a8_channel,torch.float16,24576,192,4096,128,8,0,0,asm,13001+23001,8156.0732
gfx938,f8_w8a8_channel,torch.float16,32768,192,4096,128,8,0,0,asm,13001+23001,10800.0377
gfx936,int8_w8a8_channel,torch.bfloat16,1,640,2560,128,10,0,0,asm,10013+20000,70.3762
gfx936,int8_w8a8_channel,torch.bfloat16,2,640,2560,128,10,0,0,asm,10006+20000,108.5652
gfx936,int8_w8a8_channel,torch.bfloat16,3,640,2560,128,10,0,0,asm,10007+20000,147.7821
gfx936,int8_w8a8_channel,torch.bfloat16,4,640,2560,128,10,0,0,asm,10006+20000,177.4577
gfx936,int8_w8a8_channel,torch.bfloat16,5,640,2560,128,10,0,0,asm,10006+20000,204.0178
gfx936,int8_w8a8_channel,torch.bfloat16,6,640,2560,128,10,0,0,asm,10006+20000,236.6493
gfx936,int8_w8a8_channel,torch.bfloat16,7,640,2560,128,10,0,0,asm,10006+20000,259.723
gfx936,int8_w8a8_channel,torch.bfloat16,8,640,2560,128,10,0,0,asm,10006+20000,286.7291
gfx936,int8_w8a8_channel,torch.bfloat16,9,640,2560,128,10,0,0,asm,10007+20000,307.15
gfx936,int8_w8a8_channel,torch.bfloat16,10,640,2560,128,10,0,0,asm,10007+20000,322.6448
gfx936,int8_w8a8_channel,torch.bfloat16,11,640,2560,128,10,0,0,asm,10007+20000,335.3689
gfx936,int8_w8a8_channel,torch.bfloat16,12,640,2560,128,10,0,0,asm,10007+20000,347.6806
gfx936,int8_w8a8_channel,torch.bfloat16,13,640,2560,128,10,0,0,asm,10007+20000,373.39
gfx936,int8_w8a8_channel,torch.bfloat16,14,640,2560,128,10,0,0,asm,10007+20000,385.4743
gfx936,int8_w8a8_channel,torch.bfloat16,15,640,2560,128,10,0,0,asm,10007+20000,396.4469
gfx936,int8_w8a8_channel,torch.bfloat16,16,640,2560,128,10,0,0,asm,10006+20000,408.0425
gfx936,int8_w8a8_channel,torch.bfloat16,17,640,2560,128,10,0,0,asm,10007+20000,420.3508
gfx936,int8_w8a8_channel,torch.bfloat16,18,640,2560,128,10,0,0,asm,10007+20000,443.9636
gfx936,int8_w8a8_channel,torch.bfloat16,19,640,2560,128,10,0,0,asm,10006+20000,459.4667
gfx936,int8_w8a8_channel,torch.bfloat16,20,640,2560,128,10,0,0,asm,10007+20000,466.6667
gfx936,int8_w8a8_channel,torch.bfloat16,22,640,2560,128,10,0,0,asm,10006+20000,477.5973
gfx936,int8_w8a8_channel,torch.bfloat16,24,640,2560,128,10,0,0,asm,10006+20000,478.1445
gfx936,int8_w8a8_channel,torch.bfloat16,25,640,2560,128,10,0,0,asm,10006+20000,482.3748
gfx936,int8_w8a8_channel,torch.bfloat16,27,640,2560,128,10,0,0,asm,10007+20000,488.6823
gfx936,int8_w8a8_channel,torch.bfloat16,28,640,2560,128,10,0,0,asm,10007+20000,487.2086
gfx936,int8_w8a8_channel,torch.bfloat16,30,640,2560,128,10,0,0,asm,10006+20000,497.8361
gfx936,int8_w8a8_channel,torch.bfloat16,32,640,2560,128,10,0,0,asm,10006+20000,504.08439999999996
gfx936,int8_w8a8_channel,torch.bfloat16,33,640,2560,128,10,0,0,asm,10006+20000,507.3906
gfx936,int8_w8a8_channel,torch.bfloat16,34,640,2560,128,10,0,0,asm,10006+20000,503.88770000000005
gfx936,int8_w8a8_channel,torch.bfloat16,35,640,2560,128,10,0,0,asm,10006+20000,510.86030000000005
gfx936,int8_w8a8_channel,torch.bfloat16,36,640,2560,128,10,0,0,asm,10006+20000,512.9151
gfx936,int8_w8a8_channel,torch.bfloat16,38,640,2560,128,10,0,0,asm,10006+20000,512.3173
gfx936,int8_w8a8_channel,torch.bfloat16,40,640,2560,128,10,0,0,asm,10006+20000,517.1003
gfx936,int8_w8a8_channel,torch.bfloat16,42,640,2560,128,10,0,0,asm,10006+20000,525.1508
gfx936,int8_w8a8_channel,torch.bfloat16,44,640,2560,128,10,0,0,asm,10006+20000,533.1846
gfx936,int8_w8a8_channel,torch.bfloat16,46,640,2560,128,10,0,0,asm,10006+20000,536.2332
gfx936,int8_w8a8_channel,torch.bfloat16,48,640,2560,128,10,0,0,asm,10006+20000,539.7614
gfx936,int8_w8a8_channel,torch.bfloat16,52,640,2560,128,10,0,0,asm,10006+20000,542.5571
gfx936,int8_w8a8_channel,torch.bfloat16,56,640,2560,128,10,0,0,asm,10006+20000,546.3213
gfx936,int8_w8a8_channel,torch.bfloat16,57,640,2560,128,10,0,0,asm,10006+20000,556.8083
gfx936,int8_w8a8_channel,torch.bfloat16,58,640,2560,128,10,0,0,asm,10007+20000,554.9137
gfx936,int8_w8a8_channel,torch.bfloat16,61,640,2560,128,10,0,0,asm,10006+20000,555.4359
gfx936,int8_w8a8_channel,torch.bfloat16,64,640,2560,128,10,0,0,asm,10006+20000,555.3937
gfx936,int8_w8a8_channel,torch.bfloat16,66,640,2560,128,10,0,0,asm,10006+20000,550.0096
gfx936,int8_w8a8_channel,torch.bfloat16,68,640,2560,128,10,0,0,asm,10006+20000,552.3676
gfx936,int8_w8a8_channel,torch.bfloat16,70,640,2560,128,10,0,0,asm,10006+20000,551.7782
gfx936,int8_w8a8_channel,torch.bfloat16,72,640,2560,128,10,0,0,asm,10006+20000,552.6707
gfx936,int8_w8a8_channel,torch.bfloat16,76,640,2560,128,10,0,0,asm,10006+20000,554.8939
gfx936,int8_w8a8_channel,torch.bfloat16,80,640,2560,128,10,0,0,asm,10006+20000,556.4097
gfx936,int8_w8a8_channel,torch.bfloat16,84,640,2560,128,10,0,0,asm,10006+20000,560.4181
gfx936,int8_w8a8_channel,torch.bfloat16,88,640,2560,128,10,0,0,asm,10006+20000,560.3676
gfx936,int8_w8a8_channel,torch.bfloat16,92,640,2560,128,10,0,0,asm,10006+20000,562.3803
gfx936,int8_w8a8_channel,torch.bfloat16,96,640,2560,128,10,0,0,asm,10006+20000,565.7655
gfx936,int8_w8a8_channel,torch.bfloat16,100,640,2560,128,10,0,0,asm,10006+20000,568.0307
gfx936,int8_w8a8_channel,torch.bfloat16,104,640,2560,128,10,0,0,asm,10006+20000,568.6623
gfx936,int8_w8a8_channel,torch.bfloat16,108,640,2560,128,10,0,0,asm,10006+20000,572.5001
gfx936,int8_w8a8_channel,torch.bfloat16,112,640,2560,128,10,0,0,asm,10006+20000,572.8621
gfx936,int8_w8a8_channel,torch.bfloat16,114,640,2560,128,10,0,0,asm,10006+20000,574.3792
gfx936,int8_w8a8_channel,torch.bfloat16,117,640,2560,128,10,0,0,asm,10010+20000,576.2493
gfx936,int8_w8a8_channel,torch.bfloat16,122,640,2560,128,10,0,0,asm,10006+20000,577.3101
gfx936,int8_w8a8_channel,torch.bfloat16,127,640,2560,128,10,0,0,asm,10007+20000,582.4557
gfx936,int8_w8a8_channel,torch.bfloat16,128,640,2560,128,10,0,0,asm,10010+20000,580.7375
gfx936,int8_w8a8_channel,torch.bfloat16,129,640,2560,128,10,0,0,asm,10006+20000,580.6591
gfx936,int8_w8a8_channel,torch.bfloat16,130,640,2560,128,10,0,0,asm,10010+20000,582.7396
gfx936,int8_w8a8_channel,torch.bfloat16,133,640,2560,128,10,0,0,asm,10006+20000,585.3163
gfx936,int8_w8a8_channel,torch.bfloat16,135,640,2560,128,10,0,0,asm,10010+20000,588.1881
gfx936,int8_w8a8_channel,torch.bfloat16,137,640,2560,128,10,0,0,asm,10006+20000,589.6557
gfx936,int8_w8a8_channel,torch.bfloat16,138,640,2560,128,10,0,0,asm,10010+20000,591.1546
gfx936,int8_w8a8_channel,torch.bfloat16,140,640,2560,128,10,0,0,asm,10006+20000,593.2264
gfx936,int8_w8a8_channel,torch.bfloat16,141,640,2560,128,10,0,0,asm,11006+21000,594.9689
gfx936,int8_w8a8_channel,torch.bfloat16,142,640,2560,128,10,0,0,asm,10006+20000,594.9443
gfx936,int8_w8a8_channel,torch.bfloat16,143,640,2560,128,10,0,0,asm,10010+20000,590.3552
gfx936,int8_w8a8_channel,torch.bfloat16,144,640,2560,128,10,0,0,asm,10010+20000,590.7927
gfx936,int8_w8a8_channel,torch.bfloat16,147,640,2560,128,10,0,0,asm,10010+20000,591.0022
gfx936,int8_w8a8_channel,torch.bfloat16,151,640,2560,128,10,0,0,asm,10008+20000,597.5035
gfx936,int8_w8a8_channel,torch.bfloat16,152,640,2560,128,10,0,0,asm,10010+20000,599.1874
gfx936,int8_w8a8_channel,torch.bfloat16,153,640,2560,128,10,0,0,asm,10008+20000,598.0422
gfx936,int8_w8a8_channel,torch.bfloat16,156,640,2560,128,10,0,0,asm,11006+21000,599.0614
gfx936,int8_w8a8_channel,torch.bfloat16,159,640,2560,128,10,0,0,asm,10008+20000,600.0722
gfx936,int8_w8a8_channel,torch.bfloat16,160,640,2560,128,10,0,0,asm,11006+21000,599.7939
gfx936,int8_w8a8_channel,torch.bfloat16,162,640,2560,128,10,0,0,asm,11006+21000,601.4697
gfx936,int8_w8a8_channel,torch.bfloat16,164,640,2560,128,10,0,0,asm,10008+20000,603.9119
gfx936,int8_w8a8_channel,torch.bfloat16,171,640,2560,128,10,0,0,asm,11006+21000,605.7821
gfx936,int8_w8a8_channel,torch.bfloat16,178,640,2560,128,10,0,0,asm,10013+20000,605.7485
gfx936,int8_w8a8_channel,torch.bfloat16,185,640,2560,128,10,0,0,asm,11006+21000,609.4621
gfx936,int8_w8a8_channel,torch.bfloat16,192,640,2560,128,10,0,0,asm,11006+21000,610.5824
gfx936,int8_w8a8_channel,torch.bfloat16,208,640,2560,128,10,0,0,asm,11006+21000,614.5233
gfx936,int8_w8a8_channel,torch.bfloat16,224,640,2560,128,10,0,0,asm,11006+21000,621.8076
gfx936,int8_w8a8_channel,torch.bfloat16,240,640,2560,128,10,0,0,asm,11006+21000,623.8538
gfx936,int8_w8a8_channel,torch.bfloat16,256,640,2560,128,10,0,0,asm,11006+21000,628.8643
gfx936,int8_w8a8_channel,torch.bfloat16,281,640,2560,128,10,0,0,asm,11006+21000,639.3145
gfx936,int8_w8a8_channel,torch.bfloat16,306,640,2560,128,10,0,0,asm,12004+22000,645.6979
gfx936,int8_w8a8_channel,torch.bfloat16,309,640,2560,128,10,0,0,asm,11006+21000,647.0959
gfx936,int8_w8a8_channel,torch.bfloat16,312,640,2560,128,10,0,0,asm,12004+22000,646.7506
gfx936,int8_w8a8_channel,torch.bfloat16,314,640,2560,128,10,0,0,asm,11006+21000,648.3757
gfx936,int8_w8a8_channel,torch.bfloat16,315,640,2560,128,10,0,0,asm,12004+22000,648.1232
gfx936,int8_w8a8_channel,torch.bfloat16,317,640,2560,128,10,0,0,asm,11006+21000,650.0264
gfx936,int8_w8a8_channel,torch.bfloat16,320,640,2560,128,10,0,0,asm,11006+21000,649.3779
gfx936,int8_w8a8_channel,torch.bfloat16,332,640,2560,128,10,0,0,asm,12004+22000,652.5022
gfx936,int8_w8a8_channel,torch.bfloat16,345,640,2560,128,10,0,0,asm,11006+21000,658.6156
gfx936,int8_w8a8_channel,torch.bfloat16,347,640,2560,128,10,0,0,asm,12004+22000,654.3547
gfx936,int8_w8a8_channel,torch.bfloat16,349,640,2560,128,10,0,0,asm,11006+21000,657.4369
gfx936,int8_w8a8_channel,torch.bfloat16,353,640,2560,128,10,0,0,asm,12004+22000,659.9546
gfx936,int8_w8a8_channel,torch.bfloat16,358,640,2560,128,10,0,0,asm,11006+21000,660.9992
gfx936,int8_w8a8_channel,torch.bfloat16,361,640,2560,128,10,0,0,asm,12004+22000,663.0029
gfx936,int8_w8a8_channel,torch.bfloat16,364,640,2560,128,10,0,0,asm,11006+21000,663.7274
gfx936,int8_w8a8_channel,torch.bfloat16,371,640,2560,128,10,0,0,asm,12004+22000,662.7589
gfx936,int8_w8a8_channel,torch.bfloat16,378,640,2560,128,10,0,0,asm,12000+22000,668.9989
gfx936,int8_w8a8_channel,torch.bfloat16,381,640,2560,128,10,0,0,asm,12004+22000,663.0791
gfx936,int8_w8a8_channel,torch.bfloat16,384,640,2560,128,10,0,0,asm,12004+22000,664.0811
gfx936,int8_w8a8_channel,torch.bfloat16,416,640,2560,128,10,0,0,asm,12004+22000,674.4137
gfx936,int8_w8a8_channel,torch.bfloat16,448,640,2560,128,10,0,0,asm,12004+22000,684.7126
gfx936,int8_w8a8_channel,torch.bfloat16,469,640,2560,128,10,0,0,asm,12004+22000,687.2558
gfx936,int8_w8a8_channel,torch.bfloat16,490,640,2560,128,10,0,0,asm,12000+22000,694.4725
gfx936,int8_w8a8_channel,torch.bfloat16,501,640,2560,128,10,0,0,asm,12004+22000,696.9232
gfx936,int8_w8a8_channel,torch.bfloat16,512,640,2560,128,10,0,0,asm,12004+22000,701.8406
gfx936,int8_w8a8_channel,torch.bfloat16,519,640,2560,128,10,0,0,asm,12004+22000,704.4092
gfx936,int8_w8a8_channel,torch.bfloat16,527,640,2560,128,10,0,0,asm,12005+22000,707.5837
gfx936,int8_w8a8_channel,torch.bfloat16,540,640,2560,128,10,0,0,asm,12004+22000,710.7166
gfx936,int8_w8a8_channel,torch.bfloat16,553,640,2560,128,10,0,0,asm,12005+22000,715.1717
gfx936,int8_w8a8_channel,torch.bfloat16,564,640,2560,128,10,0,0,asm,12004+22000,712.3167
gfx936,int8_w8a8_channel,torch.bfloat16,576,640,2560,128,10,0,0,asm,12004+22000,717.5209
gfx936,int8_w8a8_channel,torch.bfloat16,607,640,2560,128,10,0,0,asm,12004+22000,727.0455
gfx936,int8_w8a8_channel,torch.bfloat16,639,640,2560,128,10,0,0,asm,12000+22000,740.6118
gfx936,int8_w8a8_channel,torch.bfloat16,640,640,2560,128,10,0,0,asm,12004+22000,735.3651
gfx936,int8_w8a8_channel,torch.bfloat16,641,640,2560,128,10,0,0,asm,12004+22000,736.1816
gfx936,int8_w8a8_channel,torch.bfloat16,643,640,2560,128,10,0,0,asm,12000+22000,738.8934
gfx936,int8_w8a8_channel,torch.bfloat16,644,640,2560,128,10,0,0,asm,12004+22000,739.7272
gfx936,int8_w8a8_channel,torch.bfloat16,645,640,2560,128,10,0,0,asm,12000+22000,741.0999
gfx936,int8_w8a8_channel,torch.bfloat16,647,640,2560,128,10,0,0,asm,12004+22000,741.4539
gfx936,int8_w8a8_channel,torch.bfloat16,653,640,2560,128,10,0,0,asm,12005+22000,740.4515
gfx936,int8_w8a8_channel,torch.bfloat16,659,640,2560,128,10,0,0,asm,12004+22000,744.4429
gfx936,int8_w8a8_channel,torch.bfloat16,660,640,2560,128,10,0,0,asm,12005+22000,745.2177
gfx936,int8_w8a8_channel,torch.bfloat16,663,640,2560,128,10,0,0,asm,12004+22000,749.4707
gfx936,int8_w8a8_channel,torch.bfloat16,665,640,2560,128,10,0,0,asm,12005+22000,749.5711
gfx936,int8_w8a8_channel,torch.bfloat16,668,640,2560,128,10,0,0,asm,12004+22000,752.2998
gfx936,int8_w8a8_channel,torch.bfloat16,671,640,2560,128,10,0,0,asm,12005+22000,752.7549
gfx936,int8_w8a8_channel,torch.bfloat16,674,640,2560,128,10,0,0,asm,12004+22000,751.7355
gfx936,int8_w8a8_channel,torch.bfloat16,675,640,2560,128,10,0,0,asm,12005+22000,751.7945
gfx936,int8_w8a8_channel,torch.bfloat16,676,640,2560,128,10,0,0,asm,12004+22000,754.4304
gfx936,int8_w8a8_channel,torch.bfloat16,677,640,2560,128,10,0,0,asm,12005+22000,752.1736
gfx936,int8_w8a8_channel,torch.bfloat16,678,640,2560,128,10,0,0,asm,12004+22000,754.0516
gfx936,int8_w8a8_channel,torch.bfloat16,681,640,2560,128,10,0,0,asm,12005+22000,755.7437
gfx936,int8_w8a8_channel,torch.bfloat16,685,640,2560,128,10,0,0,asm,12004+22000,754.3042
gfx936,int8_w8a8_channel,torch.bfloat16,686,640,2560,128,10,0,0,asm,12005+22000,756.9989
gfx936,int8_w8a8_channel,torch.bfloat16,688,640,2560,128,10,0,0,asm,12004+22000,757.4029
gfx936,int8_w8a8_channel,torch.bfloat16,691,640,2560,128,10,0,0,asm,12005+22000,759.946
gfx936,int8_w8a8_channel,torch.bfloat16,694,640,2560,128,10,0,0,asm,12004+22000,757.5631
gfx936,int8_w8a8_channel,torch.bfloat16,699,640,2560,128,10,0,0,asm,12005+22000,760.0891
gfx936,int8_w8a8_channel,torch.bfloat16,704,640,2560,128,10,0,0,asm,12005+22000,764.0134
gfx936,int8_w8a8_channel,torch.bfloat16,736,640,2560,128,10,0,0,asm,12005+22000,758.3365
gfx936,int8_w8a8_channel,torch.bfloat16,768,640,2560,128,10,0,0,asm,12005+22000,785.6555
gfx936,int8_w8a8_channel,torch.bfloat16,800,640,2560,128,10,0,0,asm,12005+22000,798.9523
gfx936,int8_w8a8_channel,torch.bfloat16,832,640,2560,128,10,0,0,asm,12005+22000,798.026
gfx936,int8_w8a8_channel,torch.bfloat16,839,640,2560,128,10,0,0,asm,12005+22000,804.738
gfx936,int8_w8a8_channel,torch.bfloat16,847,640,2560,128,10,0,0,asm,12001+22000,823.1464
gfx936,int8_w8a8_channel,torch.bfloat16,871,640,2560,128,10,0,0,asm,12005+22000,824.258
gfx936,int8_w8a8_channel,torch.bfloat16,896,640,2560,128,10,0,0,asm,12005+22000,839.7438
gfx936,int8_w8a8_channel,torch.bfloat16,908,640,2560,128,10,0,0,asm,12005+22000,840.9888
gfx936,int8_w8a8_channel,torch.bfloat16,924,640,2560,128,10,0,0,asm,13001+22001,854.8809
gfx936,int8_w8a8_channel,torch.bfloat16,928,640,2560,128,10,0,0,asm,12005+22001,856.003
gfx936,int8_w8a8_channel,torch.bfloat16,929,640,2560,128,10,0,0,asm,12005+22000,856.5013
gfx936,int8_w8a8_channel,torch.bfloat16,932,640,2560,128,10,0,0,asm,13001+22001,862.5657
gfx936,int8_w8a8_channel,torch.bfloat16,937,640,2560,128,10,0,0,asm,12005+22001,859.9127
gfx936,int8_w8a8_channel,torch.bfloat16,938,640,2560,128,10,0,0,asm,12005+22000,857.429
gfx936,int8_w8a8_channel,torch.bfloat16,940,640,2560,128,10,0,0,asm,13001+22001,856.2912
gfx936,int8_w8a8_channel,torch.bfloat16,941,640,2560,128,10,0,0,asm,12005+22001,858.6491
gfx936,int8_w8a8_channel,torch.bfloat16,942,640,2560,128,10,0,0,asm,13001+22001,859.8468
gfx936,int8_w8a8_channel,torch.bfloat16,944,640,2560,128,10,0,0,asm,12005+22000,861.3204
gfx936,int8_w8a8_channel,torch.bfloat16,949,640,2560,128,10,0,0,asm,13001+22001,865.1831
gfx936,int8_w8a8_channel,torch.bfloat16,955,640,2560,128,10,0,0,asm,12005+22001,863.9625
gfx936,int8_w8a8_channel,torch.bfloat16,957,640,2560,128,10,0,0,asm,12005+22000,863.8028
gfx936,int8_w8a8_channel,torch.bfloat16,958,640,2560,128,10,0,0,asm,13001+22001,860.1397
gfx936,int8_w8a8_channel,torch.bfloat16,959,640,2560,128,10,0,0,asm,12005+22000,863.281
gfx936,int8_w8a8_channel,torch.bfloat16,960,640,2560,128,10,0,0,asm,12005+22001,863.6511
gfx936,int8_w8a8_channel,torch.bfloat16,992,640,2560,128,10,0,0,asm,13001+22001,870.3365
gfx936,int8_w8a8_channel,torch.bfloat16,1024,640,2560,128,10,0,0,asm,13001+22001,874.6742
gfx936,int8_w8a8_channel,torch.bfloat16,1088,640,2560,128,10,0,0,asm,13001+22001,895.5994
gfx936,int8_w8a8_channel,torch.bfloat16,1152,640,2560,128,10,0,0,asm,13001+22001,907.1205
gfx936,int8_w8a8_channel,torch.bfloat16,1215,640,2560,128,10,0,0,asm,13001+22001,917.2085
gfx936,int8_w8a8_channel,torch.bfloat16,1280,640,2560,128,10,0,0,asm,13001+22001,939.1946
gfx936,int8_w8a8_channel,torch.bfloat16,1343,640,2560,128,10,0,0,asm,13001+22001,958.7166
gfx936,int8_w8a8_channel,torch.bfloat16,1408,640,2560,128,10,0,0,asm,13001+23001,974.2023
gfx936,int8_w8a8_channel,torch.bfloat16,1465,640,2560,128,10,0,0,asm,13001+22001,991.3641
gfx936,int8_w8a8_channel,torch.bfloat16,1536,640,2560,128,10,0,0,asm,13001+23001,1009.3854
gfx936,int8_w8a8_channel,torch.bfloat16,1595,640,2560,128,10,0,0,asm,13001+22001,1049.546
gfx936,int8_w8a8_channel,torch.bfloat16,1664,640,2560,128,10,0,0,asm,13001+23001,1097.7979
gfx936,int8_w8a8_channel,torch.bfloat16,1731,640,2560,128,10,0,0,asm,13001+22001,1170.412
gfx936,int8_w8a8_channel,torch.bfloat16,1792,640,2560,128,10,0,0,asm,13001+23001,1189.8634
gfx936,int8_w8a8_channel,torch.bfloat16,1818,640,2560,128,10,0,0,asm,13001+22001,1223.0943
gfx936,int8_w8a8_channel,torch.bfloat16,1838,640,2560,128,10,0,0,asm,12005+22001,1252.9903
gfx936,int8_w8a8_channel,torch.bfloat16,1892,640,2560,128,10,0,0,asm,12001+22001,1257.4522
gfx936,int8_w8a8_channel,torch.bfloat16,1911,640,2560,128,10,0,0,asm,12005+22001,1278.1098
gfx936,int8_w8a8_channel,torch.bfloat16,1920,640,2560,128,10,0,0,asm,13001+23001,1252.2985
gfx936,int8_w8a8_channel,torch.bfloat16,1956,640,2560,128,10,0,0,asm,12005+22001,1296.3491
gfx936,int8_w8a8_channel,torch.bfloat16,1993,640,2560,128,10,0,0,asm,12001+22001,1306.8672
gfx936,int8_w8a8_channel,torch.bfloat16,2025,640,2560,128,10,0,0,asm,12005+22001,1315.4726
gfx936,int8_w8a8_channel,torch.bfloat16,2045,640,2560,128,10,0,0,asm,12001+22001,1319.8692
gfx936,int8_w8a8_channel,torch.bfloat16,2048,640,2560,128,10,0,0,asm,13001+23001,1283.8102
gfx936,int8_w8a8_channel,torch.bfloat16,2131,640,2560,128,10,0,0,asm,12001+22001,1337.1985
gfx936,int8_w8a8_channel,torch.bfloat16,2198,640,2560,128,10,0,0,asm,13001+22001,1272.215
gfx936,int8_w8a8_channel,torch.bfloat16,2304,640,2560,128,10,0,0,asm,13001+23001,1264.5932
gfx936,int8_w8a8_channel,torch.bfloat16,2338,640,2560,128,10,0,0,asm,13001+22001,1309.0905
gfx936,int8_w8a8_channel,torch.bfloat16,2560,640,2560,128,10,0,0,asm,13001+23001,1344.4169
gfx936,int8_w8a8_channel,torch.bfloat16,2816,640,2560,128,10,0,0,asm,13001+23001,1355.659
gfx936,int8_w8a8_channel,torch.bfloat16,3023,640,2560,128,10,0,0,asm,13001+22001,1493.4606
gfx936,int8_w8a8_channel,torch.bfloat16,3072,640,2560,128,10,0,0,asm,13001+23001,1451.7931
gfx936,int8_w8a8_channel,torch.bfloat16,3328,640,2560,128,10,0,0,asm,13001+23001,1613.2586
gfx936,int8_w8a8_channel,torch.bfloat16,3493,640,2560,128,10,0,0,asm,13001+22001,1827.0268
gfx936,int8_w8a8_channel,torch.bfloat16,3584,640,2560,128,10,0,0,asm,13001+23001,1758.0833
gfx936,int8_w8a8_channel,torch.bfloat16,3799,640,2560,128,10,0,0,asm,13001+22001,2052.6169
gfx936,int8_w8a8_channel,torch.bfloat16,3840,640,2560,128,10,0,0,asm,13001+23001,1946.0233
gfx936,int8_w8a8_channel,torch.bfloat16,3910,640,2560,128,10,0,0,asm,13001+22001,2095.7302
gfx936,int8_w8a8_channel,torch.bfloat16,4096,640,2560,128,10,0,0,asm,13001+23001,2002.0821
gfx936,int8_w8a8_channel,torch.bfloat16,4381,640,2560,128,10,0,0,asm,13001+22001,2184.8854
gfx936,int8_w8a8_channel,torch.bfloat16,4608,640,2560,128,10,0,0,asm,13001+23001,2145.4588
gfx936,int8_w8a8_channel,torch.bfloat16,4745,640,2560,128,10,0,0,asm,13001+22001,2327.4445
gfx936,int8_w8a8_channel,torch.bfloat16,5071,640,2560,128,10,0,0,asm,13000+23001,2795.6878
gfx936,int8_w8a8_channel,torch.bfloat16,5079,640,2560,128,10,0,0,asm,13001+22001,2555.8676
gfx936,int8_w8a8_channel,torch.bfloat16,5120,640,2560,128,10,0,0,asm,13001+23001,2443.3106
gfx936,int8_w8a8_channel,torch.bfloat16,5209,640,2560,128,10,0,0,asm,13001+22001,2636.1355
gfx936,int8_w8a8_channel,torch.bfloat16,5602,640,2560,128,10,0,0,asm,13001+23000,2797.7943
gfx936,int8_w8a8_channel,torch.bfloat16,5622,640,2560,128,10,0,0,asm,13001+22001,2801.9296
gfx936,int8_w8a8_channel,torch.bfloat16,5630,640,2560,128,10,0,0,asm,13001+23000,2842.1905
gfx936,int8_w8a8_channel,torch.bfloat16,5632,640,2560,128,10,0,0,asm,13001+23001,2633.028
gfx936,int8_w8a8_channel,torch.bfloat16,5683,640,2560,128,10,0,0,asm,13001+22001,2808.9758
gfx936,int8_w8a8_channel,torch.bfloat16,5829,640,2560,128,10,0,0,asm,13001+23000,2843.5371
gfx936,int8_w8a8_channel,torch.bfloat16,6048,640,2560,128,10,0,0,asm,13001+22001,2900.6641
gfx936,int8_w8a8_channel,torch.bfloat16,6106,640,2560,128,10,0,0,asm,13001+23002,2977.5501
gfx936,int8_w8a8_channel,torch.bfloat16,6133,640,2560,128,10,0,0,asm,13001+22001,2983.0991
gfx936,int8_w8a8_channel,torch.bfloat16,6144,640,2560,128,10,0,0,asm,13001+22001,2989.6084
gfx936,int8_w8a8_channel,torch.bfloat16,6360,640,2560,128,10,0,0,asm,13001+22001,3070.8288
gfx936,int8_w8a8_channel,torch.bfloat16,6445,640,2560,128,10,0,0,asm,13001+23002,3141.4796
gfx936,int8_w8a8_channel,torch.bfloat16,6477,640,2560,128,10,0,0,asm,13001+22001,3165.2966
gfx936,int8_w8a8_channel,torch.bfloat16,6550,640,2560,128,10,0,0,asm,13001+23002,4092.4364000000005
gfx936,int8_w8a8_channel,torch.bfloat16,6656,640,2560,128,10,0,0,asm,13001+23001,3090.248
gfx936,int8_w8a8_channel,torch.bfloat16,6999,640,2560,128,10,0,0,asm,13001+22001,3453.8114
gfx936,int8_w8a8_channel,torch.bfloat16,7168,640,2560,128,10,0,0,asm,13001+23001,3234.2309
gfx936,int8_w8a8_channel,torch.bfloat16,7463,640,2560,128,10,0,0,asm,13001+22001,3548.0847
gfx936,int8_w8a8_channel,torch.bfloat16,7680,640,2560,128,10,0,0,asm,13001+23001,3371.2324
gfx936,int8_w8a8_channel,torch.bfloat16,8192,640,2560,128,10,0,0,asm,13001+23001,3678.7266
gfx936,int8_w8a8_channel,torch.bfloat16,10240,640,2560,128,10,0,0,asm,13001+23001,4215.4922
gfx936,int8_w8a8_channel,torch.bfloat16,12288,640,2560,128,10,0,0,asm,13001+23001,5335.1634
gfx936,int8_w8a8_channel,torch.bfloat16,14336,640,2560,128,10,0,0,asm,13001+23001,6038.7591
gfx936,int8_w8a8_channel,torch.bfloat16,16384,640,2560,128,10,0,0,asm,13001+23001,6909.3507
gfx936,int8_w8a8_channel,torch.bfloat16,17408,640,2560,128,10,0,0,asm,13001+23001,7259.5384
gfx936,int8_w8a8_channel,torch.bfloat16,24576,640,2560,128,10,0,0,asm,13001+23001,10179.1087
gfx936,int8_w8a8_channel,torch.bfloat16,32768,640,2560,128,10,0,0,asm,13001+23001,13430.2813

