arch,quant_type,indtype,token,inter_dim,model_dim,expert,topk,q_size_n,q_size_k,sol_type,sol_id,time_us
gfx936,int8_w8a8_block,torch.float16,1,128,7168,256,8,0,0,asm,10008+20000,62.7606
gfx936,int8_w8a8_block,torch.float16,2,128,7168,256,8,0,0,asm,10007+20101,77.572
gfx936,int8_w8a8_block,torch.float16,3,128,7168,256,8,0,0,asm,10001+20101,94.0854
gfx936,int8_w8a8_block,torch.float16,4,128,7168,256,8,0,0,asm,10003+20101,111.1195
gfx936,int8_w8a8_block,torch.float16,5,128,7168,256,8,0,0,asm,10007+20101,132.7017
gfx936,int8_w8a8_block,torch.float16,6,128,7168,256,8,0,0,asm,10007+20101,155.4288
gfx936,int8_w8a8_block,torch.float16,7,128,7168,256,8,0,0,asm,10007+20101,169.909
gfx936,int8_w8a8_block,torch.float16,8,128,7168,256,8,0,0,asm,10007+20101,176.9162
gfx936,int8_w8a8_block,torch.float16,9,128,7168,256,8,0,0,asm,10007+20101,192.9285
gfx936,int8_w8a8_block,torch.float16,10,128,7168,256,8,0,0,asm,10007+20101,204.7479
gfx936,int8_w8a8_block,torch.float16,11,128,7168,256,8,0,0,asm,10007+20101,217.0006
gfx936,int8_w8a8_block,torch.float16,12,128,7168,256,8,0,0,asm,10007+20101,228.7678
gfx936,int8_w8a8_block,torch.float16,13,128,7168,256,8,0,0,asm,10007+20101,248.1068
gfx936,int8_w8a8_block,torch.float16,14,128,7168,256,8,0,0,asm,10007+20101,257.9829
gfx936,int8_w8a8_block,torch.float16,15,128,7168,256,8,0,0,asm,10007+20101,266.59
gfx936,int8_w8a8_block,torch.float16,16,128,7168,256,8,0,0,asm,10007+20101,273.1376
gfx936,int8_w8a8_block,torch.float16,17,128,7168,256,8,0,0,asm,10007+20101,278.4476
gfx936,int8_w8a8_block,torch.float16,18,128,7168,256,8,0,0,asm,10007+20101,287.6112
gfx936,int8_w8a8_block,torch.float16,20,128,7168,256,8,0,0,asm,10007+20101,309.1361
gfx936,int8_w8a8_block,torch.float16,24,128,7168,256,8,0,0,asm,10007+20101,353.1594
gfx936,int8_w8a8_block,torch.float16,28,128,7168,256,8,0,0,asm,10007+20101,402.2906
gfx936,int8_w8a8_block,torch.float16,32,128,7168,256,8,0,0,asm,10007+20000,432.625
gfx936,int8_w8a8_block,torch.float16,34,128,7168,256,8,0,0,asm,10007+20000,429.6559
gfx936,int8_w8a8_block,torch.float16,36,128,7168,256,8,0,0,asm,10007+20101,443.3995
gfx936,int8_w8a8_block,torch.float16,40,128,7168,256,8,0,0,asm,10007+20101,461.6817
gfx936,int8_w8a8_block,torch.float16,44,128,7168,256,8,0,0,asm,10007+20100,482.5334
gfx936,int8_w8a8_block,torch.float16,48,128,7168,256,8,0,0,asm,10007+20100,494.1135
gfx936,int8_w8a8_block,torch.float16,56,128,7168,256,8,0,0,asm,10007+20100,522.4518
gfx936,int8_w8a8_block,torch.float16,64,128,7168,256,8,0,0,asm,10007+20100,541.7977
gfx936,int8_w8a8_block,torch.float16,68,128,7168,256,8,0,0,asm,10007+20100,544.4355
gfx936,int8_w8a8_block,torch.float16,72,128,7168,256,8,0,0,asm,10007+20100,559.8259
gfx936,int8_w8a8_block,torch.float16,80,128,7168,256,8,0,0,asm,10007+20100,579.9696
gfx936,int8_w8a8_block,torch.float16,88,128,7168,256,8,0,0,asm,10007+20100,595.2271
gfx936,int8_w8a8_block,torch.float16,96,128,7168,256,8,0,0,asm,10007+20100,604.7679
gfx936,int8_w8a8_block,torch.float16,104,128,7168,256,8,0,0,asm,10007+20100,611.5854
gfx936,int8_w8a8_block,torch.float16,112,128,7168,256,8,0,0,asm,10007+20100,619.1943
gfx936,int8_w8a8_block,torch.float16,128,128,7168,256,8,0,0,asm,10007+20100,632.2913
gfx936,int8_w8a8_block,torch.float16,144,128,7168,256,8,0,0,asm,10007+20100,646.3492
gfx936,int8_w8a8_block,torch.float16,160,128,7168,256,8,0,0,asm,10007+20100,653.7156
gfx936,int8_w8a8_block,torch.float16,192,128,7168,256,8,0,0,asm,10007+20100,665.4176
gfx936,int8_w8a8_block,torch.float16,224,128,7168,256,8,0,0,asm,10007+20100,686.6979
gfx936,int8_w8a8_block,torch.float16,256,128,7168,256,8,0,0,asm,10007+20100,691.297
gfx936,int8_w8a8_block,torch.float16,320,128,7168,256,8,0,0,asm,10007+20100,714.5745
gfx936,int8_w8a8_block,torch.float16,384,128,7168,256,8,0,0,asm,10007+20000,744.3677
gfx936,int8_w8a8_block,torch.float16,448,128,7168,256,8,0,0,asm,10007+20101,758.6653
gfx936,int8_w8a8_block,torch.float16,512,128,7168,256,8,0,0,asm,10007+20101,786.8785
gfx936,int8_w8a8_block,torch.float16,576,128,7168,256,8,0,0,asm,10002+20101,828.8703
gfx936,int8_w8a8_block,torch.float16,640,128,7168,256,8,0,0,asm,10006+20101,843.8174
gfx936,int8_w8a8_block,torch.float16,704,128,7168,256,8,0,0,asm,11007+21000,867.3545
gfx936,int8_w8a8_block,torch.float16,768,128,7168,256,8,0,0,asm,11007+21000,893.5371
gfx936,int8_w8a8_block,torch.float16,832,128,7168,256,8,0,0,asm,10004+20101,924.2304
gfx936,int8_w8a8_block,torch.float16,896,128,7168,256,8,0,0,asm,10004+20101,949.6127
gfx936,int8_w8a8_block,torch.float16,960,128,7168,256,8,0,0,asm,11007+21101,962.014
gfx936,int8_w8a8_block,torch.float16,1024,128,7168,256,8,0,0,asm,11007+21101,982.5596
gfx936,int8_w8a8_block,torch.float16,1152,128,7168,256,8,0,0,asm,11007+21101,1066.0459
gfx936,int8_w8a8_block,torch.float16,1280,128,7168,256,8,0,0,asm,11007+21101,1116.8621
gfx936,int8_w8a8_block,torch.float16,1408,128,7168,256,8,0,0,asm,12000+22000,1178.6121
gfx936,int8_w8a8_block,torch.float16,1536,128,7168,256,8,0,0,asm,12001+22000,1193.2156
gfx936,int8_w8a8_block,torch.float16,1664,128,7168,256,8,0,0,asm,11010+21000,1250.1117
gfx936,int8_w8a8_block,torch.float16,1792,128,7168,256,8,0,0,asm,11010+21000,1293.8122
gfx936,int8_w8a8_block,torch.float16,1920,128,7168,256,8,0,0,asm,11010+21000,1369.8287
gfx936,int8_w8a8_block,torch.float16,2048,128,7168,256,8,0,0,asm,11010+21100,1422.1323
gfx936,int8_w8a8_block,torch.float16,2304,128,7168,256,8,0,0,asm,11010+21000,1572.7088
gfx936,int8_w8a8_block,torch.float16,2560,128,7168,256,8,0,0,asm,11009+21100,1688.1345
gfx936,int8_w8a8_block,torch.float16,2816,128,7168,256,8,0,0,asm,11010+21100,1802.7783
gfx936,int8_w8a8_block,torch.float16,3072,128,7168,256,8,0,0,asm,12003+22000,1897.6074
gfx936,int8_w8a8_block,torch.float16,3328,128,7168,256,8,0,0,asm,12003+22000,1979.2772
gfx936,int8_w8a8_block,torch.float16,3584,128,7168,256,8,0,0,asm,12003+22000,2043.1447
gfx936,int8_w8a8_block,torch.float16,3840,128,7168,256,8,0,0,asm,12003+22000,2184.6107
gfx936,int8_w8a8_block,torch.float16,4096,128,7168,256,8,0,0,asm,12003+22000,2334.7564
gfx936,int8_w8a8_block,torch.float16,4608,128,7168,256,8,0,0,asm,12003+22000,2659.1505
gfx936,int8_w8a8_block,torch.float16,5120,128,7168,256,8,0,0,asm,12003+22000,2817.7639
gfx936,int8_w8a8_block,torch.float16,5632,128,7168,256,8,0,0,asm,12003+22000,2967.6633
gfx936,int8_w8a8_block,torch.float16,6144,128,7168,256,8,0,0,asm,12003+22000,3291.914
gfx936,int8_w8a8_block,torch.float16,6656,128,7168,256,8,0,0,asm,13001+23000,3421.6085
gfx936,int8_w8a8_block,torch.float16,7168,128,7168,256,8,0,0,asm,13001+23000,3532.8742
gfx936,int8_w8a8_block,torch.float16,7680,128,7168,256,8,0,0,asm,13001+23000,3724.739
gfx936,int8_w8a8_block,torch.float16,8192,128,7168,256,8,0,0,asm,13001+23000,4133.3506
gfx936,int8_w8a8_block,torch.float16,10240,128,7168,256,8,0,0,asm,13001+23000,5080.0063
gfx936,int8_w8a8_block,torch.float16,12288,128,7168,256,8,0,0,asm,13001+23000,5935.4214
gfx936,int8_w8a8_block,torch.float16,14336,128,7168,256,8,0,0,asm,13001+23000,6797.3674
gfx936,int8_w8a8_block,torch.float16,16384,128,7168,256,8,0,0,asm,13001+23000,7704.9349
gfx936,int8_w8a8_block,torch.float16,17408,128,7168,256,8,0,0,asm,13001+23000,8254.6709
gfx936,int8_w8a8_block,torch.float16,24576,128,7168,256,8,0,0,asm,13001+23000,11162.5584
gfx936,int8_w8a8_block,torch.float16,32768,128,7168,256,8,0,0,asm,13001+23000,14747.3124
gfx936,int8_w8a8_block,torch.float16,40960,128,7168,256,8,0,0,asm,13001+23101,14859.3376
gfx936,int8_w8a8_block,torch.float16,49152,128,7168,256,8,0,0,asm,13001+23000,21041.0904
gfx936,int8_w8a8_block,torch.float16,57344,128,7168,256,8,0,0,asm,13001+23000,24838.7834
gfx936,int8_w8a8_block,torch.float16,1,256,7168,256,8,0,0,asm,10008+20000,80.7245
gfx936,int8_w8a8_block,torch.float16,2,256,7168,256,8,0,0,asm,10007+20000,118.7213
gfx936,int8_w8a8_block,torch.float16,3,256,7168,256,8,0,0,asm,10007+20000,156.7637
gfx936,int8_w8a8_block,torch.float16,4,256,7168,256,8,0,0,asm,10003+20000,200.2542
gfx936,int8_w8a8_block,torch.float16,5,256,7168,256,8,0,0,asm,10007+20000,224.9911
gfx936,int8_w8a8_block,torch.float16,6,256,7168,256,8,0,0,asm,10007+20000,253.4003
gfx936,int8_w8a8_block,torch.float16,7,256,7168,256,8,0,0,asm,10007+20000,285.5153
gfx936,int8_w8a8_block,torch.float16,8,256,7168,256,8,0,0,asm,10007+20000,302.3235
gfx936,int8_w8a8_block,torch.float16,9,256,7168,256,8,0,0,asm,10007+20000,332.5963
gfx936,int8_w8a8_block,torch.float16,10,256,7168,256,8,0,0,asm,10007+20000,356.543
gfx936,int8_w8a8_block,torch.float16,11,256,7168,256,8,0,0,asm,10007+20000,379.9048
gfx936,int8_w8a8_block,torch.float16,12,256,7168,256,8,0,0,asm,10007+20000,396.6579
gfx936,int8_w8a8_block,torch.float16,13,256,7168,256,8,0,0,asm,10007+20000,421.5194
gfx936,int8_w8a8_block,torch.float16,14,256,7168,256,8,0,0,asm,10007+20000,449.1545
gfx936,int8_w8a8_block,torch.float16,15,256,7168,256,8,0,0,asm,10007+20000,464.3584
gfx936,int8_w8a8_block,torch.float16,16,256,7168,256,8,0,0,asm,10007+20000,476.141
gfx936,int8_w8a8_block,torch.float16,17,256,7168,256,8,0,0,asm,10007+20000,487.9287
gfx936,int8_w8a8_block,torch.float16,18,256,7168,256,8,0,0,asm,10007+20000,510.899
gfx936,int8_w8a8_block,torch.float16,20,256,7168,256,8,0,0,asm,10007+20000,549.3483
gfx936,int8_w8a8_block,torch.float16,24,256,7168,256,8,0,0,asm,10007+20000,629.1473
gfx936,int8_w8a8_block,torch.float16,28,256,7168,256,8,0,0,asm,10007+20000,707.0826
gfx936,int8_w8a8_block,torch.float16,32,256,7168,256,8,0,0,asm,10007+20000,759.8868
gfx936,int8_w8a8_block,torch.float16,34,256,7168,256,8,0,0,asm,10007+20000,764.212
gfx936,int8_w8a8_block,torch.float16,36,256,7168,256,8,0,0,asm,10007+20000,794.3741
gfx936,int8_w8a8_block,torch.float16,40,256,7168,256,8,0,0,asm,10007+20000,826.9443
gfx936,int8_w8a8_block,torch.float16,44,256,7168,256,8,0,0,asm,10007+20000,865.1451
gfx936,int8_w8a8_block,torch.float16,48,256,7168,256,8,0,0,asm,10007+20000,888.0602
gfx936,int8_w8a8_block,torch.float16,56,256,7168,256,8,0,0,asm,10007+20000,934.0327
gfx936,int8_w8a8_block,torch.float16,64,256,7168,256,8,0,0,asm,10007+20000,969.9721
gfx936,int8_w8a8_block,torch.float16,68,256,7168,256,8,0,0,asm,10007+20000,979.8173
gfx936,int8_w8a8_block,torch.float16,72,256,7168,256,8,0,0,asm,10007+20000,1006.7779
gfx936,int8_w8a8_block,torch.float16,80,256,7168,256,8,0,0,asm,10007+20000,1042.8624
gfx936,int8_w8a8_block,torch.float16,88,256,7168,256,8,0,0,asm,10007+20000,1074.5793
gfx936,int8_w8a8_block,torch.float16,96,256,7168,256,8,0,0,asm,10007+20000,1093.5004
gfx936,int8_w8a8_block,torch.float16,104,256,7168,256,8,0,0,asm,10007+20000,1102.8706
gfx936,int8_w8a8_block,torch.float16,112,256,7168,256,8,0,0,asm,10007+20000,1120.0809
gfx936,int8_w8a8_block,torch.float16,128,256,7168,256,8,0,0,asm,10007+20000,1151.5798
gfx936,int8_w8a8_block,torch.float16,144,256,7168,256,8,0,0,asm,10007+20000,1163.1415
gfx936,int8_w8a8_block,torch.float16,160,256,7168,256,8,0,0,asm,10007+20000,1176.8686
gfx936,int8_w8a8_block,torch.float16,192,256,7168,256,8,0,0,asm,10007+20000,1193.123
gfx936,int8_w8a8_block,torch.float16,224,256,7168,256,8,0,0,asm,10007+20000,1219.1989
gfx936,int8_w8a8_block,torch.float16,256,256,7168,256,8,0,0,asm,10007+20000,1234.1733
gfx936,int8_w8a8_block,torch.float16,320,256,7168,256,8,0,0,asm,10007+20000,1247.3027
gfx936,int8_w8a8_block,torch.float16,384,256,7168,256,8,0,0,asm,10007+20000,1274.2434
gfx936,int8_w8a8_block,torch.float16,448,256,7168,256,8,0,0,asm,10007+20000,1308.2962
gfx936,int8_w8a8_block,torch.float16,512,256,7168,256,8,0,0,asm,11005+21000,1362.198
gfx936,int8_w8a8_block,torch.float16,576,256,7168,256,8,0,0,asm,11007+21000,1392.7605
gfx936,int8_w8a8_block,torch.float16,640,256,7168,256,8,0,0,asm,11007+21000,1412.2071
gfx936,int8_w8a8_block,torch.float16,704,256,7168,256,8,0,0,asm,11007+21000,1444.9837
gfx936,int8_w8a8_block,torch.float16,768,256,7168,256,8,0,0,asm,11007+21000,1470.1744
gfx936,int8_w8a8_block,torch.float16,832,256,7168,256,8,0,0,asm,11007+21000,1497.4842
gfx936,int8_w8a8_block,torch.float16,896,256,7168,256,8,0,0,asm,11007+21000,1518.252
gfx936,int8_w8a8_block,torch.float16,960,256,7168,256,8,0,0,asm,11007+21000,1528.7868
gfx936,int8_w8a8_block,torch.float16,1024,256,7168,256,8,0,0,asm,11007+21000,1552.9606
gfx936,int8_w8a8_block,torch.float16,1152,256,7168,256,8,0,0,asm,12000+22000,1637.8453
gfx936,int8_w8a8_block,torch.float16,1280,256,7168,256,8,0,0,asm,12000+22000,1670.9866
gfx936,int8_w8a8_block,torch.float16,1408,256,7168,256,8,0,0,asm,12000+22000,1735.3633
gfx936,int8_w8a8_block,torch.float16,1536,256,7168,256,8,0,0,asm,11010+21000,1778.5593
gfx936,int8_w8a8_block,torch.float16,1664,256,7168,256,8,0,0,asm,12000+22000,1833.8578
gfx936,int8_w8a8_block,torch.float16,1792,256,7168,256,8,0,0,asm,12001+22000,1910.7194
gfx936,int8_w8a8_block,torch.float16,1920,256,7168,256,8,0,0,asm,12001+22000,1972.2045
gfx936,int8_w8a8_block,torch.float16,2048,256,7168,256,8,0,0,asm,12001+22000,2084.3359
gfx936,int8_w8a8_block,torch.float16,2304,256,7168,256,8,0,0,asm,12003+22000,2256.3812
gfx936,int8_w8a8_block,torch.float16,2560,256,7168,256,8,0,0,asm,12003+22000,2383.4745
gfx936,int8_w8a8_block,torch.float16,2816,256,7168,256,8,0,0,asm,12003+22000,2460.2104
gfx936,int8_w8a8_block,torch.float16,3072,256,7168,256,8,0,0,asm,12003+22000,2541.0377
gfx936,int8_w8a8_block,torch.float16,3328,256,7168,256,8,0,0,asm,12002+22000,2635.4526
gfx936,int8_w8a8_block,torch.float16,3584,256,7168,256,8,0,0,asm,12003+22000,2742.33
gfx936,int8_w8a8_block,torch.float16,3840,256,7168,256,8,0,0,asm,12003+22000,2879.9588
gfx936,int8_w8a8_block,torch.float16,4096,256,7168,256,8,0,0,asm,12003+22000,3101.3169
gfx936,int8_w8a8_block,torch.float16,4608,256,7168,256,8,0,0,asm,12003+22000,3600.3408
gfx936,int8_w8a8_block,torch.float16,5120,256,7168,256,8,0,0,asm,12003+22000,3814.8517
gfx936,int8_w8a8_block,torch.float16,5632,256,7168,256,8,0,0,asm,12003+22000,3988.5398
gfx936,int8_w8a8_block,torch.float16,6144,256,7168,256,8,0,0,asm,12002+22000,4396.1157
gfx936,int8_w8a8_block,torch.float16,6656,256,7168,256,8,0,0,asm,13001+23000,4648.7067
gfx936,int8_w8a8_block,torch.float16,7168,256,7168,256,8,0,0,asm,13001+23000,4818.7636
gfx936,int8_w8a8_block,torch.float16,7680,256,7168,256,8,0,0,asm,13001+23000,5024.0016
gfx936,int8_w8a8_block,torch.float16,8192,256,7168,256,8,0,0,asm,13001+23000,5549.7372
gfx936,int8_w8a8_block,torch.float16,10240,256,7168,256,8,0,0,asm,13001+23000,6802.854
gfx936,int8_w8a8_block,torch.float16,12288,256,7168,256,8,0,0,asm,13001+23000,7901.7596
gfx936,int8_w8a8_block,torch.float16,14336,256,7168,256,8,0,0,asm,13001+23000,9098.0764
gfx936,int8_w8a8_block,torch.float16,16384,256,7168,256,8,0,0,asm,13001+23000,10190.1389
gfx936,int8_w8a8_block,torch.float16,17408,256,7168,256,8,0,0,asm,13001+23000,10946.5745
gfx936,int8_w8a8_block,torch.float16,24576,256,7168,256,8,0,0,asm,13001+23000,14740.2802
gfx936,int8_w8a8_block,torch.float16,32768,256,7168,256,8,0,0,asm,13001+23000,19489.3806
gfx936,int8_w8a8_block,torch.float16,40960,256,7168,256,8,0,0,asm,13001+23000,22699.7344
gfx936,int8_w8a8_block,torch.float16,49152,256,7168,256,8,0,0,asm,13001+23000,27492.7934
gfx938,int8_w8a8_block,torch.float16,1,128,7168,256,8,0,0,asm,10008+20100,64.3619
gfx938,int8_w8a8_block,torch.float16,2,128,7168,256,8,0,0,asm,10007+20101,74.3393
gfx938,int8_w8a8_block,torch.float16,3,128,7168,256,8,0,0,asm,10002+20101,85.2683
gfx938,int8_w8a8_block,torch.float16,4,128,7168,256,8,0,0,asm,10007+20101,102.7658
gfx938,int8_w8a8_block,torch.float16,5,128,7168,256,8,0,0,asm,10006+20101,126.6177
gfx938,int8_w8a8_block,torch.float16,6,128,7168,256,8,0,0,asm,10006+20101,131.0115
gfx938,int8_w8a8_block,torch.float16,7,128,7168,256,8,0,0,asm,10005+20101,137.7564
gfx938,int8_w8a8_block,torch.float16,8,128,7168,256,8,0,0,asm,10006+20101,143.7584
gfx938,int8_w8a8_block,torch.float16,9,128,7168,256,8,0,0,asm,10002+20101,157.2804
gfx938,int8_w8a8_block,torch.float16,10,128,7168,256,8,0,0,asm,10002+20101,170.1256
gfx938,int8_w8a8_block,torch.float16,11,128,7168,256,8,0,0,asm,10007+20101,202.2689
gfx938,int8_w8a8_block,torch.float16,12,128,7168,256,8,0,0,asm,10002+20101,200.4762
gfx938,int8_w8a8_block,torch.float16,13,128,7168,256,8,0,0,asm,10002+20101,204.1725
gfx938,int8_w8a8_block,torch.float16,14,128,7168,256,8,0,0,asm,10002+20101,209.0177
gfx938,int8_w8a8_block,torch.float16,15,128,7168,256,8,0,0,asm,10001+20101,214.7243
gfx938,int8_w8a8_block,torch.float16,16,128,7168,256,8,0,0,asm,10002+20101,218.2157
gfx938,int8_w8a8_block,torch.float16,17,128,7168,256,8,0,0,asm,10003+20101,222.0033
gfx938,int8_w8a8_block,torch.float16,18,128,7168,256,8,0,0,asm,10002+20101,226.8935
gfx938,int8_w8a8_block,torch.float16,20,128,7168,256,8,0,0,asm,10006+20101,253.5108
gfx938,int8_w8a8_block,torch.float16,24,128,7168,256,8,0,0,asm,10002+20101,277.08
gfx938,int8_w8a8_block,torch.float16,28,128,7168,256,8,0,0,asm,10002+20101,327.7822
gfx938,int8_w8a8_block,torch.float16,32,128,7168,256,8,0,0,asm,10002+20101,338.7196
gfx938,int8_w8a8_block,torch.float16,34,128,7168,256,8,0,0,asm,10002+20101,323.1064
gfx938,int8_w8a8_block,torch.float16,36,128,7168,256,8,0,0,asm,10001+20101,336.2674
gfx938,int8_w8a8_block,torch.float16,40,128,7168,256,8,0,0,asm,10005+20101,361.1001
gfx938,int8_w8a8_block,torch.float16,44,128,7168,256,8,0,0,asm,10006+20101,371.578
gfx938,int8_w8a8_block,torch.float16,48,128,7168,256,8,0,0,asm,10002+20101,376.6324
gfx938,int8_w8a8_block,torch.float16,56,128,7168,256,8,0,0,asm,10002+20101,390.3019
gfx938,int8_w8a8_block,torch.float16,64,128,7168,256,8,0,0,asm,10002+20101,415.6762
gfx938,int8_w8a8_block,torch.float16,68,128,7168,256,8,0,0,asm,10002+20101,429.6441
gfx938,int8_w8a8_block,torch.float16,72,128,7168,256,8,0,0,asm,10002+20101,430.7736
gfx938,int8_w8a8_block,torch.float16,80,128,7168,256,8,0,0,asm,10007+20101,452.7017
gfx938,int8_w8a8_block,torch.float16,88,128,7168,256,8,0,0,asm,10002+20101,447.3998
gfx938,int8_w8a8_block,torch.float16,96,128,7168,256,8,0,0,asm,10002+20101,447.6351
gfx938,int8_w8a8_block,torch.float16,104,128,7168,256,8,0,0,asm,10001+20101,460.7016
gfx938,int8_w8a8_block,torch.float16,112,128,7168,256,8,0,0,asm,10002+20101,460.3201
gfx938,int8_w8a8_block,torch.float16,128,128,7168,256,8,0,0,asm,10002+20101,463.9509
gfx938,int8_w8a8_block,torch.float16,144,128,7168,256,8,0,0,asm,10002+20101,489.5343
gfx938,int8_w8a8_block,torch.float16,160,128,7168,256,8,0,0,asm,10002+20101,494.0718
gfx938,int8_w8a8_block,torch.float16,192,128,7168,256,8,0,0,asm,10002+20101,503.7496
gfx938,int8_w8a8_block,torch.float16,224,128,7168,256,8,0,0,asm,10001+20101,509.2415
gfx938,int8_w8a8_block,torch.float16,256,128,7168,256,8,0,0,asm,10005+20101,514.1414
gfx938,int8_w8a8_block,torch.float16,320,128,7168,256,8,0,0,asm,10006+20101,533.5136
gfx938,int8_w8a8_block,torch.float16,384,128,7168,256,8,0,0,asm,10002+20101,538.608
gfx938,int8_w8a8_block,torch.float16,448,128,7168,256,8,0,0,asm,10002+20101,563.3719
gfx938,int8_w8a8_block,torch.float16,512,128,7168,256,8,0,0,asm,10005+20101,587.4498
gfx938,int8_w8a8_block,torch.float16,576,128,7168,256,8,0,0,asm,11010+21101,608.6394
gfx938,int8_w8a8_block,torch.float16,640,128,7168,256,8,0,0,asm,11010+21101,632.7871
gfx938,int8_w8a8_block,torch.float16,704,128,7168,256,8,0,0,asm,11010+21101,641.8249
gfx938,int8_w8a8_block,torch.float16,768,128,7168,256,8,0,0,asm,11010+21101,654.0136
gfx938,int8_w8a8_block,torch.float16,832,128,7168,256,8,0,0,asm,11009+21101,663.6258
gfx938,int8_w8a8_block,torch.float16,896,128,7168,256,8,0,0,asm,11006+21101,696.7302
gfx938,int8_w8a8_block,torch.float16,960,128,7168,256,8,0,0,asm,11010+21101,711.3972
gfx938,int8_w8a8_block,torch.float16,1024,128,7168,256,8,0,0,asm,11009+21101,761.4979
gfx938,int8_w8a8_block,torch.float16,1152,128,7168,256,8,0,0,asm,11010+21101,829.2662
gfx938,int8_w8a8_block,torch.float16,1280,128,7168,256,8,0,0,asm,11010+21101,870.6156
gfx938,int8_w8a8_block,torch.float16,1408,128,7168,256,8,0,0,asm,11010+21101,897.6952
gfx938,int8_w8a8_block,torch.float16,1536,128,7168,256,8,0,0,asm,11010+21101,981.7316
gfx938,int8_w8a8_block,torch.float16,1664,128,7168,256,8,0,0,asm,11010+21101,997.8185
gfx938,int8_w8a8_block,torch.float16,1792,128,7168,256,8,0,0,asm,11010+21101,1033.4067
gfx938,int8_w8a8_block,torch.float16,1920,128,7168,256,8,0,0,asm,11010+21101,1108.3387
gfx938,int8_w8a8_block,torch.float16,2048,128,7168,256,8,0,0,asm,11010+21101,1145.0203
gfx938,int8_w8a8_block,torch.float16,2304,128,7168,256,8,0,0,asm,11010+21101,1316.086
gfx938,int8_w8a8_block,torch.float16,2560,128,7168,256,8,0,0,asm,11010+21101,1387.9345
gfx938,int8_w8a8_block,torch.float16,2816,128,7168,256,8,0,0,asm,11010+21101,1488.2435
gfx938,int8_w8a8_block,torch.float16,3072,128,7168,256,8,0,0,asm,11010+21101,1620.1726
gfx938,int8_w8a8_block,torch.float16,3328,128,7168,256,8,0,0,asm,11010+21101,1742.2218
gfx938,int8_w8a8_block,torch.float16,3584,128,7168,256,8,0,0,asm,11010+21101,1862.3263
gfx938,int8_w8a8_block,torch.float16,3840,128,7168,256,8,0,0,asm,11010+21101,1934.8699
gfx938,int8_w8a8_block,torch.float16,4096,128,7168,256,8,0,0,asm,11010+21101,2045.1929
gfx938,int8_w8a8_block,torch.float16,4608,128,7168,256,8,0,0,asm,11010+21101,2279.0466
gfx938,int8_w8a8_block,torch.float16,5120,128,7168,256,8,0,0,asm,11010+21101,2509.8803
gfx938,int8_w8a8_block,torch.float16,5632,128,7168,256,8,0,0,asm,11010+21101,2757.2319
gfx938,int8_w8a8_block,torch.float16,6144,128,7168,256,8,0,0,asm,11010+21101,2985.8396
gfx938,int8_w8a8_block,torch.float16,6656,128,7168,256,8,0,0,asm,11010+21101,3184.1954
gfx938,int8_w8a8_block,torch.float16,7168,128,7168,256,8,0,0,asm,11010+21101,3425.8325
gfx938,int8_w8a8_block,torch.float16,7680,128,7168,256,8,0,0,asm,11010+21101,3647.3802
gfx938,int8_w8a8_block,torch.float16,8192,128,7168,256,8,0,0,asm,11010+21101,3867.3574
gfx938,int8_w8a8_block,torch.float16,10240,128,7168,256,8,0,0,asm,11010+21101,4765.7119
gfx938,int8_w8a8_block,torch.float16,12288,128,7168,256,8,0,0,asm,11010+21101,5724.0817
gfx938,int8_w8a8_block,torch.float16,14336,128,7168,256,8,0,0,asm,11010+21101,6569.5353
gfx938,int8_w8a8_block,torch.float16,16384,128,7168,256,8,0,0,asm,11010+21101,7444.7413
gfx938,int8_w8a8_block,torch.float16,17408,128,7168,256,8,0,0,asm,11010+21101,7919.0884
gfx938,int8_w8a8_block,torch.float16,24576,128,7168,256,8,0,0,asm,11010+21101,11183.5046
gfx938,int8_w8a8_block,torch.float16,32768,128,7168,256,8,0,0,asm,11010+21101,14692.1092
gfx938,int8_w8a8_block,torch.float16,40960,128,7168,256,8,0,0,asm,13001+23101,15532.3525
gfx938,int8_w8a8_block,torch.float16,49152,128,7168,256,8,0,0,asm,11010+21101,21012.5975
gfx938,int8_w8a8_block,torch.float16,57344,128,7168,256,8,0,0,asm,11010+21101,24817.8367
gfx938,int8_w8a8_block,torch.float16,65536,128,7168,256,8,0,0,asm,11010+21101,28757.9419
gfx938,int8_w8a8_block,torch.float16,1,256,7168,256,8,0,0,asm,10007+20000,74.0639
gfx938,int8_w8a8_block,torch.float16,2,256,7168,256,8,0,0,asm,10002+20000,102.3192
gfx938,int8_w8a8_block,torch.float16,3,256,7168,256,8,0,0,asm,10006+20000,135.7052
gfx938,int8_w8a8_block,torch.float16,4,256,7168,256,8,0,0,asm,10002+20000,169.3255
gfx938,int8_w8a8_block,torch.float16,5,256,7168,256,8,0,0,asm,10002+20000,197.5692
gfx938,int8_w8a8_block,torch.float16,6,256,7168,256,8,0,0,asm,10002+20000,206.6023
gfx938,int8_w8a8_block,torch.float16,7,256,7168,256,8,0,0,asm,10003+20000,229.8469
gfx938,int8_w8a8_block,torch.float16,8,256,7168,256,8,0,0,asm,10006+20000,243.5164
gfx938,int8_w8a8_block,torch.float16,9,256,7168,256,8,0,0,asm,10006+20000,260.1334
gfx938,int8_w8a8_block,torch.float16,10,256,7168,256,8,0,0,asm,10005+20000,280.0511
gfx938,int8_w8a8_block,torch.float16,11,256,7168,256,8,0,0,asm,10002+20000,305.6738
gfx938,int8_w8a8_block,torch.float16,12,256,7168,256,8,0,0,asm,10002+20000,310.3367
gfx938,int8_w8a8_block,torch.float16,13,256,7168,256,8,0,0,asm,10001+20000,323.612
gfx938,int8_w8a8_block,torch.float16,14,256,7168,256,8,0,0,asm,10006+20000,341.7984
gfx938,int8_w8a8_block,torch.float16,15,256,7168,256,8,0,0,asm,10005+20000,359.621
gfx938,int8_w8a8_block,torch.float16,16,256,7168,256,8,0,0,asm,10006+20000,361.7879
gfx938,int8_w8a8_block,torch.float16,17,256,7168,256,8,0,0,asm,10006+20000,365.4648
gfx938,int8_w8a8_block,torch.float16,18,256,7168,256,8,0,0,asm,10005+20000,379.5129
gfx938,int8_w8a8_block,torch.float16,20,256,7168,256,8,0,0,asm,10001+20000,410.4977
gfx938,int8_w8a8_block,torch.float16,24,256,7168,256,8,0,0,asm,10006+20000,460.7313
gfx938,int8_w8a8_block,torch.float16,28,256,7168,256,8,0,0,asm,10002+20000,523.8077
gfx938,int8_w8a8_block,torch.float16,32,256,7168,256,8,0,0,asm,10006+20000,555.1036
gfx938,int8_w8a8_block,torch.float16,34,256,7168,256,8,0,0,asm,10006+20000,554.0263
gfx938,int8_w8a8_block,torch.float16,36,256,7168,256,8,0,0,asm,10002+20000,572.3591
gfx938,int8_w8a8_block,torch.float16,40,256,7168,256,8,0,0,asm,10001+20000,593.9758
gfx938,int8_w8a8_block,torch.float16,44,256,7168,256,8,0,0,asm,10001+20000,617.3905
gfx938,int8_w8a8_block,torch.float16,48,256,7168,256,8,0,0,asm,10001+20000,633.2489
gfx938,int8_w8a8_block,torch.float16,56,256,7168,256,8,0,0,asm,10002+20000,662.2223
gfx938,int8_w8a8_block,torch.float16,64,256,7168,256,8,0,0,asm,10002+20000,685.0154
gfx938,int8_w8a8_block,torch.float16,68,256,7168,256,8,0,0,asm,10001+20000,695.8222
gfx938,int8_w8a8_block,torch.float16,72,256,7168,256,8,0,0,asm,10001+20000,709.9707
gfx938,int8_w8a8_block,torch.float16,80,256,7168,256,8,0,0,asm,10001+20000,774.6035
gfx938,int8_w8a8_block,torch.float16,88,256,7168,256,8,0,0,asm,10002+20000,757.6815
gfx938,int8_w8a8_block,torch.float16,96,256,7168,256,8,0,0,asm,10002+20000,760.8093
gfx938,int8_w8a8_block,torch.float16,104,256,7168,256,8,0,0,asm,10002+20000,779.7121
gfx938,int8_w8a8_block,torch.float16,112,256,7168,256,8,0,0,asm,10002+20000,776.0946
gfx938,int8_w8a8_block,torch.float16,128,256,7168,256,8,0,0,asm,10002+20000,792.7909
gfx938,int8_w8a8_block,torch.float16,144,256,7168,256,8,0,0,asm,10002+20000,800.8822
gfx938,int8_w8a8_block,torch.float16,160,256,7168,256,8,0,0,asm,10002+20000,812.1142
gfx938,int8_w8a8_block,torch.float16,192,256,7168,256,8,0,0,asm,10002+20000,825.0625
gfx938,int8_w8a8_block,torch.float16,224,256,7168,256,8,0,0,asm,10002+20000,833.9061
gfx938,int8_w8a8_block,torch.float16,256,256,7168,256,8,0,0,asm,10002+20000,844.1267
gfx938,int8_w8a8_block,torch.float16,320,256,7168,256,8,0,0,asm,10002+20000,872.8442
gfx938,int8_w8a8_block,torch.float16,384,256,7168,256,8,0,0,asm,10005+20000,903.3915
gfx938,int8_w8a8_block,torch.float16,448,256,7168,256,8,0,0,asm,10006+20000,945.5806
gfx938,int8_w8a8_block,torch.float16,512,256,7168,256,8,0,0,asm,11006+21000,960.4355
gfx938,int8_w8a8_block,torch.float16,576,256,7168,256,8,0,0,asm,11006+21000,975.8254
gfx938,int8_w8a8_block,torch.float16,640,256,7168,256,8,0,0,asm,11006+21000,997.3548
gfx938,int8_w8a8_block,torch.float16,704,256,7168,256,8,0,0,asm,11006+21000,1015.4870000000001
gfx938,int8_w8a8_block,torch.float16,768,256,7168,256,8,0,0,asm,11010+21000,1032.7099
gfx938,int8_w8a8_block,torch.float16,832,256,7168,256,8,0,0,asm,11010+21000,1051.2385
gfx938,int8_w8a8_block,torch.float16,896,256,7168,256,8,0,0,asm,11010+21000,1096.4795
gfx938,int8_w8a8_block,torch.float16,960,256,7168,256,8,0,0,asm,11010+21000,1153.3346
gfx938,int8_w8a8_block,torch.float16,1024,256,7168,256,8,0,0,asm,11010+21000,1210.1494
gfx938,int8_w8a8_block,torch.float16,1152,256,7168,256,8,0,0,asm,11010+21000,1356.8225
gfx938,int8_w8a8_block,torch.float16,1280,256,7168,256,8,0,0,asm,12003+22000,1430.5484
gfx938,int8_w8a8_block,torch.float16,1408,256,7168,256,8,0,0,asm,12003+22000,1462.7597
gfx938,int8_w8a8_block,torch.float16,1536,256,7168,256,8,0,0,asm,12003+22000,1491.0231
gfx938,int8_w8a8_block,torch.float16,1664,256,7168,256,8,0,0,asm,12003+22000,1532.0672
gfx938,int8_w8a8_block,torch.float16,1792,256,7168,256,8,0,0,asm,12003+22000,1634.4874
gfx938,int8_w8a8_block,torch.float16,1920,256,7168,256,8,0,0,asm,12003+22000,1704.1272
gfx938,int8_w8a8_block,torch.float16,2048,256,7168,256,8,0,0,asm,11010+21000,1906.7057
gfx938,int8_w8a8_block,torch.float16,2304,256,7168,256,8,0,0,asm,11010+21000,2163.0306
gfx938,int8_w8a8_block,torch.float16,2560,256,7168,256,8,0,0,asm,11010+21000,2300.1239
gfx938,int8_w8a8_block,torch.float16,2816,256,7168,256,8,0,0,asm,11010+21000,2437.1261
gfx938,int8_w8a8_block,torch.float16,3072,256,7168,256,8,0,0,asm,13001+23000,2637.9526
gfx938,int8_w8a8_block,torch.float16,3328,256,7168,256,8,0,0,asm,12003+22000,2726.2909
gfx938,int8_w8a8_block,torch.float16,3584,256,7168,256,8,0,0,asm,12003+22000,2809.1701
gfx938,int8_w8a8_block,torch.float16,3840,256,7168,256,8,0,0,asm,12003+22000,2992.6435
gfx938,int8_w8a8_block,torch.float16,4096,256,7168,256,8,0,0,asm,12003+22000,3289.1543
gfx938,int8_w8a8_block,torch.float16,4608,256,7168,256,8,0,0,asm,11010+21000,3804.5302
gfx938,int8_w8a8_block,torch.float16,5120,256,7168,256,8,0,0,asm,12003+22000,4015.5876
gfx938,int8_w8a8_block,torch.float16,5632,256,7168,256,8,0,0,asm,12003+22000,4216.9662
gfx938,int8_w8a8_block,torch.float16,6144,256,7168,256,8,0,0,asm,12003+22000,4648.8637
gfx938,int8_w8a8_block,torch.float16,6656,256,7168,256,8,0,0,asm,13001+23000,4987.557
gfx938,int8_w8a8_block,torch.float16,7168,256,7168,256,8,0,0,asm,13001+23000,5097.7043
gfx938,int8_w8a8_block,torch.float16,7680,256,7168,256,8,0,0,asm,13001+23000,5418.374
gfx938,int8_w8a8_block,torch.float16,8192,256,7168,256,8,0,0,asm,12003+22000,5973.1091
gfx938,int8_w8a8_block,torch.float16,10240,256,7168,256,8,0,0,asm,12003+22000,7325.1873
gfx938,int8_w8a8_block,torch.float16,12288,256,7168,256,8,0,0,asm,13001+23000,8555.6002
gfx938,int8_w8a8_block,torch.float16,14336,256,7168,256,8,0,0,asm,13001+23000,9886.2731
gfx938,int8_w8a8_block,torch.float16,16384,256,7168,256,8,0,0,asm,13001+23000,11056.8632
gfx938,int8_w8a8_block,torch.float16,17408,256,7168,256,8,0,0,asm,12003+22000,12029.4321
gfx938,int8_w8a8_block,torch.float16,24576,256,7168,256,8,0,0,asm,13001+23000,16199.1447
gfx938,int8_w8a8_block,torch.float16,32768,256,7168,256,8,0,0,asm,13001+23000,21211.1206
gfx938,int8_w8a8_block,torch.float16,40960,256,7168,256,8,0,0,asm,13001+23000,25292.6729
gfx938,int8_w8a8_block,torch.float16,49152,256,7168,256,8,0,0,asm,13001+23000,30310.2679
gfx938,int8_w8a8_block,torch.float16,57344,256,7168,256,8,0,0,asm,13001+23000,35514.6339
gfx938,int8_w8a8_block,torch.float16,65536,256,7168,256,8,0,0,asm,13001+23000,40549.9911
gfx938,f8_w8a8_block,torch.float16,1,128,7168,256,8,0,0,asm,10008+20000,64.5697
gfx938,f8_w8a8_block,torch.float16,2,128,7168,256,8,0,0,asm,10007+20101,75.7958
gfx938,f8_w8a8_block,torch.float16,3,128,7168,256,8,0,0,asm,10002+20101,88.1569
gfx938,f8_w8a8_block,torch.float16,4,128,7168,256,8,0,0,asm,10002+20101,101.3875
gfx938,f8_w8a8_block,torch.float16,5,128,7168,256,8,0,0,asm,10004+20101,124.3946
gfx938,f8_w8a8_block,torch.float16,6,128,7168,256,8,0,0,asm,10006+20101,130.9464
gfx938,f8_w8a8_block,torch.float16,7,128,7168,256,8,0,0,asm,10006+20101,137.4365
gfx938,f8_w8a8_block,torch.float16,8,128,7168,256,8,0,0,asm,10006+20101,143.0817
gfx938,f8_w8a8_block,torch.float16,9,128,7168,256,8,0,0,asm,10002+20101,157.5882
gfx938,f8_w8a8_block,torch.float16,10,128,7168,256,8,0,0,asm,10002+20101,168.0538
gfx938,f8_w8a8_block,torch.float16,11,128,7168,256,8,0,0,asm,10002+20101,198.4332
gfx938,f8_w8a8_block,torch.float16,12,128,7168,256,8,0,0,asm,10007+20101,200.4189
gfx938,f8_w8a8_block,torch.float16,13,128,7168,256,8,0,0,asm,10002+20101,203.4917
gfx938,f8_w8a8_block,torch.float16,14,128,7168,256,8,0,0,asm,10002+20101,206.6752
gfx938,f8_w8a8_block,torch.float16,15,128,7168,256,8,0,0,asm,10002+20101,211.3234
gfx938,f8_w8a8_block,torch.float16,16,128,7168,256,8,0,0,asm,10002+20101,215.7665
gfx938,f8_w8a8_block,torch.float16,17,128,7168,256,8,0,0,asm,10002+20101,218.0528
gfx938,f8_w8a8_block,torch.float16,18,128,7168,256,8,0,0,asm,10001+20101,226.9306
gfx938,f8_w8a8_block,torch.float16,20,128,7168,256,8,0,0,asm,10006+20101,249.3592
gfx938,f8_w8a8_block,torch.float16,24,128,7168,256,8,0,0,asm,10006+20101,273.2813
gfx938,f8_w8a8_block,torch.float16,28,128,7168,256,8,0,0,asm,10002+20101,326.4696
gfx938,f8_w8a8_block,torch.float16,32,128,7168,256,8,0,0,asm,10001+20101,334.1086
gfx938,f8_w8a8_block,torch.float16,34,128,7168,256,8,0,0,asm,10002+20101,322.4625
gfx938,f8_w8a8_block,torch.float16,36,128,7168,256,8,0,0,asm,10002+20101,332.4153
gfx938,f8_w8a8_block,torch.float16,40,128,7168,256,8,0,0,asm,10005+20101,359.0573
gfx938,f8_w8a8_block,torch.float16,44,128,7168,256,8,0,0,asm,10005+20101,371.3075
gfx938,f8_w8a8_block,torch.float16,48,128,7168,256,8,0,0,asm,10006+20101,377.0101
gfx938,f8_w8a8_block,torch.float16,56,128,7168,256,8,0,0,asm,10002+20101,386.4541
gfx938,f8_w8a8_block,torch.float16,64,128,7168,256,8,0,0,asm,10002+20101,414.1463
gfx938,f8_w8a8_block,torch.float16,68,128,7168,256,8,0,0,asm,10002+20101,423.1842
gfx938,f8_w8a8_block,torch.float16,72,128,7168,256,8,0,0,asm,10002+20100,456.7184
gfx938,f8_w8a8_block,torch.float16,80,128,7168,256,8,0,0,asm,10007+20101,448.1646
gfx938,f8_w8a8_block,torch.float16,88,128,7168,256,8,0,0,asm,10002+20101,448.0963
gfx938,f8_w8a8_block,torch.float16,96,128,7168,256,8,0,0,asm,10002+20101,447.221
gfx938,f8_w8a8_block,torch.float16,104,128,7168,256,8,0,0,asm,10001+20101,459.5944
gfx938,f8_w8a8_block,torch.float16,112,128,7168,256,8,0,0,asm,10001+20101,457.5964
gfx938,f8_w8a8_block,torch.float16,128,128,7168,256,8,0,0,asm,10002+20101,465.9861
gfx938,f8_w8a8_block,torch.float16,144,128,7168,256,8,0,0,asm,10002+20101,487.6434
gfx938,f8_w8a8_block,torch.float16,160,128,7168,256,8,0,0,asm,10002+20101,493.5511
gfx938,f8_w8a8_block,torch.float16,192,128,7168,256,8,0,0,asm,10001+20101,501.9257
gfx938,f8_w8a8_block,torch.float16,224,128,7168,256,8,0,0,asm,10005+20101,507.8977
gfx938,f8_w8a8_block,torch.float16,256,128,7168,256,8,0,0,asm,10002+20101,511.9018
gfx938,f8_w8a8_block,torch.float16,320,128,7168,256,8,0,0,asm,10005+20101,532.5335
gfx938,f8_w8a8_block,torch.float16,384,128,7168,256,8,0,0,asm,10002+20101,538.9704
gfx938,f8_w8a8_block,torch.float16,448,128,7168,256,8,0,0,asm,10002+20101,565.112
gfx938,f8_w8a8_block,torch.float16,512,128,7168,256,8,0,0,asm,10006+20101,588.5628
gfx938,f8_w8a8_block,torch.float16,576,128,7168,256,8,0,0,asm,11010+21101,614.6829
gfx938,f8_w8a8_block,torch.float16,640,128,7168,256,8,0,0,asm,11010+21101,628.6065
gfx938,f8_w8a8_block,torch.float16,704,128,7168,256,8,0,0,asm,11010+21101,634.5557
gfx938,f8_w8a8_block,torch.float16,768,128,7168,256,8,0,0,asm,11010+21101,650.5685
gfx938,f8_w8a8_block,torch.float16,832,128,7168,256,8,0,0,asm,11010+21101,657.2756
gfx938,f8_w8a8_block,torch.float16,896,128,7168,256,8,0,0,asm,11006+21101,696.1905
gfx938,f8_w8a8_block,torch.float16,960,128,7168,256,8,0,0,asm,11010+21101,708.2019
gfx938,f8_w8a8_block,torch.float16,1024,128,7168,256,8,0,0,asm,11010+21101,757.7168
gfx938,f8_w8a8_block,torch.float16,1152,128,7168,256,8,0,0,asm,11010+21101,829.2878
gfx938,f8_w8a8_block,torch.float16,1280,128,7168,256,8,0,0,asm,11010+21101,868.635
gfx938,f8_w8a8_block,torch.float16,1408,128,7168,256,8,0,0,asm,11010+21101,899.1951
gfx938,f8_w8a8_block,torch.float16,1536,128,7168,256,8,0,0,asm,11010+21101,975.7805
gfx938,f8_w8a8_block,torch.float16,1664,128,7168,256,8,0,0,asm,11010+21101,996.4617
gfx938,f8_w8a8_block,torch.float16,1792,128,7168,256,8,0,0,asm,11010+21101,1030.6891
gfx938,f8_w8a8_block,torch.float16,1920,128,7168,256,8,0,0,asm,11010+21101,1101.5501
gfx938,f8_w8a8_block,torch.float16,2048,128,7168,256,8,0,0,asm,11010+21101,1145.2352
gfx938,f8_w8a8_block,torch.float16,2304,128,7168,256,8,0,0,asm,11010+21101,1308.0337
gfx938,f8_w8a8_block,torch.float16,2560,128,7168,256,8,0,0,asm,11010+21101,1375.4024
gfx938,f8_w8a8_block,torch.float16,2816,128,7168,256,8,0,0,asm,11010+21101,1478.738
gfx938,f8_w8a8_block,torch.float16,3072,128,7168,256,8,0,0,asm,11010+21101,1602.2884
gfx938,f8_w8a8_block,torch.float16,3328,128,7168,256,8,0,0,asm,11010+21101,1727.6481
gfx938,f8_w8a8_block,torch.float16,3584,128,7168,256,8,0,0,asm,11010+21101,1849.196
gfx938,f8_w8a8_block,torch.float16,3840,128,7168,256,8,0,0,asm,11010+21101,1911.3202
gfx938,f8_w8a8_block,torch.float16,4096,128,7168,256,8,0,0,asm,11010+21101,2019.8641
gfx938,f8_w8a8_block,torch.float16,4608,128,7168,256,8,0,0,asm,11010+21101,2259.4566
gfx938,f8_w8a8_block,torch.float16,5120,128,7168,256,8,0,0,asm,11010+21101,2484.118
gfx938,f8_w8a8_block,torch.float16,5632,128,7168,256,8,0,0,asm,11010+21101,2722.4067
gfx938,f8_w8a8_block,torch.float16,6144,128,7168,256,8,0,0,asm,11010+21101,2944.3125
gfx938,f8_w8a8_block,torch.float16,6656,128,7168,256,8,0,0,asm,11010+21101,3141.9019
gfx938,f8_w8a8_block,torch.float16,7168,128,7168,256,8,0,0,asm,11010+21101,3375.1217
gfx938,f8_w8a8_block,torch.float16,7680,128,7168,256,8,0,0,asm,11010+21101,3597.4721
gfx938,f8_w8a8_block,torch.float16,8192,128,7168,256,8,0,0,asm,11010+21101,3816.3838
gfx938,f8_w8a8_block,torch.float16,10240,128,7168,256,8,0,0,asm,11010+21101,4706.2116
gfx938,f8_w8a8_block,torch.float16,12288,128,7168,256,8,0,0,asm,11010+21101,5647.2745
gfx938,f8_w8a8_block,torch.float16,14336,128,7168,256,8,0,0,asm,11010+21101,6490.2357
gfx938,f8_w8a8_block,torch.float16,16384,128,7168,256,8,0,0,asm,11010+21101,7346.2153
gfx938,f8_w8a8_block,torch.float16,17408,128,7168,256,8,0,0,asm,11010+21101,7819.7326
gfx938,f8_w8a8_block,torch.float16,24576,128,7168,256,8,0,0,asm,11010+21101,11024.8311
gfx938,f8_w8a8_block,torch.float16,32768,128,7168,256,8,0,0,asm,11010+21101,14518.6201
gfx938,f8_w8a8_block,torch.float16,40960,128,7168,256,8,0,0,asm,13001+23101,14697.0981
gfx938,f8_w8a8_block,torch.float16,49152,128,7168,256,8,0,0,asm,11010+21101,20838.8615
gfx938,f8_w8a8_block,torch.float16,57344,128,7168,256,8,0,0,asm,11010+21101,24568.6648
gfx938,f8_w8a8_block,torch.float16,65536,128,7168,256,8,0,0,asm,13001+23000,28256.1414
gfx938,f8_w8a8_block,torch.float16,1,256,7168,256,8,0,0,asm,10007+20000,72.6803
gfx938,f8_w8a8_block,torch.float16,2,256,7168,256,8,0,0,asm,10002+20000,103.4148
gfx938,f8_w8a8_block,torch.float16,3,256,7168,256,8,0,0,asm,10005+20000,134.748
gfx938,f8_w8a8_block,torch.float16,4,256,7168,256,8,0,0,asm,10006+20000,166.8146
gfx938,f8_w8a8_block,torch.float16,5,256,7168,256,8,0,0,asm,10001+20000,199.2455
gfx938,f8_w8a8_block,torch.float16,6,256,7168,256,8,0,0,asm,10002+20000,209.641
gfx938,f8_w8a8_block,torch.float16,7,256,7168,256,8,0,0,asm,10002+20000,225.1832
gfx938,f8_w8a8_block,torch.float16,8,256,7168,256,8,0,0,asm,10006+20000,240.6587
gfx938,f8_w8a8_block,torch.float16,9,256,7168,256,8,0,0,asm,10005+20000,259.4617
gfx938,f8_w8a8_block,torch.float16,10,256,7168,256,8,0,0,asm,10006+20000,275.2421
gfx938,f8_w8a8_block,torch.float16,11,256,7168,256,8,0,0,asm,10002+20000,312.0341
gfx938,f8_w8a8_block,torch.float16,12,256,7168,256,8,0,0,asm,10002+20000,309.8362
gfx938,f8_w8a8_block,torch.float16,13,256,7168,256,8,0,0,asm,10002+20000,321.2168
gfx938,f8_w8a8_block,torch.float16,14,256,7168,256,8,0,0,asm,10006+20000,342.3694
gfx938,f8_w8a8_block,torch.float16,15,256,7168,256,8,0,0,asm,10006+20000,352.1916
gfx938,f8_w8a8_block,torch.float16,16,256,7168,256,8,0,0,asm,10006+20000,359.8449
gfx938,f8_w8a8_block,torch.float16,17,256,7168,256,8,0,0,asm,10006+20000,365.372
gfx938,f8_w8a8_block,torch.float16,18,256,7168,256,8,0,0,asm,10006+20000,378.5073
gfx938,f8_w8a8_block,torch.float16,20,256,7168,256,8,0,0,asm,10002+20000,408.3221
gfx938,f8_w8a8_block,torch.float16,24,256,7168,256,8,0,0,asm,10006+20000,459.4637
gfx938,f8_w8a8_block,torch.float16,28,256,7168,256,8,0,0,asm,10002+20000,521.102
gfx938,f8_w8a8_block,torch.float16,32,256,7168,256,8,0,0,asm,10006+20000,554.6966
gfx938,f8_w8a8_block,torch.float16,34,256,7168,256,8,0,0,asm,10006+20000,551.9878
gfx938,f8_w8a8_block,torch.float16,36,256,7168,256,8,0,0,asm,10002+20000,564.9833
gfx938,f8_w8a8_block,torch.float16,40,256,7168,256,8,0,0,asm,10002+20000,595.1432
gfx938,f8_w8a8_block,torch.float16,44,256,7168,256,8,0,0,asm,10002+20000,619.5608
gfx938,f8_w8a8_block,torch.float16,48,256,7168,256,8,0,0,asm,10002+20000,628.6184
gfx938,f8_w8a8_block,torch.float16,56,256,7168,256,8,0,0,asm,10002+20000,662.9176
gfx938,f8_w8a8_block,torch.float16,64,256,7168,256,8,0,0,asm,10002+20000,687.9598
gfx938,f8_w8a8_block,torch.float16,68,256,7168,256,8,0,0,asm,10002+20000,689.9695
gfx938,f8_w8a8_block,torch.float16,72,256,7168,256,8,0,0,asm,10002+20000,711.1765
gfx938,f8_w8a8_block,torch.float16,80,256,7168,256,8,0,0,asm,10002+20000,726.5693
gfx938,f8_w8a8_block,torch.float16,88,256,7168,256,8,0,0,asm,10002+20000,754.9446
gfx938,f8_w8a8_block,torch.float16,96,256,7168,256,8,0,0,asm,10002+20000,757.3035
gfx938,f8_w8a8_block,torch.float16,104,256,7168,256,8,0,0,asm,10002+20000,776.5309
gfx938,f8_w8a8_block,torch.float16,112,256,7168,256,8,0,0,asm,10002+20000,779.1336
gfx938,f8_w8a8_block,torch.float16,128,256,7168,256,8,0,0,asm,10002+20000,794.9824
gfx938,f8_w8a8_block,torch.float16,144,256,7168,256,8,0,0,asm,10002+20000,802.5377
gfx938,f8_w8a8_block,torch.float16,160,256,7168,256,8,0,0,asm,10002+20000,810.6245
gfx938,f8_w8a8_block,torch.float16,192,256,7168,256,8,0,0,asm,10001+20000,822.7867
gfx938,f8_w8a8_block,torch.float16,224,256,7168,256,8,0,0,asm,10002+20000,831.9725
gfx938,f8_w8a8_block,torch.float16,256,256,7168,256,8,0,0,asm,10002+20000,842.2666
gfx938,f8_w8a8_block,torch.float16,320,256,7168,256,8,0,0,asm,10002+20000,873.6665
gfx938,f8_w8a8_block,torch.float16,384,256,7168,256,8,0,0,asm,10006+20000,905.6093
gfx938,f8_w8a8_block,torch.float16,448,256,7168,256,8,0,0,asm,11006+21000,940.6409
gfx938,f8_w8a8_block,torch.float16,512,256,7168,256,8,0,0,asm,11006+21000,955.3874
gfx938,f8_w8a8_block,torch.float16,576,256,7168,256,8,0,0,asm,11006+21000,970.2529
gfx938,f8_w8a8_block,torch.float16,640,256,7168,256,8,0,0,asm,11006+21000,985.9352
gfx938,f8_w8a8_block,torch.float16,704,256,7168,256,8,0,0,asm,11006+21000,1008.4660
gfx938,f8_w8a8_block,torch.float16,768,256,7168,256,8,0,0,asm,11010+21000,1026.7544
gfx938,f8_w8a8_block,torch.float16,832,256,7168,256,8,0,0,asm,11010+21000,1039.0986
gfx938,f8_w8a8_block,torch.float16,896,256,7168,256,8,0,0,asm,11010+21000,1083.3307
gfx938,f8_w8a8_block,torch.float16,960,256,7168,256,8,0,0,asm,11010+21000,1143.5322
gfx938,f8_w8a8_block,torch.float16,1024,256,7168,256,8,0,0,asm,11010+21000,1199.3986
gfx938,f8_w8a8_block,torch.float16,1152,256,7168,256,8,0,0,asm,11010+21000,1338.1607
gfx938,f8_w8a8_block,torch.float16,1280,256,7168,256,8,0,0,asm,12003+22000,1385.7713
gfx938,f8_w8a8_block,torch.float16,1408,256,7168,256,8,0,0,asm,12003+22000,1423.7195
gfx938,f8_w8a8_block,torch.float16,1536,256,7168,256,8,0,0,asm,12003+22000,1453.7754
gfx938,f8_w8a8_block,torch.float16,1664,256,7168,256,8,0,0,asm,12003+22000,1476.8312
gfx938,f8_w8a8_block,torch.float16,1792,256,7168,256,8,0,0,asm,12003+22000,1577.4284
gfx938,f8_w8a8_block,torch.float16,1920,256,7168,256,8,0,0,asm,12003+22000,1625.2879
gfx938,f8_w8a8_block,torch.float16,2048,256,7168,256,8,0,0,asm,12003+22000,1835.2787
gfx938,f8_w8a8_block,torch.float16,2304,256,7168,256,8,0,0,asm,11010+21000,2116.7298
gfx938,f8_w8a8_block,torch.float16,2560,256,7168,256,8,0,0,asm,11010+21000,2245.6297
gfx938,f8_w8a8_block,torch.float16,2816,256,7168,256,8,0,0,asm,11010+21000,2377.2784
gfx938,f8_w8a8_block,torch.float16,3072,256,7168,256,8,0,0,asm,13001+23000,2465.8043
gfx938,f8_w8a8_block,torch.float16,3328,256,7168,256,8,0,0,asm,13001+23000,2540.153
gfx938,f8_w8a8_block,torch.float16,3584,256,7168,256,8,0,0,asm,13001+23000,2627.0902
gfx938,f8_w8a8_block,torch.float16,3840,256,7168,256,8,0,0,asm,12003+22000,2800.8796
gfx938,f8_w8a8_block,torch.float16,4096,256,7168,256,8,0,0,asm,12003+22000,3084.2312
gfx938,f8_w8a8_block,torch.float16,4608,256,7168,256,8,0,0,asm,12003+22000,3563.8115
gfx938,f8_w8a8_block,torch.float16,5120,256,7168,256,8,0,0,asm,12003+22000,3755.4826
gfx938,f8_w8a8_block,torch.float16,5632,256,7168,256,8,0,0,asm,12003+22000,3950.6285
gfx938,f8_w8a8_block,torch.float16,6144,256,7168,256,8,0,0,asm,12003+22000,4354.9376
gfx938,f8_w8a8_block,torch.float16,6656,256,7168,256,8,0,0,asm,13001+23000,4595.7098
gfx938,f8_w8a8_block,torch.float16,7168,256,7168,256,8,0,0,asm,13001+23000,4714.1942
gfx938,f8_w8a8_block,torch.float16,7680,256,7168,256,8,0,0,asm,13001+23000,5001.5109
gfx938,f8_w8a8_block,torch.float16,8192,256,7168,256,8,0,0,asm,13001+23000,5565.8363
gfx938,f8_w8a8_block,torch.float16,10240,256,7168,256,8,0,0,asm,13001+23000,6804.4078
gfx938,f8_w8a8_block,torch.float16,12288,256,7168,256,8,0,0,asm,13001+23000,7889.1483
gfx938,f8_w8a8_block,torch.float16,14336,256,7168,256,8,0,0,asm,13001+23000,9148.5336
gfx938,f8_w8a8_block,torch.float16,16384,256,7168,256,8,0,0,asm,13001+23000,10246.3196
gfx938,f8_w8a8_block,torch.float16,17408,256,7168,256,8,0,0,asm,13001+23000,11124.6754
gfx938,f8_w8a8_block,torch.float16,24576,256,7168,256,8,0,0,asm,13001+23000,14963.2569
gfx938,f8_w8a8_block,torch.float16,32768,256,7168,256,8,0,0,asm,13001+23000,19704.3071
gfx938,f8_w8a8_block,torch.float16,40960,256,7168,256,8,0,0,asm,13001+23000,23143.0651
gfx938,f8_w8a8_block,torch.float16,49152,256,7168,256,8,0,0,asm,13001+23000,27894.5593
gfx938,f8_w8a8_block,torch.float16,57344,256,7168,256,8,0,0,asm,13001+23000,32751.0668
gfx938,f8_w8a8_block,torch.float16,65536,256,7168,256,8,0,0,asm,13001+23000,37602.0424
gfx938,f8_w8a8_block,torch.float16,1,512,7168,256,8,0,0,asm,10001+20000,98.9608
gfx938,f8_w8a8_block,torch.float16,2,512,7168,256,8,0,0,asm,10005+20000,148.7373
gfx938,f8_w8a8_block,torch.float16,4,512,7168,256,8,0,0,asm,10002+20000,255.7451
gfx938,f8_w8a8_block,torch.float16,6,512,7168,256,8,0,0,asm,10006+20000,331.7556
gfx938,f8_w8a8_block,torch.float16,8,512,7168,256,8,0,0,asm,10001+20000,402.7571
gfx938,f8_w8a8_block,torch.float16,16,512,7168,256,8,0,0,asm,10002+20000,620.9451
gfx938,f8_w8a8_block,torch.float16,24,512,7168,256,8,0,0,asm,10002+20000,813.7066
gfx938,f8_w8a8_block,torch.float16,32,512,7168,256,8,0,0,asm,10001+20000,977.7223
gfx938,f8_w8a8_block,torch.float16,48,512,7168,256,8,0,0,asm,10002+20000,1144.5069
gfx938,f8_w8a8_block,torch.float16,56,512,7168,256,8,0,0,asm,10001+20000,1205.4824
gfx938,f8_w8a8_block,torch.float16,64,512,7168,256,8,0,0,asm,10002+20000,1248.6146
gfx938,f8_w8a8_block,torch.float16,68,512,7168,256,8,0,0,asm,10002+20000,1261.4766
gfx938,f8_w8a8_block,torch.float16,72,512,7168,256,8,0,0,asm,10001+20000,1295.1417
gfx938,f8_w8a8_block,torch.float16,80,512,7168,256,8,0,0,asm,10002+20000,1328.6098
gfx938,f8_w8a8_block,torch.float16,88,512,7168,256,8,0,0,asm,10002+20000,1374.6385
gfx938,f8_w8a8_block,torch.float16,90,512,7168,256,8,0,0,asm,11006+21000,1422.9087
gfx938,f8_w8a8_block,torch.float16,96,512,7168,256,8,0,0,asm,10002+20000,1393.8895
gfx938,f8_w8a8_block,torch.float16,100,512,7168,256,8,0,0,asm,10002+20000,1392.3682
gfx938,f8_w8a8_block,torch.float16,112,512,7168,256,8,0,0,asm,10002+20000,1428.6178
gfx938,f8_w8a8_block,torch.float16,128,512,7168,256,8,0,0,asm,10002+20000,1454.5895
gfx938,f8_w8a8_block,torch.float16,160,512,7168,256,8,0,0,asm,10002+20000,1480.1684
gfx938,f8_w8a8_block,torch.float16,224,512,7168,256,8,0,0,asm,10002+20000,1509.5907
gfx938,f8_w8a8_block,torch.float16,256,512,7168,256,8,0,0,asm,10002+20000,1523.7349
gfx938,f8_w8a8_block,torch.float16,384,512,7168,256,8,0,0,asm,11005+21000,1591.8786
gfx938,f8_w8a8_block,torch.float16,512,512,7168,256,8,0,0,asm,11006+21000,1629.0737
gfx938,f8_w8a8_block,torch.float16,640,512,7168,256,8,0,0,asm,11006+21000,1673.5754
gfx938,f8_w8a8_block,torch.float16,768,512,7168,256,8,0,0,asm,11010+21000,1724.7656
gfx938,f8_w8a8_block,torch.float16,1024,512,7168,256,8,0,0,asm,11010+21000,1932.1925
gfx938,f8_w8a8_block,torch.float16,1536,512,7168,256,8,0,0,asm,12003+22000,2149.6496
gfx938,f8_w8a8_block,torch.float16,2048,512,7168,256,8,0,0,asm,12003+22000,2760.8171
gfx938,f8_w8a8_block,torch.float16,3072,512,7168,256,8,0,0,asm,13001+23000,3618.1797
gfx938,f8_w8a8_block,torch.float16,4096,512,7168,256,8,0,0,asm,12003+22000,4654.0263
gfx938,f8_w8a8_block,torch.float16,6144,512,7168,256,8,0,0,asm,12003+22000,6558.0078
gfx938,f8_w8a8_block,torch.float16,7168,512,7168,256,8,0,0,asm,13001+23000,7055.2258
gfx938,f8_w8a8_block,torch.float16,7680,512,7168,256,8,0,0,asm,13001+23000,7456.4795
gfx938,f8_w8a8_block,torch.float16,8192,512,7168,256,8,0,0,asm,13001+23000,8370.6686
gfx938,f8_w8a8_block,torch.float16,12288,512,7168,256,8,0,0,asm,13001+23000,11901.9833
gfx938,f8_w8a8_block,torch.float16,16384,512,7168,256,8,0,0,asm,13001+23000,15240.726
gfx938,f8_w8a8_block,torch.float16,1,1024,7168,256,8,0,0,asm,10006+20000,151.2889
gfx938,f8_w8a8_block,torch.float16,2,1024,7168,256,8,0,0,asm,10006+20000,237.6805
gfx938,f8_w8a8_block,torch.float16,4,1024,7168,256,8,0,0,asm,10006+20000,429.1105
gfx938,f8_w8a8_block,torch.float16,6,1024,7168,256,8,0,0,asm,10001+20000,578.6652
gfx938,f8_w8a8_block,torch.float16,8,1024,7168,256,8,0,0,asm,10002+20000,704.0545
gfx938,f8_w8a8_block,torch.float16,16,1024,7168,256,8,0,0,asm,10001+20000,1138.7775
gfx938,f8_w8a8_block,torch.float16,24,1024,7168,256,8,0,0,asm,10001+20000,1531.4521
gfx938,f8_w8a8_block,torch.float16,32,1024,7168,256,8,0,0,asm,10002+20000,1861.577
gfx938,f8_w8a8_block,torch.float16,48,1024,7168,256,8,0,0,asm,10002+20000,2205.7991
gfx938,f8_w8a8_block,torch.float16,56,1024,7168,256,8,0,0,asm,10002+20000,2319.8525
gfx938,f8_w8a8_block,torch.float16,64,1024,7168,256,8,0,0,asm,10001+20000,2411.5447
gfx938,f8_w8a8_block,torch.float16,68,1024,7168,256,8,0,0,asm,10002+20000,2432.3937
gfx938,f8_w8a8_block,torch.float16,72,1024,7168,256,8,0,0,asm,10002+20000,2542.6718
gfx938,f8_w8a8_block,torch.float16,80,1024,7168,256,8,0,0,asm,11005+21000,2595.5271
gfx938,f8_w8a8_block,torch.float16,88,1024,7168,256,8,0,0,asm,10001+20000,2651.8934
gfx938,f8_w8a8_block,torch.float16,90,1024,7168,256,8,0,0,asm,10002+20000,2716.6178
gfx938,f8_w8a8_block,torch.float16,96,1024,7168,256,8,0,0,asm,10002+20000,2688.2667
gfx938,f8_w8a8_block,torch.float16,100,1024,7168,256,8,0,0,asm,10002+20000,2684.4469
gfx938,f8_w8a8_block,torch.float16,112,1024,7168,256,8,0,0,asm,10002+20000,2754.0411
gfx938,f8_w8a8_block,torch.float16,128,1024,7168,256,8,0,0,asm,10002+20000,2795.1093
gfx938,f8_w8a8_block,torch.float16,160,1024,7168,256,8,0,0,asm,10001+20000,2857.7264
gfx938,f8_w8a8_block,torch.float16,224,1024,7168,256,8,0,0,asm,10001+20000,2896.1117
gfx938,f8_w8a8_block,torch.float16,256,1024,7168,256,8,0,0,asm,10002+20000,2914.3146
gfx938,f8_w8a8_block,torch.float16,384,1024,7168,256,8,0,0,asm,11005+21000,2997.6185
gfx938,f8_w8a8_block,torch.float16,512,1024,7168,256,8,0,0,asm,11010+21000,3053.1762
gfx938,f8_w8a8_block,torch.float16,640,1024,7168,256,8,0,0,asm,11010+21000,3092.1409
gfx938,f8_w8a8_block,torch.float16,768,1024,7168,256,8,0,0,asm,11010+21000,3186.2115
gfx938,f8_w8a8_block,torch.float16,1024,1024,7168,256,8,0,0,asm,12003+22000,3407.8668
gfx938,f8_w8a8_block,torch.float16,1536,1024,7168,256,8,0,0,asm,12003+22000,3576.4024
gfx938,f8_w8a8_block,torch.float16,2048,1024,7168,256,8,0,0,asm,12003+22000,4605.3776
gfx938,f8_w8a8_block,torch.float16,3072,1024,7168,256,8,0,0,asm,13001+23000,5888.471
gfx938,f8_w8a8_block,torch.float16,4096,1024,7168,256,8,0,0,asm,12003+22000,7722.4229
gfx938,f8_w8a8_block,torch.float16,6144,1024,7168,256,8,0,0,asm,12003+22000,10916.0147
gfx938,f8_w8a8_block,torch.float16,7168,1024,7168,256,8,0,0,asm,13001+23000,11507.4329
gfx938,f8_w8a8_block,torch.float16,7680,1024,7168,256,8,0,0,asm,13001+23000,12128.7707
gfx938,f8_w8a8_block,torch.float16,8192,1024,7168,256,8,0,0,asm,13001+23000,13783.3974
gfx938,f8_w8a8_block,torch.float16,12288,1024,7168,256,8,0,0,asm,13001+23000,19406.7175
gfx938,f8_w8a8_block,torch.float16,16384,1024,7168,256,8,0,0,asm,13001+23000,25044.1644
gfx938,f8_w8a8_block,torch.float16,1,2048,7168,256,8,0,0,asm,10002+20000,251.9628
gfx938,f8_w8a8_block,torch.float16,2,2048,7168,256,8,0,0,asm,10006+20000,427.6089
gfx938,f8_w8a8_block,torch.float16,4,2048,7168,256,8,0,0,asm,10001+20000,771.2179
gfx938,f8_w8a8_block,torch.float16,6,2048,7168,256,8,0,0,asm,10001+20000,1070.6738
gfx938,f8_w8a8_block,torch.float16,8,2048,7168,256,8,0,0,asm,10001+20000,1326.8262
gfx938,f8_w8a8_block,torch.float16,16,2048,7168,256,8,0,0,asm,10001+20000,2202.1582
gfx938,f8_w8a8_block,torch.float16,24,2048,7168,256,8,0,0,asm,10001+20000,3013.2885
gfx938,f8_w8a8_block,torch.float16,32,2048,7168,256,8,0,0,asm,10001+20000,3641.0618
gfx938,f8_w8a8_block,torch.float16,48,2048,7168,256,8,0,0,asm,10001+20000,4355.4914
gfx938,f8_w8a8_block,torch.float16,56,2048,7168,256,8,0,0,asm,10001+20000,4593.266
gfx938,f8_w8a8_block,torch.float16,64,2048,7168,256,8,0,0,asm,10001+20000,4767.8612
gfx938,f8_w8a8_block,torch.float16,68,2048,7168,256,8,0,0,asm,10001+20000,4860.9942
gfx938,f8_w8a8_block,torch.float16,72,2048,7168,256,8,0,0,asm,10001+20000,4949.9584
gfx938,f8_w8a8_block,torch.float16,80,2048,7168,256,8,0,0,asm,10001+20000,5088.8829
gfx938,f8_w8a8_block,torch.float16,88,2048,7168,256,8,0,0,asm,11006+21000,5266.996
gfx938,f8_w8a8_block,torch.float16,90,2048,7168,256,8,0,0,asm,10001+20000,5320.5549
gfx938,f8_w8a8_block,torch.float16,96,2048,7168,256,8,0,0,asm,10001+20000,5308.1328
gfx938,f8_w8a8_block,torch.float16,100,2048,7168,256,8,0,0,asm,10001+20000,5316.2476
gfx938,f8_w8a8_block,torch.float16,112,2048,7168,256,8,0,0,asm,10001+20000,5450.785
gfx938,f8_w8a8_block,torch.float16,128,2048,7168,256,8,0,0,asm,10001+20000,5529.5102
gfx938,f8_w8a8_block,torch.float16,160,2048,7168,256,8,0,0,asm,10001+20000,5638.9213
gfx938,f8_w8a8_block,torch.float16,224,2048,7168,256,8,0,0,asm,10001+20000,5691.9585
gfx938,f8_w8a8_block,torch.float16,256,2048,7168,256,8,0,0,asm,10001+20000,5716.8708
gfx938,f8_w8a8_block,torch.float16,384,2048,7168,256,8,0,0,asm,11010+21000,5836.1793
gfx938,f8_w8a8_block,torch.float16,512,2048,7168,256,8,0,0,asm,11010+21000,5915.5616
gfx938,f8_w8a8_block,torch.float16,640,2048,7168,256,8,0,0,asm,11010+21000,5985.1953
gfx938,f8_w8a8_block,torch.float16,768,2048,7168,256,8,0,0,asm,12003+22000,6111.1721
gfx938,f8_w8a8_block,torch.float16,1024,2048,7168,256,8,0,0,asm,12003+22000,6233.1449
gfx938,f8_w8a8_block,torch.float16,1536,2048,7168,256,8,0,0,asm,12003+22000,6516.6345
gfx938,f8_w8a8_block,torch.float16,2048,2048,7168,256,8,0,0,asm,12003+22000,8578.0631
gfx938,f8_w8a8_block,torch.float16,3072,2048,7168,256,8,0,0,asm,13001+23000,10717.5206
gfx938,f8_w8a8_block,torch.float16,4096,2048,7168,256,8,0,0,asm,12003+22000,14547.0352
gfx938,f8_w8a8_block,torch.float16,6144,2048,7168,256,8,0,0,asm,12003+22000,19927.8669
gfx938,f8_w8a8_block,torch.float16,7168,2048,7168,256,8,0,0,asm,13001+23000,21524.7389
gfx938,f8_w8a8_block,torch.float16,7680,2048,7168,256,8,0,0,asm,13001+23000,22661.5994
gfx938,f8_w8a8_block,torch.float16,8192,2048,7168,256,8,0,0,asm,13001+23000,25611.2774
gfx938,f8_w8a8_block,torch.float16,12288,2048,7168,256,8,0,0,asm,13001+23000,36065.8213
gfx938,f8_w8a8_block,torch.float16,16384,2048,7168,256,8,0,0,asm,13001+23000,46297.6444
gfx938,f8_w8a8_block,torch.float16,1,2048,7168,288,8,0,0,asm,10006+20000,252.0489
gfx938,f8_w8a8_block,torch.float16,2,2048,7168,288,8,0,0,asm,10006+20000,430.5957
gfx938,f8_w8a8_block,torch.float16,4,2048,7168,288,8,0,0,asm,10002+20000,756.1026
gfx938,f8_w8a8_block,torch.float16,6,2048,7168,288,8,0,0,asm,10001+20000,1069.1647
gfx938,f8_w8a8_block,torch.float16,8,2048,7168,288,8,0,0,asm,10001+20000,1306.9971
gfx938,f8_w8a8_block,torch.float16,16,2048,7168,288,8,0,0,asm,10001+20000,2284.3784
gfx938,f8_w8a8_block,torch.float16,24,2048,7168,288,8,0,0,asm,10001+20000,3099.9363
gfx938,f8_w8a8_block,torch.float16,32,2048,7168,288,8,0,0,asm,10001+20000,3767.9718
gfx938,f8_w8a8_block,torch.float16,48,2048,7168,288,8,0,0,asm,10001+20000,4620.3121
gfx938,f8_w8a8_block,torch.float16,56,2048,7168,288,8,0,0,asm,10001+20000,4939.5057
gfx938,f8_w8a8_block,torch.float16,64,2048,7168,288,8,0,0,asm,10001+20000,5129.1815
gfx938,f8_w8a8_block,torch.float16,68,2048,7168,288,8,0,0,asm,10002+20000,5164.4877
gfx938,f8_w8a8_block,torch.float16,72,2048,7168,288,8,0,0,asm,10001+20000,5308.4833
gfx938,f8_w8a8_block,torch.float16,80,2048,7168,288,8,0,0,asm,10001+20000,5387.8599
gfx938,f8_w8a8_block,torch.float16,88,2048,7168,288,8,0,0,asm,10001+20000,5502.0268
gfx938,f8_w8a8_block,torch.float16,90,2048,7168,288,8,0,0,asm,10001+20000,5595.4265
gfx938,f8_w8a8_block,torch.float16,96,2048,7168,288,8,0,0,asm,10001+20000,5631.7624
gfx938,f8_w8a8_block,torch.float16,100,2048,7168,288,8,0,0,asm,10001+20000,5679.1349
gfx938,f8_w8a8_block,torch.float16,112,2048,7168,288,8,0,0,asm,10001+20000,5931.2481
gfx938,f8_w8a8_block,torch.float16,128,2048,7168,288,8,0,0,asm,10001+20000,6013.378
gfx938,f8_w8a8_block,torch.float16,160,2048,7168,288,8,0,0,asm,10001+20000,6180.9942
gfx938,f8_w8a8_block,torch.float16,224,2048,7168,288,8,0,0,asm,10001+20000,6371.7133
gfx938,f8_w8a8_block,torch.float16,256,2048,7168,288,8,0,0,asm,10001+20000,6398.0948
gfx938,f8_w8a8_block,torch.float16,384,2048,7168,288,8,0,0,asm,11010+21000,6508.5766
gfx938,f8_w8a8_block,torch.float16,512,2048,7168,288,8,0,0,asm,11010+21000,6613.3309
gfx938,f8_w8a8_block,torch.float16,640,2048,7168,288,8,0,0,asm,11010+21000,6681.1973
gfx938,f8_w8a8_block,torch.float16,768,2048,7168,288,8,0,0,asm,12003+22000,6787.456
gfx938,f8_w8a8_block,torch.float16,1024,2048,7168,288,8,0,0,asm,12003+22000,6932.4909
gfx938,f8_w8a8_block,torch.float16,1536,2048,7168,288,8,0,0,asm,12002+22000,7172.1113
gfx938,f8_w8a8_block,torch.float16,2048,2048,7168,288,8,0,0,asm,12003+22000,8085.1632
gfx938,f8_w8a8_block,torch.float16,3072,2048,7168,288,8,0,0,asm,13001+23000,11887.6732
gfx938,f8_w8a8_block,torch.float16,4096,2048,7168,288,8,0,0,asm,13001+23000,13355.7484
gfx938,f8_w8a8_block,torch.float16,6144,2048,7168,288,8,0,0,asm,12003+22000,19758.7502
gfx938,f8_w8a8_block,torch.float16,7168,2048,7168,288,8,0,0,asm,12003+22000,23482.3928
gfx938,f8_w8a8_block,torch.float16,7680,2048,7168,288,8,0,0,asm,13001+23000,23931.7054
gfx938,f8_w8a8_block,torch.float16,8192,2048,7168,288,8,0,0,asm,13001+23000,24374.1711
gfx938,f8_w8a8_block,torch.float16,12288,2048,7168,288,8,0,0,asm,13001+23000,34948.4318
gfx938,f8_w8a8_block,torch.float16,16384,2048,7168,288,8,0,0,asm,13001+23000,46757.3991
gfx938,f8_w8a8_block,torch.float16,1,2048,7168,36,8,0,0,asm,10006+20000,242.5053
gfx938,f8_w8a8_block,torch.float16,2,2048,7168,36,8,0,0,asm,10002+20000,379.8434
gfx938,f8_w8a8_block,torch.float16,4,2048,7168,36,8,0,0,asm,10002+20000,568.874
gfx938,f8_w8a8_block,torch.float16,6,2048,7168,36,8,0,0,asm,10002+20000,717.4164
gfx938,f8_w8a8_block,torch.float16,8,2048,7168,36,8,0,0,asm,10002+20000,759.7488
gfx938,f8_w8a8_block,torch.float16,16,2048,7168,36,8,0,0,asm,10002+20000,831.6938
gfx938,f8_w8a8_block,torch.float16,24,2048,7168,36,8,0,0,asm,10001+20000,865.2568
gfx938,f8_w8a8_block,torch.float16,32,2048,7168,36,8,0,0,asm,10002+20000,866.5272
gfx938,f8_w8a8_block,torch.float16,48,2048,7168,36,8,0,0,asm,11010+21000,892.3441
gfx938,f8_w8a8_block,torch.float16,56,2048,7168,36,8,0,0,asm,11010+21000,899.0294
gfx938,f8_w8a8_block,torch.float16,64,2048,7168,36,8,0,0,asm,11010+21000,909.4108
gfx938,f8_w8a8_block,torch.float16,68,2048,7168,36,8,0,0,asm,11010+21000,907.7949
gfx938,f8_w8a8_block,torch.float16,72,2048,7168,36,8,0,0,asm,11009+21000,984.5952
gfx938,f8_w8a8_block,torch.float16,80,2048,7168,36,8,0,0,asm,11010+21000,906.8205
gfx938,f8_w8a8_block,torch.float16,88,2048,7168,36,8,0,0,asm,11010+21000,913.0271
gfx938,f8_w8a8_block,torch.float16,90,2048,7168,36,8,0,0,asm,11010+21000,910.8481
gfx938,f8_w8a8_block,torch.float16,96,2048,7168,36,8,0,0,asm,11010+21000,914.0648
gfx938,f8_w8a8_block,torch.float16,100,2048,7168,36,8,0,0,asm,11010+21000,916.0669
gfx938,f8_w8a8_block,torch.float16,112,2048,7168,36,8,0,0,asm,11010+21000,944.7542
gfx938,f8_w8a8_block,torch.float16,128,2048,7168,36,8,0,0,asm,12003+22000,981.2716
gfx938,f8_w8a8_block,torch.float16,160,2048,7168,36,8,0,0,asm,12003+22000,976.5842
gfx938,f8_w8a8_block,torch.float16,224,2048,7168,36,8,0,0,asm,12003+22000,1046.3545
gfx938,f8_w8a8_block,torch.float16,256,2048,7168,36,8,0,0,asm,12003+22000,1117.3637
gfx938,f8_w8a8_block,torch.float16,384,2048,7168,36,8,0,0,asm,13001+23000,1584.1359
gfx938,f8_w8a8_block,torch.float16,512,2048,7168,36,8,0,0,asm,12003+22000,1730.4226
gfx938,f8_w8a8_block,torch.float16,640,2048,7168,36,8,0,0,asm,12003+22000,2364.2128
gfx938,f8_w8a8_block,torch.float16,768,2048,7168,36,8,0,0,asm,12003+22000,2495.0365
gfx938,f8_w8a8_block,torch.float16,1024,2048,7168,36,8,0,0,asm,13001+23000,2967.159
gfx938,f8_w8a8_block,torch.float16,1536,2048,7168,36,8,0,0,asm,13001+23000,4397.4882
gfx938,f8_w8a8_block,torch.float16,2048,2048,7168,36,8,0,0,asm,13001+23000,5729.3881
gfx938,f8_w8a8_block,torch.float16,3072,2048,7168,36,8,0,0,asm,13001+23000,8545.7815
gfx938,f8_w8a8_block,torch.float16,4096,2048,7168,36,8,0,0,asm,13001+23000,11050.4888
gfx938,f8_w8a8_block,torch.float16,6144,2048,7168,36,8,0,0,asm,13001+23000,15905.5158
gfx938,f8_w8a8_block,torch.float16,7168,2048,7168,36,8,0,0,asm,13001+23000,18483.3557
gfx938,f8_w8a8_block,torch.float16,7680,2048,7168,36,8,0,0,asm,13001+23000,19818.6245
gfx938,f8_w8a8_block,torch.float16,8192,2048,7168,36,8,0,0,asm,13001+23000,21101.9132
gfx938,f8_w8a8_block,torch.float16,12288,2048,7168,36,8,0,0,asm,13001+23000,31240.5371
gfx938,f8_w8a8_block,torch.float16,16384,2048,7168,36,8,0,0,asm,13001+23000,41174.3595
gfx938,f8_w8a8_block,torch.float16,1,2048,7168,18,8,0,0,asm,10006+20000,253.2057
gfx938,f8_w8a8_block,torch.float16,2,2048,7168,18,8,0,0,asm,10006+20000,340.1796
gfx938,f8_w8a8_block,torch.float16,4,2048,7168,18,8,0,0,asm,10001+20000,450.665
gfx938,f8_w8a8_block,torch.float16,6,2048,7168,18,8,0,0,asm,10002+20000,451.4404
gfx938,f8_w8a8_block,torch.float16,8,2048,7168,18,8,0,0,asm,10002+20000,471.0792
gfx938,f8_w8a8_block,torch.float16,16,2048,7168,18,8,0,0,asm,10001+20000,478.6772
gfx938,f8_w8a8_block,torch.float16,24,2048,7168,18,8,0,0,asm,11010+21000,501.0289
gfx938,f8_w8a8_block,torch.float16,32,2048,7168,18,8,0,0,asm,11010+21000,498.9725
gfx938,f8_w8a8_block,torch.float16,48,2048,7168,18,8,0,0,asm,11007+21000,517.3899
gfx938,f8_w8a8_block,torch.float16,56,2048,7168,18,8,0,0,asm,11010+21000,520.8237
gfx938,f8_w8a8_block,torch.float16,64,2048,7168,18,8,0,0,asm,12003+22000,542.7262
gfx938,f8_w8a8_block,torch.float16,68,2048,7168,18,8,0,0,asm,12003+22000,596.5075
gfx938,f8_w8a8_block,torch.float16,72,2048,7168,18,8,0,0,asm,12001+22000,612.4255
gfx938,f8_w8a8_block,torch.float16,80,2048,7168,18,8,0,0,asm,12003+22000,551.5192
gfx938,f8_w8a8_block,torch.float16,88,2048,7168,18,8,0,0,asm,12003+22000,552.1879
gfx938,f8_w8a8_block,torch.float16,90,2048,7168,18,8,0,0,asm,12003+22000,560.6104
gfx938,f8_w8a8_block,torch.float16,96,2048,7168,18,8,0,0,asm,12003+22000,556.0361
gfx938,f8_w8a8_block,torch.float16,100,2048,7168,18,8,0,0,asm,12003+22000,572.2411
gfx938,f8_w8a8_block,torch.float16,112,2048,7168,18,8,0,0,asm,12003+22000,563.2689
gfx938,f8_w8a8_block,torch.float16,128,2048,7168,18,8,0,0,asm,12003+22000,624.3464
gfx938,f8_w8a8_block,torch.float16,160,2048,7168,18,8,0,0,asm,12003+22000,824.3752
gfx938,f8_w8a8_block,torch.float16,224,2048,7168,18,8,0,0,asm,12003+22000,860.9125
gfx938,f8_w8a8_block,torch.float16,256,2048,7168,18,8,0,0,asm,12003+22000,893.8342
gfx938,f8_w8a8_block,torch.float16,384,2048,7168,18,8,0,0,asm,12003+22000,1281.9552
gfx938,f8_w8a8_block,torch.float16,512,2048,7168,18,8,0,0,asm,13001+23000,1540.5314
gfx938,f8_w8a8_block,torch.float16,640,2048,7168,18,8,0,0,asm,12003+22000,2034.2148
gfx938,f8_w8a8_block,torch.float16,768,2048,7168,18,8,0,0,asm,13001+23000,2212.7575
gfx938,f8_w8a8_block,torch.float16,1024,2048,7168,18,8,0,0,asm,13001+23000,2898.641
gfx938,f8_w8a8_block,torch.float16,1536,2048,7168,18,8,0,0,asm,13001+23000,4266.8676
gfx938,f8_w8a8_block,torch.float16,2048,2048,7168,18,8,0,0,asm,13001+23000,5588.6124
gfx938,f8_w8a8_block,torch.float16,3072,2048,7168,18,8,0,0,asm,13001+23000,7867.0413
gfx938,f8_w8a8_block,torch.float16,4096,2048,7168,18,8,0,0,asm,13001+23000,10511.3056
gfx938,f8_w8a8_block,torch.float16,6144,2048,7168,18,8,0,0,asm,13001+23000,15436.545
gfx938,f8_w8a8_block,torch.float16,7168,2048,7168,18,8,0,0,asm,13001+23000,17827.8971
gfx938,f8_w8a8_block,torch.float16,7680,2048,7168,18,8,0,0,asm,13001+23000,18981.7078
gfx938,f8_w8a8_block,torch.float16,8192,2048,7168,18,8,0,0,asm,13001+23000,20322.7869
gfx938,f8_w8a8_block,torch.float16,12288,2048,7168,18,8,0,0,asm,13001+23000,30253.3927
gfx938,f8_w8a8_block,torch.float16,16384,2048,7168,18,8,0,0,asm,13001+23000,40252.3459
gfx938,f8_w8a8_block,torch.float16,1,2048,7168,12,8,0,0,asm,10002+20000,265.6776
gfx938,f8_w8a8_block,torch.float16,2,2048,7168,12,8,0,0,asm,10001+20000,356.1058
gfx938,f8_w8a8_block,torch.float16,4,2048,7168,12,8,0,0,asm,10002+20000,353.7674
gfx938,f8_w8a8_block,torch.float16,6,2048,7168,12,8,0,0,asm,10006+20000,356.3274
gfx938,f8_w8a8_block,torch.float16,8,2048,7168,12,8,0,0,asm,10001+20000,359.7653
gfx938,f8_w8a8_block,torch.float16,16,2048,7168,12,8,0,0,asm,10001+20000,359.5027
gfx938,f8_w8a8_block,torch.float16,24,2048,7168,12,8,0,0,asm,11009+21000,384.1683
gfx938,f8_w8a8_block,torch.float16,32,2048,7168,12,8,0,0,asm,11010+21000,378.8381
gfx938,f8_w8a8_block,torch.float16,48,2048,7168,12,8,0,0,asm,12003+22000,429.3415
gfx938,f8_w8a8_block,torch.float16,56,2048,7168,12,8,0,0,asm,12003+22000,437.1896
gfx938,f8_w8a8_block,torch.float16,64,2048,7168,12,8,0,0,asm,12003+22000,441.2582
gfx938,f8_w8a8_block,torch.float16,68,2048,7168,12,8,0,0,asm,12003+22000,486.6129
gfx938,f8_w8a8_block,torch.float16,72,2048,7168,12,8,0,0,asm,12000+22000,498.7031
gfx938,f8_w8a8_block,torch.float16,80,2048,7168,12,8,0,0,asm,12003+22000,449.5136
gfx938,f8_w8a8_block,torch.float16,88,2048,7168,12,8,0,0,asm,12003+22000,450.486
gfx938,f8_w8a8_block,torch.float16,90,2048,7168,12,8,0,0,asm,12003+22000,480.373
gfx938,f8_w8a8_block,torch.float16,96,2048,7168,12,8,0,0,asm,12003+22000,486.3176
gfx938,f8_w8a8_block,torch.float16,100,2048,7168,12,8,0,0,asm,12003+22000,583.1007
gfx938,f8_w8a8_block,torch.float16,112,2048,7168,12,8,0,0,asm,12003+22000,625.4102
gfx938,f8_w8a8_block,torch.float16,128,2048,7168,12,8,0,0,asm,12003+22000,643.3043
gfx938,f8_w8a8_block,torch.float16,160,2048,7168,12,8,0,0,asm,12003+22000,649.7136
gfx938,f8_w8a8_block,torch.float16,224,2048,7168,12,8,0,0,asm,12003+22000,861.5113
gfx938,f8_w8a8_block,torch.float16,256,2048,7168,12,8,0,0,asm,12003+22000,879.8491
gfx938,f8_w8a8_block,torch.float16,384,2048,7168,12,8,0,0,asm,12003+22000,1276.9704
gfx938,f8_w8a8_block,torch.float16,512,2048,7168,12,8,0,0,asm,13001+23000,1580.5419
gfx938,f8_w8a8_block,torch.float16,640,2048,7168,12,8,0,0,asm,12003+22000,1933.2875
gfx938,f8_w8a8_block,torch.float16,768,2048,7168,12,8,0,0,asm,13001+23000,2321.9867
gfx938,f8_w8a8_block,torch.float16,1024,2048,7168,12,8,0,0,asm,13001+23000,2891.5873
gfx938,f8_w8a8_block,torch.float16,1536,2048,7168,12,8,0,0,asm,13001+23000,4088.2241
gfx938,f8_w8a8_block,torch.float16,2048,2048,7168,12,8,0,0,asm,13001+23000,5294.1901
gfx938,f8_w8a8_block,torch.float16,3072,2048,7168,12,8,0,0,asm,13001+23000,7754.2657
gfx938,f8_w8a8_block,torch.float16,4096,2048,7168,12,8,0,0,asm,13001+23000,10316.9177
gfx938,f8_w8a8_block,torch.float16,6144,2048,7168,12,8,0,0,asm,13001+23000,15092.8758
gfx938,f8_w8a8_block,torch.float16,7168,2048,7168,12,8,0,0,asm,13001+23000,17581.5223
gfx938,f8_w8a8_block,torch.float16,7680,2048,7168,12,8,0,0,asm,13001+23000,18825.2402
gfx938,f8_w8a8_block,torch.float16,8192,2048,7168,12,8,0,0,asm,13001+23000,20077.4043
gfx938,f8_w8a8_block,torch.float16,12288,2048,7168,12,8,0,0,asm,13001+23000,29951.1569
gfx938,f8_w8a8_block,torch.float16,16384,2048,7168,12,8,0,0,asm,13001+23000,39756.4384
gfx938,f8_w8a8_block,torch.float16,1,2048,7168,32,8,0,0,asm,10002+20000,260.7162
gfx938,f8_w8a8_block,torch.float16,2,2048,7168,32,8,0,0,asm,10002+20000,409.1621
gfx938,f8_w8a8_block,torch.float16,4,2048,7168,32,8,0,0,asm,10006+20000,556.5805
gfx938,f8_w8a8_block,torch.float16,6,2048,7168,32,8,0,0,asm,10002+20000,717.0262
gfx938,f8_w8a8_block,torch.float16,8,2048,7168,32,8,0,0,asm,10002+20000,718.2809
gfx938,f8_w8a8_block,torch.float16,16,2048,7168,32,8,0,0,asm,10002+20000,788.2175
gfx938,f8_w8a8_block,torch.float16,24,2048,7168,32,8,0,0,asm,10002+20000,836.5512
gfx938,f8_w8a8_block,torch.float16,32,2048,7168,32,8,0,0,asm,10002+20000,829.7501
gfx938,f8_w8a8_block,torch.float16,36,2048,7168,32,8,0,0,asm,10002+20000,844.2227
gfx938,f8_w8a8_block,torch.float16,48,2048,7168,32,8,0,0,asm,10006+20000,875.3385
gfx938,f8_w8a8_block,torch.float16,56,2048,7168,32,8,0,0,asm,11007+21000,890.21
gfx938,f8_w8a8_block,torch.float16,64,2048,7168,32,8,0,0,asm,11007+21000,891.0467
gfx938,f8_w8a8_block,torch.float16,72,2048,7168,32,8,0,0,asm,11010+21000,906.4289
gfx938,f8_w8a8_block,torch.float16,80,2048,7168,32,8,0,0,asm,11007+21000,891.9616
gfx938,f8_w8a8_block,torch.float16,88,2048,7168,32,8,0,0,asm,11010+21000,897.7047
gfx938,f8_w8a8_block,torch.float16,90,2048,7168,32,8,0,0,asm,11010+21000,895.4226
gfx938,f8_w8a8_block,torch.float16,96,2048,7168,32,8,0,0,asm,11010+21000,900.5763
gfx938,f8_w8a8_block,torch.float16,100,2048,7168,32,8,0,0,asm,11010+21000,905.6794
gfx938,f8_w8a8_block,torch.float16,112,2048,7168,32,8,0,0,asm,11010+21000,912.9299
gfx938,f8_w8a8_block,torch.float16,128,2048,7168,32,8,0,0,asm,12002+22000,971.4591
gfx938,f8_w8a8_block,torch.float16,160,2048,7168,32,8,0,0,asm,12003+22000,968.2561
gfx938,f8_w8a8_block,torch.float16,224,2048,7168,32,8,0,0,asm,12003+22000,1065.4767
gfx938,f8_w8a8_block,torch.float16,256,2048,7168,32,8,0,0,asm,12003+22000,1180.9711
gfx938,f8_w8a8_block,torch.float16,384,2048,7168,32,8,0,0,asm,13001+22000,1378.7978
gfx938,f8_w8a8_block,torch.float16,512,2048,7168,32,8,0,0,asm,12005+22000,1771.5964
gfx938,f8_w8a8_block,torch.float16,768,2048,7168,32,8,0,0,asm,12005+22000,2489.4297
gfx938,f8_w8a8_block,torch.float16,1024,2048,7168,32,8,0,0,asm,13001+23000,2843.6769
gfx938,f8_w8a8_block,torch.float16,1536,2048,7168,32,8,0,0,asm,13001+23000,4129.2134
gfx938,f8_w8a8_block,torch.float16,2048,2048,7168,32,8,0,0,asm,13001+23000,5286.1524
gfx938,f8_w8a8_block,torch.float16,3072,2048,7168,32,8,0,0,asm,13001+23000,7599.4159
gfx938,f8_w8a8_block,torch.float16,3584,2048,7168,32,8,0,0,asm,13001+23000,8879.8913
gfx938,f8_w8a8_block,torch.float16,3840,2048,7168,32,8,0,0,asm,13001+23000,9373.7589
gfx938,f8_w8a8_block,torch.float16,4096,2048,7168,32,8,0,0,asm,13001+23000,9922.2875
gfx938,f8_w8a8_block,torch.float16,5120,2048,7168,32,8,0,0,asm,13001+23000,12321.6558
gfx938,f8_w8a8_block,torch.float16,6144,2048,7168,32,8,0,0,asm,13001+23000,14637.0245
gfx938,f8_w8a8_block,torch.float16,7168,2048,7168,32,8,0,0,asm,13001+23000,17064.6537
gfx938,f8_w8a8_block,torch.float16,8192,2048,7168,32,8,0,0,asm,13001+23000,19372.8049
gfx938,f8_w8a8_block,torch.float16,12288,2048,7168,32,8,0,0,asm,13001+23000,28622.759
gfx938,f8_w8a8_block,torch.float16,16384,2048,7168,32,8,0,0,asm,13001+23000,37843.5938
gfx938,f8_w8a8_block,torch.float16,24576,2048,7168,32,8,0,0,asm,13001+23000,56428.1749
gfx938,f8_w8a8_block,torch.float16,32768,2048,7168,32,8,0,0,asm,13001+23000,75020.0322
gfx938,f8_w8a8_block,torch.float16,1,2048,7168,16,8,0,0,asm,10002+20000,283.4024
gfx938,f8_w8a8_block,torch.float16,2,2048,7168,16,8,0,0,asm,10002+20000,386.6779
gfx938,f8_w8a8_block,torch.float16,4,2048,7168,16,8,0,0,asm,10002+20000,431.1746
gfx938,f8_w8a8_block,torch.float16,6,2048,7168,16,8,0,0,asm,10002+20000,450.8883
gfx938,f8_w8a8_block,torch.float16,8,2048,7168,16,8,0,0,asm,10002+20000,468.6651
gfx938,f8_w8a8_block,torch.float16,16,2048,7168,16,8,0,0,asm,10006+20000,468.2018
gfx938,f8_w8a8_block,torch.float16,24,2048,7168,16,8,0,0,asm,10002+20000,511.6092
gfx938,f8_w8a8_block,torch.float16,32,2048,7168,16,8,0,0,asm,11010+21000,490.2902
gfx938,f8_w8a8_block,torch.float16,36,2048,7168,16,8,0,0,asm,11010+21000,500.5356
gfx938,f8_w8a8_block,torch.float16,48,2048,7168,16,8,0,0,asm,11010+21000,516.4766
gfx938,f8_w8a8_block,torch.float16,56,2048,7168,16,8,0,0,asm,11010+21000,518.5145
gfx938,f8_w8a8_block,torch.float16,64,2048,7168,16,8,0,0,asm,12003+22001,568.0836
gfx938,f8_w8a8_block,torch.float16,72,2048,7168,16,8,0,0,asm,12003+22002,599.7184
gfx938,f8_w8a8_block,torch.float16,80,2048,7168,16,8,0,0,asm,12003+22000,545.9923
gfx938,f8_w8a8_block,torch.float16,88,2048,7168,16,8,0,0,asm,12003+22000,577.1248
gfx938,f8_w8a8_block,torch.float16,90,2048,7168,16,8,0,0,asm,12003+22000,548.5186
gfx938,f8_w8a8_block,torch.float16,96,2048,7168,16,8,0,0,asm,12003+22000,582.6574
gfx938,f8_w8a8_block,torch.float16,100,2048,7168,16,8,0,0,asm,12003+22000,554.8091
gfx938,f8_w8a8_block,torch.float16,112,2048,7168,16,8,0,0,asm,12003+22000,588.729
gfx938,f8_w8a8_block,torch.float16,128,2048,7168,16,8,0,0,asm,12003+22000,618.3487
gfx938,f8_w8a8_block,torch.float16,160,2048,7168,16,8,0,0,asm,13001+22000,733.4864
gfx938,f8_w8a8_block,torch.float16,224,2048,7168,16,8,0,0,asm,13001+22000,769.9915
gfx938,f8_w8a8_block,torch.float16,256,2048,7168,16,8,0,0,asm,12005+22000,1012.8147
gfx938,f8_w8a8_block,torch.float16,384,2048,7168,16,8,0,0,asm,12005+22000,1266.6075
gfx938,f8_w8a8_block,torch.float16,512,2048,7168,16,8,0,0,asm,12005+22000,1651.9
gfx938,f8_w8a8_block,torch.float16,768,2048,7168,16,8,0,0,asm,13001+22000,2209.8097
gfx938,f8_w8a8_block,torch.float16,1024,2048,7168,16,8,0,0,asm,13001+23000,2721.6816
gfx938,f8_w8a8_block,torch.float16,1536,2048,7168,16,8,0,0,asm,13001+23000,3930.9237
gfx938,f8_w8a8_block,torch.float16,2048,2048,7168,16,8,0,0,asm,13001+23000,5010.0442
gfx938,f8_w8a8_block,torch.float16,3072,2048,7168,16,8,0,0,asm,13001+23000,7328.1415
gfx938,f8_w8a8_block,torch.float16,3584,2048,7168,16,8,0,0,asm,13001+23000,8457.5269
gfx938,f8_w8a8_block,torch.float16,3840,2048,7168,16,8,0,0,asm,13001+23000,9092.6067
gfx938,f8_w8a8_block,torch.float16,4096,2048,7168,16,8,0,0,asm,13001+23000,9647.2743
gfx938,f8_w8a8_block,torch.float16,5120,2048,7168,16,8,0,0,asm,13001+23000,11924.7904
gfx938,f8_w8a8_block,torch.float16,6144,2048,7168,16,8,0,0,asm,13001+23000,14222.8628
gfx938,f8_w8a8_block,torch.float16,7168,2048,7168,16,8,0,0,asm,13001+23000,16384.8763
gfx938,f8_w8a8_block,torch.float16,8192,2048,7168,16,8,0,0,asm,13001+23000,18712.2948
gfx938,f8_w8a8_block,torch.float16,12288,2048,7168,16,8,0,0,asm,13001+23000,27952.4493
gfx938,f8_w8a8_block,torch.float16,16384,2048,7168,16,8,0,0,asm,13001+23000,36869.1837
gfx938,f8_w8a8_block,torch.float16,24576,2048,7168,16,8,0,0,asm,13001+23000,54914.6881
gfx938,f8_w8a8_block,torch.float16,32768,2048,7168,16,8,0,0,asm,13001+23000,72948.9094
gfx938,f8_w8a8_block,torch.float16,1,2048,7168,8,8,0,0,asm,10001+20000,267.6383
gfx938,f8_w8a8_block,torch.float16,2,2048,7168,8,8,0,0,asm,10006+20000,270.9898
gfx938,f8_w8a8_block,torch.float16,4,2048,7168,8,8,0,0,asm,10002+20000,270.8719
gfx938,f8_w8a8_block,torch.float16,6,2048,7168,8,8,0,0,asm,10002+20000,280.5899
gfx938,f8_w8a8_block,torch.float16,8,2048,7168,8,8,0,0,asm,10002+20000,283.0992
gfx938,f8_w8a8_block,torch.float16,16,2048,7168,8,8,0,0,asm,10002+20000,286.2066
gfx938,f8_w8a8_block,torch.float16,24,2048,7168,8,8,0,0,asm,11010+21000,303.6942
gfx938,f8_w8a8_block,torch.float16,32,2048,7168,8,8,0,0,asm,11010+21000,312.3455
gfx938,f8_w8a8_block,torch.float16,36,2048,7168,8,8,0,0,asm,12003+22000,317.6479
gfx938,f8_w8a8_block,torch.float16,48,2048,7168,8,8,0,0,asm,12003+22002,328.1404
gfx938,f8_w8a8_block,torch.float16,56,2048,7168,8,8,0,0,asm,12003+22000,353.4456
gfx938,f8_w8a8_block,torch.float16,64,2048,7168,8,8,0,0,asm,12003+22000,331.7981
gfx938,f8_w8a8_block,torch.float16,72,2048,7168,8,8,0,0,asm,13001+22000,456.1231
gfx938,f8_w8a8_block,torch.float16,80,2048,7168,8,8,0,0,asm,13001+22000,424.8726
gfx938,f8_w8a8_block,torch.float16,88,2048,7168,8,8,0,0,asm,13001+22000,431.4494
gfx938,f8_w8a8_block,torch.float16,90,2048,7168,8,8,0,0,asm,13001+22000,435.4494
gfx938,f8_w8a8_block,torch.float16,96,2048,7168,8,8,0,0,asm,13001+22000,441.8662
gfx938,f8_w8a8_block,torch.float16,100,2048,7168,8,8,0,0,asm,13001+22000,430.2873
gfx938,f8_w8a8_block,torch.float16,112,2048,7168,8,8,0,0,asm,13001+22000,446.6915
gfx938,f8_w8a8_block,torch.float16,128,2048,7168,8,8,0,0,asm,13001+22000,438.5177
gfx938,f8_w8a8_block,torch.float16,160,2048,7168,8,8,0,0,asm,12005+22000,614.5056
gfx938,f8_w8a8_block,torch.float16,224,2048,7168,8,8,0,0,asm,13001+22000,739.8105
gfx938,f8_w8a8_block,torch.float16,256,2048,7168,8,8,0,0,asm,13001+22000,744.9672
gfx938,f8_w8a8_block,torch.float16,384,2048,7168,8,8,0,0,asm,13001+22000,1087.3912
gfx938,f8_w8a8_block,torch.float16,512,2048,7168,8,8,0,0,asm,13001+22000,1391.6428
gfx938,f8_w8a8_block,torch.float16,768,2048,7168,8,8,0,0,asm,13001+23000,1964.0364
gfx938,f8_w8a8_block,torch.float16,1024,2048,7168,8,8,0,0,asm,13001+23000,2507.9386
gfx938,f8_w8a8_block,torch.float16,1536,2048,7168,8,8,0,0,asm,13001+23000,3636.7677
gfx938,f8_w8a8_block,torch.float16,2048,2048,7168,8,8,0,0,asm,13001+23000,4742.7426
gfx938,f8_w8a8_block,torch.float16,3072,2048,7168,8,8,0,0,asm,13001+23000,6988.6465
gfx938,f8_w8a8_block,torch.float16,3584,2048,7168,8,8,0,0,asm,13001+23000,8090.6961
gfx938,f8_w8a8_block,torch.float16,3840,2048,7168,8,8,0,0,asm,13001+23000,8696.184
gfx938,f8_w8a8_block,torch.float16,4096,2048,7168,8,8,0,0,asm,13001+23000,9192.0232
gfx938,f8_w8a8_block,torch.float16,5120,2048,7168,8,8,0,0,asm,13001+23000,11496.301
gfx938,f8_w8a8_block,torch.float16,6144,2048,7168,8,8,0,0,asm,13001+23000,13715.0042
gfx938,f8_w8a8_block,torch.float16,7168,2048,7168,8,8,0,0,asm,13001+23000,16126.7491
gfx938,f8_w8a8_block,torch.float16,8192,2048,7168,8,8,0,0,asm,13001+23000,18519.7223
gfx938,f8_w8a8_block,torch.float16,12288,2048,7168,8,8,0,0,asm,13001+23000,27498.3048
gfx938,f8_w8a8_block,torch.float16,16384,2048,7168,8,8,0,0,asm,13001+23000,36258.1284
gfx938,f8_w8a8_block,torch.float16,24576,2048,7168,8,8,0,0,asm,13001+23000,53518.8203
gfx938,f8_w8a8_block,torch.float16,32768,2048,7168,8,8,0,0,asm,13001+23000,71472.2139
gfx938,f8_w8a8_block,torch.float16,1,256,7168,257,9,0,0,asm,10007+20000,73.9463
gfx938,f8_w8a8_block,torch.float16,2,256,7168,257,9,0,0,asm,10002+20000,103.0494
gfx938,f8_w8a8_block,torch.float16,4,256,7168,257,9,0,0,asm,10002+20000,157.7439
gfx938,f8_w8a8_block,torch.float16,6,256,7168,257,9,0,0,asm,10002+20000,211.7985
gfx938,f8_w8a8_block,torch.float16,8,256,7168,257,9,0,0,asm,10006+20000,253.7856
gfx938,f8_w8a8_block,torch.float16,12,256,7168,257,9,0,0,asm,10002+20000,331.7222
gfx938,f8_w8a8_block,torch.float16,16,256,7168,257,9,0,0,asm,10002+20000,407.5114
gfx938,f8_w8a8_block,torch.float16,20,256,7168,257,9,0,0,asm,10005+20000,465.2345
gfx938,f8_w8a8_block,torch.float16,24,256,7168,257,9,0,0,asm,10002+20000,519.9458
gfx938,f8_w8a8_block,torch.float16,28,256,7168,257,9,0,0,asm,10002+20000,565.4308
gfx938,f8_w8a8_block,torch.float16,32,256,7168,257,9,0,0,asm,10006+20000,592.3696
gfx938,f8_w8a8_block,torch.float16,36,256,7168,257,9,0,0,asm,10001+20000,620.1476
gfx938,f8_w8a8_block,torch.float16,40,256,7168,257,9,0,0,asm,10002+20000,642.4296
gfx938,f8_w8a8_block,torch.float16,44,256,7168,257,9,0,0,asm,10002+20000,651.9706
gfx938,f8_w8a8_block,torch.float16,48,256,7168,257,9,0,0,asm,10002+20000,686.421
gfx938,f8_w8a8_block,torch.float16,56,256,7168,257,9,0,0,asm,10002+20000,736.5008
gfx938,f8_w8a8_block,torch.float16,64,256,7168,257,9,0,0,asm,10002+20000,745.9071
gfx938,f8_w8a8_block,torch.float16,72,256,7168,257,9,0,0,asm,10002+20000,776.5091
gfx938,f8_w8a8_block,torch.float16,80,256,7168,257,9,0,0,asm,10002+20000,793.5026
gfx938,f8_w8a8_block,torch.float16,96,256,7168,257,9,0,0,asm,10002+20000,817.8563
gfx938,f8_w8a8_block,torch.float16,104,256,7168,257,9,0,0,asm,10002+20000,822.9004
gfx938,f8_w8a8_block,torch.float16,112,256,7168,257,9,0,0,asm,10002+20000,826.3278
gfx938,f8_w8a8_block,torch.float16,128,256,7168,257,9,0,0,asm,10002+20000,835.1446
gfx938,f8_w8a8_block,torch.float16,144,256,7168,257,9,0,0,asm,10002+20000,848.1887
gfx938,f8_w8a8_block,torch.float16,160,256,7168,257,9,0,0,asm,10001+20000,853.1572
gfx938,f8_w8a8_block,torch.float16,192,256,7168,257,9,0,0,asm,10001+20000,864.9213
gfx938,f8_w8a8_block,torch.float16,224,256,7168,257,9,0,0,asm,10002+20000,872.4666
gfx938,f8_w8a8_block,torch.float16,256,256,7168,257,9,0,0,asm,10002+20000,891.0096
gfx938,f8_w8a8_block,torch.float16,320,256,7168,257,9,0,0,asm,10005+20000,922.6053
gfx938,f8_w8a8_block,torch.float16,384,256,7168,257,9,0,0,asm,10006+20000,963.8683
gfx938,f8_w8a8_block,torch.float16,448,256,7168,257,9,0,0,asm,11010+21000,981.4514
gfx938,f8_w8a8_block,torch.float16,512,256,7168,257,9,0,0,asm,11009+21000,1019.9692
gfx938,f8_w8a8_block,torch.float16,768,256,7168,257,9,0,0,asm,11010+21000,1092.5163
gfx938,f8_w8a8_block,torch.float16,896,256,7168,257,9,0,0,asm,11010+21000,1171.3539
gfx938,f8_w8a8_block,torch.float16,960,256,7168,257,9,0,0,asm,11010+21000,1275.7745
gfx938,f8_w8a8_block,torch.float16,1024,256,7168,257,9,0,0,asm,11010+21000,1363.8584
gfx938,f8_w8a8_block,torch.float16,1280,256,7168,257,9,0,0,asm,12003+22000,1408.9024
gfx938,f8_w8a8_block,torch.float16,1536,256,7168,257,9,0,0,asm,12003+22000,1494.5274
gfx938,f8_w8a8_block,torch.float16,1920,256,7168,257,9,0,0,asm,12005+22000,1886.1974
gfx938,f8_w8a8_block,torch.float16,2048,256,7168,257,9,0,0,asm,12006+22000,2027.5611
gfx938,f8_w8a8_block,torch.float16,2304,256,7168,257,9,0,0,asm,13001+23000,2184.8658
gfx938,f8_w8a8_block,torch.float16,2560,256,7168,257,9,0,0,asm,13001+23000,2272.7138
gfx938,f8_w8a8_block,torch.float16,3072,256,7168,257,9,0,0,asm,13001+23000,2400.5871
gfx938,f8_w8a8_block,torch.float16,3584,256,7168,257,9,0,0,asm,12005+22000,2762.3288
gfx938,f8_w8a8_block,torch.float16,3840,256,7168,257,9,0,0,asm,12005+22000,3116.4495
gfx938,f8_w8a8_block,torch.float16,4096,256,7168,257,9,0,0,asm,12005+22000,3296.3478
gfx938,f8_w8a8_block,torch.float16,4608,256,7168,257,9,0,0,asm,12005+22000,3493.6523
gfx938,f8_w8a8_block,torch.float16,5120,256,7168,257,9,0,0,asm,12005+22000,3704.4556
gfx938,f8_w8a8_block,torch.float16,6144,256,7168,257,9,0,0,asm,13001+23000,4279.6198
gfx938,f8_w8a8_block,torch.float16,7168,256,7168,257,9,0,0,asm,13001+23000,4927.3562
gfx938,f8_w8a8_block,torch.float16,8192,256,7168,257,9,0,0,asm,12005+22000,5789.3569
gfx938,f8_w8a8_block,torch.float16,10240,256,7168,257,9,0,0,asm,13001+23000,6638.1284
gfx938,f8_w8a8_block,torch.float16,12288,256,7168,257,9,0,0,asm,13001+23000,8305.4483
gfx938,f8_w8a8_block,torch.float16,16384,256,7168,257,9,0,0,asm,13001+23000,10449.6253
gfx938,f8_w8a8_block,torch.float16,24576,256,7168,257,9,0,0,asm,13001+23000,15201.8004
gfx938,f8_w8a8_block,torch.float16,32768,256,7168,257,9,0,0,asm,13001+23000,20098.0089
gfx938,f8_w8a8_block,torch.float16,1,256,6144,256,8,0,0,asm,10007+20000,67.6813
gfx938,f8_w8a8_block,torch.float16,2,256,6144,256,8,0,0,asm,10007+20000,93.7608
gfx938,f8_w8a8_block,torch.float16,4,256,6144,256,8,0,0,asm,10002+20000,138.3419
gfx938,f8_w8a8_block,torch.float16,6,256,6144,256,8,0,0,asm,10002+20000,179.6723
gfx938,f8_w8a8_block,torch.float16,8,256,6144,256,8,0,0,asm,10002+20000,217.9458
gfx938,f8_w8a8_block,torch.float16,12,256,6144,256,8,0,0,asm,10002+20000,275.4782
gfx938,f8_w8a8_block,torch.float16,16,256,6144,256,8,0,0,asm,10002+20000,321.9033
gfx938,f8_w8a8_block,torch.float16,20,256,6144,256,8,0,0,asm,10002+20000,370.4559
gfx938,f8_w8a8_block,torch.float16,24,256,6144,256,8,0,0,asm,10002+20000,413.7231
gfx938,f8_w8a8_block,torch.float16,28,256,6144,256,8,0,0,asm,10002+20000,470.2396
gfx938,f8_w8a8_block,torch.float16,32,256,6144,256,8,0,0,asm,10002+20000,494.3489
gfx938,f8_w8a8_block,torch.float16,36,256,6144,256,8,0,0,asm,10002+20000,514.7164
gfx938,f8_w8a8_block,torch.float16,40,256,6144,256,8,0,0,asm,10002+20000,535.8532
gfx938,f8_w8a8_block,torch.float16,44,256,6144,256,8,0,0,asm,10002+20000,549.3352
gfx938,f8_w8a8_block,torch.float16,48,256,6144,256,8,0,0,asm,10002+20000,566.0256
gfx938,f8_w8a8_block,torch.float16,56,256,6144,256,8,0,0,asm,10001+20000,595.3224
gfx938,f8_w8a8_block,torch.float16,64,256,6144,256,8,0,0,asm,10002+20000,617.7644
gfx938,f8_w8a8_block,torch.float16,72,256,6144,256,8,0,0,asm,10002+20000,634.5306
gfx938,f8_w8a8_block,torch.float16,80,256,6144,256,8,0,0,asm,10002+20000,651.9285
gfx938,f8_w8a8_block,torch.float16,96,256,6144,256,8,0,0,asm,10002+20000,682.6315
gfx938,f8_w8a8_block,torch.float16,104,256,6144,256,8,0,0,asm,10002+20000,688.2567
gfx938,f8_w8a8_block,torch.float16,112,256,6144,256,8,0,0,asm,10002+20000,698.4546
gfx938,f8_w8a8_block,torch.float16,128,256,6144,256,8,0,0,asm,10002+20000,712.0882
gfx938,f8_w8a8_block,torch.float16,144,256,6144,256,8,0,0,asm,10002+20000,718.6482
gfx938,f8_w8a8_block,torch.float16,160,256,6144,256,8,0,0,asm,10002+20000,730.6565
gfx938,f8_w8a8_block,torch.float16,192,256,6144,256,8,0,0,asm,10002+20000,739.8271
gfx938,f8_w8a8_block,torch.float16,224,256,6144,256,8,0,0,asm,10002+20000,741.7386
gfx938,f8_w8a8_block,torch.float16,256,256,6144,256,8,0,0,asm,10001+20000,754.8923
gfx938,f8_w8a8_block,torch.float16,320,256,6144,256,8,0,0,asm,10002+20000,770.9764
gfx938,f8_w8a8_block,torch.float16,384,256,6144,256,8,0,0,asm,10002+20000,800.1889
gfx938,f8_w8a8_block,torch.float16,448,256,6144,256,8,0,0,asm,11007+21000,836.1298
gfx938,f8_w8a8_block,torch.float16,512,256,6144,256,8,0,0,asm,11007+21000,857.3255
gfx938,f8_w8a8_block,torch.float16,768,256,6144,256,8,0,0,asm,11007+21000,932.2726
gfx938,f8_w8a8_block,torch.float16,896,256,6144,256,8,0,0,asm,11010+21000,956.6094
gfx938,f8_w8a8_block,torch.float16,960,256,6144,256,8,0,0,asm,11010+21000,1000.4997
gfx938,f8_w8a8_block,torch.float16,1024,256,6144,256,8,0,0,asm,11010+21000,1056.4489
gfx938,f8_w8a8_block,torch.float16,1280,256,6144,256,8,0,0,asm,12003+22000,1205.4336
gfx938,f8_w8a8_block,torch.float16,1536,256,6144,256,8,0,0,asm,12003+22000,1248.1451
gfx938,f8_w8a8_block,torch.float16,1920,256,6144,256,8,0,0,asm,12003+22000,1397.3318
gfx938,f8_w8a8_block,torch.float16,2048,256,6144,256,8,0,0,asm,12005+22000,1552.9186
gfx938,f8_w8a8_block,torch.float16,2304,256,6144,256,8,0,0,asm,12005+22000,1788.5303
gfx938,f8_w8a8_block,torch.float16,2560,256,6144,256,8,0,0,asm,12005+22000,1912.6982
gfx938,f8_w8a8_block,torch.float16,3072,256,6144,256,8,0,0,asm,13001+23000,2027.8051
gfx938,f8_w8a8_block,torch.float16,3584,256,6144,256,8,0,0,asm,12005+22000,2141.1773
gfx938,f8_w8a8_block,torch.float16,3840,256,6144,256,8,0,0,asm,12005+22000,2282.5494
gfx938,f8_w8a8_block,torch.float16,4096,256,6144,256,8,0,0,asm,12005+22000,2508.3084
gfx938,f8_w8a8_block,torch.float16,4608,256,6144,256,8,0,0,asm,12005+22000,2875.9616
gfx938,f8_w8a8_block,torch.float16,5120,256,6144,256,8,0,0,asm,12005+22000,3084.045
gfx938,f8_w8a8_block,torch.float16,6144,256,6144,256,8,0,0,asm,12005+22000,3509.3738
gfx938,f8_w8a8_block,torch.float16,7168,256,6144,256,8,0,0,asm,13001+23000,3791.5959
gfx938,f8_w8a8_block,torch.float16,8192,256,6144,256,8,0,0,asm,13001+23000,4491.9889
gfx938,f8_w8a8_block,torch.float16,10240,256,6144,256,8,0,0,asm,13001+23000,5509.2227
gfx938,f8_w8a8_block,torch.float16,12288,256,6144,256,8,0,0,asm,13001+23000,6313.4469
gfx938,f8_w8a8_block,torch.float16,16384,256,6144,256,8,0,0,asm,13001+23000,8165.8268
gfx938,f8_w8a8_block,torch.float16,24576,256,6144,256,8,0,0,asm,13001+23000,11880.1362
gfx938,f8_w8a8_block,torch.float16,32768,256,6144,256,8,0,0,asm,13001+23000,15682.8069
gfx938,f8_w8a8_block,torch.float16,1,256,6144,257,9,0,0,asm,10007+20000,70.5191
gfx938,f8_w8a8_block,torch.float16,2,256,6144,257,9,0,0,asm,10007+20000,98.4684
gfx938,f8_w8a8_block,torch.float16,4,256,6144,257,9,0,0,asm,10002+20000,148.6071
gfx938,f8_w8a8_block,torch.float16,6,256,6144,257,9,0,0,asm,10002+20000,191.8575
gfx938,f8_w8a8_block,torch.float16,8,256,6144,257,9,0,0,asm,10002+20000,232.4299
gfx938,f8_w8a8_block,torch.float16,12,256,6144,257,9,0,0,asm,10001+20000,301.6255
gfx938,f8_w8a8_block,torch.float16,16,256,6144,257,9,0,0,asm,10002+20000,361.3053
gfx938,f8_w8a8_block,torch.float16,20,256,6144,257,9,0,0,asm,10002+20000,407.3989
gfx938,f8_w8a8_block,torch.float16,24,256,6144,257,9,0,0,asm,10002+20000,454.4134
gfx938,f8_w8a8_block,torch.float16,28,256,6144,257,9,0,0,asm,10002+20000,497.0436
gfx938,f8_w8a8_block,torch.float16,32,256,6144,257,9,0,0,asm,10002+20000,519.1488
gfx938,f8_w8a8_block,torch.float16,36,256,6144,257,9,0,0,asm,10002+20000,533.7563
gfx938,f8_w8a8_block,torch.float16,40,256,6144,257,9,0,0,asm,10002+20000,555.2046
gfx938,f8_w8a8_block,torch.float16,44,256,6144,257,9,0,0,asm,10002+20000,563.3562
gfx938,f8_w8a8_block,torch.float16,48,256,6144,257,9,0,0,asm,10002+20000,592.3582
gfx938,f8_w8a8_block,torch.float16,56,256,6144,257,9,0,0,asm,10002+20000,634.9769
gfx938,f8_w8a8_block,torch.float16,64,256,6144,257,9,0,0,asm,10002+20000,648.5771
gfx938,f8_w8a8_block,torch.float16,72,256,6144,257,9,0,0,asm,10002+20000,663.4401
gfx938,f8_w8a8_block,torch.float16,80,256,6144,257,9,0,0,asm,10002+20000,680.9811
gfx938,f8_w8a8_block,torch.float16,96,256,6144,257,9,0,0,asm,10001+20000,700.9809
gfx938,f8_w8a8_block,torch.float16,104,256,6144,257,9,0,0,asm,10002+20000,713.1156
gfx938,f8_w8a8_block,torch.float16,112,256,6144,257,9,0,0,asm,10002+20000,717.2166
gfx938,f8_w8a8_block,torch.float16,128,256,6144,257,9,0,0,asm,10001+20000,723.4987
gfx938,f8_w8a8_block,torch.float16,144,256,6144,257,9,0,0,asm,10002+20000,724.9219
gfx938,f8_w8a8_block,torch.float16,160,256,6144,257,9,0,0,asm,10002+20000,737.0734
gfx938,f8_w8a8_block,torch.float16,192,256,6144,257,9,0,0,asm,10001+20000,742.9428
gfx938,f8_w8a8_block,torch.float16,224,256,6144,257,9,0,0,asm,10001+20000,754.3533
gfx938,f8_w8a8_block,torch.float16,256,256,6144,257,9,0,0,asm,10002+20000,768.6522
gfx938,f8_w8a8_block,torch.float16,320,256,6144,257,9,0,0,asm,10002+20000,791.4058
gfx938,f8_w8a8_block,torch.float16,384,256,6144,257,9,0,0,asm,10006+20000,832.4583
gfx938,f8_w8a8_block,torch.float16,448,256,6144,257,9,0,0,asm,11007+21000,848.6097
gfx938,f8_w8a8_block,torch.float16,512,256,6144,257,9,0,0,asm,11010+21000,878.3359
gfx938,f8_w8a8_block,torch.float16,768,256,6144,257,9,0,0,asm,11010+21000,943.6241
gfx938,f8_w8a8_block,torch.float16,896,256,6144,257,9,0,0,asm,11009+21000,1048.4237
gfx938,f8_w8a8_block,torch.float16,960,256,6144,257,9,0,0,asm,11010+21000,1100.1456
gfx938,f8_w8a8_block,torch.float16,1024,256,6144,257,9,0,0,asm,11010+21000,1152.9031
gfx938,f8_w8a8_block,torch.float16,1280,256,6144,257,9,0,0,asm,12003+22000,1223.6062
gfx938,f8_w8a8_block,torch.float16,1536,256,6144,257,9,0,0,asm,12002+22000,1305.5679
gfx938,f8_w8a8_block,torch.float16,1920,256,6144,257,9,0,0,asm,12005+22000,1656.2444
gfx938,f8_w8a8_block,torch.float16,2048,256,6144,257,9,0,0,asm,12005+22000,1770.1303
gfx938,f8_w8a8_block,torch.float16,2304,256,6144,257,9,0,0,asm,13001+23000,1911.9824
gfx938,f8_w8a8_block,torch.float16,2560,256,6144,257,9,0,0,asm,13001+23000,1980.1926
gfx938,f8_w8a8_block,torch.float16,3072,256,6144,257,9,0,0,asm,13001+23000,2101.4216
gfx938,f8_w8a8_block,torch.float16,3584,256,6144,257,9,0,0,asm,12005+22000,2446.9782
gfx938,f8_w8a8_block,torch.float16,3840,256,6144,257,9,0,0,asm,12005+22000,2696.7961
gfx938,f8_w8a8_block,torch.float16,4096,256,6144,257,9,0,0,asm,12005+22000,2876.2059
gfx938,f8_w8a8_block,torch.float16,4608,256,6144,257,9,0,0,asm,12005+22000,3061.4851
gfx938,f8_w8a8_block,torch.float16,5120,256,6144,257,9,0,0,asm,12005+22000,3218.2929
gfx938,f8_w8a8_block,torch.float16,6144,256,6144,257,9,0,0,asm,13001+23000,3724.1098
gfx938,f8_w8a8_block,torch.float16,7168,256,6144,257,9,0,0,asm,13001+23000,4285.598
gfx938,f8_w8a8_block,torch.float16,8192,256,6144,257,9,0,0,asm,12005+22000,5012.2561
gfx938,f8_w8a8_block,torch.float16,10240,256,6144,257,9,0,0,asm,13001+23000,5764.6995
gfx938,f8_w8a8_block,torch.float16,12288,256,6144,257,9,0,0,asm,13001+23000,7196.6686
gfx938,f8_w8a8_block,torch.float16,16384,256,6144,257,9,0,0,asm,13001+23000,9152.8711
gfx938,f8_w8a8_block,torch.float16,24576,256,6144,257,9,0,0,asm,13001+23000,13116.0298
gfx938,f8_w8a8_block,torch.float16,32768,256,6144,257,9,0,0,asm,13001+23000,17301.5285
gfx938,f8_w8a8_block,torch.float16,1,384,3072,256,8,0,0,asm,10001+20000,65.795
gfx938,f8_w8a8_block,torch.float16,2,384,3072,256,8,0,0,asm,10006+20000,83.7907
gfx938,f8_w8a8_block,torch.float16,4,384,3072,256,8,0,0,asm,10002+20000,125.6179
gfx938,f8_w8a8_block,torch.float16,6,384,3072,256,8,0,0,asm,10006+20000,149.9967
gfx938,f8_w8a8_block,torch.float16,8,384,3072,256,8,0,0,asm,10002+20000,176.7839
gfx938,f8_w8a8_block,torch.float16,12,384,3072,256,8,0,0,asm,10002+20000,227.4028
gfx938,f8_w8a8_block,torch.float16,16,384,3072,256,8,0,0,asm,10002+20000,264.9185
gfx938,f8_w8a8_block,torch.float16,20,384,3072,256,8,0,0,asm,10002+20000,300.1154
gfx938,f8_w8a8_block,torch.float16,24,384,3072,256,8,0,0,asm,10002+20000,335.7783
gfx938,f8_w8a8_block,torch.float16,28,384,3072,256,8,0,0,asm,10002+20000,378.2906
gfx938,f8_w8a8_block,torch.float16,32,384,3072,256,8,0,0,asm,10002+20000,399.1411
gfx938,f8_w8a8_block,torch.float16,36,384,3072,256,8,0,0,asm,10002+20000,410.4643
gfx938,f8_w8a8_block,torch.float16,40,384,3072,256,8,0,0,asm,10002+20000,426.2791
gfx938,f8_w8a8_block,torch.float16,44,384,3072,256,8,0,0,asm,10002+20000,445.6137
gfx938,f8_w8a8_block,torch.float16,48,384,3072,256,8,0,0,asm,10002+20000,451.6853
gfx938,f8_w8a8_block,torch.float16,56,384,3072,256,8,0,0,asm,10001+20000,474.1946
gfx938,f8_w8a8_block,torch.float16,64,384,3072,256,8,0,0,asm,10002+20000,492.3841
gfx938,f8_w8a8_block,torch.float16,72,384,3072,256,8,0,0,asm,10002+20000,506.1860
gfx938,f8_w8a8_block,torch.float16,80,384,3072,256,8,0,0,asm,10002+20000,516.9145
gfx938,f8_w8a8_block,torch.float16,96,384,3072,256,8,0,0,asm,10002+20000,535.4744
gfx938,f8_w8a8_block,torch.float16,104,384,3072,256,8,0,0,asm,10002+20000,542.3038
gfx938,f8_w8a8_block,torch.float16,112,384,3072,256,8,0,0,asm,10002+20000,545.5796
gfx938,f8_w8a8_block,torch.float16,128,384,3072,256,8,0,0,asm,10001+20000,558.7754
gfx938,f8_w8a8_block,torch.float16,144,384,3072,256,8,0,0,asm,10002+20000,564.8554
gfx938,f8_w8a8_block,torch.float16,160,384,3072,256,8,0,0,asm,10002+20000,564.2491
gfx938,f8_w8a8_block,torch.float16,192,384,3072,256,8,0,0,asm,10001+20000,573.4617
gfx938,f8_w8a8_block,torch.float16,224,384,3072,256,8,0,0,asm,10002+20000,579.6174
gfx938,f8_w8a8_block,torch.float16,256,384,3072,256,8,0,0,asm,10002+20000,583.6848
gfx938,f8_w8a8_block,torch.float16,320,384,3072,256,8,0,0,asm,10002+20000,595.5837
gfx938,f8_w8a8_block,torch.float16,384,384,3072,256,8,0,0,asm,10006+20000,619.592
gfx938,f8_w8a8_block,torch.float16,448,384,3072,256,8,0,0,asm,11010+21000,628.4425
gfx938,f8_w8a8_block,torch.float16,512,384,3072,256,8,0,0,asm,11010+21000,641.6214
gfx938,f8_w8a8_block,torch.float16,768,384,3072,256,8,0,0,asm,11010+21000,721.0822
gfx938,f8_w8a8_block,torch.float16,896,384,3072,256,8,0,0,asm,11010+21000,708.9475
gfx938,f8_w8a8_block,torch.float16,960,384,3072,256,8,0,0,asm,11010+21000,746.0674
gfx938,f8_w8a8_block,torch.float16,1024,384,3072,256,8,0,0,asm,11010+21000,774.5641
gfx938,f8_w8a8_block,torch.float16,1280,384,3072,256,8,0,0,asm,12003+22000,845.0818
gfx938,f8_w8a8_block,torch.float16,1536,384,3072,256,8,0,0,asm,12003+22000,916.7026
gfx938,f8_w8a8_block,torch.float16,1920,384,3072,256,8,0,0,asm,12003+22000,998.3023
gfx938,f8_w8a8_block,torch.float16,2048,384,3072,256,8,0,0,asm,12005+22000,1088.9209
gfx938,f8_w8a8_block,torch.float16,2304,384,3072,256,8,0,0,asm,12005+22000,1274.0655
gfx938,f8_w8a8_block,torch.float16,2560,384,3072,256,8,0,0,asm,13001+22000,1351.3958
gfx938,f8_w8a8_block,torch.float16,3072,384,3072,256,8,0,0,asm,13001+22000,1402.7135
gfx938,f8_w8a8_block,torch.float16,3584,384,3072,256,8,0,0,asm,12005+22000,1488.7932
gfx938,f8_w8a8_block,torch.float16,3840,384,3072,256,8,0,0,asm,12005+22000,1584.9023
gfx938,f8_w8a8_block,torch.float16,4096,384,3072,256,8,0,0,asm,12005+22000,1764.2532
gfx938,f8_w8a8_block,torch.float16,4608,384,3072,256,8,0,0,asm,12005+22000,1992.3282
gfx938,f8_w8a8_block,torch.float16,5120,384,3072,256,8,0,0,asm,12005+22000,2099.8142
gfx938,f8_w8a8_block,torch.float16,6144,384,3072,256,8,0,0,asm,12005+22000,2443.4087
gfx938,f8_w8a8_block,torch.float16,7168,384,3072,256,8,0,0,asm,13001+23000,2574.2547
gfx938,f8_w8a8_block,torch.float16,8192,384,3072,256,8,0,0,asm,13001+23000,3029.9331
gfx938,f8_w8a8_block,torch.float16,10240,384,3072,256,8,0,0,asm,13001+23000,3706.9581
gfx938,f8_w8a8_block,torch.float16,12288,384,3072,256,8,0,0,asm,13001+23000,4301.5159
gfx938,f8_w8a8_block,torch.float16,16384,384,3072,256,8,0,0,asm,13001+23000,5563.0188
gfx938,f8_w8a8_block,torch.float16,24576,384,3072,256,8,0,0,asm,13001+23000,7960.9725
gfx938,f8_w8a8_block,torch.float16,32768,384,3072,256,8,0,0,asm,13001+23000,10497.4939
gfx938,f8_w8a8_block,torch.float16,1,1536,3072,64,8,0,0,asm,10002+20000,118.2831
gfx938,f8_w8a8_block,torch.float16,2,1536,3072,64,8,0,0,asm,10002+20000,172.9438
gfx938,f8_w8a8_block,torch.float16,4,1536,3072,64,8,0,0,asm,10006+20000,280.0004
gfx938,f8_w8a8_block,torch.float16,6,1536,3072,64,8,0,0,asm,10002+20000,357.1707
gfx938,f8_w8a8_block,torch.float16,8,1536,3072,64,8,0,0,asm,10001+20000,381.2043
gfx938,f8_w8a8_block,torch.float16,12,1536,3072,64,8,0,0,asm,10002+20000,445.6251
gfx938,f8_w8a8_block,torch.float16,16,1536,3072,64,8,0,0,asm,10002+20000,485.1029
gfx938,f8_w8a8_block,torch.float16,20,1536,3072,64,8,0,0,asm,10002+20000,520.2745
gfx938,f8_w8a8_block,torch.float16,24,1536,3072,64,8,0,0,asm,10002+20000,528.2071
gfx938,f8_w8a8_block,torch.float16,28,1536,3072,64,8,0,0,asm,10002+20000,544.5385
gfx938,f8_w8a8_block,torch.float16,32,1536,3072,64,8,0,0,asm,10002+20000,549.3889
gfx938,f8_w8a8_block,torch.float16,36,1536,3072,64,8,0,0,asm,10002+20000,557.2091
gfx938,f8_w8a8_block,torch.float16,40,1536,3072,64,8,0,0,asm,10002+20000,559.5248
gfx938,f8_w8a8_block,torch.float16,44,1536,3072,64,8,0,0,asm,10002+20000,568.5774
gfx938,f8_w8a8_block,torch.float16,48,1536,3072,64,8,0,0,asm,10002+20000,576.7458
gfx938,f8_w8a8_block,torch.float16,56,1536,3072,64,8,0,0,asm,10002+20000,580.5437
gfx938,f8_w8a8_block,torch.float16,64,1536,3072,64,8,0,0,asm,10002+20000,581.052
gfx938,f8_w8a8_block,torch.float16,72,1536,3072,64,8,0,0,asm,10002+20000,576.6869
gfx938,f8_w8a8_block,torch.float16,80,1536,3072,64,8,0,0,asm,10001+20000,583.9037
gfx938,f8_w8a8_block,torch.float16,96,1536,3072,64,8,0,0,asm,11008+21000,643.0025
gfx938,f8_w8a8_block,torch.float16,104,1536,3072,64,8,0,0,asm,11010+21000,603.3142
gfx938,f8_w8a8_block,torch.float16,112,1536,3072,64,8,0,0,asm,11010+21000,604.4005
gfx938,f8_w8a8_block,torch.float16,128,1536,3072,64,8,0,0,asm,11010+21000,621.9529
gfx938,f8_w8a8_block,torch.float16,144,1536,3072,64,8,0,0,asm,11010+21000,617.4194
gfx938,f8_w8a8_block,torch.float16,160,1536,3072,64,8,0,0,asm,11010+21000,619.9457
gfx938,f8_w8a8_block,torch.float16,192,1536,3072,64,8,0,0,asm,11009+21000,677.4613
gfx938,f8_w8a8_block,torch.float16,224,1536,3072,64,8,0,0,asm,11010+21000,660.3666
gfx938,f8_w8a8_block,torch.float16,256,1536,3072,64,8,0,0,asm,12003+22000,682.2528
gfx938,f8_w8a8_block,torch.float16,320,1536,3072,64,8,0,0,asm,12003+22000,685.7728
gfx938,f8_w8a8_block,torch.float16,384,1536,3072,64,8,0,0,asm,12002+22000,710.6569
gfx938,f8_w8a8_block,torch.float16,448,1536,3072,64,8,0,0,asm,12003+22000,729.0737
gfx938,f8_w8a8_block,torch.float16,512,1536,3072,64,8,0,0,asm,12003+22000,880.7616
gfx938,f8_w8a8_block,torch.float16,768,1536,3072,64,8,0,0,asm,13001+22000,996.9717
gfx938,f8_w8a8_block,torch.float16,896,1536,3072,64,8,0,0,asm,13001+22000,1021.9148
gfx938,f8_w8a8_block,torch.float16,960,1536,3072,64,8,0,0,asm,13001+22000,1146.7902
gfx938,f8_w8a8_block,torch.float16,1024,1536,3072,64,8,0,0,asm,12005+22000,1338.7137
gfx938,f8_w8a8_block,torch.float16,1280,1536,3072,64,8,0,0,asm,12005+22000,1541.1298
gfx938,f8_w8a8_block,torch.float16,1536,1536,3072,64,8,0,0,asm,12005+22000,1845.1709
gfx938,f8_w8a8_block,torch.float16,1920,1536,3072,64,8,0,0,asm,13001+22000,1981.4062
gfx938,f8_w8a8_block,torch.float16,2048,1536,3072,64,8,0,0,asm,13001+23000,2225.9443
gfx938,f8_w8a8_block,torch.float16,2304,1536,3072,64,8,0,0,asm,12005+22000,2547.0715
gfx938,f8_w8a8_block,torch.float16,2560,1536,3072,64,8,0,0,asm,13001+23000,2643.6354
gfx938,f8_w8a8_block,torch.float16,3072,1536,3072,64,8,0,0,asm,13001+23000,3097.7981
gfx938,f8_w8a8_block,torch.float16,3584,1536,3072,64,8,0,0,asm,13001+23000,3522.9755
gfx938,f8_w8a8_block,torch.float16,3840,1536,3072,64,8,0,0,asm,13001+23000,3585.7374
gfx938,f8_w8a8_block,torch.float16,4096,1536,3072,64,8,0,0,asm,13001+23000,3955.6814
gfx938,f8_w8a8_block,torch.float16,4608,1536,3072,64,8,0,0,asm,13001+23000,4386.8714
gfx938,f8_w8a8_block,torch.float16,5120,1536,3072,64,8,0,0,asm,13001+23000,4794.1458
gfx938,f8_w8a8_block,torch.float16,6144,1536,3072,64,8,0,0,asm,13001+23000,5649.5617
gfx938,f8_w8a8_block,torch.float16,7168,1536,3072,64,8,0,0,asm,13001+23000,6510.7629
gfx938,f8_w8a8_block,torch.float16,8192,1536,3072,64,8,0,0,asm,13001+23000,7415.2649
gfx938,f8_w8a8_block,torch.float16,10240,1536,3072,64,8,0,0,asm,13001+23000,9181.1704
gfx938,f8_w8a8_block,torch.float16,12288,1536,3072,64,8,0,0,asm,13001+23000,10876.1201
gfx938,f8_w8a8_block,torch.float16,16384,1536,3072,64,8,0,0,asm,13001+23000,14314.7352
gfx938,f8_w8a8_block,torch.float16,24576,1536,3072,64,8,0,0,asm,13001+23000,21336.6809
gfx938,f8_w8a8_block,torch.float16,32768,1536,3072,64,8,0,0,asm,13001+23000,28266.1463
gfx938,f8_w8a8_block,torch.float16,1,256,4096,256,8,0,0,asm,10007+20200,66.0562
gfx938,f8_w8a8_block,torch.float16,2,256,4096,256,8,0,0,asm,10001+20000,83.8161
gfx938,f8_w8a8_block,torch.float16,4,256,4096,256,8,0,0,asm,10002+20000,112.3382
gfx938,f8_w8a8_block,torch.float16,6,256,4096,256,8,0,0,asm,10002+20000,141.2728
gfx938,f8_w8a8_block,torch.float16,8,256,4096,256,8,0,0,asm,10007+20000,165.0033
gfx938,f8_w8a8_block,torch.float16,10,256,4096,256,8,0,0,asm,10002+20000,186.1823
gfx938,f8_w8a8_block,torch.float16,12,256,4096,256,8,0,0,asm,10002+20000,205.2475
gfx938,f8_w8a8_block,torch.float16,14,256,4096,256,8,0,0,asm,10002+20000,226.2159
gfx938,f8_w8a8_block,torch.float16,16,256,4096,256,8,0,0,asm,10002+20000,237.2221
gfx938,f8_w8a8_block,torch.float16,20,256,4096,256,8,0,0,asm,10002+20000,264.3938
gfx938,f8_w8a8_block,torch.float16,24,256,4096,256,8,0,0,asm,10002+20000,293.3708
gfx938,f8_w8a8_block,torch.float16,28,256,4096,256,8,0,0,asm,10002+20000,343.0409
gfx938,f8_w8a8_block,torch.float16,32,256,4096,256,8,0,0,asm,10002+20000,359.6472
gfx938,f8_w8a8_block,torch.float16,36,256,4096,256,8,0,0,asm,10002+20000,367.9137
gfx938,f8_w8a8_block,torch.float16,40,256,4096,256,8,0,0,asm,10001+20000,378.7264
gfx938,f8_w8a8_block,torch.float16,44,256,4096,256,8,0,0,asm,10002+20000,389.2864
gfx938,f8_w8a8_block,torch.float16,48,256,4096,256,8,0,0,asm,10002+20000,398.3053
gfx938,f8_w8a8_block,torch.float16,56,256,4096,256,8,0,0,asm,10002+20000,414.7348
gfx938,f8_w8a8_block,torch.float16,64,256,4096,256,8,0,0,asm,10002+20000,430.7348
gfx938,f8_w8a8_block,torch.float16,80,256,4096,256,8,0,0,asm,10002+20000,454.9452
gfx938,f8_w8a8_block,torch.float16,96,256,4096,256,8,0,0,asm,10002+20000,473.8084
gfx938,f8_w8a8_block,torch.float16,112,256,4096,256,8,0,0,asm,10002+20000,489.219
gfx938,f8_w8a8_block,torch.float16,128,256,4096,256,8,0,0,asm,10002+20000,494.3979
gfx938,f8_w8a8_block,torch.float16,160,256,4096,256,8,0,0,asm,10002+20000,499.5009
gfx938,f8_w8a8_block,torch.float16,192,256,4096,256,8,0,0,asm,10002+20000,511.6526
gfx938,f8_w8a8_block,torch.float16,224,256,4096,256,8,0,0,asm,10002+20000,519.9809
gfx938,f8_w8a8_block,torch.float16,256,256,4096,256,8,0,0,asm,10002+20000,520.7221
gfx938,f8_w8a8_block,torch.float16,320,256,4096,256,8,0,0,asm,10002+20000,535.021
gfx938,f8_w8a8_block,torch.float16,384,256,4096,256,8,0,0,asm,10002+20000,565.7914
gfx938,f8_w8a8_block,torch.float16,448,256,4096,256,8,0,0,asm,10002+20000,598.9198
gfx938,f8_w8a8_block,torch.float16,512,256,4096,256,8,0,0,asm,11007+21000,610.5915
gfx938,f8_w8a8_block,torch.float16,576,256,4096,256,8,0,0,asm,11010+21000,639.2314
gfx938,f8_w8a8_block,torch.float16,640,256,4096,256,8,0,0,asm,11009+21000,631.0208
gfx938,f8_w8a8_block,torch.float16,704,256,4096,256,8,0,0,asm,11006+21000,640.8651
gfx938,f8_w8a8_block,torch.float16,768,256,4096,256,8,0,0,asm,11007+21000,659.7198
gfx938,f8_w8a8_block,torch.float16,832,256,4096,256,8,0,0,asm,11009+21200,658.3555
gfx938,f8_w8a8_block,torch.float16,896,256,4096,256,8,0,0,asm,11010+21000,689.7156
gfx938,f8_w8a8_block,torch.float16,960,256,4096,256,8,0,0,asm,11010+21200,722.3639
gfx938,f8_w8a8_block,torch.float16,1024,256,4096,256,8,0,0,asm,11010+21000,751.2649
gfx938,f8_w8a8_block,torch.float16,1152,256,4096,256,8,0,0,asm,11008+21000,870.549
gfx938,f8_w8a8_block,torch.float16,1280,256,4096,256,8,0,0,asm,12002+22000,867.3911
gfx938,f8_w8a8_block,torch.float16,1408,256,4096,256,8,0,0,asm,12003+22000,875.1133
gfx938,f8_w8a8_block,torch.float16,1536,256,4096,256,8,0,0,asm,12003+22000,902.4816
gfx938,f8_w8a8_block,torch.float16,1664,256,4096,256,8,0,0,asm,12004+22000,926.5489
gfx938,f8_w8a8_block,torch.float16,1792,256,4096,256,8,0,0,asm,12003+22000,942.0857
gfx938,f8_w8a8_block,torch.float16,1920,256,4096,256,8,0,0,asm,12005+22000,1018.5236
gfx938,f8_w8a8_block,torch.float16,2048,256,4096,256,8,0,0,asm,12003+22000,1094.3972
gfx938,f8_w8a8_block,torch.float16,2304,256,4096,256,8,0,0,asm,12005+22000,1257.5887
gfx938,f8_w8a8_block,torch.float16,2560,256,4096,256,8,0,0,asm,11010+21200,1374.7673
gfx938,f8_w8a8_block,torch.float16,2816,256,4096,256,8,0,0,asm,13001+23000,1400.5189
gfx938,f8_w8a8_block,torch.float16,3072,256,4096,256,8,0,0,asm,12005+22000,1439.1798
gfx938,f8_w8a8_block,torch.float16,3328,256,4096,256,8,0,0,asm,12005+22000,1456.0893
gfx938,f8_w8a8_block,torch.float16,3584,256,4096,256,8,0,0,asm,12005+22000,1487.5504
gfx938,f8_w8a8_block,torch.float16,3840,256,4096,256,8,0,0,asm,12005+22000,1595.1459
gfx938,f8_w8a8_block,torch.float16,4096,256,4096,256,8,0,0,asm,12006+22000,1756.2657
gfx938,f8_w8a8_block,torch.float16,4608,256,4096,256,8,0,0,asm,12005+22000,2012.6698
gfx938,f8_w8a8_block,torch.float16,5120,256,4096,256,8,0,0,asm,12005+22000,2134.1435
gfx938,f8_w8a8_block,torch.float16,5632,256,4096,256,8,0,0,asm,12005+22000,2246.8753
gfx938,f8_w8a8_block,torch.float16,6144,256,4096,256,8,0,0,asm,12005+22000,2440.6189
gfx938,f8_w8a8_block,torch.float16,6656,256,4096,256,8,0,0,asm,13001+23000,2562.9843
gfx938,f8_w8a8_block,torch.float16,7168,256,4096,256,8,0,0,asm,13001+23001,2768.8287
gfx938,f8_w8a8_block,torch.float16,7680,256,4096,256,8,0,0,asm,13001+23000,2792.2731
gfx938,f8_w8a8_block,torch.float16,8192,256,4096,256,8,0,0,asm,13001+23000,3082.3107
gfx938,f8_w8a8_block,torch.float16,10240,256,4096,256,8,0,0,asm,13001+23000,3801.2909
gfx938,f8_w8a8_block,torch.float16,12288,256,4096,256,8,0,0,asm,13001+23000,4383.3187
gfx938,f8_w8a8_block,torch.float16,14336,256,4096,256,8,0,0,asm,13001+23000,5030.8137
gfx938,f8_w8a8_block,torch.float16,16384,256,4096,256,8,0,0,asm,13001+23000,5608.4473
gfx938,f8_w8a8_block,torch.float16,17408,256,4096,256,8,0,0,asm,13001+23000,6038.0465
gfx938,f8_w8a8_block,torch.float16,24576,256,4096,256,8,0,0,asm,13001+23000,8143.5178
gfx938,f8_w8a8_block,torch.float16,1,512,4096,256,8,0,0,asm,10007+20000,82.9571
gfx938,f8_w8a8_block,torch.float16,2,512,4096,256,8,0,0,asm,10001+20000,112.2287
gfx938,f8_w8a8_block,torch.float16,4,512,4096,256,8,0,0,asm,10002+20000,168.5064
gfx938,f8_w8a8_block,torch.float16,6,512,4096,256,8,0,0,asm,10002+20000,218.1063
gfx938,f8_w8a8_block,torch.float16,8,512,4096,256,8,0,0,asm,10002+20000,257.9547
gfx938,f8_w8a8_block,torch.float16,10,512,4096,256,8,0,0,asm,10002+20000,302.8811
gfx938,f8_w8a8_block,torch.float16,12,512,4096,256,8,0,0,asm,10002+20000,333.6432
gfx938,f8_w8a8_block,torch.float16,14,512,4096,256,8,0,0,asm,10002+20000,373.4999
gfx938,f8_w8a8_block,torch.float16,16,512,4096,256,8,0,0,asm,10002+20000,393.4746
gfx938,f8_w8a8_block,torch.float16,20,512,4096,256,8,0,0,asm,10002+20000,455.5854
gfx938,f8_w8a8_block,torch.float16,24,512,4096,256,8,0,0,asm,10001+20000,514.044
gfx938,f8_w8a8_block,torch.float16,28,512,4096,256,8,0,0,asm,10002+20000,582.8807
gfx938,f8_w8a8_block,torch.float16,32,512,4096,256,8,0,0,asm,10002+20000,618.847
gfx938,f8_w8a8_block,torch.float16,36,512,4096,256,8,0,0,asm,10002+20000,647.2482
gfx938,f8_w8a8_block,torch.float16,40,512,4096,256,8,0,0,asm,10001+20000,676.0396
gfx938,f8_w8a8_block,torch.float16,44,512,4096,256,8,0,0,asm,10002+20000,707.8039
gfx938,f8_w8a8_block,torch.float16,48,512,4096,256,8,0,0,asm,10002+20000,718.1197
gfx938,f8_w8a8_block,torch.float16,56,512,4096,256,8,0,0,asm,10001+20000,757.1511
gfx938,f8_w8a8_block,torch.float16,64,512,4096,256,8,0,0,asm,10002+20000,781.3533
gfx938,f8_w8a8_block,torch.float16,80,512,4096,256,8,0,0,asm,10002+20000,834.0691
gfx938,f8_w8a8_block,torch.float16,96,512,4096,256,8,0,0,asm,10002+20000,871.6102
gfx938,f8_w8a8_block,torch.float16,112,512,4096,256,8,0,0,asm,10002+20000,885.1175
gfx938,f8_w8a8_block,torch.float16,128,512,4096,256,8,0,0,asm,10002+20000,903.3996
gfx938,f8_w8a8_block,torch.float16,160,512,4096,256,8,0,0,asm,10002+20000,918.0774
gfx938,f8_w8a8_block,torch.float16,192,512,4096,256,8,0,0,asm,10001+20000,936.3676
gfx938,f8_w8a8_block,torch.float16,224,512,4096,256,8,0,0,asm,10002+20000,943.6689
gfx938,f8_w8a8_block,torch.float16,256,512,4096,256,8,0,0,asm,10002+20000,951.9721
gfx938,f8_w8a8_block,torch.float16,320,512,4096,256,8,0,0,asm,10002+20000,969.4878
gfx938,f8_w8a8_block,torch.float16,384,512,4096,256,8,0,0,asm,10006+20000,1018.5991999999999
gfx938,f8_w8a8_block,torch.float16,448,512,4096,256,8,0,0,asm,11008+21000,1043.5172
gfx938,f8_w8a8_block,torch.float16,512,512,4096,256,8,0,0,asm,11010+21000,1063.8287
gfx938,f8_w8a8_block,torch.float16,576,512,4096,256,8,0,0,asm,11010+21000,1103.7024
gfx938,f8_w8a8_block,torch.float16,640,512,4096,256,8,0,0,asm,11007+21000,1088.9825
gfx938,f8_w8a8_block,torch.float16,704,512,4096,256,8,0,0,asm,11010+21000,1061.7066
gfx938,f8_w8a8_block,torch.float16,768,512,4096,256,8,0,0,asm,11010+21000,1106.7677
gfx938,f8_w8a8_block,torch.float16,832,512,4096,256,8,0,0,asm,11010+21000,1127.4246
gfx938,f8_w8a8_block,torch.float16,896,512,4096,256,8,0,0,asm,11010+21000,1168.4432
gfx938,f8_w8a8_block,torch.float16,960,512,4096,256,8,0,0,asm,11010+21000,1173.7484
gfx938,f8_w8a8_block,torch.float16,1024,512,4096,256,8,0,0,asm,11010+21000,1219.298
gfx938,f8_w8a8_block,torch.float16,1152,512,4096,256,8,0,0,asm,12002+22000,1338.2958
gfx938,f8_w8a8_block,torch.float16,1280,512,4096,256,8,0,0,asm,12003+22000,1279.3149
gfx938,f8_w8a8_block,torch.float16,1408,512,4096,256,8,0,0,asm,12003+22000,1309.1085
gfx938,f8_w8a8_block,torch.float16,1536,512,4096,256,8,0,0,asm,12002+22000,1346.0515
gfx938,f8_w8a8_block,torch.float16,1664,512,4096,256,8,0,0,asm,12003+22000,1330.7168
gfx938,f8_w8a8_block,torch.float16,1792,512,4096,256,8,0,0,asm,12002+22000,1433.3104
gfx938,f8_w8a8_block,torch.float16,1920,512,4096,256,8,0,0,asm,12004+22000,1557.4367
gfx938,f8_w8a8_block,torch.float16,2048,512,4096,256,8,0,0,asm,12003+22000,1661.2428
gfx938,f8_w8a8_block,torch.float16,2304,512,4096,256,8,0,0,asm,12005+22000,1940.813
gfx938,f8_w8a8_block,torch.float16,2560,512,4096,256,8,0,0,asm,13001+22000,2072.7203
gfx938,f8_w8a8_block,torch.float16,2816,512,4096,256,8,0,0,asm,13001+22000,2095.2974
gfx938,f8_w8a8_block,torch.float16,3072,512,4096,256,8,0,0,asm,13001+22000,2144.6107
gfx938,f8_w8a8_block,torch.float16,3328,512,4096,256,8,0,0,asm,13001+22000,2175.5328
gfx938,f8_w8a8_block,torch.float16,3584,512,4096,256,8,0,0,asm,13001+22000,2234.2864
gfx938,f8_w8a8_block,torch.float16,3840,512,4096,256,8,0,0,asm,12005+22000,2454.0841
gfx938,f8_w8a8_block,torch.float16,4096,512,4096,256,8,0,0,asm,12005+22000,2680.5851
gfx938,f8_w8a8_block,torch.float16,4608,512,4096,256,8,0,0,asm,12005+22000,3087.0188
gfx938,f8_w8a8_block,torch.float16,5120,512,4096,256,8,0,0,asm,12005+22000,3226.8833
gfx938,f8_w8a8_block,torch.float16,5632,512,4096,256,8,0,0,asm,12005+22000,3405.6863
gfx938,f8_w8a8_block,torch.float16,6144,512,4096,256,8,0,0,asm,12005+22000,3731.7076
gfx938,f8_w8a8_block,torch.float16,6656,512,4096,256,8,0,0,asm,13001+23000,3931.2194
gfx938,f8_w8a8_block,torch.float16,7168,512,4096,256,8,0,0,asm,13001+23000,4010.6804
gfx938,f8_w8a8_block,torch.float16,7680,512,4096,256,8,0,0,asm,13001+23000,4195.0509
gfx938,f8_w8a8_block,torch.float16,8192,512,4096,256,8,0,0,asm,13001+23000,4642.5692
gfx938,f8_w8a8_block,torch.float16,10240,512,4096,256,8,0,0,asm,13001+23000,5698.2073
gfx938,f8_w8a8_block,torch.float16,12288,512,4096,256,8,0,0,asm,13001+23000,6601.8277
gfx938,f8_w8a8_block,torch.float16,14336,512,4096,256,8,0,0,asm,13001+23000,7572.0575
gfx938,f8_w8a8_block,torch.float16,16384,512,4096,256,8,0,0,asm,13001+23000,8551.2295
gfx938,f8_w8a8_block,torch.float16,17408,512,4096,256,8,0,0,asm,13001+23000,9230.6924
gfx938,f8_w8a8_block,torch.float16,24576,512,4096,256,8,0,0,asm,13001+23000,12357.5934
gfx938,f8_w8a8_block,torch.float16,1,128,6144,384,8,0,0,asm,10008+20000,59.6139
gfx938,f8_w8a8_block,torch.float16,2,128,6144,384,8,0,0,asm,10007+20000,77.5423
gfx938,f8_w8a8_block,torch.float16,4,128,6144,384,8,0,0,asm,10007+20101,99.4118
gfx938,f8_w8a8_block,torch.float16,6,128,6144,384,8,0,0,asm,10007+20000,128.7506
gfx938,f8_w8a8_block,torch.float16,8,128,6144,384,8,0,0,asm,10001+20101,147.1925
gfx938,f8_w8a8_block,torch.float16,10,128,6144,384,8,0,0,asm,10007+20100,181.5757
gfx938,f8_w8a8_block,torch.float16,12,128,6144,384,8,0,0,asm,10001+20101,195.9423
gfx938,f8_w8a8_block,torch.float16,14,128,6144,384,8,0,0,asm,10001+20101,209.5671
gfx938,f8_w8a8_block,torch.float16,16,128,6144,384,8,0,0,asm,10002+20101,240.5903
gfx938,f8_w8a8_block,torch.float16,20,128,6144,384,8,0,0,asm,10001+20101,267.7875
gfx938,f8_w8a8_block,torch.float16,24,128,6144,384,8,0,0,asm,10001+20101,292.3769
gfx938,f8_w8a8_block,torch.float16,28,128,6144,384,8,0,0,asm,10002+20101,322.6421
gfx938,f8_w8a8_block,torch.float16,32,128,6144,384,8,0,0,asm,10002+20101,334.3221
gfx938,f8_w8a8_block,torch.float16,36,128,6144,384,8,0,0,asm,10002+20101,367.7794
gfx938,f8_w8a8_block,torch.float16,40,128,6144,384,8,0,0,asm,10001+20101,395.8047
gfx938,f8_w8a8_block,torch.float16,44,128,6144,384,8,0,0,asm,10002+20101,414.7602
gfx938,f8_w8a8_block,torch.float16,48,128,6144,384,8,0,0,asm,10002+20101,429.7664
gfx938,f8_w8a8_block,torch.float16,56,128,6144,384,8,0,0,asm,10002+20101,453.8184
gfx938,f8_w8a8_block,torch.float16,64,128,6144,384,8,0,0,asm,10001+20101,481.4227
gfx938,f8_w8a8_block,torch.float16,80,128,6144,384,8,0,0,asm,10001+20101,518.0027
gfx938,f8_w8a8_block,torch.float16,96,128,6144,384,8,0,0,asm,10001+20101,556.6974
gfx938,f8_w8a8_block,torch.float16,112,128,6144,384,8,0,0,asm,10001+20101,562.5744
gfx938,f8_w8a8_block,torch.float16,128,128,6144,384,8,0,0,asm,10002+20101,591.2902
gfx938,f8_w8a8_block,torch.float16,160,128,6144,384,8,0,0,asm,10001+20101,607.5593
gfx938,f8_w8a8_block,torch.float16,192,128,6144,384,8,0,0,asm,10001+20101,623.7531
gfx938,f8_w8a8_block,torch.float16,224,128,6144,384,8,0,0,asm,10002+20101,634.1952
gfx938,f8_w8a8_block,torch.float16,256,128,6144,384,8,0,0,asm,10002+20101,639.0035
gfx938,f8_w8a8_block,torch.float16,320,128,6144,384,8,0,0,asm,10001+20101,657.6813
gfx938,f8_w8a8_block,torch.float16,384,128,6144,384,8,0,0,asm,10001+20101,675.0876
gfx938,f8_w8a8_block,torch.float16,448,128,6144,384,8,0,0,asm,10001+20101,690.6666
gfx938,f8_w8a8_block,torch.float16,512,128,6144,384,8,0,0,asm,10002+20101,710.431
gfx938,f8_w8a8_block,torch.float16,576,128,6144,384,8,0,0,asm,10001+20101,724.6539
gfx938,f8_w8a8_block,torch.float16,640,128,6144,384,8,0,0,asm,10002+20101,764.1401
gfx938,f8_w8a8_block,torch.float16,704,128,6144,384,8,0,0,asm,11007+21101,775.7779
gfx938,f8_w8a8_block,torch.float16,768,128,6144,384,8,0,0,asm,11006+21101,792.8054
gfx938,f8_w8a8_block,torch.float16,832,128,6144,384,8,0,0,asm,11007+21101,807.3484
gfx938,f8_w8a8_block,torch.float16,896,128,6144,384,8,0,0,asm,11006+21101,837.7233
gfx938,f8_w8a8_block,torch.float16,960,128,6144,384,8,0,0,asm,11007+21101,855.1968
gfx938,f8_w8a8_block,torch.float16,1024,128,6144,384,8,0,0,asm,11007+21101,865.142
gfx938,f8_w8a8_block,torch.float16,1152,128,6144,384,8,0,0,asm,11007+21101,881.8919
gfx938,f8_w8a8_block,torch.float16,1280,128,6144,384,8,0,0,asm,11010+21101,908.4346
gfx938,f8_w8a8_block,torch.float16,1408,128,6144,384,8,0,0,asm,11010+21101,956.0303
gfx938,f8_w8a8_block,torch.float16,1536,128,6144,384,8,0,0,asm,11010+21101,1020.2154000000002
gfx938,f8_w8a8_block,torch.float16,1664,128,6144,384,8,0,0,asm,11010+21101,1099.2976
gfx938,f8_w8a8_block,torch.float16,1792,128,6144,384,8,0,0,asm,11010+21101,1177.3258
gfx938,f8_w8a8_block,torch.float16,1920,128,6144,384,8,0,0,asm,12003+21101,1213.6719
gfx938,f8_w8a8_block,torch.float16,2048,128,6144,384,8,0,0,asm,12003+21101,1236.0256
gfx938,f8_w8a8_block,torch.float16,2304,128,6144,384,8,0,0,asm,12003+21101,1309.0521
gfx938,f8_w8a8_block,torch.float16,2560,128,6144,384,8,0,0,asm,12002+21101,1375.0527
gfx938,f8_w8a8_block,torch.float16,2816,128,6144,384,8,0,0,asm,12003+21101,1475.3977
gfx938,f8_w8a8_block,torch.float16,3072,128,6144,384,8,0,0,asm,12003+21101,1649.3595
gfx938,f8_w8a8_block,torch.float16,3328,128,6144,384,8,0,0,asm,11010+21101,1789.9245
gfx938,f8_w8a8_block,torch.float16,3584,128,6144,384,8,0,0,asm,11010+21101,1920.4075
gfx938,f8_w8a8_block,torch.float16,3840,128,6144,384,8,0,0,asm,11010+21101,2016.5509
gfx938,f8_w8a8_block,torch.float16,4096,128,6144,384,8,0,0,asm,11010+21101,2058.7147
gfx938,f8_w8a8_block,torch.float16,4608,128,6144,384,8,0,0,asm,12005+21101,2181.9394
gfx938,f8_w8a8_block,torch.float16,5120,128,6144,384,8,0,0,asm,12005+21101,2302.0409
gfx938,f8_w8a8_block,torch.float16,5632,128,6144,384,8,0,0,asm,12005+21101,2444.4744
gfx938,f8_w8a8_block,torch.float16,6144,128,6144,384,8,0,0,asm,12005+21101,2772.7848
gfx938,f8_w8a8_block,torch.float16,6656,128,6144,384,8,0,0,asm,12006+21101,3059.7071
gfx938,f8_w8a8_block,torch.float16,7168,128,6144,384,8,0,0,asm,12005+21101,3198.2912
gfx938,f8_w8a8_block,torch.float16,7680,128,6144,384,8,0,0,asm,12005+21101,3308.6404
gfx938,f8_w8a8_block,torch.float16,8192,128,6144,384,8,0,0,asm,12005+21101,3425.5751
gfx938,f8_w8a8_block,torch.float16,10240,128,6144,384,8,0,0,asm,12005+21101,4435.2411
gfx938,f8_w8a8_block,torch.float16,12288,128,6144,384,8,0,0,asm,12005+21101,5128.7136
gfx938,f8_w8a8_block,torch.float16,14336,128,6144,384,8,0,0,asm,12005+21101,5765.7476
gfx938,f8_w8a8_block,torch.float16,16384,128,6144,384,8,0,0,asm,12006+21101,6703.2448
gfx938,f8_w8a8_block,torch.float16,17408,128,6144,384,8,0,0,asm,13001+21101,6795.5727
gfx938,f8_w8a8_block,torch.float16,24576,128,6144,384,8,0,0,asm,13001+21101,9732.7801
gfx938,f8_w8a8_block,torch.float16,32768,128,6144,384,8,0,0,asm,12005+21101,12473.8136