arch,quant_type,indtype,token,inter_dim,model_dim,expert,topk,q_size_n,q_size_k,sol_type,sol_id,time_us
gfx936,int8_w8a8_channel,torch.float16,1,128,7168,256,8,0,0,asm,10000+20100,62.7804
gfx936,int8_w8a8_channel,torch.float16,2,128,7168,256,8,0,0,asm,10006+20102,78.3931
gfx936,int8_w8a8_channel,torch.float16,3,128,7168,256,8,0,0,asm,10009+20102,97.3237
gfx936,int8_w8a8_channel,torch.float16,4,128,7168,256,8,0,0,asm,10010+20102,117.012
gfx936,int8_w8a8_channel,torch.float16,5,128,7168,256,8,0,0,asm,10011+20102,138.9489
gfx936,int8_w8a8_channel,torch.float16,6,128,7168,256,8,0,0,asm,10001+20102,161.0289
gfx936,int8_w8a8_channel,torch.float16,7,128,7168,256,8,0,0,asm,10013+20102,177.4583
gfx936,int8_w8a8_channel,torch.float16,8,128,7168,256,8,0,0,asm,10001+20102,187.4036
gfx936,int8_w8a8_channel,torch.float16,9,128,7168,256,8,0,0,asm,10000+20102,202.8142
gfx936,int8_w8a8_channel,torch.float16,10,128,7168,256,8,0,0,asm,10001+20102,214.7384
gfx936,int8_w8a8_channel,torch.float16,11,128,7168,256,8,0,0,asm,10000+20102,231.7405
gfx936,int8_w8a8_channel,torch.float16,12,128,7168,256,8,0,0,asm,10001+20102,245.029
gfx936,int8_w8a8_channel,torch.float16,13,128,7168,256,8,0,0,asm,10001+20102,264.4648
gfx936,int8_w8a8_channel,torch.float16,14,128,7168,256,8,0,0,asm,10001+20102,276.8016
gfx936,int8_w8a8_channel,torch.float16,15,128,7168,256,8,0,0,asm,10000+20102,287.3027
gfx936,int8_w8a8_channel,torch.float16,16,128,7168,256,8,0,0,asm,10000+20102,291.2606
gfx936,int8_w8a8_channel,torch.float16,17,128,7168,256,8,0,0,asm,10001+20102,294.9376
gfx936,int8_w8a8_channel,torch.float16,18,128,7168,256,8,0,0,asm,10000+20102,310.9124
gfx936,int8_w8a8_channel,torch.float16,20,128,7168,256,8,0,0,asm,10001+20001,336.7987
gfx936,int8_w8a8_channel,torch.float16,24,128,7168,256,8,0,0,asm,10001+20001,378.6513
gfx936,int8_w8a8_channel,torch.float16,28,128,7168,256,8,0,0,asm,10001+20001,432.1786
gfx936,int8_w8a8_channel,torch.float16,32,128,7168,256,8,0,0,asm,10001+20001,459.5133
gfx936,int8_w8a8_channel,torch.float16,34,128,7168,256,8,0,0,asm,10000+20001,458.9208
gfx936,int8_w8a8_channel,torch.float16,36,128,7168,256,8,0,0,asm,10001+20001,476.6135
gfx936,int8_w8a8_channel,torch.float16,40,128,7168,256,8,0,0,asm,10001+20001,492.2177
gfx936,int8_w8a8_channel,torch.float16,44,128,7168,256,8,0,0,asm,10001+20001,516.9756
gfx936,int8_w8a8_channel,torch.float16,48,128,7168,256,8,0,0,asm,10001+20001,527.0556
gfx936,int8_w8a8_channel,torch.float16,56,128,7168,256,8,0,0,asm,10001+20001,554.8452
gfx936,int8_w8a8_channel,torch.float16,64,128,7168,256,8,0,0,asm,10001+20001,576.5378
gfx936,int8_w8a8_channel,torch.float16,68,128,7168,256,8,0,0,asm,10000+20001,581.8515
gfx936,int8_w8a8_channel,torch.float16,72,128,7168,256,8,0,0,asm,10000+20001,595.1904
gfx936,int8_w8a8_channel,torch.float16,80,128,7168,256,8,0,0,asm,10001+20001,611.2831
gfx936,int8_w8a8_channel,torch.float16,88,128,7168,256,8,0,0,asm,10001+20001,635.0894
gfx936,int8_w8a8_channel,torch.float16,96,128,7168,256,8,0,0,asm,10001+20001,644.9505
gfx936,int8_w8a8_channel,torch.float16,104,128,7168,256,8,0,0,asm,10000+20001,650.0705
gfx936,int8_w8a8_channel,torch.float16,112,128,7168,256,8,0,0,asm,10001+20001,657.5484
gfx936,int8_w8a8_channel,torch.float16,128,128,7168,256,8,0,0,asm,10001+20001,683.5779
gfx936,int8_w8a8_channel,torch.float16,144,128,7168,256,8,0,0,asm,10001+20001,686.4916
gfx936,int8_w8a8_channel,torch.float16,160,128,7168,256,8,0,0,asm,10001+20001,696.2768
gfx936,int8_w8a8_channel,torch.float16,192,128,7168,256,8,0,0,asm,10001+20001,709.7168
gfx936,int8_w8a8_channel,torch.float16,224,128,7168,256,8,0,0,asm,10001+20001,740.2179
gfx936,int8_w8a8_channel,torch.float16,256,128,7168,256,8,0,0,asm,10001+20001,745.6664
gfx936,int8_w8a8_channel,torch.float16,320,128,7168,256,8,0,0,asm,11001+21001,775.7295
gfx936,int8_w8a8_channel,torch.float16,384,128,7168,256,8,0,0,asm,11001+21001,795.1484
gfx936,int8_w8a8_channel,torch.float16,448,128,7168,256,8,0,0,asm,11001+21001,825.2537
gfx936,int8_w8a8_channel,torch.float16,512,128,7168,256,8,0,0,asm,11001+21001,846.2138
gfx936,int8_w8a8_channel,torch.float16,576,128,7168,256,8,0,0,asm,11001+21001,871.5864
gfx936,int8_w8a8_channel,torch.float16,640,128,7168,256,8,0,0,asm,11001+21001,892.3527
gfx936,int8_w8a8_channel,torch.float16,704,128,7168,256,8,0,0,asm,11006+21001,916.4117
gfx936,int8_w8a8_channel,torch.float16,768,128,7168,256,8,0,0,asm,11006+21001,938.736
gfx936,int8_w8a8_channel,torch.float16,832,128,7168,256,8,0,0,asm,11007+21001,965.1192
gfx936,int8_w8a8_channel,torch.float16,896,128,7168,256,8,0,0,asm,11007+21001,981.9782
gfx936,int8_w8a8_channel,torch.float16,960,128,7168,256,8,0,0,asm,11006+21001,1012.9761
gfx936,int8_w8a8_channel,torch.float16,1024,128,7168,256,8,0,0,asm,11007+21001,1019.0813
gfx936,int8_w8a8_channel,torch.float16,1152,128,7168,256,8,0,0,asm,11005+21001,1077.9614
gfx936,int8_w8a8_channel,torch.float16,1280,128,7168,256,8,0,0,asm,12004+22001,1130.8541
gfx936,int8_w8a8_channel,torch.float16,1408,128,7168,256,8,0,0,asm,12004+22001,1175.7888
gfx936,int8_w8a8_channel,torch.float16,1536,128,7168,256,8,0,0,asm,12004+22001,1212.8668
gfx936,int8_w8a8_channel,torch.float16,1664,128,7168,256,8,0,0,asm,12004+22001,1250.3489
gfx936,int8_w8a8_channel,torch.float16,1792,128,7168,256,8,0,0,asm,11005+21001,1300.5047
gfx936,int8_w8a8_channel,torch.float16,1920,128,7168,256,8,0,0,asm,12004+22001,1373.9701
gfx936,int8_w8a8_channel,torch.float16,2048,128,7168,256,8,0,0,asm,12005+22001,1414.9982
gfx936,int8_w8a8_channel,torch.float16,2304,128,7168,256,8,0,0,asm,12005+22001,1543.9078
gfx936,int8_w8a8_channel,torch.float16,2560,128,7168,256,8,0,0,asm,13000+23001,1663.1165
gfx936,int8_w8a8_channel,torch.float16,2816,128,7168,256,8,0,0,asm,13000+23001,1722.0387
gfx936,int8_w8a8_channel,torch.float16,3072,128,7168,256,8,0,0,asm,12005+22001,1793.9798
gfx936,int8_w8a8_channel,torch.float16,3328,128,7168,256,8,0,0,asm,12001+22001,1865.4831
gfx936,int8_w8a8_channel,torch.float16,3584,128,7168,256,8,0,0,asm,12001+22001,1932.7758
gfx936,int8_w8a8_channel,torch.float16,3840,128,7168,256,8,0,0,asm,12001+22001,2087.9508
gfx936,int8_w8a8_channel,torch.float16,4096,128,7168,256,8,0,0,asm,12001+22001,2196.8436
gfx936,int8_w8a8_channel,torch.float16,4608,128,7168,256,8,0,0,asm,12001+22001,2510.9156
gfx936,int8_w8a8_channel,torch.float16,5120,128,7168,256,8,0,0,asm,12001+22001,2654.6632
gfx936,int8_w8a8_channel,torch.float16,5632,128,7168,256,8,0,0,asm,12003+22001,2828.9119
gfx936,int8_w8a8_channel,torch.float16,6144,128,7168,256,8,0,0,asm,13001+23001,3011.9016
gfx936,int8_w8a8_channel,torch.float16,6656,128,7168,256,8,0,0,asm,13001+23001,3129.9651
gfx936,int8_w8a8_channel,torch.float16,7168,128,7168,256,8,0,0,asm,13001+23001,3264.7526
gfx936,int8_w8a8_channel,torch.float16,7680,128,7168,256,8,0,0,asm,13001+23001,3438.3445
gfx936,int8_w8a8_channel,torch.float16,8192,128,7168,256,8,0,0,asm,13001+23001,3778.766
gfx936,int8_w8a8_channel,torch.float16,10240,128,7168,256,8,0,0,asm,13001+23001,4631.5252
gfx936,int8_w8a8_channel,torch.float16,12288,128,7168,256,8,0,0,asm,13001+23001,5377.9096
gfx936,int8_w8a8_channel,torch.float16,14336,128,7168,256,8,0,0,asm,13001+23001,6130.6435
gfx936,int8_w8a8_channel,torch.float16,16384,128,7168,256,8,0,0,asm,13001+23001,7020.1861
gfx936,int8_w8a8_channel,torch.float16,17408,128,7168,256,8,0,0,asm,13001+23001,7488.0522
gfx936,int8_w8a8_channel,torch.float16,24576,128,7168,256,8,0,0,asm,13001+23001,10191.3578
gfx936,int8_w8a8_channel,torch.float16,32768,128,7168,256,8,0,0,asm,13001+23001,13416.1804
gfx936,int8_w8a8_channel,torch.float16,40960,128,7168,256,8,0,0,asm,13001+23001,17752.5406
gfx936,int8_w8a8_channel,torch.float16,49152,128,7168,256,8,0,0,asm,13001+23001,21090.3225
gfx936,int8_w8a8_channel,torch.float16,57344,128,7168,256,8,0,0,asm,13001+23001,22907.4573
gfx936,int8_w8a8_channel,torch.float16,1,256,7168,256,8,0,0,asm,10001+20001,78.2921
gfx936,int8_w8a8_channel,torch.float16,2,256,7168,256,8,0,0,asm,10002+20001,118.991
gfx936,int8_w8a8_channel,torch.float16,3,256,7168,256,8,0,0,asm,10001+20001,162.9827
gfx936,int8_w8a8_channel,torch.float16,4,256,7168,256,8,0,0,asm,10001+20001,206.8144
gfx936,int8_w8a8_channel,torch.float16,5,256,7168,256,8,0,0,asm,10001+20001,237.9892
gfx936,int8_w8a8_channel,torch.float16,6,256,7168,256,8,0,0,asm,10001+20001,273.4584
gfx936,int8_w8a8_channel,torch.float16,7,256,7168,256,8,0,0,asm,10001+20001,304.4734
gfx936,int8_w8a8_channel,torch.float16,8,256,7168,256,8,0,0,asm,10001+20001,327.3113
gfx936,int8_w8a8_channel,torch.float16,9,256,7168,256,8,0,0,asm,10001+20001,361.2314
gfx936,int8_w8a8_channel,torch.float16,10,256,7168,256,8,0,0,asm,10000+20001,388.6503
gfx936,int8_w8a8_channel,torch.float16,11,256,7168,256,8,0,0,asm,10001+20001,417.4167
gfx936,int8_w8a8_channel,torch.float16,12,256,7168,256,8,0,0,asm,10001+20001,436.6167
gfx936,int8_w8a8_channel,torch.float16,13,256,7168,256,8,0,0,asm,10000+20001,459.8252
gfx936,int8_w8a8_channel,torch.float16,14,256,7168,256,8,0,0,asm,10000+20001,493.1473
gfx936,int8_w8a8_channel,torch.float16,15,256,7168,256,8,0,0,asm,10001+20001,512.6842
gfx936,int8_w8a8_channel,torch.float16,16,256,7168,256,8,0,0,asm,10000+20001,528.9031
gfx936,int8_w8a8_channel,torch.float16,17,256,7168,256,8,0,0,asm,10000+20001,544.2181
gfx936,int8_w8a8_channel,torch.float16,18,256,7168,256,8,0,0,asm,10001+20001,569.5065
gfx936,int8_w8a8_channel,torch.float16,20,256,7168,256,8,0,0,asm,10000+20001,618.4751
gfx936,int8_w8a8_channel,torch.float16,24,256,7168,256,8,0,0,asm,10000+20001,709.7258
gfx936,int8_w8a8_channel,torch.float16,28,256,7168,256,8,0,0,asm,10000+20001,809.2237
gfx936,int8_w8a8_channel,torch.float16,32,256,7168,256,8,0,0,asm,10000+20001,864.8196
gfx936,int8_w8a8_channel,torch.float16,34,256,7168,256,8,0,0,asm,10000+20001,879.0063
gfx936,int8_w8a8_channel,torch.float16,36,256,7168,256,8,0,0,asm,10010+20001,908.7073
gfx936,int8_w8a8_channel,torch.float16,40,256,7168,256,8,0,0,asm,10000+20000,952.076
gfx936,int8_w8a8_channel,torch.float16,44,256,7168,256,8,0,0,asm,11000+21000,996.2529
gfx936,int8_w8a8_channel,torch.float16,48,256,7168,256,8,0,0,asm,10000+20000,1022.4591
gfx936,int8_w8a8_channel,torch.float16,56,256,7168,256,8,0,0,asm,11000+21000,1080.8678
gfx936,int8_w8a8_channel,torch.float16,64,256,7168,256,8,0,0,asm,11000+21000,1122.788
gfx936,int8_w8a8_channel,torch.float16,68,256,7168,256,8,0,0,asm,11000+21000,1136.0427
gfx936,int8_w8a8_channel,torch.float16,72,256,7168,256,8,0,0,asm,11000+21000,1163.3776
gfx936,int8_w8a8_channel,torch.float16,80,256,7168,256,8,0,0,asm,11000+21000,1201.1039
gfx936,int8_w8a8_channel,torch.float16,88,256,7168,256,8,0,0,asm,11000+21000,1241.1966
gfx936,int8_w8a8_channel,torch.float16,96,256,7168,256,8,0,0,asm,11000+21000,1260.2618
gfx936,int8_w8a8_channel,torch.float16,104,256,7168,256,8,0,0,asm,11000+21000,1273.7944
gfx936,int8_w8a8_channel,torch.float16,112,256,7168,256,8,0,0,asm,11000+21001,1286.4258
gfx936,int8_w8a8_channel,torch.float16,128,256,7168,256,8,0,0,asm,11000+21000,1321.8448
gfx936,int8_w8a8_channel,torch.float16,144,256,7168,256,8,0,0,asm,10010+20001,1338.8132
gfx936,int8_w8a8_channel,torch.float16,160,256,7168,256,8,0,0,asm,11000+21000,1357.4742
gfx936,int8_w8a8_channel,torch.float16,192,256,7168,256,8,0,0,asm,10010+20001,1372.8173
gfx936,int8_w8a8_channel,torch.float16,224,256,7168,256,8,0,0,asm,10010+20001,1399.2174
gfx936,int8_w8a8_channel,torch.float16,256,256,7168,256,8,0,0,asm,10010+20001,1403.5626
gfx936,int8_w8a8_channel,torch.float16,320,256,7168,256,8,0,0,asm,10010+20001,1447.9416
gfx936,int8_w8a8_channel,torch.float16,384,256,7168,256,8,0,0,asm,11000+21001,1475.1079
gfx936,int8_w8a8_channel,torch.float16,448,256,7168,256,8,0,0,asm,10013+20001,1487.9921
gfx936,int8_w8a8_channel,torch.float16,512,256,7168,256,8,0,0,asm,10013+20001,1500.4553
gfx936,int8_w8a8_channel,torch.float16,576,256,7168,256,8,0,0,asm,10013+20001,1573.1711
gfx936,int8_w8a8_channel,torch.float16,640,256,7168,256,8,0,0,asm,10011+20001,1601.2554
gfx936,int8_w8a8_channel,torch.float16,704,256,7168,256,8,0,0,asm,11001+21001,1633.8197
gfx936,int8_w8a8_channel,torch.float16,768,256,7168,256,8,0,0,asm,10011+20001,1668.1186
gfx936,int8_w8a8_channel,torch.float16,832,256,7168,256,8,0,0,asm,11006+21001,1701.5249
gfx936,int8_w8a8_channel,torch.float16,896,256,7168,256,8,0,0,asm,11006+21001,1721.0365
gfx936,int8_w8a8_channel,torch.float16,960,256,7168,256,8,0,0,asm,11007+21001,1727.6049
gfx936,int8_w8a8_channel,torch.float16,1024,256,7168,256,8,0,0,asm,11007+21001,1738.0049
gfx936,int8_w8a8_channel,torch.float16,1152,256,7168,256,8,0,0,asm,12004+22001,1793.9292
gfx936,int8_w8a8_channel,torch.float16,1280,256,7168,256,8,0,0,asm,11005+21001,1868.9946
gfx936,int8_w8a8_channel,torch.float16,1408,256,7168,256,8,0,0,asm,11005+21001,1902.3756
gfx936,int8_w8a8_channel,torch.float16,1536,256,7168,256,8,0,0,asm,11005+21001,1928.0683
gfx936,int8_w8a8_channel,torch.float16,1664,256,7168,256,8,0,0,asm,11005+21001,2025.9967
gfx936,int8_w8a8_channel,torch.float16,1792,256,7168,256,8,0,0,asm,12004+22001,2038.5442
gfx936,int8_w8a8_channel,torch.float16,1920,256,7168,256,8,0,0,asm,12000+22001,2154.157
gfx936,int8_w8a8_channel,torch.float16,2048,256,7168,256,8,0,0,asm,13000+23001,2193.4244
gfx936,int8_w8a8_channel,torch.float16,2304,256,7168,256,8,0,0,asm,13000+23001,2250.4602
gfx936,int8_w8a8_channel,torch.float16,2560,256,7168,256,8,0,0,asm,13000+23001,2375.4793
gfx936,int8_w8a8_channel,torch.float16,2816,256,7168,256,8,0,0,asm,13000+23001,2459.2772
gfx936,int8_w8a8_channel,torch.float16,3072,256,7168,256,8,0,0,asm,13000+23001,2531.6057
gfx936,int8_w8a8_channel,torch.float16,3328,256,7168,256,8,0,0,asm,13000+23001,2618.5448
gfx936,int8_w8a8_channel,torch.float16,3584,256,7168,256,8,0,0,asm,13001+23001,2755.9934
gfx936,int8_w8a8_channel,torch.float16,3840,256,7168,256,8,0,0,asm,12001+22001,2926.2758
gfx936,int8_w8a8_channel,torch.float16,4096,256,7168,256,8,0,0,asm,13001+23001,3090.1328
gfx936,int8_w8a8_channel,torch.float16,4608,256,7168,256,8,0,0,asm,12001+22001,3489.0469
gfx936,int8_w8a8_channel,torch.float16,5120,256,7168,256,8,0,0,asm,13001+23001,3676.4831
gfx936,int8_w8a8_channel,torch.float16,5632,256,7168,256,8,0,0,asm,13001+23001,3816.7864
gfx936,int8_w8a8_channel,torch.float16,6144,256,7168,256,8,0,0,asm,13001+23001,3877.2412
gfx936,int8_w8a8_channel,torch.float16,6656,256,7168,256,8,0,0,asm,13001+23001,4027.0604
gfx936,int8_w8a8_channel,torch.float16,7168,256,7168,256,8,0,0,asm,13001+23001,4210.3786
gfx936,int8_w8a8_channel,torch.float16,7680,256,7168,256,8,0,0,asm,13001+23001,4462.4463
gfx936,int8_w8a8_channel,torch.float16,8192,256,7168,256,8,0,0,asm,13001+23001,4854.6321
gfx936,int8_w8a8_channel,torch.float16,10240,256,7168,256,8,0,0,asm,13001+23001,6054.3389
gfx936,int8_w8a8_channel,torch.float16,12288,256,7168,256,8,0,0,asm,13001+23001,6973.4562
gfx936,int8_w8a8_channel,torch.float16,14336,256,7168,256,8,0,0,asm,13001+23001,8029.3144
gfx936,int8_w8a8_channel,torch.float16,16384,256,7168,256,8,0,0,asm,13001+23001,8966.4444
gfx936,int8_w8a8_channel,torch.float16,17408,256,7168,256,8,0,0,asm,13001+23001,9653.696
gfx936,int8_w8a8_channel,torch.float16,24576,256,7168,256,8,0,0,asm,13001+23001,13175.2086
gfx936,int8_w8a8_channel,torch.float16,32768,256,7168,256,8,0,0,asm,13001+23001,17363.5772
gfx936,int8_w8a8_channel,torch.float16,40960,256,7168,256,8,0,0,asm,13001+23001,21369.1494
gfx936,int8_w8a8_channel,torch.float16,49152,256,7168,256,8,0,0,asm,13001+23001,25515.9519
gfx938,int8_w8a8_channel,torch.float16,1,128,7168,256,8,0,0,asm,10001+20101,63.2618
gfx938,int8_w8a8_channel,torch.float16,2,128,7168,256,8,0,0,asm,10002+20102,75.6895
gfx938,int8_w8a8_channel,torch.float16,3,128,7168,256,8,0,0,asm,10008+20102,87.3309
gfx938,int8_w8a8_channel,torch.float16,4,128,7168,256,8,0,0,asm,10008+20102,104.9443
gfx938,int8_w8a8_channel,torch.float16,5,128,7168,256,8,0,0,asm,10011+20102,131.5369
gfx938,int8_w8a8_channel,torch.float16,6,128,7168,256,8,0,0,asm,10011+20102,131.738
gfx938,int8_w8a8_channel,torch.float16,7,128,7168,256,8,0,0,asm,10011+20102,139.7052
gfx938,int8_w8a8_channel,torch.float16,8,128,7168,256,8,0,0,asm,10011+20102,147.422
gfx938,int8_w8a8_channel,torch.float16,9,128,7168,256,8,0,0,asm,10011+20102,160.4928
gfx938,int8_w8a8_channel,torch.float16,10,128,7168,256,8,0,0,asm,10013+20102,171.5614
gfx938,int8_w8a8_channel,torch.float16,11,128,7168,256,8,0,0,asm,10002+20102,201.6002
gfx938,int8_w8a8_channel,torch.float16,12,128,7168,256,8,0,0,asm,10002+20102,204.5267
gfx938,int8_w8a8_channel,torch.float16,13,128,7168,256,8,0,0,asm,10002+20102,209.5141
gfx938,int8_w8a8_channel,torch.float16,14,128,7168,256,8,0,0,asm,10008+20102,219.6596
gfx938,int8_w8a8_channel,torch.float16,15,128,7168,256,8,0,0,asm,10008+20102,222.4576
gfx938,int8_w8a8_channel,torch.float16,16,128,7168,256,8,0,0,asm,10008+20102,226.195
gfx938,int8_w8a8_channel,torch.float16,17,128,7168,256,8,0,0,asm,10009+20102,228.1325
gfx938,int8_w8a8_channel,torch.float16,18,128,7168,256,8,0,0,asm,10008+20102,236.953
gfx938,int8_w8a8_channel,torch.float16,20,128,7168,256,8,0,0,asm,10011+20102,258.4297
gfx938,int8_w8a8_channel,torch.float16,24,128,7168,256,8,0,0,asm,10012+20102,281.8882
gfx938,int8_w8a8_channel,torch.float16,28,128,7168,256,8,0,0,asm,10002+20102,335.2694
gfx938,int8_w8a8_channel,torch.float16,32,128,7168,256,8,0,0,asm,10002+20102,347.0314
gfx938,int8_w8a8_channel,torch.float16,34,128,7168,256,8,0,0,asm,10002+20102,340.4068
gfx938,int8_w8a8_channel,torch.float16,36,128,7168,256,8,0,0,asm,10002+20102,350.6017
gfx938,int8_w8a8_channel,torch.float16,40,128,7168,256,8,0,0,asm,10002+20102,371.7133
gfx938,int8_w8a8_channel,torch.float16,44,128,7168,256,8,0,0,asm,10002+20102,381.5184
gfx938,int8_w8a8_channel,torch.float16,48,128,7168,256,8,0,0,asm,10002+20102,387.3112
gfx938,int8_w8a8_channel,torch.float16,56,128,7168,256,8,0,0,asm,10013+20102,404.4723
gfx938,int8_w8a8_channel,torch.float16,64,128,7168,256,8,0,0,asm,10002+20102,426.9911
gfx938,int8_w8a8_channel,torch.float16,68,128,7168,256,8,0,0,asm,10001+20102,446.2539
gfx938,int8_w8a8_channel,torch.float16,72,128,7168,256,8,0,0,asm,10001+20102,455.8723
gfx938,int8_w8a8_channel,torch.float16,80,128,7168,256,8,0,0,asm,10002+20101,460.7386
gfx938,int8_w8a8_channel,torch.float16,88,128,7168,256,8,0,0,asm,10002+20102,462.5899
gfx938,int8_w8a8_channel,torch.float16,96,128,7168,256,8,0,0,asm,10002+20102,462.8021
gfx938,int8_w8a8_channel,torch.float16,104,128,7168,256,8,0,0,asm,10002+20102,478.4371
gfx938,int8_w8a8_channel,torch.float16,112,128,7168,256,8,0,0,asm,10002+20102,481.4893
gfx938,int8_w8a8_channel,torch.float16,128,128,7168,256,8,0,0,asm,10002+20102,487.6923
gfx938,int8_w8a8_channel,torch.float16,144,128,7168,256,8,0,0,asm,10002+20102,509.8789
gfx938,int8_w8a8_channel,torch.float16,160,128,7168,256,8,0,0,asm,10002+20102,515.3517
gfx938,int8_w8a8_channel,torch.float16,192,128,7168,256,8,0,0,asm,10002+20102,519.5833
gfx938,int8_w8a8_channel,torch.float16,224,128,7168,256,8,0,0,asm,10002+20102,527.8664
gfx938,int8_w8a8_channel,torch.float16,256,128,7168,256,8,0,0,asm,10002+20102,536.3813
gfx938,int8_w8a8_channel,torch.float16,320,128,7168,256,8,0,0,asm,10002+20102,555.8232
gfx938,int8_w8a8_channel,torch.float16,384,128,7168,256,8,0,0,asm,10012+20102,565.3493
gfx938,int8_w8a8_channel,torch.float16,448,128,7168,256,8,0,0,asm,11005+21102,610.3871
gfx938,int8_w8a8_channel,torch.float16,512,128,7168,256,8,0,0,asm,11005+21102,633.7347
gfx938,int8_w8a8_channel,torch.float16,576,128,7168,256,8,0,0,asm,11005+21102,684.5777
gfx938,int8_w8a8_channel,torch.float16,640,128,7168,256,8,0,0,asm,11005+21102,659.4904
gfx938,int8_w8a8_channel,torch.float16,704,128,7168,256,8,0,0,asm,11005+21102,667.2115
gfx938,int8_w8a8_channel,torch.float16,768,128,7168,256,8,0,0,asm,11003+21102,675.0842
gfx938,int8_w8a8_channel,torch.float16,832,128,7168,256,8,0,0,asm,11005+21102,688.4298
gfx938,int8_w8a8_channel,torch.float16,896,128,7168,256,8,0,0,asm,11005+21102,755.3507
gfx938,int8_w8a8_channel,torch.float16,960,128,7168,256,8,0,0,asm,11005+21102,763.7894
gfx938,int8_w8a8_channel,torch.float16,1024,128,7168,256,8,0,0,asm,11005+21102,841.7542
gfx938,int8_w8a8_channel,torch.float16,1152,128,7168,256,8,0,0,asm,12001+22001,977.5854
gfx938,int8_w8a8_channel,torch.float16,1280,128,7168,256,8,0,0,asm,12005+22001,969.4833
gfx938,int8_w8a8_channel,torch.float16,1408,128,7168,256,8,0,0,asm,12005+22001,1002.1966
gfx938,int8_w8a8_channel,torch.float16,1536,128,7168,256,8,0,0,asm,12003+22001,1033.5221
gfx938,int8_w8a8_channel,torch.float16,1664,128,7168,256,8,0,0,asm,12001+22001,1052.5143
gfx938,int8_w8a8_channel,torch.float16,1792,128,7168,256,8,0,0,asm,12001+22001,1151.6113
gfx938,int8_w8a8_channel,torch.float16,1920,128,7168,256,8,0,0,asm,12003+22101,1179.0246
gfx938,int8_w8a8_channel,torch.float16,2048,128,7168,256,8,0,0,asm,12001+22101,1328.5704
gfx938,int8_w8a8_channel,torch.float16,2304,128,7168,256,8,0,0,asm,13001+23001,1517.2547
gfx938,int8_w8a8_channel,torch.float16,2560,128,7168,256,8,0,0,asm,13001+23001,1572.8933
gfx938,int8_w8a8_channel,torch.float16,2816,128,7168,256,8,0,0,asm,13001+23001,1606.6615
gfx938,int8_w8a8_channel,torch.float16,3072,128,7168,256,8,0,0,asm,13001+23001,1634.9778
gfx938,int8_w8a8_channel,torch.float16,3328,128,7168,256,8,0,0,asm,13001+23001,1700.3595
gfx938,int8_w8a8_channel,torch.float16,3584,128,7168,256,8,0,0,asm,13001+23001,1774.1847
gfx938,int8_w8a8_channel,torch.float16,3840,128,7168,256,8,0,0,asm,13001+23001,1987.5334
gfx938,int8_w8a8_channel,torch.float16,4096,128,7168,256,8,0,0,asm,12001+22101,2207.8893
gfx938,int8_w8a8_channel,torch.float16,4608,128,7168,256,8,0,0,asm,12001+22101,2549.7134
gfx938,int8_w8a8_channel,torch.float16,5120,128,7168,256,8,0,0,asm,12001+22101,2702.7999
gfx938,int8_w8a8_channel,torch.float16,5632,128,7168,256,8,0,0,asm,12001+22101,2874.6924
gfx938,int8_w8a8_channel,torch.float16,6144,128,7168,256,8,0,0,asm,13001+23101,3113.1382
gfx938,int8_w8a8_channel,torch.float16,6656,128,7168,256,8,0,0,asm,13001+23100,3219.0612
gfx938,int8_w8a8_channel,torch.float16,7168,128,7168,256,8,0,0,asm,13001+23101,3310.4812
gfx938,int8_w8a8_channel,torch.float16,7680,128,7168,256,8,0,0,asm,13001+23101,3438.692
gfx938,int8_w8a8_channel,torch.float16,8192,128,7168,256,8,0,0,asm,13001+23101,3769.0124
gfx938,int8_w8a8_channel,torch.float16,10240,128,7168,256,8,0,0,asm,13001+23101,4589.1196
gfx938,int8_w8a8_channel,torch.float16,12288,128,7168,256,8,0,0,asm,13001+23101,5414.4453
gfx938,int8_w8a8_channel,torch.float16,14336,128,7168,256,8,0,0,asm,13001+23101,6272.9851
gfx938,int8_w8a8_channel,torch.float16,16384,128,7168,256,8,0,0,asm,13001+23101,6928.7073
gfx938,int8_w8a8_channel,torch.float16,17408,128,7168,256,8,0,0,asm,13001+23101,7446.1985
gfx938,int8_w8a8_channel,torch.float16,24576,128,7168,256,8,0,0,asm,13001+23101,10133.096
gfx938,int8_w8a8_channel,torch.float16,32768,128,7168,256,8,0,0,asm,13001+23101,13291.5275
gfx938,int8_w8a8_channel,torch.float16,40960,128,7168,256,8,0,0,asm,13001+23001,16935.810124
gfx938,int8_w8a8_channel,torch.float16,49152,128,7168,256,8,0,0,asm,13001+23001,20232.764209
gfx938,int8_w8a8_channel,torch.float16,57344,128,7168,256,8,0,0,asm,13001+23001,23496.568242
gfx938,int8_w8a8_channel,torch.float16,65536,128,7168,256,8,0,0,asm,13001+23001,26730.332226
gfx938,int8_w8a8_channel,torch.float16,1,256,7168,256,8,0,0,asm,10002+20001,69.8059
gfx938,int8_w8a8_channel,torch.float16,2,256,7168,256,8,0,0,asm,10008+20001,105.3216
gfx938,int8_w8a8_channel,torch.float16,3,256,7168,256,8,0,0,asm,10011+20001,137.0302
gfx938,int8_w8a8_channel,torch.float16,4,256,7168,256,8,0,0,asm,10011+20001,166.402
gfx938,int8_w8a8_channel,torch.float16,5,256,7168,256,8,0,0,asm,10002+20001,199.3649
gfx938,int8_w8a8_channel,torch.float16,6,256,7168,256,8,0,0,asm,10008+20001,216.123
gfx938,int8_w8a8_channel,torch.float16,7,256,7168,256,8,0,0,asm,10008+20001,232.9755
gfx938,int8_w8a8_channel,torch.float16,8,256,7168,256,8,0,0,asm,10011+20001,248.2603
gfx938,int8_w8a8_channel,torch.float16,9,256,7168,256,8,0,0,asm,10011+20001,265.2203
gfx938,int8_w8a8_channel,torch.float16,10,256,7168,256,8,0,0,asm,10011+20001,282.6291
gfx938,int8_w8a8_channel,torch.float16,11,256,7168,256,8,0,0,asm,10002+20001,310.1867
gfx938,int8_w8a8_channel,torch.float16,12,256,7168,256,8,0,0,asm,10002+20001,321.9316
gfx938,int8_w8a8_channel,torch.float16,13,256,7168,256,8,0,0,asm,10008+20001,338.8822
gfx938,int8_w8a8_channel,torch.float16,14,256,7168,256,8,0,0,asm,10002+20001,358.7315
gfx938,int8_w8a8_channel,torch.float16,15,256,7168,256,8,0,0,asm,10011+20001,368.3992
gfx938,int8_w8a8_channel,torch.float16,16,256,7168,256,8,0,0,asm,10011+20001,378.1179
gfx938,int8_w8a8_channel,torch.float16,17,256,7168,256,8,0,0,asm,10011+20001,381.3561
gfx938,int8_w8a8_channel,torch.float16,18,256,7168,256,8,0,0,asm,10011+20001,397.2116
gfx938,int8_w8a8_channel,torch.float16,20,256,7168,256,8,0,0,asm,10002+20001,431.1681
gfx938,int8_w8a8_channel,torch.float16,24,256,7168,256,8,0,0,asm,10011+20001,479.9186
gfx938,int8_w8a8_channel,torch.float16,28,256,7168,256,8,0,0,asm,10002+20001,552.5507
gfx938,int8_w8a8_channel,torch.float16,32,256,7168,256,8,0,0,asm,10011+20001,587.4382
gfx938,int8_w8a8_channel,torch.float16,34,256,7168,256,8,0,0,asm,10011+20001,579.5075
gfx938,int8_w8a8_channel,torch.float16,36,256,7168,256,8,0,0,asm,10011+20001,600.686
gfx938,int8_w8a8_channel,torch.float16,40,256,7168,256,8,0,0,asm,10002+20001,623.1973
gfx938,int8_w8a8_channel,torch.float16,44,256,7168,256,8,0,0,asm,10002+20001,651.7723
gfx938,int8_w8a8_channel,torch.float16,48,256,7168,256,8,0,0,asm,10002+20001,663.6823
gfx938,int8_w8a8_channel,torch.float16,56,256,7168,256,8,0,0,asm,10002+20001,699.227
gfx938,int8_w8a8_channel,torch.float16,64,256,7168,256,8,0,0,asm,10002+20001,718.8464
gfx938,int8_w8a8_channel,torch.float16,68,256,7168,256,8,0,0,asm,10002+20001,727.4162
gfx938,int8_w8a8_channel,torch.float16,72,256,7168,256,8,0,0,asm,10002+20000,752.4242
gfx938,int8_w8a8_channel,torch.float16,80,256,7168,256,8,0,0,asm,10002+20001,798.6361
gfx938,int8_w8a8_channel,torch.float16,88,256,7168,256,8,0,0,asm,10011+20001,803.9207
gfx938,int8_w8a8_channel,torch.float16,96,256,7168,256,8,0,0,asm,10011+20001,797.7572
gfx938,int8_w8a8_channel,torch.float16,104,256,7168,256,8,0,0,asm,10002+20001,817.8816
gfx938,int8_w8a8_channel,torch.float16,112,256,7168,256,8,0,0,asm,10011+20001,819.8212
gfx938,int8_w8a8_channel,torch.float16,128,256,7168,256,8,0,0,asm,10002+20001,836.1965
gfx938,int8_w8a8_channel,torch.float16,144,256,7168,256,8,0,0,asm,10002+20001,844.6419
gfx938,int8_w8a8_channel,torch.float16,160,256,7168,256,8,0,0,asm,10002+20001,861.065
gfx938,int8_w8a8_channel,torch.float16,192,256,7168,256,8,0,0,asm,10002+20001,870.0983
gfx938,int8_w8a8_channel,torch.float16,224,256,7168,256,8,0,0,asm,10002+20001,904.8108
gfx938,int8_w8a8_channel,torch.float16,256,256,7168,256,8,0,0,asm,10002+20001,900.3962
gfx938,int8_w8a8_channel,torch.float16,320,256,7168,256,8,0,0,asm,10011+20001,938.3914
gfx938,int8_w8a8_channel,torch.float16,384,256,7168,256,8,0,0,asm,10011+20001,950.1246
gfx938,int8_w8a8_channel,torch.float16,448,256,7168,256,8,0,0,asm,11005+21001,991.3086
gfx938,int8_w8a8_channel,torch.float16,512,256,7168,256,8,0,0,asm,11005+21001,1024.873
gfx938,int8_w8a8_channel,torch.float16,576,256,7168,256,8,0,0,asm,11003+21001,1085.3904
gfx938,int8_w8a8_channel,torch.float16,640,256,7168,256,8,0,0,asm,11005+21001,1064.9267
gfx938,int8_w8a8_channel,torch.float16,704,256,7168,256,8,0,0,asm,11005+21001,1082.1236
gfx938,int8_w8a8_channel,torch.float16,768,256,7168,256,8,0,0,asm,11003+21001,1086.2148
gfx938,int8_w8a8_channel,torch.float16,832,256,7168,256,8,0,0,asm,11005+21001,1118.0076
gfx938,int8_w8a8_channel,torch.float16,896,256,7168,256,8,0,0,asm,11005+21001,1177.0868
gfx938,int8_w8a8_channel,torch.float16,960,256,7168,256,8,0,0,asm,11005+21001,1261.5258
gfx938,int8_w8a8_channel,torch.float16,1024,256,7168,256,8,0,0,asm,12001+22001,1321.1087
gfx938,int8_w8a8_channel,torch.float16,1152,256,7168,256,8,0,0,asm,12001+22001,1378.0109
gfx938,int8_w8a8_channel,torch.float16,1280,256,7168,256,8,0,0,asm,12001+22001,1392.1021
gfx938,int8_w8a8_channel,torch.float16,1408,256,7168,256,8,0,0,asm,12001+22001,1430.3588
gfx938,int8_w8a8_channel,torch.float16,1536,256,7168,256,8,0,0,asm,12001+22001,1464.291
gfx938,int8_w8a8_channel,torch.float16,1664,256,7168,256,8,0,0,asm,12003+22001,1505.5708
gfx938,int8_w8a8_channel,torch.float16,1792,256,7168,256,8,0,0,asm,12001+22001,1589.9691
gfx938,int8_w8a8_channel,torch.float16,1920,256,7168,256,8,0,0,asm,12001+22001,1632.3197
gfx938,int8_w8a8_channel,torch.float16,2048,256,7168,256,8,0,0,asm,12001+22001,1866.2468
gfx938,int8_w8a8_channel,torch.float16,2304,256,7168,256,8,0,0,asm,13001+23001,2048.1579
gfx938,int8_w8a8_channel,torch.float16,2560,256,7168,256,8,0,0,asm,13001+23001,2092.4777
gfx938,int8_w8a8_channel,torch.float16,2816,256,7168,256,8,0,0,asm,13001+23001,2139.2016
gfx938,int8_w8a8_channel,torch.float16,3072,256,7168,256,8,0,0,asm,13001+23001,2186.3933
gfx938,int8_w8a8_channel,torch.float16,3328,256,7168,256,8,0,0,asm,13001+23001,2256.4647
gfx938,int8_w8a8_channel,torch.float16,3584,256,7168,256,8,0,0,asm,13001+23001,2336.6121
gfx938,int8_w8a8_channel,torch.float16,3840,256,7168,256,8,0,0,asm,13001+23001,2576.566
gfx938,int8_w8a8_channel,torch.float16,4096,256,7168,256,8,0,0,asm,13001+23001,2972.2115
gfx938,int8_w8a8_channel,torch.float16,4608,256,7168,256,8,0,0,asm,12001+22001,3615.1791
gfx938,int8_w8a8_channel,torch.float16,5120,256,7168,256,8,0,0,asm,12001+22001,3819.4244
gfx938,int8_w8a8_channel,torch.float16,5632,256,7168,256,8,0,0,asm,12001+22001,4030.1803
gfx938,int8_w8a8_channel,torch.float16,6144,256,7168,256,8,0,0,asm,13001+23001,4172.1696
gfx938,int8_w8a8_channel,torch.float16,6656,256,7168,256,8,0,0,asm,13001+23001,4255.9334
gfx938,int8_w8a8_channel,torch.float16,7168,256,7168,256,8,0,0,asm,13001+23001,4370.7083
gfx938,int8_w8a8_channel,torch.float16,7680,256,7168,256,8,0,0,asm,13001+23001,4623.5482
gfx938,int8_w8a8_channel,torch.float16,8192,256,7168,256,8,0,0,asm,13001+23001,5132.8724
gfx938,int8_w8a8_channel,torch.float16,10240,256,7168,256,8,0,0,asm,13001+23001,6291.0284
gfx938,int8_w8a8_channel,torch.float16,12288,256,7168,256,8,0,0,asm,13001+23001,7314.9996
gfx938,int8_w8a8_channel,torch.float16,14336,256,7168,256,8,0,0,asm,13001+23001,8463.126
gfx938,int8_w8a8_channel,torch.float16,16384,256,7168,256,8,0,0,asm,13001+23001,9513.7307
gfx938,int8_w8a8_channel,torch.float16,17408,256,7168,256,8,0,0,asm,13001+23001,10340.0984
gfx938,int8_w8a8_channel,torch.float16,24576,256,7168,256,8,0,0,asm,13001+23001,13947.7674
gfx938,int8_w8a8_channel,torch.float16,32768,256,7168,256,8,0,0,asm,13001+23001,18301.4314
gfx938,int8_w8a8_channel,torch.float16,40960,256,7168,256,8,0,0,asm,13001+23001,22619.4892
gfx938,int8_w8a8_channel,torch.float16,49152,256,7168,256,8,0,0,asm,13001+23001,26910.4336
gfx938,int8_w8a8_channel,torch.float16,57344,256,7168,256,8,0,0,asm,13001+23001,31283.1318
gfx938,int8_w8a8_channel,torch.float16,65536,256,7168,256,8,0,0,asm,13001+23001,35592.7466
gfx938,f8_w8a8_channel,torch.float16,1,128,7168,256,8,0,0,asm,10000+20101,61.4201
gfx938,f8_w8a8_channel,torch.float16,2,128,7168,256,8,0,0,asm,10002+20102,74.3393
gfx938,f8_w8a8_channel,torch.float16,3,128,7168,256,8,0,0,asm,10009+20102,87.5437
gfx938,f8_w8a8_channel,torch.float16,4,128,7168,256,8,0,0,asm,10009+20102,104.5218
gfx938,f8_w8a8_channel,torch.float16,5,128,7168,256,8,0,0,asm,10011+20102,131.6919
gfx938,f8_w8a8_channel,torch.float16,6,128,7168,256,8,0,0,asm,10011+20102,136.3617
gfx938,f8_w8a8_channel,torch.float16,7,128,7168,256,8,0,0,asm,10011+20102,140.4929
gfx938,f8_w8a8_channel,torch.float16,8,128,7168,256,8,0,0,asm,10011+20102,146.7534
gfx938,f8_w8a8_channel,torch.float16,9,128,7168,256,8,0,0,asm,10011+20102,162.0682
gfx938,f8_w8a8_channel,torch.float16,10,128,7168,256,8,0,0,asm,10013+20102,174.0107
gfx938,f8_w8a8_channel,torch.float16,11,128,7168,256,8,0,0,asm,10002+20102,203.5942
gfx938,f8_w8a8_channel,torch.float16,12,128,7168,256,8,0,0,asm,10002+20102,207.1347
gfx938,f8_w8a8_channel,torch.float16,13,128,7168,256,8,0,0,asm,10002+20102,209.305
gfx938,f8_w8a8_channel,torch.float16,14,128,7168,256,8,0,0,asm,10008+20102,219.6352
gfx938,f8_w8a8_channel,torch.float16,15,128,7168,256,8,0,0,asm,10008+20102,221.8342
gfx938,f8_w8a8_channel,torch.float16,16,128,7168,256,8,0,0,asm,10009+20102,226.0433
gfx938,f8_w8a8_channel,torch.float16,17,128,7168,256,8,0,0,asm,10008+20102,228.4813
gfx938,f8_w8a8_channel,torch.float16,18,128,7168,256,8,0,0,asm,10002+20102,237.708
gfx938,f8_w8a8_channel,torch.float16,20,128,7168,256,8,0,0,asm,10011+20102,259.1725
gfx938,f8_w8a8_channel,torch.float16,24,128,7168,256,8,0,0,asm,10013+20102,281.3468
gfx938,f8_w8a8_channel,torch.float16,28,128,7168,256,8,0,0,asm,10002+20102,336.0654
gfx938,f8_w8a8_channel,torch.float16,32,128,7168,256,8,0,0,asm,10002+20102,349.288
gfx938,f8_w8a8_channel,torch.float16,34,128,7168,256,8,0,0,asm,10002+20102,337.0594
gfx938,f8_w8a8_channel,torch.float16,36,128,7168,256,8,0,0,asm,10002+20102,348.8132
gfx938,f8_w8a8_channel,torch.float16,40,128,7168,256,8,0,0,asm,10002+20102,369.2685
gfx938,f8_w8a8_channel,torch.float16,44,128,7168,256,8,0,0,asm,10002+20102,383.8079
gfx938,f8_w8a8_channel,torch.float16,48,128,7168,256,8,0,0,asm,10002+20102,388.2017
gfx938,f8_w8a8_channel,torch.float16,56,128,7168,256,8,0,0,asm,10002+20102,406.815
gfx938,f8_w8a8_channel,torch.float16,64,128,7168,256,8,0,0,asm,10002+20102,431.9513
gfx938,f8_w8a8_channel,torch.float16,68,128,7168,256,8,0,0,asm,10002+20102,465.6659
gfx938,f8_w8a8_channel,torch.float16,72,128,7168,256,8,0,0,asm,10001+20001,467.1784
gfx938,f8_w8a8_channel,torch.float16,80,128,7168,256,8,0,0,asm,10002+20102,454.265
gfx938,f8_w8a8_channel,torch.float16,88,128,7168,256,8,0,0,asm,10002+20102,466.2786
gfx938,f8_w8a8_channel,torch.float16,96,128,7168,256,8,0,0,asm,10002+20102,466.5357
gfx938,f8_w8a8_channel,torch.float16,104,128,7168,256,8,0,0,asm,10002+20102,476.3777
gfx938,f8_w8a8_channel,torch.float16,112,128,7168,256,8,0,0,asm,10002+20102,478.2608
gfx938,f8_w8a8_channel,torch.float16,128,128,7168,256,8,0,0,asm,10002+20102,491.1387
gfx938,f8_w8a8_channel,torch.float16,144,128,7168,256,8,0,0,asm,10002+20102,502.7711
gfx938,f8_w8a8_channel,torch.float16,160,128,7168,256,8,0,0,asm,10002+20102,516.1437
gfx938,f8_w8a8_channel,torch.float16,192,128,7168,256,8,0,0,asm,10002+20102,519.8894
gfx938,f8_w8a8_channel,torch.float16,224,128,7168,256,8,0,0,asm,10002+20102,532.9433
gfx938,f8_w8a8_channel,torch.float16,256,128,7168,256,8,0,0,asm,10002+20102,535.2698
gfx938,f8_w8a8_channel,torch.float16,320,128,7168,256,8,0,0,asm,10002+20102,559.5246
gfx938,f8_w8a8_channel,torch.float16,384,128,7168,256,8,0,0,asm,10011+20102,571.1548
gfx938,f8_w8a8_channel,torch.float16,448,128,7168,256,8,0,0,asm,11005+21102,612.7505
gfx938,f8_w8a8_channel,torch.float16,512,128,7168,256,8,0,0,asm,11007+21102,634.4969
gfx938,f8_w8a8_channel,torch.float16,576,128,7168,256,8,0,0,asm,11007+21102,681.9113
gfx938,f8_w8a8_channel,torch.float16,640,128,7168,256,8,0,0,asm,11005+21102,662.978
gfx938,f8_w8a8_channel,torch.float16,704,128,7168,256,8,0,0,asm,11005+21102,672.4385
gfx938,f8_w8a8_channel,torch.float16,768,128,7168,256,8,0,0,asm,11007+21102,690.7955
gfx938,f8_w8a8_channel,torch.float16,832,128,7168,256,8,0,0,asm,11005+21102,695.1789
gfx938,f8_w8a8_channel,torch.float16,896,128,7168,256,8,0,0,asm,11005+21102,753.6196
gfx938,f8_w8a8_channel,torch.float16,960,128,7168,256,8,0,0,asm,11005+21102,763.1376
gfx938,f8_w8a8_channel,torch.float16,1024,128,7168,256,8,0,0,asm,11003+21102,853.5372
gfx938,f8_w8a8_channel,torch.float16,1152,128,7168,256,8,0,0,asm,12001+22001,975.9654
gfx938,f8_w8a8_channel,torch.float16,1280,128,7168,256,8,0,0,asm,12001+22001,971.1162
gfx938,f8_w8a8_channel,torch.float16,1408,128,7168,256,8,0,0,asm,12005+22001,1000.0597
gfx938,f8_w8a8_channel,torch.float16,1536,128,7168,256,8,0,0,asm,12005+22001,1020.6874000000001
gfx938,f8_w8a8_channel,torch.float16,1664,128,7168,256,8,0,0,asm,12003+22001,1054.1529
gfx938,f8_w8a8_channel,torch.float16,1792,128,7168,256,8,0,0,asm,12001+22001,1156.2478
gfx938,f8_w8a8_channel,torch.float16,1920,128,7168,256,8,0,0,asm,12001+22001,1199.8661
gfx938,f8_w8a8_channel,torch.float16,2048,128,7168,256,8,0,0,asm,12001+22101,1344.1486
gfx938,f8_w8a8_channel,torch.float16,2304,128,7168,256,8,0,0,asm,13001+23001,1508.7961
gfx938,f8_w8a8_channel,torch.float16,2560,128,7168,256,8,0,0,asm,13001+23001,1546.9773
gfx938,f8_w8a8_channel,torch.float16,2816,128,7168,256,8,0,0,asm,13001+23001,1592.0286
gfx938,f8_w8a8_channel,torch.float16,3072,128,7168,256,8,0,0,asm,13001+23001,1634.9946
gfx938,f8_w8a8_channel,torch.float16,3328,128,7168,256,8,0,0,asm,13001+23001,1695.0105
gfx938,f8_w8a8_channel,torch.float16,3584,128,7168,256,8,0,0,asm,13001+23001,1754.4279
gfx938,f8_w8a8_channel,torch.float16,3840,128,7168,256,8,0,0,asm,13001+23001,1963.7276
gfx938,f8_w8a8_channel,torch.float16,4096,128,7168,256,8,0,0,asm,12001+22101,2231.6895
gfx938,f8_w8a8_channel,torch.float16,4608,128,7168,256,8,0,0,asm,12003+22101,2601.7681
gfx938,f8_w8a8_channel,torch.float16,5120,128,7168,256,8,0,0,asm,12001+22001,2735.0065
gfx938,f8_w8a8_channel,torch.float16,5632,128,7168,256,8,0,0,asm,12001+22001,2902.2632
gfx938,f8_w8a8_channel,torch.float16,6144,128,7168,256,8,0,0,asm,13001+23001,3103.9732
gfx938,f8_w8a8_channel,torch.float16,6656,128,7168,256,8,0,0,asm,13001+23001,3204.7276
gfx938,f8_w8a8_channel,torch.float16,7168,128,7168,256,8,0,0,asm,13001+23001,3293.3468
gfx938,f8_w8a8_channel,torch.float16,7680,128,7168,256,8,0,0,asm,13001+23001,3450.7
gfx938,f8_w8a8_channel,torch.float16,8192,128,7168,256,8,0,0,asm,13001+23101,3826.76
gfx938,f8_w8a8_channel,torch.float16,10240,128,7168,256,8,0,0,asm,13001+23101,4667.9011
gfx938,f8_w8a8_channel,torch.float16,12288,128,7168,256,8,0,0,asm,13001+23101,5498.0926
gfx938,f8_w8a8_channel,torch.float16,14336,128,7168,256,8,0,0,asm,13001+23001,6370.1259
gfx938,f8_w8a8_channel,torch.float16,16384,128,7168,256,8,0,0,asm,13001+23101,7049.5697
gfx938,f8_w8a8_channel,torch.float16,17408,128,7168,256,8,0,0,asm,13001+23101,7572.7029
gfx938,f8_w8a8_channel,torch.float16,24576,128,7168,256,8,0,0,asm,13001+23101,10339.622
gfx938,f8_w8a8_channel,torch.float16,32768,128,7168,256,8,0,0,asm,13001+23101,13538.5271
gfx938,f8_w8a8_channel,torch.float16,40960,128,7168,256,8,0,0,asm,13001+23001,16701.251753
gfx938,f8_w8a8_channel,torch.float16,49152,128,7168,256,8,0,0,asm,13001+23001,19934.551258
gfx938,f8_w8a8_channel,torch.float16,57344,128,7168,256,8,0,0,asm,13001+23001,23157.723412
gfx938,f8_w8a8_channel,torch.float16,65536,128,7168,256,8,0,0,asm,13001+23001,26368.729660
gfx938,f8_w8a8_channel,torch.float16,1,256,7168,256,8,0,0,asm,10002+20001,69.9253
gfx938,f8_w8a8_channel,torch.float16,2,256,7168,256,8,0,0,asm,10008+20001,103.5412
gfx938,f8_w8a8_channel,torch.float16,3,256,7168,256,8,0,0,asm,10011+20001,138.3292
gfx938,f8_w8a8_channel,torch.float16,4,256,7168,256,8,0,0,asm,10011+20001,165.8163
gfx938,f8_w8a8_channel,torch.float16,5,256,7168,256,8,0,0,asm,10001+20001,199.2916
gfx938,f8_w8a8_channel,torch.float16,6,256,7168,256,8,0,0,asm,10008+20001,215.6812
gfx938,f8_w8a8_channel,torch.float16,7,256,7168,256,8,0,0,asm,10008+20001,232.7508
gfx938,f8_w8a8_channel,torch.float16,8,256,7168,256,8,0,0,asm,10011+20001,247.9325
gfx938,f8_w8a8_channel,torch.float16,9,256,7168,256,8,0,0,asm,10011+20001,262.6708
gfx938,f8_w8a8_channel,torch.float16,10,256,7168,256,8,0,0,asm,10011+20001,283.1306
gfx938,f8_w8a8_channel,torch.float16,11,256,7168,256,8,0,0,asm,10002+20001,309.4865
gfx938,f8_w8a8_channel,torch.float16,12,256,7168,256,8,0,0,asm,10002+20001,321.3357
gfx938,f8_w8a8_channel,torch.float16,13,256,7168,256,8,0,0,asm,10008+20001,338.1219
gfx938,f8_w8a8_channel,torch.float16,14,256,7168,256,8,0,0,asm,10002+20001,358.7315
gfx938,f8_w8a8_channel,torch.float16,15,256,7168,256,8,0,0,asm,10011+20001,368.3992
gfx938,f8_w8a8_channel,torch.float16,16,256,7168,256,8,0,0,asm,10011+20001,378.1179
gfx938,f8_w8a8_channel,torch.float16,17,256,7168,256,8,0,0,asm,10011+20001,381.3561
gfx938,f8_w8a8_channel,torch.float16,18,256,7168,256,8,0,0,asm,10011+20001,397.2116
gfx938,f8_w8a8_channel,torch.float16,20,256,7168,256,8,0,0,asm,10002+20001,431.1681
gfx938,f8_w8a8_channel,torch.float16,24,256,7168,256,8,0,0,asm,10011+20001,479.9186
gfx938,f8_w8a8_channel,torch.float16,28,256,7168,256,8,0,0,asm,10002+20001,552.5507
gfx938,f8_w8a8_channel,torch.float16,32,256,7168,256,8,0,0,asm,10011+20001,587.4382
gfx938,f8_w8a8_channel,torch.float16,34,256,7168,256,8,0,0,asm,10011+20001,579.5075
gfx938,f8_w8a8_channel,torch.float16,36,256,7168,256,8,0,0,asm,10011+20001,600.686
gfx938,f8_w8a8_channel,torch.float16,40,256,7168,256,8,0,0,asm,10002+20001,623.1973
gfx938,f8_w8a8_channel,torch.float16,44,256,7168,256,8,0,0,asm,10002+20001,651.7723
gfx938,f8_w8a8_channel,torch.float16,48,256,7168,256,8,0,0,asm,10002+20001,663.6823
gfx938,f8_w8a8_channel,torch.float16,56,256,7168,256,8,0,0,asm,10002+20001,699.227
gfx938,f8_w8a8_channel,torch.float16,64,256,7168,256,8,0,0,asm,10002+20001,718.8464
gfx938,f8_w8a8_channel,torch.float16,68,256,7168,256,8,0,0,asm,10002+20001,727.4162
gfx938,f8_w8a8_channel,torch.float16,72,256,7168,256,8,0,0,asm,10002+20000,752.4242
gfx938,f8_w8a8_channel,torch.float16,80,256,7168,256,8,0,0,asm,10002+20001,798.6361
gfx938,f8_w8a8_channel,torch.float16,88,256,7168,256,8,0,0,asm,10011+20001,803.9207
gfx938,f8_w8a8_channel,torch.float16,96,256,7168,256,8,0,0,asm,10011+20001,797.7572
gfx938,f8_w8a8_channel,torch.float16,104,256,7168,256,8,0,0,asm,10002+20001,817.8816
gfx938,f8_w8a8_channel,torch.float16,112,256,7168,256,8,0,0,asm,10011+20001,819.8212
gfx938,f8_w8a8_channel,torch.float16,128,256,7168,256,8,0,0,asm,10002+20001,836.1965
gfx938,f8_w8a8_channel,torch.float16,144,256,7168,256,8,0,0,asm,10002+20001,844.6419
gfx938,f8_w8a8_channel,torch.float16,160,256,7168,256,8,0,0,asm,10002+20001,861.065
gfx938,f8_w8a8_channel,torch.float16,192,256,7168,256,8,0,0,asm,10002+20001,870.0983
gfx938,f8_w8a8_channel,torch.float16,224,256,7168,256,8,0,0,asm,10002+20001,904.8108
gfx938,f8_w8a8_channel,torch.float16,256,256,7168,256,8,0,0,asm,10002+20001,900.3962
gfx938,f8_w8a8_channel,torch.float16,320,256,7168,256,8,0,0,asm,10011+20001,938.3914
gfx938,f8_w8a8_channel,torch.float16,384,256,7168,256,8,0,0,asm,10011+20001,950.1246
gfx938,f8_w8a8_channel,torch.float16,448,256,7168,256,8,0,0,asm,11005+21001,991.3086
gfx938,f8_w8a8_channel,torch.float16,512,256,7168,256,8,0,0,asm,11005+21001,1024.873
gfx938,f8_w8a8_channel,torch.float16,576,256,7168,256,8,0,0,asm,11003+21001,1085.3904
gfx938,f8_w8a8_channel,torch.float16,640,256,7168,256,8,0,0,asm,11005+21001,1064.9267
gfx938,f8_w8a8_channel,torch.float16,704,256,7168,256,8,0,0,asm,11005+21001,1082.1236
gfx938,f8_w8a8_channel,torch.float16,768,256,7168,256,8,0,0,asm,11003+21001,1086.2148
gfx938,f8_w8a8_channel,torch.float16,832,256,7168,256,8,0,0,asm,11005+21001,1118.0076
gfx938,f8_w8a8_channel,torch.float16,896,256,7168,256,8,0,0,asm,11005+21001,1177.0868
gfx938,f8_w8a8_channel,torch.float16,960,256,7168,256,8,0,0,asm,11005+21001,1261.5258
gfx938,f8_w8a8_channel,torch.float16,1024,256,7168,256,8,0,0,asm,12001+22001,1321.1087
gfx938,f8_w8a8_channel,torch.float16,1152,256,7168,256,8,0,0,asm,12001+22001,1378.0109
gfx938,f8_w8a8_channel,torch.float16,1280,256,7168,256,8,0,0,asm,12001+22001,1392.1021
gfx938,f8_w8a8_channel,torch.float16,1408,256,7168,256,8,0,0,asm,12001+22001,1430.3588
gfx938,f8_w8a8_channel,torch.float16,1536,256,7168,256,8,0,0,asm,12001+22001,1464.291
gfx938,f8_w8a8_channel,torch.float16,1664,256,7168,256,8,0,0,asm,12003+22001,1505.5708
gfx938,f8_w8a8_channel,torch.float16,1792,256,7168,256,8,0,0,asm,12001+22001,1589.9691
gfx938,f8_w8a8_channel,torch.float16,1920,256,7168,256,8,0,0,asm,12001+22001,1632.3197
gfx938,f8_w8a8_channel,torch.float16,2048,256,7168,256,8,0,0,asm,12001+22001,1866.2468
gfx938,f8_w8a8_channel,torch.float16,2304,256,7168,256,8,0,0,asm,13001+23001,2048.1579
gfx938,f8_w8a8_channel,torch.float16,2560,256,7168,256,8,0,0,asm,13001+23001,2092.4777
gfx938,f8_w8a8_channel,torch.float16,2816,256,7168,256,8,0,0,asm,13001+23001,2139.2016
gfx938,f8_w8a8_channel,torch.float16,3072,256,7168,256,8,0,0,asm,13001+23001,2186.3933
gfx938,f8_w8a8_channel,torch.float16,3328,256,7168,256,8,0,0,asm,13001+23001,2256.4647
gfx938,f8_w8a8_channel,torch.float16,3584,256,7168,256,8,0,0,asm,13001+23001,2336.6121
gfx938,f8_w8a8_channel,torch.float16,3840,256,7168,256,8,0,0,asm,13001+23001,2576.566
gfx938,f8_w8a8_channel,torch.float16,4096,256,7168,256,8,0,0,asm,13001+23001,2972.2115
gfx938,f8_w8a8_channel,torch.float16,4608,256,7168,256,8,0,0,asm,12001+22001,3615.1791
gfx938,f8_w8a8_channel,torch.float16,5120,256,7168,256,8,0,0,asm,12001+22001,3819.4244
gfx938,f8_w8a8_channel,torch.float16,5632,256,7168,256,8,0,0,asm,12001+22001,4030.1803
gfx938,f8_w8a8_channel,torch.float16,6144,256,7168,256,8,0,0,asm,13001+23001,4172.1696
gfx938,f8_w8a8_channel,torch.float16,6656,256,7168,256,8,0,0,asm,13001+23001,4255.9334
gfx938,f8_w8a8_channel,torch.float16,7168,256,7168,256,8,0,0,asm,13001+23001,4370.7083
gfx938,f8_w8a8_channel,torch.float16,7680,256,7168,256,8,0,0,asm,13001+23001,4623.5482
gfx938,f8_w8a8_channel,torch.float16,8192,256,7168,256,8,0,0,asm,13001+23001,5132.8724
gfx938,f8_w8a8_channel,torch.float16,10240,256,7168,256,8,0,0,asm,13001+23001,6291.0284
gfx938,f8_w8a8_channel,torch.float16,12288,256,7168,256,8,0,0,asm,13001+23001,7314.9996
gfx938,f8_w8a8_channel,torch.float16,14336,256,7168,256,8,0,0,asm,13001+23001,8463.126
gfx938,f8_w8a8_channel,torch.float16,16384,256,7168,256,8,0,0,asm,13001+23001,9513.7307
gfx938,f8_w8a8_channel,torch.float16,17408,256,7168,256,8,0,0,asm,13001+23001,10340.0984
gfx938,f8_w8a8_channel,torch.float16,24576,256,7168,256,8,0,0,asm,13001+23001,13947.7674
gfx938,f8_w8a8_channel,torch.float16,32768,256,7168,256,8,0,0,asm,13001+23001,18301.4314
gfx938,f8_w8a8_channel,torch.float16,40960,256,7168,256,8,0,0,asm,13001+23001,22619.4892
gfx938,f8_w8a8_channel,torch.float16,49152,256,7168,256,8,0,0,asm,13001+23001,26910.4336
gfx938,f8_w8a8_channel,torch.float16,57344,256,7168,256,8,0,0,asm,13001+23001,31283.1318
gfx938,f8_w8a8_channel,torch.float16,65536,256,7168,256,8,0,0,asm,13001+23001,35592.7466
gfx938,f8_w8a8_channel,torch.float16,1,352,4096,128,8,0,0,asm,10008+20001,59.0495
gfx938,f8_w8a8_channel,torch.float16,2,352,4096,128,8,0,0,asm,10011+20000,81.9294
gfx938,f8_w8a8_channel,torch.float16,4,352,4096,128,8,0,0,asm,10002+20000,130.3336
gfx938,f8_w8a8_channel,torch.float16,6,352,4096,128,8,0,0,asm,10011+20000,163.967
gfx938,f8_w8a8_channel,torch.float16,8,352,4096,128,8,0,0,asm,10008+20000,209.4489
gfx938,f8_w8a8_channel,torch.float16,12,352,4096,128,8,0,0,asm,10002+20000,275.9665
gfx938,f8_w8a8_channel,torch.float16,16,352,4096,128,8,0,0,asm,10011+20000,307.3096
gfx938,f8_w8a8_channel,torch.float16,20,352,4096,128,8,0,0,asm,10011+20000,360.1989
gfx938,f8_w8a8_channel,torch.float16,24,352,4096,128,8,0,0,asm,10011+20000,364.7463
gfx938,f8_w8a8_channel,torch.float16,28,352,4096,128,8,0,0,asm,10011+20000,372.2441
gfx938,f8_w8a8_channel,torch.float16,32,352,4096,128,8,0,0,asm,10011+20000,375.8735
gfx938,f8_w8a8_channel,torch.float16,36,352,4096,128,8,0,0,asm,10011+20000,390.2199
gfx938,f8_w8a8_channel,torch.float16,40,352,4096,128,8,0,0,asm,10011+20000,398.8093
gfx938,f8_w8a8_channel,torch.float16,44,352,4096,128,8,0,0,asm,10002+20000,422.6661
gfx938,f8_w8a8_channel,torch.float16,48,352,4096,128,8,0,0,asm,10002+20000,432.2913
gfx938,f8_w8a8_channel,torch.float16,56,352,4096,128,8,0,0,asm,10002+20000,431.5165
gfx938,f8_w8a8_channel,torch.float16,64,352,4096,128,8,0,0,asm,10002+20000,443.0479
gfx938,f8_w8a8_channel,torch.float16,72,352,4096,128,8,0,0,asm,10002+20000,437.2681
gfx938,f8_w8a8_channel,torch.float16,80,352,4096,128,8,0,0,asm,10011+20000,440.7965
gfx938,f8_w8a8_channel,torch.float16,96,352,4096,128,8,0,0,asm,10002+20000,443.7775
gfx938,f8_w8a8_channel,torch.float16,104,352,4096,128,8,0,0,asm,10002+20000,444.527
gfx938,f8_w8a8_channel,torch.float16,112,352,4096,128,8,0,0,asm,10002+20000,446.3712
gfx938,f8_w8a8_channel,torch.float16,128,352,4096,128,8,0,0,asm,10002+20000,446.9692
gfx938,f8_w8a8_channel,torch.float16,144,352,4096,128,8,0,0,asm,10011+20000,506.7920
gfx938,f8_w8a8_channel,torch.float16,160,352,4096,128,8,0,0,asm,10002+20000,459.6512
gfx938,f8_w8a8_channel,torch.float16,192,352,4096,128,8,0,0,asm,10011+20000,463.1543
gfx938,f8_w8a8_channel,torch.float16,224,352,4096,128,8,0,0,asm,11005+21000,482.8511
gfx938,f8_w8a8_channel,torch.float16,256,352,4096,128,8,0,0,asm,11005+21000,497.2088
gfx938,f8_w8a8_channel,torch.float16,320,352,4096,128,8,0,0,asm,11003+21000,509.8992
gfx938,f8_w8a8_channel,torch.float16,384,352,4096,128,8,0,0,asm,12005+22000,566.4802
gfx938,f8_w8a8_channel,torch.float16,448,352,4096,128,8,0,0,asm,11005+21000,548.4002
gfx938,f8_w8a8_channel,torch.float16,512,352,4096,128,8,0,0,asm,12001+22001,573.5201
gfx938,f8_w8a8_channel,torch.float16,768,352,4096,128,8,0,0,asm,12005+22000,661.2503
gfx938,f8_w8a8_channel,torch.float16,896,352,4096,128,8,0,0,asm,12005+22001,671.4481
gfx938,f8_w8a8_channel,torch.float16,960,352,4096,128,8,0,0,asm,12001+22001,693.4522
gfx938,f8_w8a8_channel,torch.float16,1024,352,4096,128,8,0,0,asm,12001+22001,761.8308
gfx938,f8_w8a8_channel,torch.float16,1280,352,4096,128,8,0,0,asm,13001+23001,849.0305
gfx938,f8_w8a8_channel,torch.float16,1536,352,4096,128,8,0,0,asm,13001+23001,899.2703
gfx938,f8_w8a8_channel,torch.float16,1920,352,4096,128,8,0,0,asm,13001+23001,1012.836
gfx938,f8_w8a8_channel,torch.float16,2048,352,4096,128,8,0,0,asm,13001+23001,1191.8837
gfx938,f8_w8a8_channel,torch.float16,2304,352,4096,128,8,0,0,asm,12005+22001,1445.8615
gfx938,f8_w8a8_channel,torch.float16,2560,352,4096,128,8,0,0,asm,12005+22001,1491.5539
gfx938,f8_w8a8_channel,torch.float16,3072,352,4096,128,8,0,0,asm,13001+23001,1566.3831
gfx938,f8_w8a8_channel,torch.float16,3584,352,4096,128,8,0,0,asm,13001+23001,1651.9658
gfx938,f8_w8a8_channel,torch.float16,3840,352,4096,128,8,0,0,asm,13001+23001,1747.4601
gfx938,f8_w8a8_channel,torch.float16,4096,352,4096,128,8,0,0,asm,13001+23001,1971.5349
gfx938,f8_w8a8_channel,torch.float16,4608,352,4096,128,8,0,0,asm,13001+23001,2280.3588
gfx938,f8_w8a8_channel,torch.float16,5120,352,4096,128,8,0,0,asm,13001+23001,2363.9879
gfx938,f8_w8a8_channel,torch.float16,6144,352,4096,128,8,0,0,asm,13001+23001,2770.6472
gfx938,f8_w8a8_channel,torch.float16,7168,352,4096,128,8,0,0,asm,13001+23001,3191.6222
gfx938,f8_w8a8_channel,torch.float16,8192,352,4096,128,8,0,0,asm,13001+23001,3572.9594
gfx938,f8_w8a8_channel,torch.float16,10240,352,4096,128,8,0,0,asm,13001+23001,4374.4799
gfx938,f8_w8a8_channel,torch.float16,12288,352,4096,128,8,0,0,asm,13001+23001,5152.6491
gfx938,f8_w8a8_channel,torch.float16,16384,352,4096,128,8,0,0,asm,13001+23001,6720.6083
gfx938,f8_w8a8_channel,torch.float16,24576,352,4096,128,8,0,0,asm,13001+23001,10204.6509
gfx938,f8_w8a8_channel,torch.float16,32768,352,4096,128,8,0,0,asm,13001+23001,13134.8606
gfx938,f8_w8a8_channel,torch.float16,1,352,4096,129,9,0,0,asm,10008+20000,59.1505
gfx938,f8_w8a8_channel,torch.float16,2,352,4096,129,9,0,0,asm,10011+20001,84.2789
gfx938,f8_w8a8_channel,torch.float16,4,352,4096,129,9,0,0,asm,10008+20000,133.5504
gfx938,f8_w8a8_channel,torch.float16,6,352,4096,129,9,0,0,asm,10011+20000,169.0869
gfx938,f8_w8a8_channel,torch.float16,8,352,4096,129,9,0,0,asm,10011+20000,214.6952
gfx938,f8_w8a8_channel,torch.float16,12,352,4096,129,9,0,0,asm,10011+20000,269.0782
gfx938,f8_w8a8_channel,torch.float16,16,352,4096,129,9,0,0,asm,10011+20000,304.5727
gfx938,f8_w8a8_channel,torch.float16,20,352,4096,129,9,0,0,asm,10011+20000,348.6201
gfx938,f8_w8a8_channel,torch.float16,24,352,4096,129,9,0,0,asm,10011+20000,358.1189
gfx938,f8_w8a8_channel,torch.float16,28,352,4096,129,9,0,0,asm,10011+20000,355.6209
gfx938,f8_w8a8_channel,torch.float16,32,352,4096,129,9,0,0,asm,10011+20000,375.9661
gfx938,f8_w8a8_channel,torch.float16,36,352,4096,129,9,0,0,asm,10011+20000,401.5798
gfx938,f8_w8a8_channel,torch.float16,40,352,4096,129,9,0,0,asm,10002+20000,416.6366
gfx938,f8_w8a8_channel,torch.float16,44,352,4096,129,9,0,0,asm,10002+20000,432.7375
gfx938,f8_w8a8_channel,torch.float16,48,352,4096,129,9,0,0,asm,10002+20000,436.7544
gfx938,f8_w8a8_channel,torch.float16,56,352,4096,129,9,0,0,asm,10011+20000,439.3396
gfx938,f8_w8a8_channel,torch.float16,64,352,4096,129,9,0,0,asm,10002+20000,448.3868
gfx938,f8_w8a8_channel,torch.float16,72,352,4096,129,9,0,0,asm,10011+20000,443.5838
gfx938,f8_w8a8_channel,torch.float16,80,352,4096,129,9,0,0,asm,10002+20000,446.7838
gfx938,f8_w8a8_channel,torch.float16,96,352,4096,129,9,0,0,asm,10002+20000,449.3269
gfx938,f8_w8a8_channel,torch.float16,104,352,4096,129,9,0,0,asm,10002+20000,452.3079
gfx938,f8_w8a8_channel,torch.float16,112,352,4096,129,9,0,0,asm,10002+20000,451.1291
gfx938,f8_w8a8_channel,torch.float16,128,352,4096,129,9,0,0,asm,10002+20000,454.4974
gfx938,f8_w8a8_channel,torch.float16,144,352,4096,129,9,0,0,asm,10002+20001,481.6721
gfx938,f8_w8a8_channel,torch.float16,160,352,4096,129,9,0,0,asm,10011+20000,459.5079
gfx938,f8_w8a8_channel,torch.float16,192,352,4096,129,9,0,0,asm,11005+21000,480.771
gfx938,f8_w8a8_channel,torch.float16,224,352,4096,129,9,0,0,asm,11005+21000,488.4005
gfx938,f8_w8a8_channel,torch.float16,256,352,4096,129,9,0,0,asm,11005+21000,495.8952
gfx938,f8_w8a8_channel,torch.float16,320,352,4096,129,9,0,0,asm,11005+21000,511.9877
gfx938,f8_w8a8_channel,torch.float16,384,352,4096,129,9,0,0,asm,11005+21000,551.8949
gfx938,f8_w8a8_channel,torch.float16,448,352,4096,129,9,0,0,asm,12005+22001,566.3791
gfx938,f8_w8a8_channel,torch.float16,512,352,4096,129,9,0,0,asm,12005+22001,582.6737
gfx938,f8_w8a8_channel,torch.float16,768,352,4096,129,9,0,0,asm,12001+22001,631.3219
gfx938,f8_w8a8_channel,torch.float16,896,352,4096,129,9,0,0,asm,12001+22001,741.4014
gfx938,f8_w8a8_channel,torch.float16,960,352,4096,129,9,0,0,asm,12001+22001,828.7526
gfx938,f8_w8a8_channel,torch.float16,1024,352,4096,129,9,0,0,asm,13001+23001,848.8536
gfx938,f8_w8a8_channel,torch.float16,1280,352,4096,129,9,0,0,asm,13001+23001,876.4829
gfx938,f8_w8a8_channel,torch.float16,1536,352,4096,129,9,0,0,asm,13001+23001,915.5733
gfx938,f8_w8a8_channel,torch.float16,1920,352,4096,129,9,0,0,asm,13001+23001,1321.8536
gfx938,f8_w8a8_channel,torch.float16,2048,352,4096,129,9,0,0,asm,12001+22001,1418.2911
gfx938,f8_w8a8_channel,torch.float16,2304,352,4096,129,9,0,0,asm,12001+22001,1505.9959
gfx938,f8_w8a8_channel,torch.float16,2560,352,4096,129,9,0,0,asm,13001+23001,1598.4671
gfx938,f8_w8a8_channel,torch.float16,3072,352,4096,129,9,0,0,asm,13001+23001,1680.7319
gfx938,f8_w8a8_channel,torch.float16,3584,352,4096,129,9,0,0,asm,13001+23001,1969.1433
gfx938,f8_w8a8_channel,torch.float16,3840,352,4096,129,9,0,0,asm,13001+23001,2186.6076
gfx938,f8_w8a8_channel,torch.float16,4096,352,4096,129,9,0,0,asm,13001+23001,2298.5144
gfx938,f8_w8a8_channel,torch.float16,4608,352,4096,129,9,0,0,asm,13001+23001,2375.6426
gfx938,f8_w8a8_channel,torch.float16,5120,352,4096,129,9,0,0,asm,13001+23001,2498.682
gfx938,f8_w8a8_channel,torch.float16,6144,352,4096,129,9,0,0,asm,13001+23001,3104.0772
gfx938,f8_w8a8_channel,torch.float16,7168,352,4096,129,9,0,0,asm,13001+23001,3422.5768
gfx938,f8_w8a8_channel,torch.float16,8192,352,4096,129,9,0,0,asm,13001+23001,4048.6372
gfx938,f8_w8a8_channel,torch.float16,10240,352,4096,129,9,0,0,asm,13001+23001,5000.6413
gfx938,f8_w8a8_channel,torch.float16,12288,352,4096,129,9,0,0,asm,13001+23001,5698.078
gfx938,f8_w8a8_channel,torch.float16,16384,352,4096,129,9,0,0,asm,13001+23001,7470.3985
gfx938,f8_w8a8_channel,torch.float16,24576,352,4096,129,9,0,0,asm,13001+23001,11072.2942
gfx938,f8_w8a8_channel,torch.float16,32768,352,4096,129,9,0,0,asm,13001+23001,14596.8846
gfx936,int8_w8a8_channel,torch.float16,1,384,3072,256,8,0,0,asm,10008+20000,56.8264
gfx936,int8_w8a8_channel,torch.float16,2,384,3072,256,8,0,0,asm,10013+20000,81.7951
gfx936,int8_w8a8_channel,torch.float16,4,384,3072,256,8,0,0,asm,10002+20000,132.7506
gfx936,int8_w8a8_channel,torch.float16,6,384,3072,256,8,0,0,asm,10002+20000,179.5884
gfx936,int8_w8a8_channel,torch.float16,8,384,3072,256,8,0,0,asm,10002+20000,215.5043
gfx936,int8_w8a8_channel,torch.float16,12,384,3072,256,8,0,0,asm,10002+20000,285.9295
gfx936,int8_w8a8_channel,torch.float16,16,384,3072,256,8,0,0,asm,10002+20000,345.4998
gfx936,int8_w8a8_channel,torch.float16,24,384,3072,256,8,0,0,asm,10002+20000,455.0041
gfx936,int8_w8a8_channel,torch.float16,32,384,3072,256,8,0,0,asm,10002+20000,557.1627
gfx936,int8_w8a8_channel,torch.float16,36,384,3072,256,8,0,0,asm,10002+20000,575.2362
gfx936,int8_w8a8_channel,torch.float16,48,384,3072,256,8,0,0,asm,10002+20000,648.0703
gfx936,int8_w8a8_channel,torch.float16,56,384,3072,256,8,0,0,asm,10002+20000,681.6115
gfx936,int8_w8a8_channel,torch.float16,64,384,3072,256,8,0,0,asm,10002+20000,709.3423
gfx936,int8_w8a8_channel,torch.float16,72,384,3072,256,8,0,0,asm,10002+20000,733.8225
gfx936,int8_w8a8_channel,torch.float16,80,384,3072,256,8,0,0,asm,10002+20000,762.3616
gfx936,int8_w8a8_channel,torch.float16,88,384,3072,256,8,0,0,asm,10002+20000,786.6734
gfx936,int8_w8a8_channel,torch.float16,96,384,3072,256,8,0,0,asm,10002+20000,799.2798
gfx936,int8_w8a8_channel,torch.float16,100,384,3072,256,8,0,0,asm,10002+20000,800.8546
gfx936,int8_w8a8_channel,torch.float16,112,384,3072,256,8,0,0,asm,10002+20000,818.8457
gfx936,int8_w8a8_channel,torch.float16,128,384,3072,256,8,0,0,asm,10002+20000,839.4823
gfx936,int8_w8a8_channel,torch.float16,144,384,3072,256,8,0,0,asm,10002+20000,847.5918
gfx936,int8_w8a8_channel,torch.float16,160,384,3072,256,8,0,0,asm,10002+20000,856.3665
gfx936,int8_w8a8_channel,torch.float16,192,384,3072,256,8,0,0,asm,10002+20000,871.7264
gfx936,int8_w8a8_channel,torch.float16,224,384,3072,256,8,0,0,asm,10002+20000,887.1116
gfx936,int8_w8a8_channel,torch.float16,256,384,3072,256,8,0,0,asm,10002+20000,899.8696
gfx936,int8_w8a8_channel,torch.float16,320,384,3072,256,8,0,0,asm,10002+20000,925.1746
gfx936,int8_w8a8_channel,torch.float16,384,384,3072,256,8,0,0,asm,11007+21000,950.7745
gfx936,int8_w8a8_channel,torch.float16,448,384,3072,256,8,0,0,asm,11007+21000,963.7851
gfx936,int8_w8a8_channel,torch.float16,512,384,3072,256,8,0,0,asm,11007+21000,983.2628
gfx936,int8_w8a8_channel,torch.float16,640,384,3072,256,8,0,0,asm,11007+21000,1016.4499
gfx936,int8_w8a8_channel,torch.float16,768,384,3072,256,8,0,0,asm,11007+21000,1044.2646
gfx936,int8_w8a8_channel,torch.float16,896,384,3072,256,8,0,0,asm,11007+21001,1079.5319
gfx936,int8_w8a8_channel,torch.float16,1024,384,3072,256,8,0,0,asm,12005+22001,1101.6539
gfx936,int8_w8a8_channel,torch.float16,1280,384,3072,256,8,0,0,asm,12005+22001,1150.9423
gfx936,int8_w8a8_channel,torch.float16,1536,384,3072,256,8,0,0,asm,12005+22001,1212.8369
gfx936,int8_w8a8_channel,torch.float16,2048,384,3072,256,8,0,0,asm,12001+22001,1368.7025
gfx936,int8_w8a8_channel,torch.float16,2304,384,3072,256,8,0,0,asm,13001+23001,1423.6751
gfx936,int8_w8a8_channel,torch.float16,2560,384,3072,256,8,0,0,asm,13001+23001,1469.0813
gfx936,int8_w8a8_channel,torch.float16,3072,384,3072,256,8,0,0,asm,13001+23001,1561.0895
gfx936,int8_w8a8_channel,torch.float16,3584,384,3072,256,8,0,0,asm,13001+23001,1670.9839
gfx936,int8_w8a8_channel,torch.float16,4096,384,3072,256,8,0,0,asm,13001+23001,1887.3709
gfx936,int8_w8a8_channel,torch.float16,5120,384,3072,256,8,0,0,asm,13001+23001,2325.1719
gfx936,int8_w8a8_channel,torch.float16,6144,384,3072,256,8,0,0,asm,13001+23001,2460.3279
gfx936,int8_w8a8_channel,torch.float16,7168,384,3072,256,8,0,0,asm,13001+23001,2649.5652
gfx936,int8_w8a8_channel,torch.float16,8192,384,3072,256,8,0,0,asm,13001+23001,3069.7829
gfx936,int8_w8a8_channel,torch.float16,10240,384,3072,256,8,0,0,asm,13001+23001,3692.2064
gfx936,int8_w8a8_channel,torch.float16,12288,384,3072,256,8,0,0,asm,13001+23001,4303.6906
gfx936,int8_w8a8_channel,torch.float16,16384,384,3072,256,8,0,0,asm,13001+23001,5566.5242
gfx936,int8_w8a8_channel,torch.float16,24576,384,3072,256,8,0,0,asm,13001+23001,8120.7216
gfx936,int8_w8a8_channel,torch.float16,32768,384,3072,256,8,0,0,asm,13001+23001,10670.8687
gfx938,f8_w8a8_channel,torch.bfloat16,1,384,3072,256,8,0,0,asm,10008+20001,56.9698
gfx938,f8_w8a8_channel,torch.bfloat16,2,384,3072,256,8,0,0,asm,10011+20001,79.1508
gfx938,f8_w8a8_channel,torch.bfloat16,4,384,3072,256,8,0,0,asm,10008+20000,118.1234
gfx938,f8_w8a8_channel,torch.bfloat16,6,384,3072,256,8,0,0,asm,10013+20001,144.3971
gfx938,f8_w8a8_channel,torch.bfloat16,8,384,3072,256,8,0,0,asm,10008+20000,181.2726
gfx938,f8_w8a8_channel,torch.bfloat16,10,384,3072,256,8,0,0,asm,10013+20000,206.1569
gfx938,f8_w8a8_channel,torch.bfloat16,12,384,3072,256,8,0,0,asm,10008+20000,248.4813
gfx938,f8_w8a8_channel,torch.bfloat16,14,384,3072,256,8,0,0,asm,10012+20001,270.5025
gfx938,f8_w8a8_channel,torch.bfloat16,16,384,3072,256,8,0,0,asm,10008+20000,288.8771
gfx938,f8_w8a8_channel,torch.bfloat16,20,384,3072,256,8,0,0,asm,10013+20000,331.1058
gfx938,f8_w8a8_channel,torch.bfloat16,24,384,3072,256,8,0,0,asm,10012+20001,367.2656
gfx938,f8_w8a8_channel,torch.bfloat16,28,384,3072,256,8,0,0,asm,10009+20000,438.0221
gfx938,f8_w8a8_channel,torch.bfloat16,32,384,3072,256,8,0,0,asm,10011+20000,458.6706
gfx938,f8_w8a8_channel,torch.bfloat16,40,384,3072,256,8,0,0,asm,10013+20001,484.015
gfx938,f8_w8a8_channel,torch.bfloat16,48,384,3072,256,8,0,0,asm,10013+20000,517.9602
gfx938,f8_w8a8_channel,torch.bfloat16,56,384,3072,256,8,0,0,asm,10012+20001,535.8212
gfx938,f8_w8a8_channel,torch.bfloat16,64,384,3072,256,8,0,0,asm,10012+20001,562.5412
gfx938,f8_w8a8_channel,torch.bfloat16,80,384,3072,256,8,0,0,asm,10013+20001,592.5955
gfx938,f8_w8a8_channel,torch.bfloat16,96,384,3072,256,8,0,0,asm,10012+20001,615.1555
gfx938,f8_w8a8_channel,torch.bfloat16,112,384,3072,256,8,0,0,asm,10012+20001,626.3463
gfx938,f8_w8a8_channel,torch.bfloat16,128,384,3072,256,8,0,0,asm,10012+20000,627.6612
gfx938,f8_w8a8_channel,torch.bfloat16,144,384,3072,256,8,0,0,asm,10012+20001,641.3284
gfx938,f8_w8a8_channel,torch.bfloat16,160,384,3072,256,8,0,0,asm,10013+20000,641.7506
gfx938,f8_w8a8_channel,torch.bfloat16,192,384,3072,256,8,0,0,asm,10012+20001,648.5958
gfx938,f8_w8a8_channel,torch.bfloat16,224,384,3072,256,8,0,0,asm,10012+20001,657.3204
gfx938,f8_w8a8_channel,torch.bfloat16,256,384,3072,256,8,0,0,asm,10008+20000,658.3559
gfx938,f8_w8a8_channel,torch.bfloat16,320,384,3072,256,8,0,0,asm,11005+21000,673.4212
gfx938,f8_w8a8_channel,torch.bfloat16,384,384,3072,256,8,0,0,asm,10012+20001,696.1831
gfx938,f8_w8a8_channel,torch.bfloat16,448,384,3072,256,8,0,0,asm,11007+21000,721.7579
gfx938,f8_w8a8_channel,torch.bfloat16,512,384,3072,256,8,0,0,asm,11007+21000,737.6825
gfx938,f8_w8a8_channel,torch.bfloat16,640,384,3072,256,8,0,0,asm,11007+21001,791.6365
gfx938,f8_w8a8_channel,torch.bfloat16,768,384,3072,256,8,0,0,asm,11005+21000,771.1643
gfx938,f8_w8a8_channel,torch.bfloat16,896,384,3072,256,8,0,0,asm,11005+21000,800.3348
gfx938,f8_w8a8_channel,torch.bfloat16,1024,384,3072,256,8,0,0,asm,12005+22001,847.3919
gfx938,f8_w8a8_channel,torch.bfloat16,2048,384,3072,256,8,0,0,asm,12001+22001,1149.7322
gfx938,f8_w8a8_channel,torch.bfloat16,3072,384,3072,256,8,0,0,asm,13001+23001,1324.6972
gfx938,f8_w8a8_channel,torch.bfloat16,4096,384,3072,256,8,0,0,asm,13001+23001,1830.2388
gfx938,f8_w8a8_channel,torch.bfloat16,8192,384,3072,256,8,0,0,asm,13001+23001,3054.613
gfx938,f8_w8a8_channel,torch.bfloat16,16384,384,3072,256,8,0,0,asm,13001+23001,5642.9836
gfx938,f8_w8a8_channel,torch.bfloat16,32768,384,3072,256,8,0,0,asm,13001+23001,10741.2165
gfx938,f8_w8a8_channel,torch.bfloat16,65536,384,3072,256,8,0,0,asm,13001+23001,21066.6806
gfx936,int8_w8a8_channel,torch.float16,1,192,3072,256,8,0,0,asm,10002+20000,44.6414
gfx936,int8_w8a8_channel,torch.float16,2,192,3072,256,8,0,0,asm,10008+20000,58.1486
gfx936,int8_w8a8_channel,torch.float16,4,192,3072,256,8,0,0,asm,10002+20000,84.5319
gfx936,int8_w8a8_channel,torch.float16,6,192,3072,256,8,0,0,asm,10002+20000,111.858
gfx936,int8_w8a8_channel,torch.float16,8,192,3072,256,8,0,0,asm,10008+20001,130.1991
gfx936,int8_w8a8_channel,torch.float16,12,192,3072,256,8,0,0,asm,10002+20000,173.3315
gfx936,int8_w8a8_channel,torch.float16,16,192,3072,256,8,0,0,asm,10002+20000,204.5231
gfx936,int8_w8a8_channel,torch.float16,24,192,3072,256,8,0,0,asm,10002+20000,261.8589
gfx936,int8_w8a8_channel,torch.float16,32,192,3072,256,8,0,0,asm,10002+20001,320.0092
gfx936,int8_w8a8_channel,torch.float16,36,192,3072,256,8,0,0,asm,10002+20001,322.6504
gfx936,int8_w8a8_channel,torch.float16,48,192,3072,256,8,0,0,asm,10002+20001,361.5388
gfx936,int8_w8a8_channel,torch.float16,56,192,3072,256,8,0,0,asm,10002+20001,380.0229
gfx936,int8_w8a8_channel,torch.float16,64,192,3072,256,8,0,0,asm,10002+20001,391.8629
gfx936,int8_w8a8_channel,torch.float16,72,192,3072,256,8,0,0,asm,10002+20001,410.7261
gfx936,int8_w8a8_channel,torch.float16,80,192,3072,256,8,0,0,asm,10002+20001,423.1218
gfx936,int8_w8a8_channel,torch.float16,88,192,3072,256,8,0,0,asm,10002+20001,437.1513
gfx936,int8_w8a8_channel,torch.float16,96,192,3072,256,8,0,0,asm,10002+20001,440.9997
gfx936,int8_w8a8_channel,torch.float16,100,192,3072,256,8,0,0,asm,10002+20001,443.8797
gfx936,int8_w8a8_channel,torch.float16,112,192,3072,256,8,0,0,asm,10002+20001,451.1302
gfx936,int8_w8a8_channel,torch.float16,128,192,3072,256,8,0,0,asm,10002+20001,462.8607
gfx936,int8_w8a8_channel,torch.float16,144,192,3072,256,8,0,0,asm,10002+20001,469.9682
gfx936,int8_w8a8_channel,torch.float16,160,192,3072,256,8,0,0,asm,10002+20001,474.6839
gfx936,int8_w8a8_channel,torch.float16,192,192,3072,256,8,0,0,asm,10002+20001,485.3197
gfx936,int8_w8a8_channel,torch.float16,224,192,3072,256,8,0,0,asm,10002+20001,491.1639
gfx936,int8_w8a8_channel,torch.float16,256,192,3072,256,8,0,0,asm,10002+20001,498.7007
gfx936,int8_w8a8_channel,torch.float16,320,192,3072,256,8,0,0,asm,10002+20001,512.8228
gfx936,int8_w8a8_channel,torch.float16,384,192,3072,256,8,0,0,asm,10002+20001,533.9512
gfx936,int8_w8a8_channel,torch.float16,448,192,3072,256,8,0,0,asm,11006+21001,550.4481
gfx936,int8_w8a8_channel,torch.float16,512,192,3072,256,8,0,0,asm,11006+21001,566.9281
gfx936,int8_w8a8_channel,torch.float16,640,192,3072,256,8,0,0,asm,11004+21001,590.7595
gfx936,int8_w8a8_channel,torch.float16,768,192,3072,256,8,0,0,asm,11004+21001,620.5279
gfx936,int8_w8a8_channel,torch.float16,896,192,3072,256,8,0,0,asm,11005+21001,647.4415
gfx936,int8_w8a8_channel,torch.float16,1024,192,3072,256,8,0,0,asm,12004+22001,686.1783
gfx936,int8_w8a8_channel,torch.float16,1280,192,3072,256,8,0,0,asm,12004+22001,723.6267
gfx936,int8_w8a8_channel,torch.float16,1536,192,3072,256,8,0,0,asm,12000+22001,776.4603
gfx936,int8_w8a8_channel,torch.float16,2048,192,3072,256,8,0,0,asm,12001+22001,931.5421
gfx936,int8_w8a8_channel,torch.float16,2304,192,3072,256,8,0,0,asm,13001+23001,1029.8156
gfx936,int8_w8a8_channel,torch.float16,2560,192,3072,256,8,0,0,asm,13001+23001,1062.6493
gfx936,int8_w8a8_channel,torch.float16,3072,192,3072,256,8,0,0,asm,13001+23001,1136.1481
gfx936,int8_w8a8_channel,torch.float16,3584,192,3072,256,8,0,0,asm,13000+23001,1235.8199
gfx936,int8_w8a8_channel,torch.float16,4096,192,3072,256,8,0,0,asm,13001+23001,1479.2555
gfx936,int8_w8a8_channel,torch.float16,5120,192,3072,256,8,0,0,asm,12000+22001,1810.9182
gfx936,int8_w8a8_channel,torch.float16,6144,192,3072,256,8,0,0,asm,13001+23001,2028.7453
gfx936,int8_w8a8_channel,torch.float16,7168,192,3072,256,8,0,0,asm,13001+23001,2175.0862
gfx936,int8_w8a8_channel,torch.float16,8192,192,3072,256,8,0,0,asm,13001+23001,2538.3363
gfx936,int8_w8a8_channel,torch.float16,10240,192,3072,256,8,0,0,asm,13001+23001,3077.1904
gfx936,int8_w8a8_channel,torch.float16,12288,192,3072,256,8,0,0,asm,13001+23001,3606.2003
gfx936,int8_w8a8_channel,torch.float16,16384,192,3072,256,8,0,0,asm,13001+23001,4650.6454
gfx936,int8_w8a8_channel,torch.float16,24576,192,3072,256,8,0,0,asm,13001+23001,6805.7334
gfx936,int8_w8a8_channel,torch.float16,32768,192,3072,256,8,0,0,asm,13001+23001,8965.0994
gfx936,int8_w8a8_channel,torch.float16,1,192,5120,160,8,0,0,asm,10002+20000,51.2097
gfx936,int8_w8a8_channel,torch.float16,2,192,5120,160,8,0,0,asm,10009+20001,72.2287
gfx936,int8_w8a8_channel,torch.float16,4,192,5120,160,8,0,0,asm,10002+20000,107.8833
gfx936,int8_w8a8_channel,torch.float16,6,192,5120,160,8,0,0,asm,10001+20000,147.9592
gfx936,int8_w8a8_channel,torch.float16,8,192,5120,160,8,0,0,asm,10002+20000,183.6054
gfx936,int8_w8a8_channel,torch.float16,12,192,5120,160,8,0,0,asm,10002+20001,251.9926
gfx936,int8_w8a8_channel,torch.float16,16,192,5120,160,8,0,0,asm,10002+20001,294.4095
gfx936,int8_w8a8_channel,torch.float16,24,192,5120,160,8,0,0,asm,10002+20001,354.6758
gfx936,int8_w8a8_channel,torch.float16,32,192,5120,160,8,0,0,asm,10002+20001,398.502
gfx936,int8_w8a8_channel,torch.float16,36,192,5120,160,8,0,0,asm,10002+20001,409.6315
gfx936,int8_w8a8_channel,torch.float16,48,192,5120,160,8,0,0,asm,10002+20001,437.9347
gfx936,int8_w8a8_channel,torch.float16,56,192,5120,160,8,0,0,asm,10002+20001,454.9199
gfx936,int8_w8a8_channel,torch.float16,64,192,5120,160,8,0,0,asm,10002+20001,460.5957
gfx936,int8_w8a8_channel,torch.float16,72,192,5120,160,8,0,0,asm,10002+20001,468.8146
gfx936,int8_w8a8_channel,torch.float16,80,192,5120,160,8,0,0,asm,10002+20001,475.0883
gfx936,int8_w8a8_channel,torch.float16,88,192,5120,160,8,0,0,asm,10002+20001,478.4988
gfx936,int8_w8a8_channel,torch.float16,96,192,5120,160,8,0,0,asm,10002+20001,482.1788
gfx936,int8_w8a8_channel,torch.float16,100,192,5120,160,8,0,0,asm,10002+20001,486.3304
gfx936,int8_w8a8_channel,torch.float16,112,192,5120,160,8,0,0,asm,10002+20001,492.0398
gfx936,int8_w8a8_channel,torch.float16,128,192,5120,160,8,0,0,asm,10002+20001,496.6546
gfx936,int8_w8a8_channel,torch.float16,144,192,5120,160,8,0,0,asm,10002+20001,503.2904
gfx936,int8_w8a8_channel,torch.float16,160,192,5120,160,8,0,0,asm,10002+20001,506.4402
gfx936,int8_w8a8_channel,torch.float16,192,192,5120,160,8,0,0,asm,10002+20001,516.1665
gfx936,int8_w8a8_channel,torch.float16,224,192,5120,160,8,0,0,asm,10002+20001,529.9265
gfx936,int8_w8a8_channel,torch.float16,256,192,5120,160,8,0,0,asm,10002+20001,540.7391
gfx936,int8_w8a8_channel,torch.float16,320,192,5120,160,8,0,0,asm,11006+21001,567.9896
gfx936,int8_w8a8_channel,torch.float16,384,192,5120,160,8,0,0,asm,11006+21001,584.0148
gfx936,int8_w8a8_channel,torch.float16,448,192,5120,160,8,0,0,asm,11006+21001,599.0296
gfx936,int8_w8a8_channel,torch.float16,512,192,5120,160,8,0,0,asm,11005+21001,634.3727
gfx936,int8_w8a8_channel,torch.float16,640,192,5120,160,8,0,0,asm,12001+22001,682.2043
gfx936,int8_w8a8_channel,torch.float16,768,192,5120,160,8,0,0,asm,12001+22001,709.539
gfx936,int8_w8a8_channel,torch.float16,896,192,5120,160,8,0,0,asm,12001+22001,739.1137
gfx936,int8_w8a8_channel,torch.float16,1024,192,5120,160,8,0,0,asm,12004+22001,779.4253
gfx936,int8_w8a8_channel,torch.float16,1280,192,5120,160,8,0,0,asm,12000+22001,909.4463
gfx936,int8_w8a8_channel,torch.float16,1536,192,5120,160,8,0,0,asm,13001+23001,1025.7494
gfx936,int8_w8a8_channel,torch.float16,2048,192,5120,160,8,0,0,asm,13001+23001,1125.4882
gfx936,int8_w8a8_channel,torch.float16,2304,192,5120,160,8,0,0,asm,13001+23001,1233.5892
gfx936,int8_w8a8_channel,torch.float16,2560,192,5120,160,8,0,0,asm,12000+22001,1461.5554
gfx936,int8_w8a8_channel,torch.float16,3072,192,5120,160,8,0,0,asm,12000+22001,1716.0143
gfx936,int8_w8a8_channel,torch.float16,3584,192,5120,160,8,0,0,asm,12000+22001,1865.3784
gfx936,int8_w8a8_channel,torch.float16,4096,192,5120,160,8,0,0,asm,13001+23001,1995.8962
gfx936,int8_w8a8_channel,torch.float16,5120,192,5120,160,8,0,0,asm,13001+23001,2466.4559
gfx936,int8_w8a8_channel,torch.float16,6144,192,5120,160,8,0,0,asm,13001+23001,2914.4052
gfx936,int8_w8a8_channel,torch.float16,7168,192,5120,160,8,0,0,asm,13001+23001,3161.0576
gfx936,int8_w8a8_channel,torch.float16,8192,192,5120,160,8,0,0,asm,13001+23001,3814.2362
gfx936,int8_w8a8_channel,torch.float16,10240,192,5120,160,8,0,0,asm,13001+23001,4517.2759
gfx936,int8_w8a8_channel,torch.float16,12288,192,5120,160,8,0,0,asm,13001+23001,5242.8252
gfx936,int8_w8a8_channel,torch.float16,16384,192,5120,160,8,0,0,asm,13001+23001,7024.2813
gfx936,int8_w8a8_channel,torch.float16,24576,192,5120,160,8,0,0,asm,13001+23001,10233.6104
gfx936,int8_w8a8_channel,torch.float16,32768,192,5120,160,8,0,0,asm,13001+23001,13478.1774
gfx936,int8_w8a8_channel,torch.float16,1,96,5120,160,8,0,0,asm,10001+20000,43.2436
gfx936,int8_w8a8_channel,torch.float16,2,96,5120,160,8,0,0,asm,10002+20001,54.5699
gfx936,int8_w8a8_channel,torch.float16,4,96,5120,160,8,0,0,asm,10008+20001,75.2353
gfx936,int8_w8a8_channel,torch.float16,6,96,5120,160,8,0,0,asm,10011+20001,94.9994
gfx936,int8_w8a8_channel,torch.float16,8,96,5120,160,8,0,0,asm,10002+20001,112.7595
gfx936,int8_w8a8_channel,torch.float16,12,96,5120,160,8,0,0,asm,10002+20001,153.0122
gfx936,int8_w8a8_channel,torch.float16,16,96,5120,160,8,0,0,asm,10002+20001,173.0712
gfx936,int8_w8a8_channel,torch.float16,24,96,5120,160,8,0,0,asm,10002+20001,204.1503
gfx936,int8_w8a8_channel,torch.float16,32,96,5120,160,8,0,0,asm,10002+20001,235.4881
gfx936,int8_w8a8_channel,torch.float16,36,96,5120,160,8,0,0,asm,10002+20001,235.5018
gfx936,int8_w8a8_channel,torch.float16,48,96,5120,160,8,0,0,asm,10002+20001,249.2198
gfx936,int8_w8a8_channel,torch.float16,56,96,5120,160,8,0,0,asm,10002+20001,262.0619
gfx936,int8_w8a8_channel,torch.float16,64,96,5120,160,8,0,0,asm,10002+20001,265.0346
gfx936,int8_w8a8_channel,torch.float16,72,96,5120,160,8,0,0,asm,10008+20001,270.1714
gfx936,int8_w8a8_channel,torch.float16,80,96,5120,160,8,0,0,asm,10002+20001,271.9567
gfx936,int8_w8a8_channel,torch.float16,88,96,5120,160,8,0,0,asm,10002+20001,272.5714
gfx936,int8_w8a8_channel,torch.float16,96,96,5120,160,8,0,0,asm,10008+20001,277.5483
gfx936,int8_w8a8_channel,torch.float16,100,96,5120,160,8,0,0,asm,10002+20001,280.3778
gfx936,int8_w8a8_channel,torch.float16,112,96,5120,160,8,0,0,asm,10002+20001,281.6999
gfx936,int8_w8a8_channel,torch.float16,128,96,5120,160,8,0,0,asm,10002+20001,285.6494
gfx936,int8_w8a8_channel,torch.float16,144,96,5120,160,8,0,0,asm,10002+20001,290.7609
gfx936,int8_w8a8_channel,torch.float16,160,96,5120,160,8,0,0,asm,10001+20001,296.5799
gfx936,int8_w8a8_channel,torch.float16,192,96,5120,160,8,0,0,asm,10002+20001,300.6978
gfx936,int8_w8a8_channel,torch.float16,224,96,5120,160,8,0,0,asm,10002+20001,310.3484
gfx936,int8_w8a8_channel,torch.float16,256,96,5120,160,8,0,0,asm,10002+20001,321.8684
gfx936,int8_w8a8_channel,torch.float16,320,96,5120,160,8,0,0,asm,11004+21001,347.6705
gfx936,int8_w8a8_channel,torch.float16,384,96,5120,160,8,0,0,asm,11005+21001,361.161
gfx936,int8_w8a8_channel,torch.float16,448,96,5120,160,8,0,0,asm,11005+21001,370.062
gfx936,int8_w8a8_channel,torch.float16,512,96,5120,160,8,0,0,asm,11003+21001,392.8317
gfx936,int8_w8a8_channel,torch.float16,640,96,5120,160,8,0,0,asm,11005+21001,449.4717
gfx936,int8_w8a8_channel,torch.float16,768,96,5120,160,8,0,0,asm,12001+22001,488.2422
gfx936,int8_w8a8_channel,torch.float16,896,96,5120,160,8,0,0,asm,12001+22001,513.1684
gfx936,int8_w8a8_channel,torch.float16,1024,96,5120,160,8,0,0,asm,12001+22001,536.2168
gfx936,int8_w8a8_channel,torch.float16,1280,96,5120,160,8,0,0,asm,12001+22001,650.3052
gfx936,int8_w8a8_channel,torch.float16,1536,96,5120,160,8,0,0,asm,12001+22001,783.265
gfx936,int8_w8a8_channel,torch.float16,2048,96,5120,160,8,0,0,asm,13001+23001,866.7007
gfx936,int8_w8a8_channel,torch.float16,2304,96,5120,160,8,0,0,asm,13001+23001,931.2733
gfx936,int8_w8a8_channel,torch.float16,2560,96,5120,160,8,0,0,asm,12001+22001,1096.5869
gfx936,int8_w8a8_channel,torch.float16,3072,96,5120,160,8,0,0,asm,12001+22001,1280.1487
gfx936,int8_w8a8_channel,torch.float16,3584,96,5120,160,8,0,0,asm,12001+22001,1389.3526
gfx936,int8_w8a8_channel,torch.float16,4096,96,5120,160,8,0,0,asm,13001+23001,1541.3777
gfx936,int8_w8a8_channel,torch.float16,5120,96,5120,160,8,0,0,asm,13001+23001,1930.5899
gfx936,int8_w8a8_channel,torch.float16,6144,96,5120,160,8,0,0,asm,13001+23001,2287.2296
gfx936,int8_w8a8_channel,torch.float16,7168,96,5120,160,8,0,0,asm,13001+23001,2472.2483
gfx936,int8_w8a8_channel,torch.float16,8192,96,5120,160,8,0,0,asm,13001+23001,2966.6731
gfx936,int8_w8a8_channel,torch.float16,10240,96,5120,160,8,0,0,asm,13001+23001,3557.0135
gfx936,int8_w8a8_channel,torch.float16,12288,96,5120,160,8,0,0,asm,13001+23001,4122.2256
gfx936,int8_w8a8_channel,torch.float16,16384,96,5120,160,8,0,0,asm,13001+23001,5528.9355
gfx936,int8_w8a8_channel,torch.float16,24576,96,5120,160,8,0,0,asm,13001+23001,8067.3382
gfx936,int8_w8a8_channel,torch.float16,32768,96,5120,160,8,0,0,asm,13001+23001,10613.811
gfx936,int8_w8a8_channel,torch.float16,1,192,4096,128,8,0,0,asm,10002+20000,45.8035
gfx936,int8_w8a8_channel,torch.float16,2,192,4096,128,8,0,0,asm,10002+20000,65.0792
gfx936,int8_w8a8_channel,torch.float16,4,192,4096,128,8,0,0,asm,10002+20000,93.0033
gfx936,int8_w8a8_channel,torch.float16,6,192,4096,128,8,0,0,asm,10001+20000,123.6391
gfx936,int8_w8a8_channel,torch.float16,8,192,4096,128,8,0,0,asm,10001+20000,151.7235
gfx936,int8_w8a8_channel,torch.float16,12,192,4096,128,8,0,0,asm,10002+20000,190.6369
gfx936,int8_w8a8_channel,torch.float16,16,192,4096,128,8,0,0,asm,10001+20001,224.3127
gfx936,int8_w8a8_channel,torch.float16,24,192,4096,128,8,0,0,asm,10002+20001,261.0761
gfx936,int8_w8a8_channel,torch.float16,32,192,4096,128,8,0,0,asm,10001+20001,280.3211
gfx936,int8_w8a8_channel,torch.float16,36,192,4096,128,8,0,0,asm,10002+20001,286.1538
gfx936,int8_w8a8_channel,torch.float16,48,192,4096,128,8,0,0,asm,10001+20001,311.2739
gfx936,int8_w8a8_channel,torch.float16,56,192,4096,128,8,0,0,asm,10001+20001,315.4338
gfx936,int8_w8a8_channel,torch.float16,64,192,4096,128,8,0,0,asm,10001+20001,330.0894
gfx936,int8_w8a8_channel,torch.float16,72,192,4096,128,8,0,0,asm,10001+20001,321.1854
gfx936,int8_w8a8_channel,torch.float16,80,192,4096,128,8,0,0,asm,10001+20001,323.7706
gfx936,int8_w8a8_channel,torch.float16,88,192,4096,128,8,0,0,asm,10002+20001,327.7454
gfx936,int8_w8a8_channel,torch.float16,96,192,4096,128,8,0,0,asm,10002+20000,331.2233
gfx936,int8_w8a8_channel,torch.float16,100,192,4096,128,8,0,0,asm,10002+20001,331.0465
gfx936,int8_w8a8_channel,torch.float16,112,192,4096,128,8,0,0,asm,10002+20001,335.5349
gfx936,int8_w8a8_channel,torch.float16,128,192,4096,128,8,0,0,asm,10002+20001,340.1243
gfx936,int8_w8a8_channel,torch.float16,144,192,4096,128,8,0,0,asm,10002+20001,344.5454
gfx936,int8_w8a8_channel,torch.float16,160,192,4096,128,8,0,0,asm,10002+20001,348.3854
gfx936,int8_w8a8_channel,torch.float16,192,192,4096,128,8,0,0,asm,10002+20001,359.7033
gfx936,int8_w8a8_channel,torch.float16,224,192,4096,128,8,0,0,asm,11006+21001,371.7958
gfx936,int8_w8a8_channel,torch.float16,256,192,4096,128,8,0,0,asm,11005+21001,377.3874
gfx936,int8_w8a8_channel,torch.float16,320,192,4096,128,8,0,0,asm,11004+21001,403.1727
gfx936,int8_w8a8_channel,torch.float16,384,192,4096,128,8,0,0,asm,11004+21001,412.6969
gfx936,int8_w8a8_channel,torch.float16,448,192,4096,128,8,0,0,asm,11005+21001,427.6864
gfx936,int8_w8a8_channel,torch.float16,512,192,4096,128,8,0,0,asm,11005+21001,456.5368
gfx936,int8_w8a8_channel,torch.float16,640,192,4096,128,8,0,0,asm,12004+22001,481.2694
gfx936,int8_w8a8_channel,torch.float16,768,192,4096,128,8,0,0,asm,12001+22001,508.0230
gfx936,int8_w8a8_channel,torch.float16,896,192,4096,128,8,0,0,asm,12000+22001,552.1999
gfx936,int8_w8a8_channel,torch.float16,1024,192,4096,128,8,0,0,asm,12001+22001,606.8441
gfx936,int8_w8a8_channel,torch.float16,1280,192,4096,128,8,0,0,asm,13001+23001,697.2861
gfx936,int8_w8a8_channel,torch.float16,1536,192,4096,128,8,0,0,asm,13001+23001,738.6249
gfx936,int8_w8a8_channel,torch.float16,2048,192,4096,128,8,0,0,asm,13001+23001,959.1636
gfx936,int8_w8a8_channel,torch.float16,2304,192,4096,128,8,0,0,asm,12000+22001,1102.2878
gfx936,int8_w8a8_channel,torch.float16,2560,192,4096,128,8,0,0,asm,12000+22001,1152.1824
gfx936,int8_w8a8_channel,torch.float16,3072,192,4096,128,8,0,0,asm,13001+23001,1294.9864
gfx936,int8_w8a8_channel,torch.float16,3584,192,4096,128,8,0,0,asm,13001+23001,1403.7105
gfx936,int8_w8a8_channel,torch.float16,4096,192,4096,128,8,0,0,asm,13001+23001,1613.2093
gfx936,int8_w8a8_channel,torch.float16,5120,192,4096,128,8,0,0,asm,13001+23001,1955.6931
gfx936,int8_w8a8_channel,torch.float16,6144,192,4096,128,8,0,0,asm,13001+23001,2323.5159
gfx936,int8_w8a8_channel,torch.float16,7168,192,4096,128,8,0,0,asm,13001+23001,2635.3051
gfx936,int8_w8a8_channel,torch.float16,8192,192,4096,128,8,0,0,asm,13001+23001,2953.2079
gfx936,int8_w8a8_channel,torch.float16,10240,192,4096,128,8,0,0,asm,13001+23001,3634.3272
gfx936,int8_w8a8_channel,torch.float16,12288,192,4096,128,8,0,0,asm,13001+23001,4299.6487
gfx936,int8_w8a8_channel,torch.float16,16384,192,4096,128,8,0,0,asm,13001+23001,5648.0011
gfx936,int8_w8a8_channel,torch.float16,24576,192,4096,128,8,0,0,asm,13001+23001,8335.2828
gfx936,int8_w8a8_channel,torch.float16,32768,192,4096,128,8,0,0,asm,13001+23001,11020.2319
gfx936,int8_w8a8_channel,torch.float16,1,96,4096,128,8,0,0,asm,10003+20001,38.1151
gfx936,int8_w8a8_channel,torch.float16,2,96,4096,128,8,0,0,asm,10002+20000,47.5549
gfx936,int8_w8a8_channel,torch.float16,4,96,4096,128,8,0,0,asm,10008+20001,66.3425
gfx936,int8_w8a8_channel,torch.float16,6,96,4096,128,8,0,0,asm,10011+20001,79.4709
gfx936,int8_w8a8_channel,torch.float16,8,96,4096,128,8,0,0,asm,10011+20001,95.3781
gfx936,int8_w8a8_channel,torch.float16,12,96,4096,128,8,0,0,asm,10001+20001,120.717
gfx936,int8_w8a8_channel,torch.float16,16,96,4096,128,8,0,0,asm,10001+20001,137.7275
gfx936,int8_w8a8_channel,torch.float16,24,96,4096,128,8,0,0,asm,10002+20001,154.5499
gfx936,int8_w8a8_channel,torch.float16,32,96,4096,128,8,0,0,asm,10011+20001,169.9718
gfx936,int8_w8a8_channel,torch.float16,36,96,4096,128,8,0,0,asm,10001+20001,170.0784
gfx936,int8_w8a8_channel,torch.float16,48,96,4096,128,8,0,0,asm,10002+20001,183.2321
gfx936,int8_w8a8_channel,torch.float16,56,96,4096,128,8,0,0,asm,10002+20001,185.6151
gfx936,int8_w8a8_channel,torch.float16,64,96,4096,128,8,0,0,asm,10013+20001,200.6075
gfx936,int8_w8a8_channel,torch.float16,72,96,4096,128,8,0,0,asm,10002+20001,188.1583
gfx936,int8_w8a8_channel,torch.float16,80,96,4096,128,8,0,0,asm,10002+20001,189.2614
gfx936,int8_w8a8_channel,torch.float16,88,96,4096,128,8,0,0,asm,10013+20001,192.1668
gfx936,int8_w8a8_channel,torch.float16,96,96,4096,128,8,0,0,asm,10002+20001,193.8594
gfx936,int8_w8a8_channel,torch.float16,100,96,4096,128,8,0,0,asm,10002+20001,195.5519
gfx936,int8_w8a8_channel,torch.float16,112,96,4096,128,8,0,0,asm,10002+20001,196.9414
gfx936,int8_w8a8_channel,torch.float16,128,96,4096,128,8,0,0,asm,10001+20001,198.7267
gfx936,int8_w8a8_channel,torch.float16,144,96,4096,128,8,0,0,asm,10002+20001,204.8403
gfx936,int8_w8a8_channel,torch.float16,160,96,4096,128,8,0,0,asm,10002+20001,208.2004
gfx936,int8_w8a8_channel,torch.float16,192,96,4096,128,8,0,0,asm,10002+20001,218.5918
gfx936,int8_w8a8_channel,torch.float16,224,96,4096,128,8,0,0,asm,11007+21001,226.6593
gfx936,int8_w8a8_channel,torch.float16,256,96,4096,128,8,0,0,asm,11007+21001,230.8277
gfx936,int8_w8a8_channel,torch.float16,320,96,4096,128,8,0,0,asm,11000+21001,257.3539
gfx936,int8_w8a8_channel,torch.float16,384,96,4096,128,8,0,0,asm,11004+21001,273.194
gfx936,int8_w8a8_channel,torch.float16,448,96,4096,128,8,0,0,asm,11004+21001,283.4255
gfx936,int8_w8a8_channel,torch.float16,512,96,4096,128,8,0,0,asm,11005+21001,300.8992
gfx936,int8_w8a8_channel,torch.float16,640,96,4096,128,8,0,0,asm,12005+22001,330.1791
gfx936,int8_w8a8_channel,torch.float16,768,96,4096,128,8,0,0,asm,12005+22001,348.8991
gfx936,int8_w8a8_channel,torch.float16,896,96,4096,128,8,0,0,asm,12000+22001,395.1896
gfx936,int8_w8a8_channel,torch.float16,1024,96,4096,128,8,0,0,asm,12001+22001,431.7875
gfx936,int8_w8a8_channel,torch.float16,1280,96,4096,128,8,0,0,asm,13001+23001,521.4631
gfx936,int8_w8a8_channel,torch.float16,1536,96,4096,128,8,0,0,asm,13001+23001,554.6757
gfx936,int8_w8a8_channel,torch.float16,2048,96,4096,128,8,0,0,asm,12001+22001,704.6884
gfx936,int8_w8a8_channel,torch.float16,2304,96,4096,128,8,0,0,asm,12001+22001,816.0986
gfx936,int8_w8a8_channel,torch.float16,2560,96,4096,128,8,0,0,asm,12001+22001,853.9596
gfx936,int8_w8a8_channel,torch.float16,3072,96,4096,128,8,0,0,asm,12005+22001,990.5068
gfx936,int8_w8a8_channel,torch.float16,3584,96,4096,128,8,0,0,asm,13001+23001,1099.4415
gfx936,int8_w8a8_channel,torch.float16,4096,96,4096,128,8,0,0,asm,13001+23001,1252.3592
gfx936,int8_w8a8_channel,torch.float16,5120,96,4096,128,8,0,0,asm,13001+23001,1523.34
gfx936,int8_w8a8_channel,torch.float16,6144,96,4096,128,8,0,0,asm,13001+23001,1819.7692
gfx936,int8_w8a8_channel,torch.float16,7168,96,4096,128,8,0,0,asm,13001+23001,2057.79
gfx936,int8_w8a8_channel,torch.float16,8192,96,4096,128,8,0,0,asm,13001+23001,2314.2613
gfx936,int8_w8a8_channel,torch.float16,10240,96,4096,128,8,0,0,asm,13001+23001,2847.3472
gfx936,int8_w8a8_channel,torch.float16,12288,96,4096,128,8,0,0,asm,13001+23001,3375.0267
gfx936,int8_w8a8_channel,torch.float16,16384,96,4096,128,8,0,0,asm,13001+23001,4440.3141
gfx936,int8_w8a8_channel,torch.float16,24576,96,4096,128,8,0,0,asm,13001+23001,6558.0723
gfx936,int8_w8a8_channel,torch.float16,32768,96,4096,128,8,0,0,asm,13001+23001,8674.584
gfx936,int8_w8a8_channel,torch.float16,1,256,3072,256,8,0,0,asm,10002+20000,48.3972
gfx936,int8_w8a8_channel,torch.float16,2,256,3072,256,8,0,0,asm,10002+20000,66.0139
gfx936,int8_w8a8_channel,torch.float16,4,256,3072,256,8,0,0,asm,10013+20000,98.4014
gfx936,int8_w8a8_channel,torch.float16,6,256,3072,256,8,0,0,asm,10002+20000,129.3739
gfx936,int8_w8a8_channel,torch.float16,8,256,3072,256,8,0,0,asm,10013+20000,156.3802
gfx936,int8_w8a8_channel,torch.float16,12,256,3072,256,8,0,0,asm,10002+20000,205.3233
gfx936,int8_w8a8_channel,torch.float16,16,256,3072,256,8,0,0,asm,10002+20001,248.0685
gfx936,int8_w8a8_channel,torch.float16,24,256,3072,256,8,0,0,asm,10002+20001,320.0738
gfx936,int8_w8a8_channel,torch.float16,32,256,3072,256,8,0,0,asm,10002+20001,392.4726
gfx936,int8_w8a8_channel,torch.float16,36,256,3072,256,8,0,0,asm,10002+20001,402.2885
gfx936,int8_w8a8_channel,torch.float16,48,256,3072,256,8,0,0,asm,10002+20001,450.5242
gfx936,int8_w8a8_channel,torch.float16,56,256,3072,256,8,0,0,asm,10002+20000,474.7179
gfx936,int8_w8a8_channel,torch.float16,64,256,3072,256,8,0,0,asm,10002+20001,492.7474
gfx936,int8_w8a8_channel,torch.float16,72,256,3072,256,8,0,0,asm,10002+20000,510.5494
gfx936,int8_w8a8_channel,torch.float16,80,256,3072,256,8,0,0,asm,10002+20001,527.6442
gfx936,int8_w8a8_channel,torch.float16,88,256,3072,256,8,0,0,asm,10002+20001,544.7388
gfx936,int8_w8a8_channel,torch.float16,96,256,3072,256,8,0,0,asm,10002+20001,551.7368
gfx936,int8_w8a8_channel,torch.float16,100,256,3072,256,8,0,0,asm,10002+20000,552.4694
gfx936,int8_w8a8_channel,torch.float16,112,256,3072,256,8,0,0,asm,10002+20001,563.6272
gfx936,int8_w8a8_channel,torch.float16,128,256,3072,256,8,0,0,asm,10002+20000,578.1029
gfx936,int8_w8a8_channel,torch.float16,144,256,3072,256,8,0,0,asm,10002+20001,586.8777
gfx936,int8_w8a8_channel,torch.float16,160,256,3072,256,8,0,0,asm,10002+20001,592.4525
gfx936,int8_w8a8_channel,torch.float16,192,256,3072,256,8,0,0,asm,10002+20001,604.444
gfx936,int8_w8a8_channel,torch.float16,224,256,3072,256,8,0,0,asm,10002+20001,615.3409
gfx936,int8_w8a8_channel,torch.float16,256,256,3072,256,8,0,0,asm,10002+20001,623.1893
gfx936,int8_w8a8_channel,torch.float16,320,256,3072,256,8,0,0,asm,10002+20001,639.0377
gfx936,int8_w8a8_channel,torch.float16,384,256,3072,256,8,0,0,asm,11007+21001,657.9093
gfx936,int8_w8a8_channel,torch.float16,448,256,3072,256,8,0,0,asm,11007+21001,668.823
gfx936,int8_w8a8_channel,torch.float16,512,256,3072,256,8,0,0,asm,11007+21001,686.1451
gfx936,int8_w8a8_channel,torch.float16,640,256,3072,256,8,0,0,asm,11007+21001,719.2651
gfx936,int8_w8a8_channel,torch.float16,768,256,3072,256,8,0,0,asm,11007+21001,742.8187
gfx936,int8_w8a8_channel,torch.float16,896,256,3072,256,8,0,0,asm,11007+21001,765.7492
gfx936,int8_w8a8_channel,torch.float16,1024,256,3072,256,8,0,0,asm,11005+21001,805.9598
gfx936,int8_w8a8_channel,torch.float16,1280,256,3072,256,8,0,0,asm,12005+22001,861.6987
gfx936,int8_w8a8_channel,torch.float16,1536,256,3072,256,8,0,0,asm,12005+22001,920.4859
gfx936,int8_w8a8_channel,torch.float16,2048,256,3072,256,8,0,0,asm,12005+22001,1047.6522
gfx936,int8_w8a8_channel,torch.float16,2304,256,3072,256,8,0,0,asm,13001+23001,1113.9763
gfx936,int8_w8a8_channel,torch.float16,2560,256,3072,256,8,0,0,asm,13001+23001,1148.7468
gfx936,int8_w8a8_channel,torch.float16,3072,256,3072,256,8,0,0,asm,13001+23001,1226.7341
gfx936,int8_w8a8_channel,torch.float16,3584,256,3072,256,8,0,0,asm,13001+23001,1336.0982
gfx936,int8_w8a8_channel,torch.float16,4096,256,3072,256,8,0,0,asm,13001+23001,1522.7002
gfx936,int8_w8a8_channel,torch.float16,5120,256,3072,256,8,0,0,asm,12001+22001,1872.0472
gfx936,int8_w8a8_channel,torch.float16,6144,256,3072,256,8,0,0,asm,13001+23001,2030.5648
gfx936,int8_w8a8_channel,torch.float16,7168,256,3072,256,8,0,0,asm,13001+23001,2183.6848
gfx936,int8_w8a8_channel,torch.float16,8192,256,3072,256,8,0,0,asm,13001+23001,2521.495
gfx936,int8_w8a8_channel,torch.float16,10240,256,3072,256,8,0,0,asm,13001+23001,3044.9724
gfx936,int8_w8a8_channel,torch.float16,12288,256,3072,256,8,0,0,asm,13001+23001,3573.7635
gfx936,int8_w8a8_channel,torch.float16,16384,256,3072,256,8,0,0,asm,13001+23001,4611.2867
gfx936,int8_w8a8_channel,torch.float16,24576,256,3072,256,8,0,0,asm,13001+23001,6740.9099
gfx936,int8_w8a8_channel,torch.float16,32768,256,3072,256,8,0,0,asm,13001+23001,8835.3837
gfx936,int8_w8a8_channel,torch.float16,1,128,3072,256,8,0,0,asm,10004+20000,44.4477
gfx936,int8_w8a8_channel,torch.float16,2,128,3072,256,8,0,0,asm,10002+20100,52.7761
gfx936,int8_w8a8_channel,torch.float16,4,128,3072,256,8,0,0,asm,10002+20102,69.7361
gfx936,int8_w8a8_channel,torch.float16,6,128,3072,256,8,0,0,asm,10002+20102,87.2939
gfx936,int8_w8a8_channel,torch.float16,8,128,3072,256,8,0,0,asm,10010+20102,101.1886
gfx936,int8_w8a8_channel,torch.float16,12,128,3072,256,8,0,0,asm,10002+20001,131.2096
gfx936,int8_w8a8_channel,torch.float16,16,128,3072,256,8,0,0,asm,10002+20001,153.9296
gfx936,int8_w8a8_channel,torch.float16,24,128,3072,256,8,0,0,asm,10002+20001,187.5521
gfx936,int8_w8a8_channel,torch.float16,32,128,3072,256,8,0,0,asm,10002+20001,232.5991
gfx936,int8_w8a8_channel,torch.float16,36,128,3072,256,8,0,0,asm,10002+20001,227.4087
gfx936,int8_w8a8_channel,torch.float16,48,128,3072,256,8,0,0,asm,10002+20001,253.9349
gfx936,int8_w8a8_channel,torch.float16,56,128,3072,256,8,0,0,asm,10002+20001,266.7097
gfx936,int8_w8a8_channel,torch.float16,64,128,3072,256,8,0,0,asm,10002+20001,279.2823
gfx936,int8_w8a8_channel,torch.float16,72,128,3072,256,8,0,0,asm,10002+20001,286.6423
gfx936,int8_w8a8_channel,torch.float16,80,128,3072,256,8,0,0,asm,10002+20001,296.7054
gfx936,int8_w8a8_channel,torch.float16,88,128,3072,256,8,0,0,asm,10002+20001,303.0211
gfx936,int8_w8a8_channel,torch.float16,96,128,3072,256,8,0,0,asm,10002+20001,310.4316
gfx936,int8_w8a8_channel,torch.float16,100,128,3072,256,8,0,0,asm,10002+20001,308.5117
gfx936,int8_w8a8_channel,torch.float16,112,128,3072,256,8,0,0,asm,10002+20001,314.5159
gfx936,int8_w8a8_channel,torch.float16,128,128,3072,256,8,0,0,asm,10002+20001,323.198
gfx936,int8_w8a8_channel,torch.float16,144,128,3072,256,8,0,0,asm,10002+20001,326.8106
gfx936,int8_w8a8_channel,torch.float16,160,128,3072,256,8,0,0,asm,10002+20001,332.4781
gfx936,int8_w8a8_channel,torch.float16,192,128,3072,256,8,0,0,asm,10002+20001,333.9349
gfx936,int8_w8a8_channel,torch.float16,224,128,3072,256,8,0,0,asm,10013+20001,342.6423
gfx936,int8_w8a8_channel,torch.float16,256,128,3072,256,8,0,0,asm,10002+20001,344.8234
gfx936,int8_w8a8_channel,torch.float16,320,128,3072,256,8,0,0,asm,10002+20001,355.7706
gfx936,int8_w8a8_channel,torch.float16,384,128,3072,256,8,0,0,asm,10002+20001,372.5369
gfx936,int8_w8a8_channel,torch.float16,448,128,3072,256,8,0,0,asm,11007+21001,379.2065
gfx936,int8_w8a8_channel,torch.float16,512,128,3072,256,8,0,0,asm,11007+21001,395.7538
gfx936,int8_w8a8_channel,torch.float16,640,128,3072,256,8,0,0,asm,11004+21001,416.5117
gfx936,int8_w8a8_channel,torch.float16,768,128,3072,256,8,0,0,asm,11007+21001,439.7537
gfx936,int8_w8a8_channel,torch.float16,896,128,3072,256,8,0,0,asm,11007+21001,443.0296
gfx936,int8_w8a8_channel,torch.float16,1024,128,3072,256,8,0,0,asm,11005+21001,475.6358
gfx936,int8_w8a8_channel,torch.float16,1280,128,3072,256,8,0,0,asm,12005+22001,515.2147
gfx936,int8_w8a8_channel,torch.float16,1536,128,3072,256,8,0,0,asm,12005+22001,567.0547
gfx936,int8_w8a8_channel,torch.float16,2048,128,3072,256,8,0,0,asm,12005+22001,659.6858
gfx936,int8_w8a8_channel,torch.float16,2304,128,3072,256,8,0,0,asm,12001+21102,742.3382
gfx936,int8_w8a8_channel,torch.float16,2560,128,3072,256,8,0,0,asm,12001+21102,780.6539
gfx936,int8_w8a8_channel,torch.float16,3072,128,3072,256,8,0,0,asm,13001+23001,824.0141
gfx936,int8_w8a8_channel,torch.float16,3584,128,3072,256,8,0,0,asm,13001+23001,908.1319
gfx936,int8_w8a8_channel,torch.float16,4096,128,3072,256,8,0,0,asm,12001+22001,1038.8349
gfx936,int8_w8a8_channel,torch.float16,5120,128,3072,256,8,0,0,asm,12001+22001,1267.7605
gfx936,int8_w8a8_channel,torch.float16,6144,128,3072,256,8,0,0,asm,13001+23001,1429.2759
gfx936,int8_w8a8_channel,torch.float16,7168,128,3072,256,8,0,0,asm,13001+23001,1555.8024
gfx936,int8_w8a8_channel,torch.float16,8192,128,3072,256,8,0,0,asm,13001+23001,1789.4696
gfx936,int8_w8a8_channel,torch.float16,10240,128,3072,256,8,0,0,asm,13001+23001,2165.9155
gfx936,int8_w8a8_channel,torch.float16,12288,128,3072,256,8,0,0,asm,13001+23001,2530.2763
gfx936,int8_w8a8_channel,torch.float16,16384,128,3072,256,8,0,0,asm,13001+23001,3264.3642
gfx936,int8_w8a8_channel,torch.float16,24576,128,3072,256,8,0,0,asm,13001+23001,4759.7737
gfx936,int8_w8a8_channel,torch.float16,32768,128,3072,256,8,0,0,asm,13001+23001,6279.1322
gfx938,f8_w8a8_channel,torch.bfloat16,1,512,4096,256,6,0,0,asm,10008+20000,64.9697
gfx938,f8_w8a8_channel,torch.bfloat16,2,512,4096,256,6,0,0,asm,10011+20000,93.5172
gfx938,f8_w8a8_channel,torch.bfloat16,3,512,4096,256,6,0,0,asm,10002+20000,132.2538
gfx938,f8_w8a8_channel,torch.bfloat16,4,512,4096,256,6,0,0,asm,10011+20000,155.6137
gfx938,f8_w8a8_channel,torch.bfloat16,5,512,4096,256,6,0,0,asm,10011+20000,179.6641
gfx938,f8_w8a8_channel,torch.bfloat16,6,512,4096,256,6,0,0,asm,10002+20000,220.5063
gfx938,f8_w8a8_channel,torch.bfloat16,7,512,4096,256,6,0,0,asm,10011+20000,239.3947
gfx938,f8_w8a8_channel,torch.bfloat16,8,512,4096,256,6,0,0,asm,10013+20000,259.5464
gfx938,f8_w8a8_channel,torch.bfloat16,9,512,4096,256,6,0,0,asm,10002+20000,299.5799
gfx938,f8_w8a8_channel,torch.bfloat16,10,512,4096,256,6,0,0,asm,10002+20000,320.0597
gfx938,f8_w8a8_channel,torch.bfloat16,11,512,4096,256,6,0,0,asm,10011+20000,333.7271
gfx938,f8_w8a8_channel,torch.bfloat16,12,512,4096,256,6,0,0,asm,10011+20000,342.6955
gfx938,f8_w8a8_channel,torch.bfloat16,13,512,4096,256,6,0,0,asm,10013+20000,359.1504
gfx938,f8_w8a8_channel,torch.bfloat16,14,512,4096,256,6,0,0,asm,10002+20000,395.1839
gfx938,f8_w8a8_channel,torch.bfloat16,15,512,4096,256,6,0,0,asm,10011+20000,410.9396
gfx938,f8_w8a8_channel,torch.bfloat16,16,512,4096,256,6,0,0,asm,10011+20000,420.0933
gfx938,f8_w8a8_channel,torch.bfloat16,17,512,4096,256,6,0,0,asm,10013+20000,427.3493
gfx938,f8_w8a8_channel,torch.bfloat16,18,512,4096,256,6,0,0,asm,10002+20000,453.3787
gfx938,f8_w8a8_channel,torch.bfloat16,20,512,4096,256,6,0,0,asm,11005+20000,490.2628
gfx938,f8_w8a8_channel,torch.bfloat16,24,512,4096,256,6,0,0,asm,11007+20000,567.5428
gfx938,f8_w8a8_channel,torch.bfloat16,28,512,4096,256,6,0,0,asm,10002+20000,655.0066
gfx938,f8_w8a8_channel,torch.bfloat16,32,512,4096,256,6,0,0,asm,10002+20000,726.0803
gfx938,f8_w8a8_channel,torch.bfloat16,34,512,4096,256,6,0,0,asm,10013+20000,734.8098
gfx938,f8_w8a8_channel,torch.bfloat16,36,512,4096,256,6,0,0,asm,10009+20000,775.795
gfx938,f8_w8a8_channel,torch.bfloat16,40,512,4096,256,6,0,0,asm,11007+20000,818.0771
gfx938,f8_w8a8_channel,torch.bfloat16,44,512,4096,256,6,0,0,asm,11007+20000,887.8286
gfx938,f8_w8a8_channel,torch.bfloat16,48,512,4096,256,6,0,0,asm,11004+20000,932.4768
gfx938,f8_w8a8_channel,torch.bfloat16,56,512,4096,256,6,0,0,asm,10013+20000,986.0515
gfx938,f8_w8a8_channel,torch.bfloat16,64,512,4096,256,6,0,0,asm,10013+20000,1050.5229
gfx938,f8_w8a8_channel,torch.bfloat16,68,512,4096,256,6,0,0,asm,10013+20000,1069.2597
gfx938,f8_w8a8_channel,torch.bfloat16,72,512,4096,256,6,0,0,asm,10013+20000,1122.986
gfx938,f8_w8a8_channel,torch.bfloat16,80,512,4096,256,6,0,0,asm,10013+20000,1141.0322
gfx938,f8_w8a8_channel,torch.bfloat16,88,512,4096,256,6,0,0,asm,10013+20000,1176.19
gfx938,f8_w8a8_channel,torch.bfloat16,96,512,4096,256,6,0,0,asm,10013+20000,1191.3393
gfx938,f8_w8a8_channel,torch.bfloat16,104,512,4096,256,6,0,0,asm,10013+20000,1208.3246
gfx938,f8_w8a8_channel,torch.bfloat16,112,512,4096,256,6,0,0,asm,10013+20000,1223.2634
gfx938,f8_w8a8_channel,torch.bfloat16,128,512,4096,256,6,0,0,asm,10013+20000,1256.1306
gfx938,f8_w8a8_channel,torch.bfloat16,144,512,4096,256,6,0,0,asm,10013+20000,1273.7726
gfx938,f8_w8a8_channel,torch.bfloat16,160,512,4096,256,6,0,0,asm,10013+20000,1337.7641
gfx938,f8_w8a8_channel,torch.bfloat16,192,512,4096,256,6,0,0,asm,10013+20000,1323.9031
gfx938,f8_w8a8_channel,torch.bfloat16,224,512,4096,256,6,0,0,asm,10013+20000,1333.9326
gfx938,f8_w8a8_channel,torch.bfloat16,256,512,4096,256,6,0,0,asm,10013+20000,1343.3811
gfx938,f8_w8a8_channel,torch.bfloat16,320,512,4096,256,6,0,0,asm,10013+20000,1357.4695
gfx938,f8_w8a8_channel,torch.bfloat16,384,512,4096,256,6,0,0,asm,10013+20000,1423.6841
gfx938,f8_w8a8_channel,torch.bfloat16,448,512,4096,256,6,0,0,asm,12001+22000,1404.2484
gfx938,f8_w8a8_channel,torch.bfloat16,512,512,4096,256,6,0,0,asm,12005+22000,1424.821
gfx938,f8_w8a8_channel,torch.bfloat16,576,512,4096,256,6,0,0,asm,12005+22000,1483.4819
gfx938,f8_w8a8_channel,torch.bfloat16,640,512,4096,256,6,0,0,asm,12005+22000,1449.8736
gfx938,f8_w8a8_channel,torch.bfloat16,704,512,4096,256,6,0,0,asm,12005+22000,1460.4673
gfx938,f8_w8a8_channel,torch.bfloat16,768,512,4096,256,6,0,0,asm,11007+21000,1516.282
gfx938,f8_w8a8_channel,torch.bfloat16,832,512,4096,256,6,0,0,asm,12001+22000,1484.9305
gfx938,f8_w8a8_channel,torch.bfloat16,896,512,4096,256,6,0,0,asm,12005+22000,1498.9684
gfx938,f8_w8a8_channel,torch.bfloat16,960,512,4096,256,6,0,0,asm,12001+22000,1515.9789
gfx938,f8_w8a8_channel,torch.bfloat16,1024,512,4096,256,6,0,0,asm,12001+22000,1530.6652
gfx938,f8_w8a8_channel,torch.bfloat16,1152,512,4096,256,6,0,0,asm,12001+22000,1603.4229
gfx938,f8_w8a8_channel,torch.bfloat16,1280,512,4096,256,6,0,0,asm,12001+22000,1593.6629
gfx938,f8_w8a8_channel,torch.bfloat16,1408,512,4096,256,6,0,0,asm,12001+22000,1618.6649
gfx938,f8_w8a8_channel,torch.bfloat16,1536,512,4096,256,6,0,0,asm,12001+22000,1649.2079
gfx938,f8_w8a8_channel,torch.bfloat16,1664,512,4096,256,6,0,0,asm,12001+22000,1689.0732
gfx938,f8_w8a8_channel,torch.bfloat16,1792,512,4096,256,6,0,0,asm,12001+22000,1696.9302
gfx938,f8_w8a8_channel,torch.bfloat16,1920,512,4096,256,6,0,0,asm,12001+22000,1729.9067
gfx938,f8_w8a8_channel,torch.bfloat16,2048,512,4096,256,6,0,0,asm,12001+22000,1758.7655
gfx938,f8_w8a8_channel,torch.bfloat16,2304,512,4096,256,6,0,0,asm,12005+22000,1826.9085
gfx938,f8_w8a8_channel,torch.bfloat16,2560,512,4096,256,6,0,0,asm,12001+22000,1889.4516
gfx938,f8_w8a8_channel,torch.bfloat16,2816,512,4096,256,6,0,0,asm,13001+23001,2053.8806
gfx938,f8_w8a8_channel,torch.bfloat16,3072,512,4096,256,6,0,0,asm,13001+23001,2078.0912
gfx938,f8_w8a8_channel,torch.bfloat16,3328,512,4096,256,6,0,0,asm,13001+23001,2136.8785
gfx938,f8_w8a8_channel,torch.bfloat16,3584,512,4096,256,6,0,0,asm,13001+23001,2151.1017
gfx938,f8_w8a8_channel,torch.bfloat16,3840,512,4096,256,6,0,0,asm,13001+23001,2190.1756
gfx938,f8_w8a8_channel,torch.bfloat16,4096,512,4096,256,6,0,0,asm,13001+23001,2215.1607
gfx938,f8_w8a8_channel,torch.bfloat16,4608,512,4096,256,6,0,0,asm,13001+23001,2345.1226
gfx938,f8_w8a8_channel,torch.bfloat16,5120,512,4096,256,6,0,0,asm,13001+23001,2609.8883
gfx938,f8_w8a8_channel,torch.bfloat16,5632,512,4096,256,6,0,0,asm,13001+23001,3160.4807
gfx938,f8_w8a8_channel,torch.bfloat16,6144,512,4096,256,6,0,0,asm,12001+22001,3582.846
gfx938,f8_w8a8_channel,torch.bfloat16,6656,512,4096,256,6,0,0,asm,12001+22001,3712.0919
gfx938,f8_w8a8_channel,torch.bfloat16,7168,512,4096,256,6,0,0,asm,12001+22001,3825.0181
gfx938,f8_w8a8_channel,torch.bfloat16,7680,512,4096,256,6,0,0,asm,12001+22001,4007.3421
gfx938,f8_w8a8_channel,torch.bfloat16,8192,512,4096,256,6,0,0,asm,13001+23001,4081.6409
gfx938,f8_w8a8_channel,torch.bfloat16,10240,512,4096,256,6,0,0,asm,13001+23001,4520.1242
gfx938,f8_w8a8_channel,torch.bfloat16,12288,512,4096,256,6,0,0,asm,13001+23001,5796.0966
gfx938,f8_w8a8_channel,torch.bfloat16,14336,512,4096,256,6,0,0,asm,13001+23001,6163.6752
gfx938,f8_w8a8_channel,torch.bfloat16,16384,512,4096,256,6,0,0,asm,13001+23001,6976.4906
gfx938,f8_w8a8_channel,torch.bfloat16,17408,512,4096,256,6,0,0,asm,13001+23001,7636.5647
gfx938,f8_w8a8_channel,torch.bfloat16,24576,512,4096,256,6,0,0,asm,13001+23001,10009.1398
gfx938,f8_w8a8_channel,torch.bfloat16,32768,512,4096,256,6,0,0,asm,13001+23001,13063.6081
gfx938,f8_w8a8_channel,torch.bfloat16,40960,512,4096,256,6,0,0,asm,13001+23001,16152.603299999999
gfx938,f8_w8a8_channel,torch.bfloat16,49152,512,4096,256,6,0,0,asm,13001+23001,19138.8131
gfx938,f8_w8a8_channel,torch.bfloat16,57344,512,4096,256,6,0,0,asm,13001+23001,22122.0234
gfx938,f8_w8a8_channel,torch.bfloat16,65536,512,4096,256,6,0,0,asm,13001+23001,25145.5661
gfx938,f8_w8a8_channel,torch.bfloat16,1,256,4096,256,6,0,0,asm,10002+20000,49.0539
gfx938,f8_w8a8_channel,torch.bfloat16,2,256,4096,256,6,0,0,asm,10008+20000,69.6096
gfx938,f8_w8a8_channel,torch.bfloat16,3,256,4096,256,6,0,0,asm,10011+20000,81.9043
gfx938,f8_w8a8_channel,torch.bfloat16,4,256,4096,256,6,0,0,asm,10011+20000,96.3972
gfx938,f8_w8a8_channel,torch.bfloat16,5,256,4096,256,6,0,0,asm,10013+20000,108.3464
gfx938,f8_w8a8_channel,torch.bfloat16,6,256,4096,256,6,0,0,asm,10002+20000,135.0663
gfx938,f8_w8a8_channel,torch.bfloat16,7,256,4096,256,6,0,0,asm,10008+20000,146.2664
gfx938,f8_w8a8_channel,torch.bfloat16,8,256,4096,256,6,0,0,asm,10009+20000,154.9147
gfx938,f8_w8a8_channel,torch.bfloat16,9,256,4096,256,6,0,0,asm,10011+20000,164.0599
gfx938,f8_w8a8_channel,torch.bfloat16,10,256,4096,256,6,0,0,asm,10011+20000,173.3991
gfx938,f8_w8a8_channel,torch.bfloat16,11,256,4096,256,6,0,0,asm,10012+20000,182.8562
gfx938,f8_w8a8_channel,torch.bfloat16,12,256,4096,256,6,0,0,asm,10011+20000,187.5294
gfx938,f8_w8a8_channel,torch.bfloat16,13,256,4096,256,6,0,0,asm,10011+20000,196.4389
gfx938,f8_w8a8_channel,torch.bfloat16,14,256,4096,256,6,0,0,asm,10002+20000,224.5231
gfx938,f8_w8a8_channel,torch.bfloat16,15,256,4096,256,6,0,0,asm,10009+20000,234.4093
gfx938,f8_w8a8_channel,torch.bfloat16,16,256,4096,256,6,0,0,asm,10008+20000,236.0515
gfx938,f8_w8a8_channel,torch.bfloat16,17,256,4096,256,6,0,0,asm,10011+20000,232.4528
gfx938,f8_w8a8_channel,torch.bfloat16,18,256,4096,256,6,0,0,asm,10011+20000,238.6592
gfx938,f8_w8a8_channel,torch.bfloat16,20,256,4096,256,6,0,0,asm,10011+20000,260.2927
gfx938,f8_w8a8_channel,torch.bfloat16,24,256,4096,256,6,0,0,asm,10011+20000,306.3895
gfx938,f8_w8a8_channel,torch.bfloat16,28,256,4096,256,6,0,0,asm,10011+20000,343.4197
gfx938,f8_w8a8_channel,torch.bfloat16,32,256,4096,256,6,0,0,asm,10002+20000,396.7588
gfx938,f8_w8a8_channel,torch.bfloat16,34,256,4096,256,6,0,0,asm,10011+20000,389.6483
gfx938,f8_w8a8_channel,torch.bfloat16,36,256,4096,256,6,0,0,asm,10011+20000,393.9598
gfx938,f8_w8a8_channel,torch.bfloat16,40,256,4096,256,6,0,0,asm,10013+20000,413.7998
gfx938,f8_w8a8_channel,torch.bfloat16,44,256,4096,256,6,0,0,asm,10011+20000,469.0166
gfx938,f8_w8a8_channel,torch.bfloat16,48,256,4096,256,6,0,0,asm,10011+20000,478.7007
gfx938,f8_w8a8_channel,torch.bfloat16,56,256,4096,256,6,0,0,asm,10013+20000,496.7975
gfx938,f8_w8a8_channel,torch.bfloat16,64,256,4096,256,6,0,0,asm,10013+20000,543.4332
gfx938,f8_w8a8_channel,torch.bfloat16,68,256,4096,256,6,0,0,asm,10013+20000,544.5616
gfx938,f8_w8a8_channel,torch.bfloat16,72,256,4096,256,6,0,0,asm,11007+21000,570.2289
gfx938,f8_w8a8_channel,torch.bfloat16,80,256,4096,256,6,0,0,asm,10013+20000,567.2564
gfx938,f8_w8a8_channel,torch.bfloat16,88,256,4096,256,6,0,0,asm,10013+20000,596.8983
gfx938,f8_w8a8_channel,torch.bfloat16,96,256,4096,256,6,0,0,asm,10013+20000,617.5636
gfx938,f8_w8a8_channel,torch.bfloat16,104,256,4096,256,6,0,0,asm,10013+20000,621.3699
gfx938,f8_w8a8_channel,torch.bfloat16,112,256,4096,256,6,0,0,asm,10013+20000,625.2604
gfx938,f8_w8a8_channel,torch.bfloat16,128,256,4096,256,6,0,0,asm,10013+20000,638.4225
gfx938,f8_w8a8_channel,torch.bfloat16,144,256,4096,256,6,0,0,asm,10011+20000,645.5047
gfx938,f8_w8a8_channel,torch.bfloat16,160,256,4096,256,6,0,0,asm,10011+20000,705.6814
gfx938,f8_w8a8_channel,torch.bfloat16,192,256,4096,256,6,0,0,asm,10013+20000,674.2035
gfx938,f8_w8a8_channel,torch.bfloat16,224,256,4096,256,6,0,0,asm,11007+21000,683.3825
gfx938,f8_w8a8_channel,torch.bfloat16,256,256,4096,256,6,0,0,asm,11007+21000,684.8983
gfx938,f8_w8a8_channel,torch.bfloat16,320,256,4096,256,6,0,0,asm,11007+21000,699.3994
gfx938,f8_w8a8_channel,torch.bfloat16,384,256,4096,256,6,0,0,asm,11007+21000,713.1762
gfx938,f8_w8a8_channel,torch.bfloat16,448,256,4096,256,6,0,0,asm,11007+21000,723.7025
gfx938,f8_w8a8_channel,torch.bfloat16,512,256,4096,256,6,0,0,asm,11007+21000,738.852
gfx938,f8_w8a8_channel,torch.bfloat16,576,256,4096,256,6,0,0,asm,11007+21000,799.3572
gfx938,f8_w8a8_channel,torch.bfloat16,640,256,4096,256,6,0,0,asm,11007+21000,762.5656
gfx938,f8_w8a8_channel,torch.bfloat16,704,256,4096,256,6,0,0,asm,11007+21000,778.4477
gfx938,f8_w8a8_channel,torch.bfloat16,768,256,4096,256,6,0,0,asm,11007+21000,839.9381
gfx938,f8_w8a8_channel,torch.bfloat16,832,256,4096,256,6,0,0,asm,11007+21000,799.0623
gfx938,f8_w8a8_channel,torch.bfloat16,896,256,4096,256,6,0,0,asm,11007+21000,836.7212
gfx938,f8_w8a8_channel,torch.bfloat16,960,256,4096,256,6,0,0,asm,11007+21000,848.0727
gfx938,f8_w8a8_channel,torch.bfloat16,1024,256,4096,256,6,0,0,asm,11007+21000,856.5527
gfx938,f8_w8a8_channel,torch.bfloat16,1152,256,4096,256,6,0,0,asm,11005+21000,924.4178
gfx938,f8_w8a8_channel,torch.bfloat16,1280,256,4096,256,6,0,0,asm,12005+22001,921.0157
gfx938,f8_w8a8_channel,torch.bfloat16,1408,256,4096,256,6,0,0,asm,12005+22001,944.8219
gfx938,f8_w8a8_channel,torch.bfloat16,1536,256,4096,256,6,0,0,asm,12005+22001,1006.0514000000001
gfx938,f8_w8a8_channel,torch.bfloat16,1664,256,4096,256,6,0,0,asm,12005+22001,996.0051
gfx938,f8_w8a8_channel,torch.bfloat16,1792,256,4096,256,6,0,0,asm,12001+22001,1008.4261000000001
gfx938,f8_w8a8_channel,torch.bfloat16,1920,256,4096,256,6,0,0,asm,12005+22001,1039.9376
gfx938,f8_w8a8_channel,torch.bfloat16,2048,256,4096,256,6,0,0,asm,12005+22001,1055.2724
gfx938,f8_w8a8_channel,torch.bfloat16,2304,256,4096,256,6,0,0,asm,12005+22001,1132.6533
gfx938,f8_w8a8_channel,torch.bfloat16,2560,256,4096,256,6,0,0,asm,12005+22001,1180.8385
gfx938,f8_w8a8_channel,torch.bfloat16,2816,256,4096,256,6,0,0,asm,12001+22001,1316.072
gfx938,f8_w8a8_channel,torch.bfloat16,3072,256,4096,256,6,0,0,asm,13001+23001,1364.4256
gfx938,f8_w8a8_channel,torch.bfloat16,3328,256,4096,256,6,0,0,asm,13001+23001,1402.0171
gfx938,f8_w8a8_channel,torch.bfloat16,3584,256,4096,256,6,0,0,asm,13001+23001,1428.0044
gfx938,f8_w8a8_channel,torch.bfloat16,3840,256,4096,256,6,0,0,asm,13001+23001,1458.6064
gfx938,f8_w8a8_channel,torch.bfloat16,4096,256,4096,256,6,0,0,asm,13001+23001,1480.5179
gfx938,f8_w8a8_channel,torch.bfloat16,4608,256,4096,256,6,0,0,asm,13001+23001,1593.1746
gfx938,f8_w8a8_channel,torch.bfloat16,5120,256,4096,256,6,0,0,asm,13001+23001,1768.6016
gfx938,f8_w8a8_channel,torch.bfloat16,5632,256,4096,256,6,0,0,asm,13001+23001,2115.3041
gfx938,f8_w8a8_channel,torch.bfloat16,6144,256,4096,256,6,0,0,asm,12001+22001,2367.6908
gfx938,f8_w8a8_channel,torch.bfloat16,6656,256,4096,256,6,0,0,asm,12001+22001,2451.6906
gfx938,f8_w8a8_channel,torch.bfloat16,7168,256,4096,256,6,0,0,asm,12001+22001,2551.1766
gfx938,f8_w8a8_channel,torch.bfloat16,7680,256,4096,256,6,0,0,asm,12001+22001,2670.5869
gfx938,f8_w8a8_channel,torch.bfloat16,8192,256,4096,256,6,0,0,asm,13001+23001,2771.5974
gfx938,f8_w8a8_channel,torch.bfloat16,10240,256,4096,256,6,0,0,asm,13001+23001,3116.8093
gfx938,f8_w8a8_channel,torch.bfloat16,12288,256,4096,256,6,0,0,asm,13001+23001,4024.8074999999994
gfx938,f8_w8a8_channel,torch.bfloat16,14336,256,4096,256,6,0,0,asm,13001+23001,4314.9881
gfx938,f8_w8a8_channel,torch.bfloat16,16384,256,4096,256,6,0,0,asm,13001+23001,4910.3977
gfx938,f8_w8a8_channel,torch.bfloat16,17408,256,4096,256,6,0,0,asm,13001+23001,5376.1151
gfx938,f8_w8a8_channel,torch.bfloat16,24576,256,4096,256,6,0,0,asm,13001+23001,7071.3878
gfx938,f8_w8a8_channel,torch.bfloat16,32768,256,4096,256,6,0,0,asm,13001+23001,9263.7619
gfx938,f8_w8a8_channel,torch.bfloat16,40960,256,4096,256,6,0,0,asm,13001+23001,11379.3186
gfx938,f8_w8a8_channel,torch.bfloat16,49152,256,4096,256,6,0,0,asm,13001+23001,13529.0724
gfx938,f8_w8a8_channel,torch.bfloat16,57344,256,4096,256,6,0,0,asm,13001+23001,15696.9227
gfx938,f8_w8a8_channel,torch.bfloat16,65536,256,4096,256,6,0,0,asm,13001+23001,17822.9558
gfx938,f8_w8a8_channel,torch.bfloat16,65536,256,4096,256,6,0,0,asm,13001+23001,17822.9558
gfx938,f8_w8a8_channel,torch.bfloat16,1,128,4096,512,10,0,0,asm,10002+20100,61.3404
gfx938,f8_w8a8_channel,torch.bfloat16,2,128,4096,512,10,0,0,asm,10008+20101,79.4288
gfx938,f8_w8a8_channel,torch.bfloat16,3,128,4096,512,10,0,0,asm,10008+20101,89.4075
gfx938,f8_w8a8_channel,torch.bfloat16,4,128,4096,512,10,0,0,asm,10011+20001,101.8791
gfx938,f8_w8a8_channel,torch.bfloat16,5,128,4096,512,10,0,0,asm,10011+20001,110.3675
gfx938,f8_w8a8_channel,torch.bfloat16,6,128,4096,512,10,0,0,asm,10011+20101,117.7528
gfx938,f8_w8a8_channel,torch.bfloat16,7,128,4096,512,10,0,0,asm,10013+20101,127.9168
gfx938,f8_w8a8_channel,torch.bfloat16,8,128,4096,512,10,0,0,asm,10002+20001,156.7674
gfx938,f8_w8a8_channel,torch.bfloat16,9,128,4096,512,10,0,0,asm,10002+20101,169.3063
gfx938,f8_w8a8_channel,torch.bfloat16,10,128,4096,512,10,0,0,asm,10008+20101,179.1253
gfx938,f8_w8a8_channel,torch.bfloat16,11,128,4096,512,10,0,0,asm,10011+20101,186.9651
gfx938,f8_w8a8_channel,torch.bfloat16,12,128,4096,512,10,0,0,asm,10011+20001,192.6495
gfx938,f8_w8a8_channel,torch.bfloat16,13,128,4096,512,10,0,0,asm,10011+20101,204.7336
gfx938,f8_w8a8_channel,torch.bfloat16,14,128,4096,512,10,0,0,asm,10011+20101,214.9736
gfx938,f8_w8a8_channel,torch.bfloat16,15,128,4096,512,10,0,0,asm,10002+20001,247.1083
gfx938,f8_w8a8_channel,torch.bfloat16,16,128,4096,512,10,0,0,asm,10002+20001,257.2555
gfx938,f8_w8a8_channel,torch.bfloat16,17,128,4096,512,10,0,0,asm,10011+20101,242.44
gfx938,f8_w8a8_channel,torch.bfloat16,18,128,4096,512,10,0,0,asm,10011+20101,247.6779
gfx938,f8_w8a8_channel,torch.bfloat16,20,128,4096,512,10,0,0,asm,10011+20001,256.4443
gfx938,f8_w8a8_channel,torch.bfloat16,24,128,4096,512,10,0,0,asm,10002+20101,309.7493
gfx938,f8_w8a8_channel,torch.bfloat16,28,128,4096,512,10,0,0,asm,10011+20101,327.4082
gfx938,f8_w8a8_channel,torch.bfloat16,32,128,4096,512,10,0,0,asm,10011+20101,389.7154
gfx938,f8_w8a8_channel,torch.bfloat16,34,128,4096,512,10,0,0,asm,10012+20101,357.9008
gfx938,f8_w8a8_channel,torch.bfloat16,36,128,4096,512,10,0,0,asm,10002+20101,393.1261
gfx938,f8_w8a8_channel,torch.bfloat16,40,128,4096,512,10,0,0,asm,10011+20101,398.0945
gfx938,f8_w8a8_channel,torch.bfloat16,44,128,4096,512,10,0,0,asm,10011+20101,415.5933
gfx938,f8_w8a8_channel,torch.bfloat16,48,128,4096,512,10,0,0,asm,10013+20101,429.2944
gfx938,f8_w8a8_channel,torch.bfloat16,56,128,4096,512,10,0,0,asm,10011+20101,477.2353
gfx938,f8_w8a8_channel,torch.bfloat16,64,128,4096,512,10,0,0,asm,10012+20101,511.1384
gfx938,f8_w8a8_channel,torch.bfloat16,68,128,4096,512,10,0,0,asm,10013+20101,503.0374
gfx938,f8_w8a8_channel,torch.bfloat16,72,128,4096,512,10,0,0,asm,10011+20001,560.5698
gfx938,f8_w8a8_channel,torch.bfloat16,80,128,4096,512,10,0,0,asm,10013+20101,558.2371
gfx938,f8_w8a8_channel,torch.bfloat16,88,128,4096,512,10,0,0,asm,10011+20101,559.5003
gfx938,f8_w8a8_channel,torch.bfloat16,96,128,4096,512,10,0,0,asm,10013+20101,580.7802
gfx938,f8_w8a8_channel,torch.bfloat16,104,128,4096,512,10,0,0,asm,10013+20101,618.5823
gfx938,f8_w8a8_channel,torch.bfloat16,112,128,4096,512,10,0,0,asm,10011+20101,633.9506
gfx938,f8_w8a8_channel,torch.bfloat16,128,128,4096,512,10,0,0,asm,10013+20101,640.2074
gfx938,f8_w8a8_channel,torch.bfloat16,144,128,4096,512,10,0,0,asm,10013+20101,651.0538
gfx938,f8_w8a8_channel,torch.bfloat16,160,128,4096,512,10,0,0,asm,10013+20101,662.6833
gfx938,f8_w8a8_channel,torch.bfloat16,192,128,4096,512,10,0,0,asm,10011+20101,671.2138
gfx938,f8_w8a8_channel,torch.bfloat16,224,128,4096,512,10,0,0,asm,10011+20101,679.5591
gfx938,f8_w8a8_channel,torch.bfloat16,256,128,4096,512,10,0,0,asm,10013+20101,691.0874
gfx938,f8_w8a8_channel,torch.bfloat16,320,128,4096,512,10,0,0,asm,10013+20101,710.0768
gfx938,f8_w8a8_channel,torch.bfloat16,384,128,4096,512,10,0,0,asm,10011+20101,720.1315
gfx938,f8_w8a8_channel,torch.bfloat16,448,128,4096,512,10,0,0,asm,11007+21101,739.2556
gfx938,f8_w8a8_channel,torch.bfloat16,512,128,4096,512,10,0,0,asm,11007+21101,755.2641
gfx938,f8_w8a8_channel,torch.bfloat16,576,128,4096,512,10,0,0,asm,11007+21101,815.3902
gfx938,f8_w8a8_channel,torch.bfloat16,640,128,4096,512,10,0,0,asm,11007+21101,775.8956
gfx938,f8_w8a8_channel,torch.bfloat16,704,128,4096,512,10,0,0,asm,11007+21101,788.7293
gfx938,f8_w8a8_channel,torch.bfloat16,768,128,4096,512,10,0,0,asm,11007+21101,797.6977
gfx938,f8_w8a8_channel,torch.bfloat16,832,128,4096,512,10,0,0,asm,11007+21101,804.5356
gfx938,f8_w8a8_channel,torch.bfloat16,896,128,4096,512,10,0,0,asm,11007+21101,813.3018
gfx938,f8_w8a8_channel,torch.bfloat16,960,128,4096,512,10,0,0,asm,11007+21101,827.7018
gfx938,f8_w8a8_channel,torch.bfloat16,1024,128,4096,512,10,0,0,asm,11007+21101,859.8112
gfx938,f8_w8a8_channel,torch.bfloat16,1152,128,4096,512,10,0,0,asm,11005+21101,906.9689
gfx938,f8_w8a8_channel,torch.bfloat16,1280,128,4096,512,10,0,0,asm,11007+21101,891.1711
gfx938,f8_w8a8_channel,torch.bfloat16,1408,128,4096,512,10,0,0,asm,11007+21101,941.4109
gfx938,f8_w8a8_channel,torch.bfloat16,1536,128,4096,512,10,0,0,asm,11005+21101,992.2741
gfx938,f8_w8a8_channel,torch.bfloat16,1664,128,4096,512,10,0,0,asm,11003+21101,1042.8424
gfx938,f8_w8a8_channel,torch.bfloat16,1792,128,4096,512,10,0,0,asm,11005+21101,1146.0506
gfx938,f8_w8a8_channel,torch.bfloat16,1920,128,4096,512,10,0,0,asm,12001+21101,1143.2548
gfx938,f8_w8a8_channel,torch.bfloat16,2048,128,4096,512,10,0,0,asm,12005+21101,1165.4021
gfx938,f8_w8a8_channel,torch.bfloat16,2304,128,4096,512,10,0,0,asm,12005+21101,1217.7977
gfx938,f8_w8a8_channel,torch.bfloat16,2560,128,4096,512,10,0,0,asm,12001+21101,1269.5702
gfx938,f8_w8a8_channel,torch.bfloat16,2816,128,4096,512,10,0,0,asm,12005+21101,1345.1573
gfx938,f8_w8a8_channel,torch.bfloat16,3072,128,4096,512,10,0,0,asm,12005+21101,1456.5676
gfx938,f8_w8a8_channel,torch.bfloat16,3328,128,4096,512,10,0,0,asm,12001+22101,1596.6935
gfx938,f8_w8a8_channel,torch.bfloat16,3584,128,4096,512,10,0,0,asm,12001+22101,1700.3058
gfx938,f8_w8a8_channel,torch.bfloat16,3840,128,4096,512,10,0,0,asm,13001+22101,1797.0805
gfx938,f8_w8a8_channel,torch.bfloat16,4096,128,4096,512,10,0,0,asm,13001+22101,1808.7774
gfx938,f8_w8a8_channel,torch.bfloat16,4608,128,4096,512,10,0,0,asm,13001+22101,1898.4193
gfx938,f8_w8a8_channel,torch.bfloat16,5120,128,4096,512,10,0,0,asm,13001+22101,2009.0547000000001
gfx938,f8_w8a8_channel,torch.bfloat16,5632,128,4096,512,10,0,0,asm,13001+22101,2101.2144
gfx938,f8_w8a8_channel,torch.bfloat16,6144,128,4096,512,10,0,0,asm,13001+22101,2300.4644
gfx938,f8_w8a8_channel,torch.bfloat16,6656,128,4096,512,10,0,0,asm,12001+22101,2613.3645
gfx938,f8_w8a8_channel,torch.bfloat16,7168,128,4096,512,10,0,0,asm,12001+22101,2836.1681
gfx938,f8_w8a8_channel,torch.bfloat16,7680,128,4096,512,10,0,0,asm,12001+22101,3003.8056
gfx938,f8_w8a8_channel,torch.bfloat16,8192,128,4096,512,10,0,0,asm,12001+22101,3106.1971
gfx938,f8_w8a8_channel,torch.bfloat16,9008,128,4096,512,10,0,0,asm,12001+22101,3256.4307
gfx938,f8_w8a8_channel,torch.bfloat16,10240,128,4096,512,10,0,0,asm,13001+22101,3614.1959
gfx938,f8_w8a8_channel,torch.bfloat16,12288,128,4096,512,10,0,0,asm,13001+22101,4049.7062999999994
gfx938,f8_w8a8_channel,torch.bfloat16,14336,128,4096,512,10,0,0,asm,12001+22101,5020.8025
gfx938,f8_w8a8_channel,torch.bfloat16,16384,128,4096,512,10,0,0,asm,13001+22101,5391.9083
gfx938,f8_w8a8_channel,torch.bfloat16,17408,128,4096,512,10,0,0,asm,13001+22101,5574.7625
gfx938,f8_w8a8_channel,torch.bfloat16,24576,128,4096,512,10,0,0,asm,13001+23101,7529.52
gfx938,f8_w8a8_channel,torch.bfloat16,32768,128,4096,512,10,0,0,asm,13001+23101,9864.0308
gfx938,f8_w8a8_channel,torch.bfloat16,40960,128,4096,512,10,0,0,asm,13001+23101,12122.0694
gfx938,f8_w8a8_channel,torch.bfloat16,49152,128,4096,512,10,0,0,asm,13001+23101,14532.4632
gfx938,f8_w8a8_channel,torch.bfloat16,57344,128,4096,512,10,0,0,asm,13001+23001,17353.432060
gfx938,f8_w8a8_channel,torch.bfloat16,65536,128,4096,512,10,0,0,asm,13001+23001,19839.787318
gfx938,f8_w8a8_channel,torch.bfloat16,1,192,4096,192,8,0,0,asm,10002+20001,48.0604
gfx938,f8_w8a8_channel,torch.bfloat16,2,192,4096,192,8,0,0,asm,10008+20001,61.4835
gfx938,f8_w8a8_channel,torch.bfloat16,3,192,4096,192,8,0,0,asm,10008+20000,76.4645
gfx938,f8_w8a8_channel,torch.bfloat16,4,192,4096,192,8,0,0,asm,10011+20000,87.3277
gfx938,f8_w8a8_channel,torch.bfloat16,5,192,4096,192,8,0,0,asm,10008+20000,102.3091
gfx938,f8_w8a8_channel,torch.bfloat16,6,192,4096,192,8,0,0,asm,10008+20001,109.9972
gfx938,f8_w8a8_channel,torch.bfloat16,7,192,4096,192,8,0,0,asm,10002+20001,127.1341
gfx938,f8_w8a8_channel,torch.bfloat16,8,192,4096,192,8,0,0,asm,10002+20001,135.1593
gfx938,f8_w8a8_channel,torch.bfloat16,9,192,4096,192,8,0,0,asm,10008+20001,144.4141
gfx938,f8_w8a8_channel,torch.bfloat16,10,192,4096,192,8,0,0,asm,10011+20001,152.7594
gfx938,f8_w8a8_channel,torch.bfloat16,11,192,4096,192,8,0,0,asm,10002+20001,170.4348
gfx938,f8_w8a8_channel,torch.bfloat16,12,192,4096,192,8,0,0,asm,10002+20000,178.1488
gfx938,f8_w8a8_channel,torch.bfloat16,13,192,4096,192,8,0,0,asm,10002+20001,182.2583
gfx938,f8_w8a8_channel,torch.bfloat16,14,192,4096,192,8,0,0,asm,10002+20001,189.8372
gfx938,f8_w8a8_channel,torch.bfloat16,15,192,4096,192,8,0,0,asm,10008+20001,191.2014
gfx938,f8_w8a8_channel,torch.bfloat16,16,192,4096,192,8,0,0,asm,10008+20001,196.3971
gfx938,f8_w8a8_channel,torch.bfloat16,17,192,4096,192,8,0,0,asm,10011+20001,201.0932
gfx938,f8_w8a8_channel,torch.bfloat16,18,192,4096,192,8,0,0,asm,10011+20001,208.1921
gfx938,f8_w8a8_channel,torch.bfloat16,19,192,4096,192,8,0,0,asm,10011+20001,215.1816
gfx938,f8_w8a8_channel,torch.bfloat16,20,192,4096,192,8,0,0,asm,10008+20001,222.5584
gfx938,f8_w8a8_channel,torch.bfloat16,21,192,4096,192,8,0,0,asm,10009+20001,225.7163
gfx938,f8_w8a8_channel,torch.bfloat16,22,192,4096,192,8,0,0,asm,10008+20001,234.9288
gfx938,f8_w8a8_channel,torch.bfloat16,23,192,4096,192,8,0,0,asm,10002+20001,243.51
gfx938,f8_w8a8_channel,torch.bfloat16,24,192,4096,192,8,0,0,asm,10002+20001,252.2678
gfx938,f8_w8a8_channel,torch.bfloat16,25,192,4096,192,8,0,0,asm,10002+20001,261.2141
gfx938,f8_w8a8_channel,torch.bfloat16,26,192,4096,192,8,0,0,asm,10002+20001,264.0519
gfx938,f8_w8a8_channel,torch.bfloat16,27,192,4096,192,8,0,0,asm,10002+20001,275.4121
gfx938,f8_w8a8_channel,torch.bfloat16,28,192,4096,192,8,0,0,asm,10002+20001,276.5657
gfx938,f8_w8a8_channel,torch.bfloat16,29,192,4096,192,8,0,0,asm,10011+20001,276.0856
gfx938,f8_w8a8_channel,torch.bfloat16,30,192,4096,192,8,0,0,asm,10011+20001,280.5405
gfx938,f8_w8a8_channel,torch.bfloat16,31,192,4096,192,8,0,0,asm,10011+20001,282.5867
gfx938,f8_w8a8_channel,torch.bfloat16,32,192,4096,192,8,0,0,asm,10002+20001,297.3489
gfx938,f8_w8a8_channel,torch.bfloat16,34,192,4096,192,8,0,0,asm,10002+20001,291.4595
gfx938,f8_w8a8_channel,torch.bfloat16,36,192,4096,192,8,0,0,asm,10002+20001,293.5395
gfx938,f8_w8a8_channel,torch.bfloat16,40,192,4096,192,8,0,0,asm,10009+20001,303.7121
gfx938,f8_w8a8_channel,torch.bfloat16,50,192,4096,192,8,0,0,asm,10011+20001,321.9604
gfx938,f8_w8a8_channel,torch.bfloat16,60,192,4096,192,8,0,0,asm,10002+20001,334.0279
gfx938,f8_w8a8_channel,torch.bfloat16,64,192,4096,192,8,0,0,asm,10011+20001,336.2426
gfx938,f8_w8a8_channel,torch.bfloat16,68,192,4096,192,8,0,0,asm,10002+20001,345.1858
gfx938,f8_w8a8_channel,torch.bfloat16,72,192,4096,192,8,0,0,asm,10002+20001,348.0321
gfx938,f8_w8a8_channel,torch.bfloat16,80,192,4096,192,8,0,0,asm,10008+20001,347.3332
gfx938,f8_w8a8_channel,torch.bfloat16,88,192,4096,192,8,0,0,asm,10008+20001,349.8258
gfx938,f8_w8a8_channel,torch.bfloat16,96,192,4096,192,8,0,0,asm,10008+20001,357.59
gfx938,f8_w8a8_channel,torch.bfloat16,112,192,4096,192,8,0,0,asm,10008+20001,365.1857
gfx938,f8_w8a8_channel,torch.bfloat16,128,192,4096,192,8,0,0,asm,10002+20001,368.2005
gfx938,f8_w8a8_channel,torch.bfloat16,164,192,4096,192,8,0,0,asm,10002+20001,377.6742
gfx938,f8_w8a8_channel,torch.bfloat16,200,192,4096,192,8,0,0,asm,10002+20001,386.1121
gfx938,f8_w8a8_channel,torch.bfloat16,256,192,4096,192,8,0,0,asm,10002+20001,400.2932
gfx938,f8_w8a8_channel,torch.bfloat16,384,192,4096,192,8,0,0,asm,11004+21001,429.4721
gfx938,f8_w8a8_channel,torch.bfloat16,448,192,4096,192,8,0,0,asm,11004+21001,442.3479
gfx938,f8_w8a8_channel,torch.bfloat16,512,192,4096,192,8,0,0,asm,11004+21001,462.4826
gfx938,f8_w8a8_channel,torch.bfloat16,576,192,4096,192,8,0,0,asm,11004+21001,536.0068
gfx938,f8_w8a8_channel,torch.bfloat16,640,192,4096,192,8,0,0,asm,11004+21001,494.8532
gfx938,f8_w8a8_channel,torch.bfloat16,768,192,4096,192,8,0,0,asm,12000+22001,575.7121
gfx938,f8_w8a8_channel,torch.bfloat16,896,192,4096,192,8,0,0,asm,12000+22001,599.5942
gfx938,f8_w8a8_channel,torch.bfloat16,960,192,4096,192,8,0,0,asm,12000+22001,605.6405
gfx938,f8_w8a8_channel,torch.bfloat16,1024,192,4096,192,8,0,0,asm,12000+22001,613.4047
gfx938,f8_w8a8_channel,torch.bfloat16,1152,192,4096,192,8,0,0,asm,12000+22001,670.5163
gfx938,f8_w8a8_channel,torch.bfloat16,1280,192,4096,192,8,0,0,asm,12000+22001,682.4826
gfx938,f8_w8a8_channel,torch.bfloat16,1408,192,4096,192,8,0,0,asm,12000+22001,747.2995
gfx938,f8_w8a8_channel,torch.bfloat16,1536,192,4096,192,8,0,0,asm,12000+22001,844.7813
gfx938,f8_w8a8_channel,torch.bfloat16,1664,192,4096,192,8,0,0,asm,13000+23001,969.2786
gfx938,f8_w8a8_channel,torch.bfloat16,1920,192,4096,192,8,0,0,asm,13000+23001,1000.8655
gfx938,f8_w8a8_channel,torch.bfloat16,2048,192,4096,192,8,0,0,asm,13000+23001,1017.5138
gfx938,f8_w8a8_channel,torch.bfloat16,2304,192,4096,192,8,0,0,asm,13000+23001,1065.388
gfx938,f8_w8a8_channel,torch.bfloat16,2560,192,4096,192,8,0,0,asm,13001+23001,1106.7182
gfx938,f8_w8a8_channel,torch.bfloat16,2816,192,4096,192,8,0,0,asm,13001+23001,1242.9464
gfx938,f8_w8a8_channel,torch.bfloat16,3072,192,4096,192,8,0,0,asm,13001+23001,1430.5507
gfx938,f8_w8a8_channel,torch.bfloat16,3328,192,4096,192,8,0,0,asm,12000+22001,1591.2913
gfx938,f8_w8a8_channel,torch.bfloat16,3584,192,4096,192,8,0,0,asm,12000+22001,1686.8364
gfx938,f8_w8a8_channel,torch.bfloat16,3840,192,4096,192,8,0,0,asm,12000+22001,1746.9627
gfx938,f8_w8a8_channel,torch.bfloat16,4096,192,4096,192,8,0,0,asm,12000+22001,1789.9269
gfx938,f8_w8a8_channel,torch.bfloat16,4608,192,4096,192,8,0,0,asm,13000+23001,1990.3815
gfx938,f8_w8a8_channel,torch.bfloat16,5120,192,4096,192,8,0,0,asm,13001+23001,2063.0553
gfx938,f8_w8a8_channel,torch.bfloat16,5632,192,4096,192,8,0,0,asm,13001+23001,2188.8321
gfx938,f8_w8a8_channel,torch.bfloat16,6144,192,4096,192,8,0,0,asm,13001+23001,2473.7248
gfx938,f8_w8a8_channel,torch.bfloat16,6656,192,4096,192,8,0,0,asm,13001+23001,2799.1545
gfx938,f8_w8a8_channel,torch.bfloat16,7168,192,4096,192,8,0,0,asm,13001+23001,2912.2738
gfx938,f8_w8a8_channel,torch.bfloat16,7680,192,4096,192,8,0,0,asm,13001+23001,2974.8588
gfx938,f8_w8a8_channel,torch.bfloat16,8192,192,4096,192,8,0,0,asm,13001+23001,3091.6693
gfx938,f8_w8a8_channel,torch.bfloat16,10240,192,4096,192,8,0,0,asm,13001+23001,3955.2855
gfx938,f8_w8a8_channel,torch.bfloat16,12288,192,4096,192,8,0,0,asm,13001+23001,4556.5461
gfx938,f8_w8a8_channel,torch.bfloat16,14336,192,4096,192,8,0,0,asm,13001+23001,5127.8724
gfx938,f8_w8a8_channel,torch.bfloat16,16384,192,4096,192,8,0,0,asm,13001+23001,5982.643
gfx938,f8_w8a8_channel,torch.bfloat16,1,384,4096,192,8,0,0,asm,10008+20000,59.5804
gfx938,f8_w8a8_channel,torch.bfloat16,2,384,4096,192,8,0,0,asm,10011+20000,79.7909
gfx938,f8_w8a8_channel,torch.bfloat16,3,384,4096,192,8,0,0,asm,10011+20000,101.8709
gfx938,f8_w8a8_channel,torch.bfloat16,4,384,4096,192,8,0,0,asm,10002+20000,129.1467
gfx938,f8_w8a8_channel,torch.bfloat16,5,384,4096,192,8,0,0,asm,10011+20000,147.8331
gfx938,f8_w8a8_channel,torch.bfloat16,6,384,4096,192,8,0,0,asm,10011+20000,164.5404
gfx938,f8_w8a8_channel,torch.bfloat16,7,384,4096,192,8,0,0,asm,10002+20000,197.1467
gfx938,f8_w8a8_channel,torch.bfloat16,8,384,4096,192,8,0,0,asm,10008+20000,210.1236
gfx938,f8_w8a8_channel,torch.bfloat16,9,384,4096,192,8,0,0,asm,10012+20000,229.4667
gfx938,f8_w8a8_channel,torch.bfloat16,10,384,4096,192,8,0,0,asm,10011+20000,241.9297
gfx938,f8_w8a8_channel,torch.bfloat16,11,384,4096,192,8,0,0,asm,10002+20000,281.2393
gfx938,f8_w8a8_channel,torch.bfloat16,12,384,4096,192,8,0,0,asm,10002+20000,288.9109
gfx938,f8_w8a8_channel,torch.bfloat16,13,384,4096,192,8,0,0,asm,10002+20000,302.1067
gfx938,f8_w8a8_channel,torch.bfloat16,14,384,4096,192,8,0,0,asm,10011+20000,307.2604
gfx938,f8_w8a8_channel,torch.bfloat16,15,384,4096,192,8,0,0,asm,10011+20000,311.4204
gfx938,f8_w8a8_channel,torch.bfloat16,16,384,4096,192,8,0,0,asm,10011+20000,323.2856
gfx938,f8_w8a8_channel,torch.bfloat16,17,384,4096,192,8,0,0,asm,10002+20000,344.4867
gfx938,f8_w8a8_channel,torch.bfloat16,18,384,4096,192,8,0,0,asm,10002+20000,361.0931
gfx938,f8_w8a8_channel,torch.bfloat16,19,384,4096,192,8,0,0,asm,10011+20000,370.6004
gfx938,f8_w8a8_channel,torch.bfloat16,20,384,4096,192,8,0,0,asm,10011+20000,374.6257
gfx938,f8_w8a8_channel,torch.bfloat16,21,384,4096,192,8,0,0,asm,10011+20000,379.3905
gfx938,f8_w8a8_channel,torch.bfloat16,22,384,4096,192,8,0,0,asm,10011+20000,396.7562
gfx938,f8_w8a8_channel,torch.bfloat16,23,384,4096,192,8,0,0,asm,10002+20000,420.537
gfx938,f8_w8a8_channel,torch.bfloat16,24,384,4096,192,8,0,0,asm,10002+20000,433.1338
gfx938,f8_w8a8_channel,torch.bfloat16,25,384,4096,192,8,0,0,asm,10008+20000,447.5888
gfx938,f8_w8a8_channel,torch.bfloat16,26,384,4096,192,8,0,0,asm,10011+20000,449.3571
gfx938,f8_w8a8_channel,torch.bfloat16,27,384,4096,192,8,0,0,asm,10011+20000,458.3423
gfx938,f8_w8a8_channel,torch.bfloat16,28,384,4096,192,8,0,0,asm,10011+20000,459.9846
gfx938,f8_w8a8_channel,torch.bfloat16,29,384,4096,192,8,0,0,asm,10011+20000,459.3782
gfx938,f8_w8a8_channel,torch.bfloat16,30,384,4096,192,8,0,0,asm,10011+20000,474.2329
gfx938,f8_w8a8_channel,torch.bfloat16,31,384,4096,192,8,0,0,asm,10011+20000,479.2856
gfx938,f8_w8a8_channel,torch.bfloat16,32,384,4096,192,8,0,0,asm,10002+20000,505.69390000000004
gfx938,f8_w8a8_channel,torch.bfloat16,34,384,4096,192,8,0,0,asm,10008+20000,505.3288
gfx938,f8_w8a8_channel,torch.bfloat16,36,384,4096,192,8,0,0,asm,10011+20000,512.3015
gfx938,f8_w8a8_channel,torch.bfloat16,40,384,4096,192,8,0,0,asm,10011+20000,520.4194
gfx938,f8_w8a8_channel,torch.bfloat16,50,384,4096,192,8,0,0,asm,10002+20000,572.9583
gfx938,f8_w8a8_channel,torch.bfloat16,60,384,4096,192,8,0,0,asm,10011+20000,585.2783
gfx938,f8_w8a8_channel,torch.bfloat16,64,384,4096,192,8,0,0,asm,10011+20000,586.9457
gfx938,f8_w8a8_channel,torch.bfloat16,68,384,4096,192,8,0,0,asm,10011+20000,588.4109
gfx938,f8_w8a8_channel,torch.bfloat16,72,384,4096,192,8,0,0,asm,10011+20000,596.2594
gfx938,f8_w8a8_channel,torch.bfloat16,80,384,4096,192,8,0,0,asm,10011+20000,604.5288
gfx938,f8_w8a8_channel,torch.bfloat16,88,384,4096,192,8,0,0,asm,10011+20000,600.8912
gfx938,f8_w8a8_channel,torch.bfloat16,96,384,4096,192,8,0,0,asm,10011+20000,601.0764
gfx938,f8_w8a8_channel,torch.bfloat16,112,384,4096,192,8,0,0,asm,10011+20000,617.6238
gfx938,f8_w8a8_channel,torch.bfloat16,128,384,4096,192,8,0,0,asm,10013+20000,624.6806
gfx938,f8_w8a8_channel,torch.bfloat16,164,384,4096,192,8,0,0,asm,11007+21000,635.552
gfx938,f8_w8a8_channel,torch.bfloat16,200,384,4096,192,8,0,0,asm,11005+21000,639.9392
gfx938,f8_w8a8_channel,torch.bfloat16,256,384,4096,192,8,0,0,asm,11007+21000,622.8442
gfx938,f8_w8a8_channel,torch.bfloat16,384,384,4096,192,8,0,0,asm,11005+21000,648.8489
gfx938,f8_w8a8_channel,torch.bfloat16,448,384,4096,192,8,0,0,asm,11005+21000,669.3034
gfx938,f8_w8a8_channel,torch.bfloat16,512,384,4096,192,8,0,0,asm,11005+21000,705.5139
gfx938,f8_w8a8_channel,torch.bfloat16,576,384,4096,192,8,0,0,asm,11004+21000,752.3603
gfx938,f8_w8a8_channel,torch.bfloat16,640,384,4096,192,8,0,0,asm,11005+21000,735.7456
gfx938,f8_w8a8_channel,torch.bfloat16,768,384,4096,192,8,0,0,asm,12005+22001,785.4973
gfx938,f8_w8a8_channel,torch.bfloat16,896,384,4096,192,8,0,0,asm,12005+22001,808.0238
gfx938,f8_w8a8_channel,torch.bfloat16,960,384,4096,192,8,0,0,asm,12005+22000,850.3143
gfx938,f8_w8a8_channel,torch.bfloat16,1024,384,4096,192,8,0,0,asm,12005+22001,824.63
gfx938,f8_w8a8_channel,torch.bfloat16,1152,384,4096,192,8,0,0,asm,12005+22001,920.6298
gfx938,f8_w8a8_channel,torch.bfloat16,1280,384,4096,192,8,0,0,asm,12001+22001,900.1413
gfx938,f8_w8a8_channel,torch.bfloat16,1408,384,4096,192,8,0,0,asm,12003+22000,1022.5834
gfx938,f8_w8a8_channel,torch.bfloat16,1536,384,4096,192,8,0,0,asm,12005+22001,1157.3204
gfx938,f8_w8a8_channel,torch.bfloat16,1664,384,4096,192,8,0,0,asm,12001+22001,1223.6704
gfx938,f8_w8a8_channel,torch.bfloat16,1920,384,4096,192,8,0,0,asm,13001+22000,1410.853
gfx938,f8_w8a8_channel,torch.bfloat16,2048,384,4096,192,8,0,0,asm,12002+22000,1616.5035
gfx938,f8_w8a8_channel,torch.bfloat16,2304,384,4096,192,8,0,0,asm,13001+23001,1234.1287
gfx938,f8_w8a8_channel,torch.bfloat16,2560,384,4096,192,8,0,0,asm,13001+23001,1321.0339
gfx938,f8_w8a8_channel,torch.bfloat16,2816,384,4096,192,8,0,0,asm,13001+23001,1391.2062
gfx938,f8_w8a8_channel,torch.bfloat16,3072,384,4096,192,8,0,0,asm,13001+23001,1619.9061
gfx938,f8_w8a8_channel,torch.bfloat16,3328,384,4096,192,8,0,0,asm,12001+22001,1901.8681
gfx938,f8_w8a8_channel,torch.bfloat16,3584,384,4096,192,8,0,0,asm,12001+22001,2119.3495
gfx938,f8_w8a8_channel,torch.bfloat16,3840,384,4096,192,8,0,0,asm,12001+22001,2185.8674
gfx938,f8_w8a8_channel,torch.bfloat16,4096,384,4096,192,8,0,0,asm,13001+23001,2237.3788
gfx938,f8_w8a8_channel,torch.bfloat16,4608,384,4096,192,8,0,0,asm,13001+23001,2310.9957
gfx938,f8_w8a8_channel,torch.bfloat16,5120,384,4096,192,8,0,0,asm,13001+23001,2378.0357
gfx938,f8_w8a8_channel,torch.bfloat16,5632,384,4096,192,8,0,0,asm,13001+23001,2539.4922
gfx938,f8_w8a8_channel,torch.bfloat16,6144,384,4096,192,8,0,0,asm,13001+23001,2885.2772
gfx938,f8_w8a8_channel,torch.bfloat16,6656,384,4096,192,8,0,0,asm,13001+23001,3287.535
gfx938,f8_w8a8_channel,torch.bfloat16,7168,384,4096,192,8,0,0,asm,12001+21001,4397.0517
gfx938,f8_w8a8_channel,torch.bfloat16,7680,384,4096,192,8,0,0,asm,13001+23001,3472.5801
gfx938,f8_w8a8_channel,torch.bfloat16,8192,384,4096,192,8,0,0,asm,12001+22001,4283.1629
gfx938,f8_w8a8_channel,torch.bfloat16,10240,384,4096,192,8,0,0,asm,12003+22000,5482.4985
gfx938,f8_w8a8_channel,torch.bfloat16,12288,384,4096,192,8,0,0,asm,13001+23001,5284.9398
gfx938,f8_w8a8_channel,torch.bfloat16,14336,384,4096,192,8,0,0,asm,13001+23001,5947.1976
gfx938,f8_w8a8_channel,torch.bfloat16,16384,384,4096,192,8,0,0,asm,13001+23001,6931.904
gfx938,f8_w8a8_channel,torch.bfloat16,1,320,6144,160,8,0,0,asm,10008+20000,69.6014
gfx938,f8_w8a8_channel,torch.bfloat16,2,320,6144,160,8,0,0,asm,10011+20000,101.4667
gfx938,f8_w8a8_channel,torch.bfloat16,3,320,6144,160,8,0,0,asm,10011+20001,121.433
gfx938,f8_w8a8_channel,torch.bfloat16,4,320,6144,160,8,0,0,asm,10002+20000,156.473
gfx938,f8_w8a8_channel,torch.bfloat16,5,320,6144,160,8,0,0,asm,10008+20000,176.153
gfx938,f8_w8a8_channel,torch.bfloat16,6,320,6144,160,8,0,0,asm,10012+20000,193.4667
gfx938,f8_w8a8_channel,torch.bfloat16,7,320,6144,160,8,0,0,asm,10011+20000,211.4052
gfx938,f8_w8a8_channel,torch.bfloat16,8,320,6144,160,8,0,0,asm,10002+20000,248.4655
gfx938,f8_w8a8_channel,torch.bfloat16,9,320,6144,160,8,0,0,asm,10002+20000,280.9531
gfx938,f8_w8a8_channel,torch.bfloat16,10,320,6144,160,8,0,0,asm,10011+20000,298.0814
gfx938,f8_w8a8_channel,torch.bfloat16,11,320,6144,160,8,0,0,asm,10002+20000,334.0654
gfx938,f8_w8a8_channel,torch.bfloat16,12,320,6144,160,8,0,0,asm,10008+20000,352.5205
gfx938,f8_w8a8_channel,torch.bfloat16,13,320,6144,160,8,0,0,asm,10008+20000,364.6246
gfx938,f8_w8a8_channel,torch.bfloat16,14,320,6144,160,8,0,0,asm,10011+20000,378.7972
gfx938,f8_w8a8_channel,torch.bfloat16,15,320,6144,160,8,0,0,asm,10011+20000,390.9404
gfx938,f8_w8a8_channel,torch.bfloat16,16,320,6144,160,8,0,0,asm,10008+20000,406.3341
gfx938,f8_w8a8_channel,torch.bfloat16,17,320,6144,160,8,0,0,asm,10002+20000,410.4993
gfx938,f8_w8a8_channel,torch.bfloat16,18,320,6144,160,8,0,0,asm,10002+20000,432.5962
gfx938,f8_w8a8_channel,torch.bfloat16,19,320,6144,160,8,0,0,asm,10002+20000,446.8446
gfx938,f8_w8a8_channel,torch.bfloat16,20,320,6144,160,8,0,0,asm,10002+20000,458.9288
gfx938,f8_w8a8_channel,torch.bfloat16,21,320,6144,160,8,0,0,asm,10012+20000,468.0993
gfx938,f8_w8a8_channel,torch.bfloat16,22,320,6144,160,8,0,0,asm,10012+20000,473.7583
gfx938,f8_w8a8_channel,torch.bfloat16,23,320,6144,160,8,0,0,asm,10011+20000,482.0193
gfx938,f8_w8a8_channel,torch.bfloat16,24,320,6144,160,8,0,0,asm,10011+20000,488.0067
gfx938,f8_w8a8_channel,torch.bfloat16,25,320,6144,160,8,0,0,asm,10011+20000,495.5972
gfx938,f8_w8a8_channel,torch.bfloat16,26,320,6144,160,8,0,0,asm,10012+20000,494.3508
gfx938,f8_w8a8_channel,torch.bfloat16,27,320,6144,160,8,0,0,asm,10002+20000,514.0897
gfx938,f8_w8a8_channel,torch.bfloat16,28,320,6144,160,8,0,0,asm,10002+20000,512.8855
gfx938,f8_w8a8_channel,torch.bfloat16,29,320,6144,160,8,0,0,asm,10002+20000,521.6281
gfx938,f8_w8a8_channel,torch.bfloat16,30,320,6144,160,8,0,0,asm,10002+20000,528.0692
gfx938,f8_w8a8_channel,torch.bfloat16,31,320,6144,160,8,0,0,asm,10002+20000,545.9403
gfx938,f8_w8a8_channel,torch.bfloat16,32,320,6144,160,8,0,0,asm,10002+20000,536.8097
gfx938,f8_w8a8_channel,torch.bfloat16,34,320,6144,160,8,0,0,asm,10002+20000,553.843
gfx938,f8_w8a8_channel,torch.bfloat16,36,320,6144,160,8,0,0,asm,10011+20000,561.0852
gfx938,f8_w8a8_channel,torch.bfloat16,40,320,6144,160,8,0,0,asm,10002+20000,576.1735
gfx938,f8_w8a8_channel,torch.bfloat16,50,320,6144,160,8,0,0,asm,10002+20000,596.8992
gfx938,f8_w8a8_channel,torch.bfloat16,60,320,6144,160,8,0,0,asm,10002+20000,611.6024
gfx938,f8_w8a8_channel,torch.bfloat16,64,320,6144,160,8,0,0,asm,10002+20000,608.2677
gfx938,f8_w8a8_channel,torch.bfloat16,68,320,6144,160,8,0,0,asm,10002+20000,609.0344
gfx938,f8_w8a8_channel,torch.bfloat16,72,320,6144,160,8,0,0,asm,10002+20000,614.6851
gfx938,f8_w8a8_channel,torch.bfloat16,80,320,6144,160,8,0,0,asm,10002+20000,619.4088
gfx938,f8_w8a8_channel,torch.bfloat16,88,320,6144,160,8,0,0,asm,10002+20000,615.9141
gfx938,f8_w8a8_channel,torch.bfloat16,96,320,6144,160,8,0,0,asm,10002+20000,628.9667
gfx938,f8_w8a8_channel,torch.bfloat16,112,320,6144,160,8,0,0,asm,10002+20000,646.8109
gfx938,f8_w8a8_channel,torch.bfloat16,128,320,6144,160,8,0,0,asm,10002+20000,659.7204
gfx938,f8_w8a8_channel,torch.bfloat16,164,320,6144,160,8,0,0,asm,10002+20000,658.2551
gfx938,f8_w8a8_channel,torch.bfloat16,200,320,6144,160,8,0,0,asm,10002+20000,680.8404
gfx938,f8_w8a8_channel,torch.bfloat16,256,320,6144,160,8,0,0,asm,11005+21000,703.8734
gfx938,f8_w8a8_channel,torch.bfloat16,384,320,6144,160,8,0,0,asm,11005+21000,741.0434
gfx938,f8_w8a8_channel,torch.bfloat16,448,320,6144,160,8,0,0,asm,11005+21000,756.2762
gfx938,f8_w8a8_channel,torch.bfloat16,512,320,6144,160,8,0,0,asm,11005+21000,785.7922
gfx938,f8_w8a8_channel,torch.bfloat16,576,320,6144,160,8,0,0,asm,12001+22001,887.2916
gfx938,f8_w8a8_channel,torch.bfloat16,640,320,6144,160,8,0,0,asm,12003+22001,897.8008
gfx938,f8_w8a8_channel,torch.bfloat16,768,320,6144,160,8,0,0,asm,12001+22001,880.7285
gfx938,f8_w8a8_channel,torch.bfloat16,896,320,6144,160,8,0,0,asm,12001+22001,923.4593
gfx938,f8_w8a8_channel,torch.bfloat16,960,320,6144,160,8,0,0,asm,12001+22001,941.1182
gfx938,f8_w8a8_channel,torch.bfloat16,1024,320,6144,160,8,0,0,asm,12001+22001,972.5456
gfx938,f8_w8a8_channel,torch.bfloat16,1152,320,6144,160,8,0,0,asm,12001+22001,1065.0424
gfx938,f8_w8a8_channel,torch.bfloat16,1280,320,6144,160,8,0,0,asm,12003+22001,1285.0508
gfx938,f8_w8a8_channel,torch.bfloat16,1408,320,6144,160,8,0,0,asm,13001+23001,1361.4546
gfx938,f8_w8a8_channel,torch.bfloat16,1536,320,6144,160,8,0,0,asm,13001+23001,1402.4149
gfx938,f8_w8a8_channel,torch.bfloat16,1664,320,6144,160,8,0,0,asm,13001+23001,1414.0279
gfx938,f8_w8a8_channel,torch.bfloat16,1920,320,6144,160,8,0,0,asm,13001+23001,1460.9076
gfx938,f8_w8a8_channel,torch.bfloat16,2048,320,6144,160,8,0,0,asm,13001+23001,1491.1982
gfx938,f8_w8a8_channel,torch.bfloat16,2304,320,6144,160,8,0,0,asm,13001+23001,1656.7476
gfx938,f8_w8a8_channel,torch.bfloat16,2560,320,6144,160,8,0,0,asm,13001+23001,2013.8255
gfx938,f8_w8a8_channel,torch.bfloat16,2816,320,6144,160,8,0,0,asm,12001+22001,2361.5574
gfx938,f8_w8a8_channel,torch.bfloat16,3072,320,6144,160,8,0,0,asm,12001+22001,2514.7185
gfx938,f8_w8a8_channel,torch.bfloat16,3328,320,6144,160,8,0,0,asm,12001+22001,2599.3669
gfx938,f8_w8a8_channel,torch.bfloat16,3584,320,6144,160,8,0,0,asm,12001+22001,2712.2848
gfx938,f8_w8a8_channel,torch.bfloat16,3840,320,6144,160,8,0,0,asm,13001+23001,2762.1038
gfx938,f8_w8a8_channel,torch.bfloat16,4096,320,6144,160,8,0,0,asm,13001+23001,2799.1474
gfx938,f8_w8a8_channel,torch.bfloat16,4608,320,6144,160,8,0,0,asm,13001+23001,2929.9516
gfx938,f8_w8a8_channel,torch.bfloat16,5120,320,6144,160,8,0,0,asm,13001+23001,3464.4512
gfx938,f8_w8a8_channel,torch.bfloat16,5632,320,6144,160,8,0,0,asm,13001+23001,3967.3241
gfx938,f8_w8a8_channel,torch.bfloat16,6144,320,6144,160,8,0,0,asm,13001+23001,4164.1323
gfx938,f8_w8a8_channel,torch.bfloat16,6656,320,6144,160,8,0,0,asm,13001+23001,4277.5134
gfx938,f8_w8a8_channel,torch.bfloat16,7168,320,6144,160,8,0,0,asm,13001+23001,4424.5111
gfx938,f8_w8a8_channel,torch.bfloat16,7680,320,6144,160,8,0,0,asm,13001+23001,4918.0516
gfx938,f8_w8a8_channel,torch.bfloat16,8192,320,6144,160,8,0,0,asm,13001+23001,5357.5801
gfx938,f8_w8a8_channel,torch.bfloat16,10240,320,6144,160,8,0,0,asm,13001+23001,6304.1441
gfx938,f8_w8a8_channel,torch.bfloat16,12288,320,6144,160,8,0,0,asm,13001+23001,7287.5066
gfx938,f8_w8a8_channel,torch.bfloat16,14336,320,6144,160,8,0,0,asm,13001+23001,8555.5617
gfx938,f8_w8a8_channel,torch.bfloat16,16384,320,6144,160,8,0,0,asm,13001+23001,9789.7686
gfx938,f8_w8a8_channel,torch.bfloat16,1,512,4096,256,8,0,0,asm,10010+20000,75.8919
gfx938,f8_w8a8_channel,torch.bfloat16,2,512,4096,256,8,0,0,asm,10011+20000,110.873
gfx938,f8_w8a8_channel,torch.bfloat16,3,512,4096,256,8,0,0,asm,10011+20000,156.1189
gfx938,f8_w8a8_channel,torch.bfloat16,4,512,4096,256,8,0,0,asm,10013+20000,187.1673
gfx938,f8_w8a8_channel,torch.bfloat16,5,512,4096,256,8,0,0,asm,10011+20000,234.5187
gfx938,f8_w8a8_channel,torch.bfloat16,6,512,4096,256,8,0,0,asm,10013+20000,263.8997
gfx938,f8_w8a8_channel,torch.bfloat16,7,512,4096,256,8,0,0,asm,10011+20000,314.1481
gfx938,f8_w8a8_channel,torch.bfloat16,8,512,4096,256,8,0,0,asm,10011+20000,328.3713
gfx938,f8_w8a8_channel,torch.bfloat16,9,512,4096,256,8,0,0,asm,10013+20000,356.5142
gfx938,f8_w8a8_channel,torch.bfloat16,10,512,4096,256,8,0,0,asm,10002+20000,401.9035
gfx938,f8_w8a8_channel,torch.bfloat16,11,512,4096,256,8,0,0,asm,10013+20000,424.792
gfx938,f8_w8a8_channel,torch.bfloat16,12,512,4096,256,8,0,0,asm,10013+20000,437.2972
gfx938,f8_w8a8_channel,torch.bfloat16,13,512,4096,256,8,0,0,asm,10002+20000,477.3813
gfx938,f8_w8a8_channel,torch.bfloat16,14,512,4096,256,8,0,0,asm,10013+20000,504.0507
gfx938,f8_w8a8_channel,torch.bfloat16,15,512,4096,256,8,0,0,asm,10013+20000,519.0485
gfx938,f8_w8a8_channel,torch.bfloat16,16,512,4096,256,8,0,0,asm,10002+20000,545.061
gfx938,f8_w8a8_channel,torch.bfloat16,17,512,4096,256,8,0,0,asm,11007+20000,559.3569
gfx938,f8_w8a8_channel,torch.bfloat16,18,512,4096,256,8,0,0,asm,11005+20000,574.4559
gfx938,f8_w8a8_channel,torch.bfloat16,20,512,4096,256,8,0,0,asm,10002+20000,634.363
gfx938,f8_w8a8_channel,torch.bfloat16,24,512,4096,256,8,0,0,asm,11007+20000,722.2786
gfx938,f8_w8a8_channel,torch.bfloat16,28,512,4096,256,8,0,0,asm,10013+20000,819.4688
gfx938,f8_w8a8_channel,torch.bfloat16,32,512,4096,256,8,0,0,asm,10013+20000,883.6372
gfx938,f8_w8a8_channel,torch.bfloat16,34,512,4096,256,8,0,0,asm,10013+20000,885.7056
gfx938,f8_w8a8_channel,torch.bfloat16,36,512,4096,256,8,0,0,asm,11004+20000,925.9328
gfx938,f8_w8a8_channel,torch.bfloat16,40,512,4096,256,8,0,0,asm,10013+20000,959.1117
gfx938,f8_w8a8_channel,torch.bfloat16,44,512,4096,256,8,0,0,asm,10013+20000,1014.1347
gfx938,f8_w8a8_channel,torch.bfloat16,48,512,4096,256,8,0,0,asm,10013+20000,1031.8273
gfx938,f8_w8a8_channel,torch.bfloat16,56,512,4096,256,8,0,0,asm,10013+20000,1095.1198
gfx938,f8_w8a8_channel,torch.bfloat16,64,512,4096,256,8,0,0,asm,10013+20000,1125.0987
gfx938,f8_w8a8_channel,torch.bfloat16,68,512,4096,256,8,0,0,asm,10013+20000,1132.2397
gfx938,f8_w8a8_channel,torch.bfloat16,72,512,4096,256,8,0,0,asm,10013+20000,1199.5153
gfx938,f8_w8a8_channel,torch.bfloat16,80,512,4096,256,8,0,0,asm,10013+20000,1204.4331
gfx938,f8_w8a8_channel,torch.bfloat16,88,512,4096,256,8,0,0,asm,10013+20000,1230.0583
gfx938,f8_w8a8_channel,torch.bfloat16,96,512,4096,256,8,0,0,asm,10013+20000,1262.8582
gfx938,f8_w8a8_channel,torch.bfloat16,104,512,4096,256,8,0,0,asm,10013+20000,1270.4204
gfx938,f8_w8a8_channel,torch.bfloat16,112,512,4096,256,8,0,0,asm,10013+20000,1282.7065
gfx938,f8_w8a8_channel,torch.bfloat16,128,512,4096,256,8,0,0,asm,10013+20000,1305.9148
gfx938,f8_w8a8_channel,torch.bfloat16,144,512,4096,256,8,0,0,asm,10013+20000,1327.5401
gfx938,f8_w8a8_channel,torch.bfloat16,160,512,4096,256,8,0,0,asm,10013+20000,1372.9126
gfx938,f8_w8a8_channel,torch.bfloat16,192,512,4096,256,8,0,0,asm,10013+20000,1337.5275
gfx938,f8_w8a8_channel,torch.bfloat16,224,512,4096,256,8,0,0,asm,10013+20000,1346.6138
gfx938,f8_w8a8_channel,torch.bfloat16,256,512,4096,256,8,0,0,asm,10013+20000,1360.3402
gfx938,f8_w8a8_channel,torch.bfloat16,320,512,4096,256,8,0,0,asm,12005+22000,1397.5359
gfx938,f8_w8a8_channel,torch.bfloat16,384,512,4096,256,8,0,0,asm,10012+20000,1409.5781
gfx938,f8_w8a8_channel,torch.bfloat16,448,512,4096,256,8,0,0,asm,12005+22000,1431.1863
gfx938,f8_w8a8_channel,torch.bfloat16,512,512,4096,256,8,0,0,asm,12005+22000,1453.0052
gfx938,f8_w8a8_channel,torch.bfloat16,576,512,4096,256,8,0,0,asm,11004+21000,1552.9712
gfx938,f8_w8a8_channel,torch.bfloat16,640,512,4096,256,8,0,0,asm,12005+22000,1488.6682
gfx938,f8_w8a8_channel,torch.bfloat16,704,512,4096,256,8,0,0,asm,12001+22000,1506.5207
gfx938,f8_w8a8_channel,torch.bfloat16,768,512,4096,256,8,0,0,asm,12005+22000,1524.1374
gfx938,f8_w8a8_channel,torch.bfloat16,832,512,4096,256,8,0,0,asm,12001+22000,1553.2487
gfx938,f8_w8a8_channel,torch.bfloat16,896,512,4096,256,8,0,0,asm,12005+22000,1573.4087
gfx938,f8_w8a8_channel,torch.bfloat16,960,512,4096,256,8,0,0,asm,12001+22000,1577.7371
gfx938,f8_w8a8_channel,torch.bfloat16,1024,512,4096,256,8,0,0,asm,12001+22000,1596.3645
gfx938,f8_w8a8_channel,torch.bfloat16,1152,512,4096,256,8,0,0,asm,12005+22000,1656.3139
gfx938,f8_w8a8_channel,torch.bfloat16,1280,512,4096,256,8,0,0,asm,12001+22000,1659.0086
gfx938,f8_w8a8_channel,torch.bfloat16,1408,512,4096,256,8,0,0,asm,12001+22000,1694.2758
gfx938,f8_w8a8_channel,torch.bfloat16,1536,512,4096,256,8,0,0,asm,12001+22000,1747.2695
gfx938,f8_w8a8_channel,torch.bfloat16,1664,512,4096,256,8,0,0,asm,12001+22000,1764.5495
gfx938,f8_w8a8_channel,torch.bfloat16,1792,512,4096,256,8,0,0,asm,12001+22000,1814.0988
gfx938,f8_w8a8_channel,torch.bfloat16,1920,512,4096,256,8,0,0,asm,12001+22000,1863.4713
gfx938,f8_w8a8_channel,torch.bfloat16,2048,512,4096,256,8,0,0,asm,12001+22000,2004.3972
gfx938,f8_w8a8_channel,torch.bfloat16,2304,512,4096,256,8,0,0,asm,13001+23001,2068.1275
gfx938,f8_w8a8_channel,torch.bfloat16,2560,512,4096,256,8,0,0,asm,13001+23001,2104.7673
gfx938,f8_w8a8_channel,torch.bfloat16,2816,512,4096,256,8,0,0,asm,13001+23001,2164.767
gfx938,f8_w8a8_channel,torch.bfloat16,3072,512,4096,256,8,0,0,asm,13001+23001,2232.9101
gfx938,f8_w8a8_channel,torch.bfloat16,3328,512,4096,256,8,0,0,asm,13001+23001,2291.0403
gfx938,f8_w8a8_channel,torch.bfloat16,3584,512,4096,256,8,0,0,asm,13001+23001,2342.3748
gfx938,f8_w8a8_channel,torch.bfloat16,3840,512,4096,256,8,0,0,asm,13001+23001,2525.4564
gfx938,f8_w8a8_channel,torch.bfloat16,4096,512,4096,256,8,0,0,asm,13001+23001,2913.6658
gfx938,f8_w8a8_channel,torch.bfloat16,4608,512,4096,256,8,0,0,asm,12001+22001,3532.8052
gfx938,f8_w8a8_channel,torch.bfloat16,5120,512,4096,256,8,0,0,asm,12001+22001,3707.7436
gfx938,f8_w8a8_channel,torch.bfloat16,5632,512,4096,256,8,0,0,asm,12001+22001,3903.2379
gfx938,f8_w8a8_channel,torch.bfloat16,6144,512,4096,256,8,0,0,asm,13001+23001,4042.7495
gfx938,f8_w8a8_channel,torch.bfloat16,6656,512,4096,256,8,0,0,asm,13001+23001,4125.4021
gfx938,f8_w8a8_channel,torch.bfloat16,7168,512,4096,256,8,0,0,asm,13001+23001,4192.7535
gfx938,f8_w8a8_channel,torch.bfloat16,7680,512,4096,256,8,0,0,asm,13001+23001,4438.7736
gfx938,f8_w8a8_channel,torch.bfloat16,8192,512,4096,256,8,0,0,asm,13001+23001,4982.7885
gfx938,f8_w8a8_channel,torch.bfloat16,10240,512,4096,256,8,0,0,asm,13001+23001,5955.813
gfx938,f8_w8a8_channel,torch.bfloat16,12288,512,4096,256,8,0,0,asm,13001+23001,6843.4231
gfx938,f8_w8a8_channel,torch.bfloat16,14336,512,4096,256,8,0,0,asm,13001+23001,8050.5179
gfx938,f8_w8a8_channel,torch.bfloat16,16384,512,4096,256,8,0,0,asm,13001+23001,8920.3837
gfx938,f8_w8a8_channel,torch.bfloat16,17408,512,4096,256,8,0,0,asm,13001+23001,9615.6993
gfx938,f8_w8a8_channel,torch.bfloat16,24576,512,4096,256,8,0,0,asm,13001+23001,12861.3819
gfx938,f8_w8a8_channel,torch.bfloat16,32768,512,4096,256,8,0,0,asm,13001+23001,16857.1581
gfx938,f8_w8a8_channel,torch.bfloat16,40960,512,4096,256,8,0,0,asm,13001+23001,20774.7386
gfx938,f8_w8a8_channel,torch.bfloat16,49152,512,4096,256,8,0,0,asm,13001+23001,24836.1122
gfx938,f8_w8a8_channel,torch.bfloat16,57344,512,4096,256,8,0,0,asm,13001+23001,28813.0985
gfx938,f8_w8a8_channel,torch.bfloat16,65536,512,4096,256,8,0,0,asm,13001+23001,32831.1841
gfx938,f8_w8a8_channel,torch.bfloat16,1,256,4096,256,8,0,0,asm,10002+20000,56.3044
gfx938,f8_w8a8_channel,torch.bfloat16,2,256,4096,256,8,0,0,asm,10009+20000,77.8791
gfx938,f8_w8a8_channel,torch.bfloat16,3,256,4096,256,8,0,0,asm,10011+20000,95.4364
gfx938,f8_w8a8_channel,torch.bfloat16,4,256,4096,256,8,0,0,asm,10013+20000,114.7963
gfx938,f8_w8a8_channel,torch.bfloat16,5,256,4096,256,8,0,0,asm,10002+20001,141.6684
gfx938,f8_w8a8_channel,torch.bfloat16,6,256,4096,256,8,0,0,asm,10011+20000,157.0874
gfx938,f8_w8a8_channel,torch.bfloat16,7,256,4096,256,8,0,0,asm,10011+20000,166.4009
gfx938,f8_w8a8_channel,torch.bfloat16,8,256,4096,256,8,0,0,asm,10011+20000,181.5504
gfx938,f8_w8a8_channel,torch.bfloat16,9,256,4096,256,8,0,0,asm,10011+20000,195.1926
gfx938,f8_w8a8_channel,torch.bfloat16,10,256,4096,256,8,0,0,asm,10002+20000,227.9334
gfx938,f8_w8a8_channel,torch.bfloat16,11,256,4096,256,8,0,0,asm,10011+20000,237.0449
gfx938,f8_w8a8_channel,torch.bfloat16,12,256,4096,256,8,0,0,asm,10011+20000,243.7987
gfx938,f8_w8a8_channel,torch.bfloat16,13,256,4096,256,8,0,0,asm,10012+20000,254.5859
gfx938,f8_w8a8_channel,torch.bfloat16,14,256,4096,256,8,0,0,asm,10011+20000,268.8848
gfx938,f8_w8a8_channel,torch.bfloat16,15,256,4096,256,8,0,0,asm,10013+20000,274.527
gfx938,f8_w8a8_channel,torch.bfloat16,16,256,4096,256,8,0,0,asm,10002+20000,306.2069
gfx938,f8_w8a8_channel,torch.bfloat16,17,256,4096,256,8,0,0,asm,10011+20000,306.8776
gfx938,f8_w8a8_channel,torch.bfloat16,18,256,4096,256,8,0,0,asm,10011+20000,313.0418
gfx938,f8_w8a8_channel,torch.bfloat16,20,256,4096,256,8,0,0,asm,10011+20000,326.0776
gfx938,f8_w8a8_channel,torch.bfloat16,24,256,4096,256,8,0,0,asm,10011+20000,384.5867
gfx938,f8_w8a8_channel,torch.bfloat16,28,256,4096,256,8,0,0,asm,10013+20000,428.9265
gfx938,f8_w8a8_channel,torch.bfloat16,32,256,4096,256,8,0,0,asm,10011+20000,476.4969
gfx938,f8_w8a8_channel,torch.bfloat16,34,256,4096,256,8,0,0,asm,10013+20000,468.9065
gfx938,f8_w8a8_channel,torch.bfloat16,36,256,4096,256,8,0,0,asm,10011+20000,474.2539
gfx938,f8_w8a8_channel,torch.bfloat16,40,256,4096,256,8,0,0,asm,10013+20000,487.9128
gfx938,f8_w8a8_channel,torch.bfloat16,44,256,4096,256,8,0,0,asm,10013+20000,531.6433
gfx938,f8_w8a8_channel,torch.bfloat16,48,256,4096,256,8,0,0,asm,10013+20000,538.1696
gfx938,f8_w8a8_channel,torch.bfloat16,56,256,4096,256,8,0,0,asm,10013+20000,550.0937
gfx938,f8_w8a8_channel,torch.bfloat16,64,256,4096,256,8,0,0,asm,10013+20000,564.0726
gfx938,f8_w8a8_channel,torch.bfloat16,68,256,4096,256,8,0,0,asm,10013+20000,570.9105
gfx938,f8_w8a8_channel,torch.bfloat16,72,256,4096,256,8,0,0,asm,10002+20000,638.5988
gfx938,f8_w8a8_channel,torch.bfloat16,80,256,4096,256,8,0,0,asm,10011+20000,623.4157
gfx938,f8_w8a8_channel,torch.bfloat16,88,256,4096,256,8,0,0,asm,10013+20000,628.4768
gfx938,f8_w8a8_channel,torch.bfloat16,96,256,4096,256,8,0,0,asm,10013+20000,633.9588
gfx938,f8_w8a8_channel,torch.bfloat16,104,256,4096,256,8,0,0,asm,10011+20000,640.2747
gfx938,f8_w8a8_channel,torch.bfloat16,112,256,4096,256,8,0,0,asm,10013+20000,647.8451
gfx938,f8_w8a8_channel,torch.bfloat16,128,256,4096,256,8,0,0,asm,10013+20000,660.0304
gfx938,f8_w8a8_channel,torch.bfloat16,144,256,4096,256,8,0,0,asm,11007+21000,667.3651
gfx938,f8_w8a8_channel,torch.bfloat16,160,256,4096,256,8,0,0,asm,10013+20000,720.207
gfx938,f8_w8a8_channel,torch.bfloat16,192,256,4096,256,8,0,0,asm,11007+21000,684.8472
gfx938,f8_w8a8_channel,torch.bfloat16,224,256,4096,256,8,0,0,asm,11007+21000,692.9482
gfx938,f8_w8a8_channel,torch.bfloat16,256,256,4096,256,8,0,0,asm,11007+21000,701.0576
gfx938,f8_w8a8_channel,torch.bfloat16,320,256,4096,256,8,0,0,asm,11007+21000,714.9185
gfx938,f8_w8a8_channel,torch.bfloat16,384,256,4096,256,8,0,0,asm,11007+21000,730.2954
gfx938,f8_w8a8_channel,torch.bfloat16,448,256,4096,256,8,0,0,asm,11007+21000,749.7058
gfx938,f8_w8a8_channel,torch.bfloat16,512,256,4096,256,8,0,0,asm,11007+21000,767.71
gfx938,f8_w8a8_channel,torch.bfloat16,576,256,4096,256,8,0,0,asm,11007+21000,911.0612
gfx938,f8_w8a8_channel,torch.bfloat16,640,256,4096,256,8,0,0,asm,11007+21000,827.5752
gfx938,f8_w8a8_channel,torch.bfloat16,704,256,4096,256,8,0,0,asm,11007+21000,841.3687
gfx938,f8_w8a8_channel,torch.bfloat16,768,256,4096,256,8,0,0,asm,11007+21000,851.6931
gfx938,f8_w8a8_channel,torch.bfloat16,832,256,4096,256,8,0,0,asm,11007+21000,854.2361
gfx938,f8_w8a8_channel,torch.bfloat16,896,256,4096,256,8,0,0,asm,11007+21000,895.1287
gfx938,f8_w8a8_channel,torch.bfloat16,960,256,4096,256,8,0,0,asm,12005+22001,913.5792
gfx938,f8_w8a8_channel,torch.bfloat16,1024,256,4096,256,8,0,0,asm,12005+22001,928.2065
gfx938,f8_w8a8_channel,torch.bfloat16,1152,256,4096,256,8,0,0,asm,12005+22001,1030.5556
gfx938,f8_w8a8_channel,torch.bfloat16,1280,256,4096,256,8,0,0,asm,12005+22001,974.0253
gfx938,f8_w8a8_channel,torch.bfloat16,1408,256,4096,256,8,0,0,asm,12005+22001,992.4589
gfx938,f8_w8a8_channel,torch.bfloat16,1536,256,4096,256,8,0,0,asm,12005+22001,1049.3093
gfx938,f8_w8a8_channel,torch.bfloat16,1664,256,4096,256,8,0,0,asm,12005+22001,1075.9619
gfx938,f8_w8a8_channel,torch.bfloat16,1792,256,4096,256,8,0,0,asm,12005+22001,1085.7218
gfx938,f8_w8a8_channel,torch.bfloat16,1920,256,4096,256,8,0,0,asm,12005+22001,1161.7554
gfx938,f8_w8a8_channel,torch.bfloat16,2048,256,4096,256,8,0,0,asm,12001+22001,1223.5404
gfx938,f8_w8a8_channel,torch.bfloat16,2304,256,4096,256,8,0,0,asm,13001+23001,1368.9801
gfx938,f8_w8a8_channel,torch.bfloat16,2560,256,4096,256,8,0,0,asm,13001+23001,1383.0179
gfx938,f8_w8a8_channel,torch.bfloat16,2816,256,4096,256,8,0,0,asm,13001+23001,1446.8324
gfx938,f8_w8a8_channel,torch.bfloat16,3072,256,4096,256,8,0,0,asm,13001+23001,1506.8069
gfx938,f8_w8a8_channel,torch.bfloat16,3328,256,4096,256,8,0,0,asm,13001+23001,1539.3036
gfx938,f8_w8a8_channel,torch.bfloat16,3584,256,4096,256,8,0,0,asm,13001+23001,1599.775
gfx938,f8_w8a8_channel,torch.bfloat16,3840,256,4096,256,8,0,0,asm,13001+23001,1742.5619
gfx938,f8_w8a8_channel,torch.bfloat16,4096,256,4096,256,8,0,0,asm,13001+23001,1961.475
gfx938,f8_w8a8_channel,torch.bfloat16,4608,256,4096,256,8,0,0,asm,12001+22001,2326.1309
gfx938,f8_w8a8_channel,torch.bfloat16,5120,256,4096,256,8,0,0,asm,12001+22001,2440.0339
gfx938,f8_w8a8_channel,torch.bfloat16,5632,256,4096,256,8,0,0,asm,12001+22001,2579.3011
gfx938,f8_w8a8_channel,torch.bfloat16,6144,256,4096,256,8,0,0,asm,13001+23001,2715.183
gfx938,f8_w8a8_channel,torch.bfloat16,6656,256,4096,256,8,0,0,asm,13001+23001,2793.6165
gfx938,f8_w8a8_channel,torch.bfloat16,7168,256,4096,256,8,0,0,asm,13001+23001,2894.8036
gfx938,f8_w8a8_channel,torch.bfloat16,7680,256,4096,256,8,0,0,asm,13001+23001,3076.6136
gfx938,f8_w8a8_channel,torch.bfloat16,8192,256,4096,256,8,0,0,asm,13001+23001,3431.2145
gfx938,f8_w8a8_channel,torch.bfloat16,10240,256,4096,256,8,0,0,asm,13001+23001,4102.8755
gfx938,f8_w8a8_channel,torch.bfloat16,12288,256,4096,256,8,0,0,asm,13001+23001,4808.2627
gfx938,f8_w8a8_channel,torch.bfloat16,14336,256,4096,256,8,0,0,asm,13001+23001,5609.1194
gfx938,f8_w8a8_channel,torch.bfloat16,16384,256,4096,256,8,0,0,asm,13001+23001,6265.4711
gfx938,f8_w8a8_channel,torch.bfloat16,17408,256,4096,256,8,0,0,asm,13001+23001,6744.4082
gfx938,f8_w8a8_channel,torch.bfloat16,24576,256,4096,256,8,0,0,asm,13001+23001,9062.0679
gfx938,f8_w8a8_channel,torch.bfloat16,32768,256,4096,256,8,0,0,asm,13001+23001,11895.1374
gfx938,f8_w8a8_channel,torch.bfloat16,40960,256,4096,256,8,0,0,asm,13001+23001,14666.4642
gfx938,f8_w8a8_channel,torch.bfloat16,49152,256,4096,256,8,0,0,asm,13001+23001,17470.387
gfx938,f8_w8a8_channel,torch.bfloat16,57344,256,4096,256,8,0,0,asm,13001+23001,20309.6104
gfx938,f8_w8a8_channel,torch.bfloat16,65536,256,4096,256,8,0,0,asm,13001+23001,23151.9759
gfx938,int8_w8a8_channel,torch.float16,1,512,2048,256,8,0,0,asm,10010+20000,57.5423
gfx938,int8_w8a8_channel,torch.float16,2,512,2048,256,8,0,0,asm,10013+20000,75.8832
gfx938,int8_w8a8_channel,torch.float16,3,512,2048,256,8,0,0,asm,10013+20000,103.3274
gfx938,int8_w8a8_channel,torch.float16,4,512,2048,256,8,0,0,asm,10013+20000,118.0053
gfx938,int8_w8a8_channel,torch.float16,5,512,2048,256,8,0,0,asm,10013+20000,140.1358
gfx938,int8_w8a8_channel,torch.float16,6,512,2048,256,8,0,0,asm,10013+20000,153.1881
gfx938,int8_w8a8_channel,torch.float16,7,512,2048,256,8,0,0,asm,10013+20000,181.3652
gfx938,int8_w8a8_channel,torch.float16,8,512,2048,256,8,0,0,asm,10013+20000,192.2788
gfx938,int8_w8a8_channel,torch.float16,9,512,2048,256,8,0,0,asm,10013+20000,208.2451
gfx938,int8_w8a8_channel,torch.float16,10,512,2048,256,8,0,0,asm,10008+20000,228.9861
gfx938,int8_w8a8_channel,torch.float16,11,512,2048,256,8,0,0,asm,10013+20000,240.826
gfx938,int8_w8a8_channel,torch.float16,12,512,2048,256,8,0,0,asm,10013+20000,251.5291
gfx938,int8_w8a8_channel,torch.float16,13,512,2048,256,8,0,0,asm,10011+20000,273.2555
gfx938,int8_w8a8_channel,torch.float16,14,512,2048,256,8,0,0,asm,10013+20000,285.9122
gfx938,int8_w8a8_channel,torch.float16,15,512,2048,256,8,0,0,asm,10013+20000,297.1289
gfx938,int8_w8a8_channel,torch.float16,16,512,2048,256,8,0,0,asm,10008+20000,309.1964
gfx938,int8_w8a8_channel,torch.float16,17,512,2048,256,8,0,0,asm,10009+20000,312.5196
gfx938,int8_w8a8_channel,torch.float16,18,512,2048,256,8,0,0,asm,10013+20000,320.166
gfx938,int8_w8a8_channel,torch.float16,20,512,2048,256,8,0,0,asm,10008+20000,349.8501
gfx938,int8_w8a8_channel,torch.float16,24,512,2048,256,8,0,0,asm,10009+20000,390.6669
gfx938,int8_w8a8_channel,torch.float16,28,512,2048,256,8,0,0,asm,10013+20000,454.9896
gfx938,int8_w8a8_channel,torch.float16,32,512,2048,256,8,0,0,asm,11005+20000,482.9222
gfx938,int8_w8a8_channel,torch.float16,34,512,2048,256,8,0,0,asm,11005+20000,468.7803
gfx938,int8_w8a8_channel,torch.float16,36,512,2048,256,8,0,0,asm,10011+20000,496.3086
gfx938,int8_w8a8_channel,torch.float16,40,512,2048,256,8,0,0,asm,10011+20000,516.0896
gfx938,int8_w8a8_channel,torch.float16,44,512,2048,256,8,0,0,asm,10011+20000,536.3675
gfx938,int8_w8a8_channel,torch.float16,48,512,2048,256,8,0,0,asm,10008+20000,550.9443
gfx938,int8_w8a8_channel,torch.float16,56,512,2048,256,8,0,0,asm,10011+20000,577.7821
gfx938,int8_w8a8_channel,torch.float16,64,512,2048,256,8,0,0,asm,10008+20000,597.9084
gfx938,int8_w8a8_channel,torch.float16,68,512,2048,256,8,0,0,asm,10008+20000,601.681
gfx938,int8_w8a8_channel,torch.float16,72,512,2048,256,8,0,0,asm,10008+20000,615.7609
gfx938,int8_w8a8_channel,torch.float16,80,512,2048,256,8,0,0,asm,10011+20000,636.763
gfx938,int8_w8a8_channel,torch.float16,88,512,2048,256,8,0,0,asm,10011+20000,650.9019
gfx938,int8_w8a8_channel,torch.float16,96,512,2048,256,8,0,0,asm,10011+20000,655.6177
gfx938,int8_w8a8_channel,torch.float16,104,512,2048,256,8,0,0,asm,10011+20000,665.5714
gfx938,int8_w8a8_channel,torch.float16,112,512,2048,256,8,0,0,asm,10011+20000,670.8683
gfx938,int8_w8a8_channel,torch.float16,128,512,2048,256,8,0,0,asm,10011+20000,685.1923
gfx938,int8_w8a8_channel,torch.float16,144,512,2048,256,8,0,0,asm,10008+20001,725.1081
gfx938,int8_w8a8_channel,torch.float16,160,512,2048,256,8,0,0,asm,10011+20000,696.4429
gfx938,int8_w8a8_channel,torch.float16,192,512,2048,256,8,0,0,asm,10011+20000,700.8724
gfx938,int8_w8a8_channel,torch.float16,224,512,2048,256,8,0,0,asm,10011+20000,711.4071
gfx938,int8_w8a8_channel,torch.float16,256,512,2048,256,8,0,0,asm,10011+20000,716.0387
gfx938,int8_w8a8_channel,torch.float16,320,512,2048,256,8,0,0,asm,11007+21000,774.5733
gfx938,int8_w8a8_channel,torch.float16,384,512,2048,256,8,0,0,asm,10011+20000,747.0113
gfx938,int8_w8a8_channel,torch.float16,448,512,2048,256,8,0,0,asm,11005+21000,773.7396
gfx938,int8_w8a8_channel,torch.float16,512,512,2048,256,8,0,0,asm,11005+21000,787.6848
gfx938,int8_w8a8_channel,torch.float16,576,512,2048,256,8,0,0,asm,12005+22000,861.8404
gfx938,int8_w8a8_channel,torch.float16,640,512,2048,256,8,0,0,asm,11005+21000,809.0491
gfx938,int8_w8a8_channel,torch.float16,704,512,2048,256,8,0,0,asm,11007+21000,826.4215
gfx938,int8_w8a8_channel,torch.float16,768,512,2048,256,8,0,0,asm,11005+21000,838.3794
gfx938,int8_w8a8_channel,torch.float16,832,512,2048,256,8,0,0,asm,11005+21000,849.7562
gfx938,int8_w8a8_channel,torch.float16,896,512,2048,256,8,0,0,asm,12005+22000,884.7455
gfx938,int8_w8a8_channel,torch.float16,960,512,2048,256,8,0,0,asm,12001+22000,867.4824
gfx938,int8_w8a8_channel,torch.float16,1024,512,2048,256,8,0,0,asm,12005+22000,888.8297
gfx938,int8_w8a8_channel,torch.float16,1152,512,2048,256,8,0,0,asm,12005+22000,941.4443
gfx938,int8_w8a8_channel,torch.float16,1280,512,2048,256,8,0,0,asm,12001+22000,928.9812
gfx938,int8_w8a8_channel,torch.float16,1408,512,2048,256,8,0,0,asm,12001+22000,947.9622
gfx938,int8_w8a8_channel,torch.float16,1536,512,2048,256,8,0,0,asm,12005+22000,980.9053
gfx938,int8_w8a8_channel,torch.float16,1664,512,2048,256,8,0,0,asm,12001+22000,999.9199
gfx938,int8_w8a8_channel,torch.float16,1792,512,2048,256,8,0,0,asm,12001+22000,1022.5051
gfx938,int8_w8a8_channel,torch.float16,1920,512,2048,256,8,0,0,asm,12001+22000,1070.6567
gfx938,int8_w8a8_channel,torch.float16,2048,512,2048,256,8,0,0,asm,12001+22001,1153.3089
gfx938,int8_w8a8_channel,torch.float16,2304,512,2048,256,8,0,0,asm,13001+23001,1182.4963
gfx938,int8_w8a8_channel,torch.float16,2560,512,2048,256,8,0,0,asm,13001+23001,1224.7614
gfx938,int8_w8a8_channel,torch.float16,2816,512,2048,256,8,0,0,asm,13001+23001,1245.3172
gfx938,int8_w8a8_channel,torch.float16,3072,512,2048,256,8,0,0,asm,13001+23001,1278.1086
gfx938,int8_w8a8_channel,torch.float16,3328,512,2048,256,8,0,0,asm,13001+23001,1336.2475
gfx938,int8_w8a8_channel,torch.float16,3584,512,2048,256,8,0,0,asm,13001+23001,1381.6115
gfx938,int8_w8a8_channel,torch.float16,3840,512,2048,256,8,0,0,asm,13001+23001,1493.1565
gfx938,int8_w8a8_channel,torch.float16,4096,512,2048,256,8,0,0,asm,13001+23001,1657.3499
gfx938,int8_w8a8_channel,torch.float16,4608,512,2048,256,8,0,0,asm,13001+23001,1993.45
gfx938,int8_w8a8_channel,torch.float16,5120,512,2048,256,8,0,0,asm,12001+22001,2101.3907
gfx938,int8_w8a8_channel,torch.float16,5632,512,2048,256,8,0,0,asm,13001+23001,2184.7083
gfx938,int8_w8a8_channel,torch.float16,6144,512,2048,256,8,0,0,asm,13001+23001,2237.3144
gfx938,int8_w8a8_channel,torch.float16,6656,512,2048,256,8,0,0,asm,13001+23001,2297.6341
gfx938,int8_w8a8_channel,torch.float16,7168,512,2048,256,8,0,0,asm,13001+23001,2372.7578
gfx938,int8_w8a8_channel,torch.float16,7680,512,2048,256,8,0,0,asm,13001+23001,2503.2248
gfx938,int8_w8a8_channel,torch.float16,8192,512,2048,256,8,0,0,asm,13001+23001,2796.6807
gfx938,int8_w8a8_channel,torch.float16,10240,512,2048,256,8,0,0,asm,13001+23001,3349.3024
gfx938,int8_w8a8_channel,torch.float16,12288,512,2048,256,8,0,0,asm,13001+23001,3896.5094
gfx938,int8_w8a8_channel,torch.float16,14336,512,2048,256,8,0,0,asm,13001+23001,4486.15
gfx938,int8_w8a8_channel,torch.float16,16384,512,2048,256,8,0,0,asm,13001+23001,5067.0073
gfx938,int8_w8a8_channel,torch.float16,17408,512,2048,256,8,0,0,asm,13001+23001,5469.187
gfx938,int8_w8a8_channel,torch.float16,24576,512,2048,256,8,0,0,asm,13001+23001,7372.5919
gfx938,int8_w8a8_channel,torch.float16,32768,512,2048,256,8,0,0,asm,13001+23001,11965.4224
gfx938,int8_w8a8_channel,torch.float16,40960,512,2048,256,8,0,0,asm,13001+23001,14939.3742
gfx938,int8_w8a8_channel,torch.float16,49152,512,2048,256,8,0,0,asm,13001+23001,17880.1629
gfx938,int8_w8a8_channel,torch.float16,57344,512,2048,256,8,0,0,asm,13001+23001,20746.1576
gfx938,int8_w8a8_channel,torch.float16,65536,512,2048,256,8,0,0,asm,13001+22001,24014.33
gfx938,int8_w8a8_channel,torch.float16,65536,512,2048,256,8,0,0,asm,13001+23001,23307.1407
gfx938,int8_w8a8_channel,torch.bfloat16,1,512,2048,256,8,0,0,asm,10010+20000,66.1234
gfx938,int8_w8a8_channel,torch.bfloat16,2,512,2048,256,8,0,0,asm,10013+20000,87.4538
gfx938,int8_w8a8_channel,torch.bfloat16,3,512,2048,256,8,0,0,asm,10010+20000,114.2326
gfx938,int8_w8a8_channel,torch.bfloat16,4,512,2048,256,8,0,0,asm,10013+20000,130.999
gfx938,int8_w8a8_channel,torch.bfloat16,5,512,2048,256,8,0,0,asm,10013+20000,155.5547
gfx938,int8_w8a8_channel,torch.bfloat16,6,512,2048,256,8,0,0,asm,10013+20000,167.4367
gfx938,int8_w8a8_channel,torch.bfloat16,7,512,2048,256,8,0,0,asm,10013+20000,202.2999
gfx938,int8_w8a8_channel,torch.bfloat16,8,512,2048,256,8,0,0,asm,10013+20000,208.5902
gfx938,int8_w8a8_channel,torch.bfloat16,9,512,2048,256,8,0,0,asm,10013+20000,226.6451
gfx938,int8_w8a8_channel,torch.bfloat16,10,512,2048,256,8,0,0,asm,10013+20000,253.2217
gfx938,int8_w8a8_channel,torch.bfloat16,11,512,2048,256,8,0,0,asm,10013+20000,260.186
gfx938,int8_w8a8_channel,torch.bfloat16,12,512,2048,256,8,0,0,asm,10013+20000,270.1901
gfx938,int8_w8a8_channel,torch.bfloat16,13,512,2048,256,8,0,0,asm,10013+20000,296.2028
gfx938,int8_w8a8_channel,torch.bfloat16,14,512,2048,256,8,0,0,asm,10013+20000,309.7185
gfx938,int8_w8a8_channel,torch.bfloat16,15,512,2048,256,8,0,0,asm,10013+20000,318.2238
gfx938,int8_w8a8_channel,torch.bfloat16,16,512,2048,256,8,0,0,asm,10013+20000,340.7668
gfx938,int8_w8a8_channel,torch.bfloat16,17,512,2048,256,8,0,0,asm,10013+20000,335.9133
gfx938,int8_w8a8_channel,torch.bfloat16,18,512,2048,256,8,0,0,asm,10013+20000,342.3722
gfx938,int8_w8a8_channel,torch.bfloat16,20,512,2048,256,8,0,0,asm,10011+20000,377.9258
gfx938,int8_w8a8_channel,torch.bfloat16,24,512,2048,256,8,0,0,asm,10011+20000,422.1447
gfx938,int8_w8a8_channel,torch.bfloat16,28,512,2048,256,8,0,0,asm,10013+20000,491.0148
gfx938,int8_w8a8_channel,torch.bfloat16,32,512,2048,256,8,0,0,asm,10011+20000,519.6043
gfx938,int8_w8a8_channel,torch.bfloat16,34,512,2048,256,8,0,0,asm,10011+20000,508.8813
gfx938,int8_w8a8_channel,torch.bfloat16,36,512,2048,256,8,0,0,asm,10011+20000,523.6266
gfx938,int8_w8a8_channel,torch.bfloat16,40,512,2048,256,8,0,0,asm,10011+20000,552.1233
gfx938,int8_w8a8_channel,torch.bfloat16,44,512,2048,256,8,0,0,asm,10011+20000,567.8369
gfx938,int8_w8a8_channel,torch.bfloat16,48,512,2048,256,8,0,0,asm,10011+20000,582.3801
gfx938,int8_w8a8_channel,torch.bfloat16,56,512,2048,256,8,0,0,asm,10011+20000,605.1421
gfx938,int8_w8a8_channel,torch.bfloat16,64,512,2048,256,8,0,0,asm,10011+20000,631.66
gfx938,int8_w8a8_channel,torch.bfloat16,68,512,2048,256,8,0,0,asm,10011+20000,638.2958
gfx938,int8_w8a8_channel,torch.bfloat16,72,512,2048,256,8,0,0,asm,10011+20000,648.8725
gfx938,int8_w8a8_channel,torch.bfloat16,80,512,2048,256,8,0,0,asm,10011+20000,670.4557
gfx938,int8_w8a8_channel,torch.bfloat16,88,512,2048,256,8,0,0,asm,10011+20000,685.4114
gfx938,int8_w8a8_channel,torch.bfloat16,96,512,2048,256,8,0,0,asm,10011+20000,690.6072
gfx938,int8_w8a8_channel,torch.bfloat16,104,512,2048,256,8,0,0,asm,10011+20000,682.2114
gfx938,int8_w8a8_channel,torch.bfloat16,112,512,2048,256,8,0,0,asm,10011+20000,707.9545
gfx938,int8_w8a8_channel,torch.bfloat16,128,512,2048,256,8,0,0,asm,10011+20000,720.4093
gfx938,int8_w8a8_channel,torch.bfloat16,144,512,2048,256,8,0,0,asm,10011+20000,711.2387
gfx938,int8_w8a8_channel,torch.bfloat16,160,512,2048,256,8,0,0,asm,10011+20000,730.3039
gfx938,int8_w8a8_channel,torch.bfloat16,192,512,2048,256,8,0,0,asm,10011+20000,739.9207
gfx938,int8_w8a8_channel,torch.bfloat16,224,512,2048,256,8,0,0,asm,10012+20000,746.9103
gfx938,int8_w8a8_channel,torch.bfloat16,256,512,2048,256,8,0,0,asm,10011+20000,755.8366
gfx938,int8_w8a8_channel,torch.bfloat16,320,512,2048,256,8,0,0,asm,10011+20000,780.4092
gfx938,int8_w8a8_channel,torch.bfloat16,384,512,2048,256,8,0,0,asm,10011+20000,794.2703
gfx938,int8_w8a8_channel,torch.bfloat16,448,512,2048,256,8,0,0,asm,11005+21000,800.1734
gfx938,int8_w8a8_channel,torch.bfloat16,512,512,2048,256,8,0,0,asm,11005+21000,841.2765
gfx938,int8_w8a8_channel,torch.bfloat16,576,512,2048,256,8,0,0,asm,11007+21000,863.8701
gfx938,int8_w8a8_channel,torch.bfloat16,640,512,2048,256,8,0,0,asm,11005+21000,836.1818
gfx938,int8_w8a8_channel,torch.bfloat16,704,512,2048,256,8,0,0,asm,11005+21000,858.7079
gfx938,int8_w8a8_channel,torch.bfloat16,768,512,2048,256,8,0,0,asm,11005+21000,897.6973
gfx938,int8_w8a8_channel,torch.bfloat16,832,512,2048,256,8,0,0,asm,11005+21000,929.8656
gfx938,int8_w8a8_channel,torch.bfloat16,896,512,2048,256,8,0,0,asm,12001+22000,944.9813
gfx938,int8_w8a8_channel,torch.bfloat16,960,512,2048,256,8,0,0,asm,12001+22000,955.5665
gfx938,int8_w8a8_channel,torch.bfloat16,1024,512,2048,256,8,0,0,asm,12001+22000,965.9664
gfx938,int8_w8a8_channel,torch.bfloat16,1152,512,2048,256,8,0,0,asm,12005+22000,1028.9894
gfx938,int8_w8a8_channel,torch.bfloat16,1280,512,2048,256,8,0,0,asm,12001+22000,999.2968
gfx938,int8_w8a8_channel,torch.bfloat16,1408,512,2048,256,8,0,0,asm,12001+22001,1032.0463
gfx938,int8_w8a8_channel,torch.bfloat16,1536,512,2048,256,8,0,0,asm,12001+22000,1052.8631
gfx938,int8_w8a8_channel,torch.bfloat16,1664,512,2048,256,8,0,0,asm,12001+22001,1086.3956
gfx938,int8_w8a8_channel,torch.bfloat16,1792,512,2048,256,8,0,0,asm,12001+22001,1132.8207
gfx938,int8_w8a8_channel,torch.bfloat16,1920,512,2048,256,8,0,0,asm,12001+22001,1190.7238
gfx938,int8_w8a8_channel,torch.bfloat16,2048,512,2048,256,8,0,0,asm,12005+22001,1308.5508
gfx938,int8_w8a8_channel,torch.bfloat16,2304,512,2048,256,8,0,0,asm,13001+23001,1372.2055
gfx938,int8_w8a8_channel,torch.bfloat16,2560,512,2048,256,8,0,0,asm,13001+23001,1401.258
gfx938,int8_w8a8_channel,torch.bfloat16,2816,512,2048,256,8,0,0,asm,13001+23001,1442.5548
gfx938,int8_w8a8_channel,torch.bfloat16,3072,512,2048,256,8,0,0,asm,13001+23001,1476.5842
gfx938,int8_w8a8_channel,torch.bfloat16,3328,512,2048,256,8,0,0,asm,13001+23001,1541.9145
gfx938,int8_w8a8_channel,torch.bfloat16,3584,512,2048,256,8,0,0,asm,13001+23001,1587.8681
gfx938,int8_w8a8_channel,torch.bfloat16,3840,512,2048,256,8,0,0,asm,13001+23001,1753.4172
gfx938,int8_w8a8_channel,torch.bfloat16,4096,512,2048,256,8,0,0,asm,13001+23001,2012.5745
gfx938,int8_w8a8_channel,torch.bfloat16,4608,512,2048,256,8,0,0,asm,12001+22001,2424.8344
gfx938,int8_w8a8_channel,torch.bfloat16,5120,512,2048,256,8,0,0,asm,12001+22001,2563.3436
gfx938,int8_w8a8_channel,torch.bfloat16,5632,512,2048,256,8,0,0,asm,12001+22001,2694.5769
gfx938,int8_w8a8_channel,torch.bfloat16,6144,512,2048,256,8,0,0,asm,13001+23001,2759.1072
gfx938,int8_w8a8_channel,torch.bfloat16,6656,512,2048,256,8,0,0,asm,13001+23001,2816.3026
gfx938,int8_w8a8_channel,torch.bfloat16,7168,512,2048,256,8,0,0,asm,13001+23001,2898.4665
gfx938,int8_w8a8_channel,torch.bfloat16,7680,512,2048,256,8,0,0,asm,13001+23001,3065.6827
gfx938,int8_w8a8_channel,torch.bfloat16,8192,512,2048,256,8,0,0,asm,13001+23001,3465.1172
gfx938,int8_w8a8_channel,torch.bfloat16,10240,512,2048,256,8,0,0,asm,13001+23001,4148.9045
gfx938,int8_w8a8_channel,torch.bfloat16,12288,512,2048,256,8,0,0,asm,13001+23001,4845.3656
gfx938,int8_w8a8_channel,torch.bfloat16,14336,512,2048,256,8,0,0,asm,13001+23001,5592.5893
gfx938,int8_w8a8_channel,torch.bfloat16,16384,512,2048,256,8,0,0,asm,13001+23001,6308.3012
gfx938,int8_w8a8_channel,torch.bfloat16,17408,512,2048,256,8,0,0,asm,13001+23001,6826.1859
gfx938,int8_w8a8_channel,torch.bfloat16,24576,512,2048,256,8,0,0,asm,13001+23001,9185.3035
gfx938,int8_w8a8_channel,torch.bfloat16,32768,512,2048,256,8,0,0,asm,13001+23001,12019.847
gfx938,int8_w8a8_channel,torch.bfloat16,40960,512,2048,256,8,0,0,asm,13001+23001,14983.3494
gfx938,int8_w8a8_channel,torch.bfloat16,49152,512,2048,256,8,0,0,asm,13001+23001,17938.1767
gfx938,int8_w8a8_channel,torch.bfloat16,57344,512,2048,256,8,0,0,asm,13001+23001,20809.5385
gfx938,int8_w8a8_channel,torch.bfloat16,65536,512,2048,256,8,0,0,asm,13001+23001,23354.4759
gfx938,int8_w8a8_channel,torch.bfloat16,65536,512,2048,256,8,0,0,asm,13001+23001,23370.3628
gfx938,f8_w8a8_channel,torch.float16,1,512,2048,256,8,0,0,asm,10010+20000,52.2962
gfx938,f8_w8a8_channel,torch.float16,2,512,2048,256,8,0,0,asm,10011+20000,68.0687
gfx938,f8_w8a8_channel,torch.float16,3,512,2048,256,8,0,0,asm,10008+20000,90.9067
gfx938,f8_w8a8_channel,torch.float16,4,512,2048,256,8,0,0,asm,10013+20000,99.5804
gfx938,f8_w8a8_channel,torch.float16,5,512,2048,256,8,0,0,asm,10011+20000,119.6139
gfx938,f8_w8a8_channel,torch.float16,6,512,2048,256,8,0,0,asm,10013+20000,127.3361
gfx938,f8_w8a8_channel,torch.float16,7,512,2048,256,8,0,0,asm,10013+20001,150.7971
gfx938,f8_w8a8_channel,torch.float16,8,512,2048,256,8,0,0,asm,10013+20000,156.9613
gfx938,f8_w8a8_channel,torch.float16,9,512,2048,256,8,0,0,asm,10013+20000,168.5654
gfx938,f8_w8a8_channel,torch.float16,10,512,2048,256,8,0,0,asm,10011+20000,185.7361
gfx938,f8_w8a8_channel,torch.float16,11,512,2048,256,8,0,0,asm,10013+20000,191.5044
gfx938,f8_w8a8_channel,torch.float16,12,512,2048,256,8,0,0,asm,10013+20000,200.0434
gfx938,f8_w8a8_channel,torch.float16,15,512,2048,256,8,0,0,asm,10013+20000,229.4751
gfx938,f8_w8a8_channel,torch.float16,16,512,2048,256,8,0,0,asm,10011+20000,246.5443
gfx938,f8_w8a8_channel,torch.float16,17,512,2048,256,8,0,0,asm,10013+20000,246.5245
gfx938,f8_w8a8_channel,torch.float16,18,512,2048,256,8,0,0,asm,10013+20000,254.1542
gfx938,f8_w8a8_channel,torch.float16,20,512,2048,256,8,0,0,asm,10013+20000,279.2319
gfx938,f8_w8a8_channel,torch.float16,24,512,2048,256,8,0,0,asm,10013+20000,311.1557
gfx938,f8_w8a8_channel,torch.float16,28,512,2048,256,8,0,0,asm,10011+20000,356.2789
gfx938,f8_w8a8_channel,torch.float16,32,512,2048,256,8,0,0,asm,10011+20000,375.2097
gfx938,f8_w8a8_channel,torch.float16,48,512,2048,256,8,0,0,asm,10011+20000,428.1744
gfx938,f8_w8a8_channel,torch.float16,64,512,2048,256,8,0,0,asm,10011+20000,461.6401
gfx938,f8_w8a8_channel,torch.float16,128,512,2048,256,8,0,0,asm,10011+20000,517.6231
gfx938,f8_w8a8_channel,torch.float16,192,512,2048,256,8,0,0,asm,10011+20000,530.962
gfx938,f8_w8a8_channel,torch.float16,256,512,2048,256,8,0,0,asm,10011+20000,548.0988
gfx938,f8_w8a8_channel,torch.float16,320,512,2048,256,8,0,0,asm,10011+20000,553.3536
gfx938,f8_w8a8_channel,torch.float16,384,512,2048,256,8,0,0,asm,10011+20000,572.8226
gfx938,f8_w8a8_channel,torch.float16,448,512,2048,256,8,0,0,asm,11005+21000,591.2058
gfx938,f8_w8a8_channel,torch.float16,512,512,2048,256,8,0,0,asm,11005+21000,603.1303
gfx938,f8_w8a8_channel,torch.float16,576,512,2048,256,8,0,0,asm,11005+21000,615.6524
gfx938,f8_w8a8_channel,torch.float16,640,512,2048,256,8,0,0,asm,11005+21000,622.9623
gfx938,f8_w8a8_channel,torch.float16,704,512,2048,256,8,0,0,asm,11005+21000,633.5387
gfx938,f8_w8a8_channel,torch.float16,768,512,2048,256,8,0,0,asm,11005+21000,653.2019
gfx938,f8_w8a8_channel,torch.float16,832,512,2048,256,8,0,0,asm,11005+21000,665.1344
gfx938,f8_w8a8_channel,torch.float16,896,512,2048,256,8,0,0,asm,11005+21000,697.926
gfx938,f8_w8a8_channel,torch.float16,960,512,2048,256,8,0,0,asm,12001+22001,716.3344
gfx938,f8_w8a8_channel,torch.float16,1024,512,2048,256,8,0,0,asm,12001+22001,727.5259
gfx938,f8_w8a8_channel,torch.float16,1152,512,2048,256,8,0,0,asm,12005+22001,757.2691
gfx938,f8_w8a8_channel,torch.float16,1280,512,2048,256,8,0,0,asm,12001+22001,754.187
gfx938,f8_w8a8_channel,torch.float16,1408,512,2048,256,8,0,0,asm,12001+22001,772.9912
gfx938,f8_w8a8_channel,torch.float16,1536,512,2048,256,8,0,0,asm,12001+22001,796.4775
gfx938,f8_w8a8_channel,torch.float16,1664,512,2048,256,8,0,0,asm,12005+22001,832.1995
gfx938,f8_w8a8_channel,torch.float16,1792,512,2048,256,8,0,0,asm,12001+22001,852.9153
gfx938,f8_w8a8_channel,torch.float16,1920,512,2048,256,8,0,0,asm,12001+22001,929.3363
gfx938,f8_w8a8_channel,torch.float16,2048,512,2048,256,8,0,0,asm,12001+22001,1000.8225
gfx938,f8_w8a8_channel,torch.float16,2304,512,2048,256,8,0,0,asm,13001+23001,1052.713
gfx938,f8_w8a8_channel,torch.float16,2560,512,2048,256,8,0,0,asm,13001+23001,1086.4224
gfx938,f8_w8a8_channel,torch.float16,2816,512,2048,256,8,0,0,asm,13001+23001,1112.9235
gfx938,f8_w8a8_channel,torch.float16,3072,512,2048,256,8,0,0,asm,13001+23001,1138.2459
gfx938,f8_w8a8_channel,torch.float16,3328,512,2048,256,8,0,0,asm,13001+23001,1198.3303
gfx938,f8_w8a8_channel,torch.float16,3584,512,2048,256,8,0,0,asm,13001+23001,1230.9618
gfx938,f8_w8a8_channel,torch.float16,3840,512,2048,256,8,0,0,asm,13001+23001,1354.3716
gfx938,f8_w8a8_channel,torch.float16,4096,512,2048,256,8,0,0,asm,13001+23001,1547.5335
gfx938,f8_w8a8_channel,torch.float16,4608,512,2048,256,8,0,0,asm,12001+22001,1865.1332
gfx938,f8_w8a8_channel,torch.float16,5120,512,2048,256,8,0,0,asm,12001+22001,1983.1625
gfx938,f8_w8a8_channel,torch.float16,5632,512,2048,256,8,0,0,asm,13001+23001,2061.6635
gfx938,f8_w8a8_channel,torch.float16,6144,512,2048,256,8,0,0,asm,13001+23001,2112.9982
gfx938,f8_w8a8_channel,torch.float16,6656,512,2048,256,8,0,0,asm,13001+23001,2170.3792
gfx938,f8_w8a8_channel,torch.float16,7168,512,2048,256,8,0,0,asm,13001+23001,2244.0127
gfx938,f8_w8a8_channel,torch.float16,7680,512,2048,256,8,0,0,asm,13001+23001,2379.1957
gfx938,f8_w8a8_channel,torch.float16,8192,512,2048,256,8,0,0,asm,13001+23001,2677.6543
gfx938,f8_w8a8_channel,torch.float16,10240,512,2048,256,8,0,0,asm,13001+23001,3215.5907
gfx938,f8_w8a8_channel,torch.float16,12288,512,2048,256,8,0,0,asm,13001+23001,3752.8195
gfx938,f8_w8a8_channel,torch.float16,14336,512,2048,256,8,0,0,asm,13001+23001,4368.5578
gfx938,f8_w8a8_channel,torch.float16,16384,512,2048,256,8,0,0,asm,13001+23001,4890.7889
gfx938,f8_w8a8_channel,torch.float16,17408,512,2048,256,8,0,0,asm,13001+23001,5289.3569
gfx938,f8_w8a8_channel,torch.float16,24576,512,2048,256,8,0,0,asm,13001+23001,7168.7316
gfx938,f8_w8a8_channel,torch.float16,32768,512,2048,256,8,0,0,asm,13001+23001,9253.7481
gfx938,f8_w8a8_channel,torch.float16,40960,512,2048,256,8,0,0,asm,13001+23001,11652.6757
gfx938,f8_w8a8_channel,torch.float16,49152,512,2048,256,8,0,0,asm,13001+23001,13970.8296
gfx938,f8_w8a8_channel,torch.float16,57344,512,2048,256,8,0,0,asm,13001+23001,16224.2174
gfx938,f8_w8a8_channel,torch.float16,65536,512,2048,256,8,0,0,asm,13001+23001,18290.4726
gfx938,f8_w8a8_channel,torch.bfloat16,1,320,6144,160,8,0,0,asm,10008+20000,87.8748
gfx938,f8_w8a8_channel,torch.bfloat16,2,320,6144,160,8,0,0,asm,10011+20001,129.4152
gfx938,f8_w8a8_channel,torch.bfloat16,3,320,6144,160,8,0,0,asm,10008+20000,160.6829
gfx938,f8_w8a8_channel,torch.bfloat16,4,320,6144,160,8,0,0,asm,10002+20000,199.8576
gfx938,f8_w8a8_channel,torch.bfloat16,5,320,6144,160,8,0,0,asm,10009+20000,224.0766
gfx938,f8_w8a8_channel,torch.bfloat16,6,320,6144,160,8,0,0,asm,10002+20000,266.0216
gfx938,f8_w8a8_channel,torch.bfloat16,7,320,6144,160,8,0,0,asm,10008+20000,284.0428
gfx938,f8_w8a8_channel,torch.bfloat16,8,320,6144,160,8,0,0,asm,10011+20000,329.752
gfx938,f8_w8a8_channel,torch.bfloat16,9,320,6144,160,8,0,0,asm,10011+20000,349.2551
gfx938,f8_w8a8_channel,torch.bfloat16,10,320,6144,160,8,0,0,asm,10002+20000,407.293
gfx938,f8_w8a8_channel,torch.bfloat16,11,320,6144,160,8,0,0,asm,10008+20000,425.7182
gfx938,f8_w8a8_channel,torch.bfloat16,12,320,6144,160,8,0,0,asm,10011+20000,445.836
gfx938,f8_w8a8_channel,torch.bfloat16,13,320,6144,160,8,0,0,asm,10011+20000,458.4254
gfx938,f8_w8a8_channel,torch.bfloat16,14,320,6144,160,8,0,0,asm,10008+20000,493.6169
gfx938,f8_w8a8_channel,torch.bfloat16,15,320,6144,160,8,0,0,asm,10011+20000,521.6674
gfx938,f8_w8a8_channel,torch.bfloat16,16,320,6144,160,8,0,0,asm,10011+20000,529.3306
gfx938,f8_w8a8_channel,torch.bfloat16,17,320,6144,160,8,0,0,asm,10011+20000,532.4435
gfx938,f8_w8a8_channel,torch.bfloat16,18,320,6144,160,8,0,0,asm,10011+20000,545.1423
gfx938,f8_w8a8_channel,torch.bfloat16,20,320,6144,160,8,0,0,asm,10011+20000,600.0979
gfx938,f8_w8a8_channel,torch.bfloat16,24,320,6144,160,8,0,0,asm,10012+20000,637.3948
gfx938,f8_w8a8_channel,torch.bfloat16,28,320,6144,160,8,0,0,asm,10011+20000,661.3219
gfx938,f8_w8a8_channel,torch.bfloat16,32,320,6144,160,8,0,0,asm,10011+20000,712.3954
gfx938,f8_w8a8_channel,torch.bfloat16,34,320,6144,160,8,0,0,asm,10011+20000,714.4303
gfx938,f8_w8a8_channel,torch.bfloat16,36,320,6144,160,8,0,0,asm,10011+20000,726.3377
gfx938,f8_w8a8_channel,torch.bfloat16,40,320,6144,160,8,0,0,asm,10012+20000,733.1418
gfx938,f8_w8a8_channel,torch.bfloat16,44,320,6144,160,8,0,0,asm,10011+20000,739.8449
gfx938,f8_w8a8_channel,torch.bfloat16,48,320,6144,160,8,0,0,asm,11005+21000,783.7775
gfx938,f8_w8a8_channel,torch.bfloat16,56,320,6144,160,8,0,0,asm,10011+20000,804.1311
gfx938,f8_w8a8_channel,torch.bfloat16,64,320,6144,160,8,0,0,asm,10011+20000,810.3711
gfx938,f8_w8a8_channel,torch.bfloat16,68,320,6144,160,8,0,0,asm,10012+20000,810.5901
gfx938,f8_w8a8_channel,torch.bfloat16,72,320,6144,160,8,0,0,asm,10011+20000,813.4195
gfx938,f8_w8a8_channel,torch.bfloat16,80,320,6144,160,8,0,0,asm,10011+20000,824.6364
gfx938,f8_w8a8_channel,torch.bfloat16,88,320,6144,160,8,0,0,asm,10012+20000,828.4427
gfx938,f8_w8a8_channel,torch.bfloat16,96,320,6144,160,8,0,0,asm,10011+20000,831.988
gfx938,f8_w8a8_channel,torch.bfloat16,104,320,6144,160,8,0,0,asm,10011+20000,838.1268
gfx938,f8_w8a8_channel,torch.bfloat16,112,320,6144,160,8,0,0,asm,10011+20000,840.889
gfx938,f8_w8a8_channel,torch.bfloat16,128,320,6144,160,8,0,0,asm,10011+20000,850.2531
gfx938,f8_w8a8_channel,torch.bfloat16,144,320,6144,160,8,0,0,asm,10012+20000,859.3393
gfx938,f8_w8a8_channel,torch.bfloat16,160,320,6144,160,8,0,0,asm,10011+20000,864.9309
gfx938,f8_w8a8_channel,torch.bfloat16,192,320,6144,160,8,0,0,asm,11005+21000,882.9772
gfx938,f8_w8a8_channel,torch.bfloat16,224,320,6144,160,8,0,0,asm,10011+20000,898.3287
gfx938,f8_w8a8_channel,torch.bfloat16,256,320,6144,160,8,0,0,asm,11005+21000,912.3244
gfx938,f8_w8a8_channel,torch.bfloat16,320,320,6144,160,8,0,0,asm,11005+21000,943.9706
gfx938,f8_w8a8_channel,torch.bfloat16,384,320,6144,160,8,0,0,asm,11005+21000,1033.402
gfx938,f8_w8a8_channel,torch.bfloat16,448,320,6144,160,8,0,0,asm,11005+21000,997.2927
gfx938,f8_w8a8_channel,torch.bfloat16,512,320,6144,160,8,0,0,asm,11005+21000,1031.0105
gfx938,f8_w8a8_channel,torch.bfloat16,576,320,6144,160,8,0,0,asm,11005+21000,1134.2692
gfx938,f8_w8a8_channel,torch.bfloat16,640,320,6144,160,8,0,0,asm,12000+22001,1198.9596
gfx938,f8_w8a8_channel,torch.bfloat16,704,320,6144,160,8,0,0,asm,12001+22001,1171.1534
gfx938,f8_w8a8_channel,torch.bfloat16,768,320,6144,160,8,0,0,asm,12001+22001,1242.6059
gfx938,f8_w8a8_channel,torch.bfloat16,832,320,6144,160,8,0,0,asm,12001+22001,1202.7659
gfx938,f8_w8a8_channel,torch.bfloat16,896,320,6144,160,8,0,0,asm,12001+22001,1210.446
gfx938,f8_w8a8_channel,torch.bfloat16,960,320,6144,160,8,0,0,asm,12001+22001,1248.0121
gfx938,f8_w8a8_channel,torch.bfloat16,1024,320,6144,160,8,0,0,asm,12001+22001,1277.2499
gfx938,f8_w8a8_channel,torch.bfloat16,1152,320,6144,160,8,0,0,asm,12001+22001,1399.4727
gfx938,f8_w8a8_channel,torch.bfloat16,1280,320,6144,160,8,0,0,asm,12001+22001,1749.5096
gfx938,f8_w8a8_channel,torch.bfloat16,1408,320,6144,160,8,0,0,asm,13001+23001,1848.2125
gfx938,f8_w8a8_channel,torch.bfloat16,1536,320,6144,160,8,0,0,asm,13001+23001,1873.7618
gfx938,f8_w8a8_channel,torch.bfloat16,1664,320,6144,160,8,0,0,asm,13001+23001,1907.8164
gfx938,f8_w8a8_channel,torch.bfloat16,1792,320,6144,160,8,0,0,asm,13001+23001,1935.1678
gfx938,f8_w8a8_channel,torch.bfloat16,1920,320,6144,160,8,0,0,asm,13001+23001,1966.5951
gfx938,f8_w8a8_channel,torch.bfloat16,2048,320,6144,160,8,0,0,asm,13001+23001,1995.8666
gfx938,f8_w8a8_channel,torch.bfloat16,2304,320,6144,160,8,0,0,asm,13001+23001,2217.6428
gfx938,f8_w8a8_channel,torch.bfloat16,2560,320,6144,160,8,0,0,asm,13001+23001,2676.4204
gfx938,f8_w8a8_channel,torch.bfloat16,2816,320,6144,160,8,0,0,asm,12001+22001,3274.8019
gfx938,f8_w8a8_channel,torch.bfloat16,3072,320,6144,160,8,0,0,asm,12001+22001,3447.8037
gfx938,f8_w8a8_channel,torch.bfloat16,3328,320,6144,160,8,0,0,asm,12001+22001,3513.1594
gfx938,f8_w8a8_channel,torch.bfloat16,3584,320,6144,160,8,0,0,asm,13001+23001,3681.1507
gfx938,f8_w8a8_channel,torch.bfloat16,3840,320,6144,160,8,0,0,asm,13001+23001,3740.8308
gfx938,f8_w8a8_channel,torch.bfloat16,4096,320,6144,160,8,0,0,asm,13001+23001,3787.5591
gfx938,f8_w8a8_channel,torch.bfloat16,4608,320,6144,160,8,0,0,asm,13001+23001,3988.2912
gfx938,f8_w8a8_channel,torch.bfloat16,5120,320,6144,160,8,0,0,asm,13001+23001,4664.4407
gfx938,f8_w8a8_channel,torch.bfloat16,5632,320,6144,160,8,0,0,asm,13001+23001,5438.1986
gfx938,f8_w8a8_channel,torch.bfloat16,6144,320,6144,160,8,0,0,asm,13001+23001,5639.4108
gfx938,f8_w8a8_channel,torch.bfloat16,6656,320,6144,160,8,0,0,asm,13001+23001,5753.8779
gfx938,f8_w8a8_channel,torch.bfloat16,7168,320,6144,160,8,0,0,asm,13001+23000,6060.2096
gfx938,f8_w8a8_channel,torch.bfloat16,7680,320,6144,160,8,0,0,asm,13001+23001,6691.5508
gfx938,f8_w8a8_channel,torch.bfloat16,8192,320,6144,160,8,0,0,asm,13001+23001,7332.6939
gfx938,f8_w8a8_channel,torch.bfloat16,10240,320,6144,160,8,0,0,asm,13001+23001,8524.7909
gfx938,f8_w8a8_channel,torch.bfloat16,12288,320,6144,160,8,0,0,asm,13001+23001,9910.8836
gfx938,f8_w8a8_channel,torch.bfloat16,14336,320,6144,160,8,0,0,asm,13001+23001,11609.6582
gfx938,f8_w8a8_channel,torch.bfloat16,16384,320,6144,160,8,0,0,asm,13001+23001,13364.4164
gfx938,f8_w8a8_channel,torch.bfloat16,17408,320,6144,160,8,0,0,asm,13001+23001,13945.3495
gfx938,f8_w8a8_channel,torch.bfloat16,24576,320,6144,160,8,0,0,asm,13001+23001,19386.0554
gfx938,f8_w8a8_channel,torch.bfloat16,32768,320,6144,160,8,0,0,asm,13001+23001,25609.6308
gfx938,f8_w8a8_channel,torch.bfloat16,40960,320,6144,160,8,0,0,asm,13001+23001,31906.0787
gfx938,f8_w8a8_channel,torch.bfloat16,49152,320,6144,160,8,0,0,asm,13001+23001,38174.2552
gfx938,f8_w8a8_channel,torch.bfloat16,57344,320,6144,160,8,0,0,asm,13001+23001,44395.4213
gfx938,f8_w8a8_channel,torch.bfloat16,65536,320,6144,160,8,0,0,asm,13001+23001,50864.8195
gfx938,f8_w8a8_channel,torch.bfloat16,65536,320,6144,160,8,0,0,asm,13001+23001,50655.7567
gfx938,f8_w8a8_channel,torch.float16,1,320,6144,160,8,0,0,asm,10008+20000,86.8391
gfx938,f8_w8a8_channel,torch.float16,2,320,6144,160,8,0,0,asm,10012+20000,129.7864
gfx938,f8_w8a8_channel,torch.float16,3,320,6144,160,8,0,0,asm,10008+20000,160.3293
gfx938,f8_w8a8_channel,torch.float16,4,320,6144,160,8,0,0,asm,10002+20000,199.0578
gfx938,f8_w8a8_channel,torch.float16,5,320,6144,160,8,0,0,asm,10009+20000,224.0428
gfx938,f8_w8a8_channel,torch.float16,6,320,6144,160,8,0,0,asm,10002+20000,267.9417
gfx938,f8_w8a8_channel,torch.float16,7,320,6144,160,8,0,0,asm,10008+20000,285.1374
gfx938,f8_w8a8_channel,torch.float16,8,320,6144,160,8,0,0,asm,10002+20000,337.491
gfx938,f8_w8a8_channel,torch.float16,9,320,6144,160,8,0,0,asm,10011+20000,349.1963
gfx938,f8_w8a8_channel,torch.float16,10,320,6144,160,8,0,0,asm,10002+20000,405.5077
gfx938,f8_w8a8_channel,torch.float16,11,320,6144,160,8,0,0,asm,10008+20000,425.0951
gfx938,f8_w8a8_channel,torch.float16,12,320,6144,160,8,0,0,asm,10012+20000,453.8696
gfx938,f8_w8a8_channel,torch.float16,13,320,6144,160,8,0,0,asm,10011+20000,459.6549
gfx938,f8_w8a8_channel,torch.float16,14,320,6144,160,8,0,0,asm,10008+20000,493.0359
gfx938,f8_w8a8_channel,torch.float16,15,320,6144,160,8,0,0,asm,10011+20000,520.7074
gfx938,f8_w8a8_channel,torch.float16,16,320,6144,160,8,0,0,asm,10011+20000,530.198
gfx938,f8_w8a8_channel,torch.float16,17,320,6144,160,8,0,0,asm,10011+20000,532.9151
gfx938,f8_w8a8_channel,torch.float16,18,320,6144,160,8,0,0,asm,10011+20000,542.9361
gfx938,f8_w8a8_channel,torch.float16,20,320,6144,160,8,0,0,asm,10008+20000,601.6643
gfx938,f8_w8a8_channel,torch.float16,24,320,6144,160,8,0,0,asm,10011+20000,632.7463
gfx938,f8_w8a8_channel,torch.float16,28,320,6144,160,8,0,0,asm,10011+20000,661.8019
gfx938,f8_w8a8_channel,torch.float16,32,320,6144,160,8,0,0,asm,10012+20000,715.9659
gfx938,f8_w8a8_channel,torch.float16,34,320,6144,160,8,0,0,asm,10011+20000,716.8639
gfx938,f8_w8a8_channel,torch.float16,36,320,6144,160,8,0,0,asm,10011+20000,725.8576
gfx938,f8_w8a8_channel,torch.float16,40,320,6144,160,8,0,0,asm,10011+20000,731.6175
gfx938,f8_w8a8_channel,torch.float16,44,320,6144,160,8,0,0,asm,10011+20000,736.8048
gfx938,f8_w8a8_channel,torch.float16,48,320,6144,160,8,0,0,asm,10012+20000,825.9498
gfx938,f8_w8a8_channel,torch.float16,56,320,6144,160,8,0,0,asm,10012+20000,804.4173
gfx938,f8_w8a8_channel,torch.float16,64,320,6144,160,8,0,0,asm,10011+20000,808.5773
gfx938,f8_w8a8_channel,torch.float16,68,320,6144,160,8,0,0,asm,10011+20000,807.6089
gfx938,f8_w8a8_channel,torch.float16,72,320,6144,160,8,0,0,asm,10011+20000,815.5415
gfx938,f8_w8a8_channel,torch.float16,80,320,6144,160,8,0,0,asm,10011+20000,825.4531
gfx938,f8_w8a8_channel,torch.float16,88,320,6144,160,8,0,0,asm,10011+20000,825.4868
gfx938,f8_w8a8_channel,torch.float16,96,320,6144,160,8,0,0,asm,10011+20000,830.8931
gfx938,f8_w8a8_channel,torch.float16,104,320,6144,160,8,0,0,asm,10012+20000,838.5309
gfx938,f8_w8a8_channel,torch.float16,112,320,6144,160,8,0,0,asm,10011+20000,841.9751
gfx938,f8_w8a8_channel,torch.float16,128,320,6144,160,8,0,0,asm,10012+20000,850.0088
gfx938,f8_w8a8_channel,torch.float16,144,320,6144,160,8,0,0,asm,10012+20000,857.8152
gfx938,f8_w8a8_channel,torch.float16,160,320,6144,160,8,0,0,asm,10011+20000,866.2614
gfx938,f8_w8a8_channel,torch.float16,192,320,6144,160,8,0,0,asm,10011+20000,881.3939
gfx938,f8_w8a8_channel,torch.float16,224,320,6144,160,8,0,0,asm,10011+20000,896.1813
gfx938,f8_w8a8_channel,torch.float16,256,320,6144,160,8,0,0,asm,11005+21000,912.0044
gfx938,f8_w8a8_channel,torch.float16,320,320,6144,160,8,0,0,asm,11005+21000,943.1369
gfx938,f8_w8a8_channel,torch.float16,384,320,6144,160,8,0,0,asm,11005+21000,975.6336
gfx938,f8_w8a8_channel,torch.float16,448,320,6144,160,8,0,0,asm,11005+21000,994.6231
gfx938,f8_w8a8_channel,torch.float16,512,320,6144,160,8,0,0,asm,11005+21000,1028.1387
gfx938,f8_w8a8_channel,torch.float16,576,320,6144,160,8,0,0,asm,11005+21000,1131.5826
gfx938,f8_w8a8_channel,torch.float16,640,320,6144,160,8,0,0,asm,12003+22001,1166.0162
gfx938,f8_w8a8_channel,torch.float16,704,320,6144,160,8,0,0,asm,12001+22001,1164.4584
gfx938,f8_w8a8_channel,torch.float16,768,320,6144,160,8,0,0,asm,12001+22001,1186.3363
gfx938,f8_w8a8_channel,torch.float16,832,320,6144,160,8,0,0,asm,12001+22001,1196.6605
gfx938,f8_w8a8_channel,torch.float16,896,320,6144,160,8,0,0,asm,12001+22001,1213.2753
gfx938,f8_w8a8_channel,torch.float16,960,320,6144,160,8,0,0,asm,12001+22001,1245.5952
gfx938,f8_w8a8_channel,torch.float16,1024,320,6144,160,8,0,0,asm,12001+22001,1274.4457
gfx938,f8_w8a8_channel,torch.float16,1152,320,6144,160,8,0,0,asm,12001+22001,1415.7254
gfx938,f8_w8a8_channel,torch.float16,1280,320,6144,160,8,0,0,asm,12001+22001,1862.7136
gfx938,f8_w8a8_channel,torch.float16,1408,320,6144,160,8,0,0,asm,13001+23001,1842.0736
gfx938,f8_w8a8_channel,torch.float16,1536,320,6144,160,8,0,0,asm,13001+23001,1869.8966
gfx938,f8_w8a8_channel,torch.float16,1664,320,6144,160,8,0,0,asm,13001+23001,1899.6228
gfx938,f8_w8a8_channel,torch.float16,1792,320,6144,160,8,0,0,asm,13001+23001,1928.2289
gfx938,f8_w8a8_channel,torch.float16,1920,320,6144,160,8,0,0,asm,13001+23001,1961.2308
gfx938,f8_w8a8_channel,torch.float16,2048,320,6144,160,8,0,0,asm,13001+23001,1987.4959
gfx938,f8_w8a8_channel,torch.float16,2304,320,6144,160,8,0,0,asm,13001+23001,2205.8699
gfx938,f8_w8a8_channel,torch.float16,2560,320,6144,160,8,0,0,asm,13001+23001,2666.6012
gfx938,f8_w8a8_channel,torch.float16,2816,320,6144,160,8,0,0,asm,12001+22001,3269.1511
gfx938,f8_w8a8_channel,torch.float16,3072,320,6144,160,8,0,0,asm,12001+22001,3444.1653
gfx938,f8_w8a8_channel,torch.float16,3328,320,6144,160,8,0,0,asm,12001+22001,3507.9211
gfx938,f8_w8a8_channel,torch.float16,3584,320,6144,160,8,0,0,asm,13001+23001,3695.8705
gfx938,f8_w8a8_channel,torch.float16,3840,320,6144,160,8,0,0,asm,13001+23001,3735.5589
gfx938,f8_w8a8_channel,torch.float16,4096,320,6144,160,8,0,0,asm,13001+23001,3786.7084
gfx938,f8_w8a8_channel,torch.float16,4608,320,6144,160,8,0,0,asm,13001+23001,3975.1794
gfx938,f8_w8a8_channel,torch.float16,5120,320,6144,160,8,0,0,asm,13001+23001,4655.5142
gfx938,f8_w8a8_channel,torch.float16,5632,320,6144,160,8,0,0,asm,13001+23001,5420.9347
gfx938,f8_w8a8_channel,torch.float16,6144,320,6144,160,8,0,0,asm,13001+23001,5629.4392
gfx938,f8_w8a8_channel,torch.float16,6656,320,6144,160,8,0,0,asm,13001+23001,5746.9548
gfx938,f8_w8a8_channel,torch.float16,7168,320,6144,160,8,0,0,asm,13001+23001,5931.0555
gfx938,f8_w8a8_channel,torch.float16,7680,320,6144,160,8,0,0,asm,13001+23001,6678.6912
gfx938,f8_w8a8_channel,torch.float16,8192,320,6144,160,8,0,0,asm,13001+23001,7327.6405
gfx938,f8_w8a8_channel,torch.float16,10240,320,6144,160,8,0,0,asm,13001+23001,8520.8914
gfx938,f8_w8a8_channel,torch.float16,12288,320,6144,160,8,0,0,asm,13001+23000,10064.4825
gfx938,f8_w8a8_channel,torch.float16,14336,320,6144,160,8,0,0,asm,13001+23001,11593.2692
gfx938,f8_w8a8_channel,torch.float16,16384,320,6144,160,8,0,0,asm,13001+23001,13341.9031
gfx938,f8_w8a8_channel,torch.float16,17408,320,6144,160,8,0,0,asm,13001+23001,13929.9271
gfx938,f8_w8a8_channel,torch.float16,24576,320,6144,160,8,0,0,asm,13001+23001,19364.5646
gfx938,f8_w8a8_channel,torch.float16,32768,320,6144,160,8,0,0,asm,13001+23001,25569.9553
gfx938,f8_w8a8_channel,torch.float16,40960,320,6144,160,8,0,0,asm,13001+23001,31866.0491
gfx938,f8_w8a8_channel,torch.float16,49152,320,6144,160,8,0,0,asm,13001+23001,38129.8607
gfx938,f8_w8a8_channel,torch.float16,57344,320,6144,160,8,0,0,asm,13001+23001,44350.9585
gfx938,f8_w8a8_channel,torch.float16,65536,320,6144,160,8,0,0,asm,13001+23001,50658.3987
gfx938,f8_w8a8_channel,torch.float16,65536,320,6144,160,8,0,0,asm,13001+23001,50595.5307
gfx938,f8_w8a8_channel,torch.bfloat16,1,256,4096,512,10,0,0,asm,10008+20000,85.98
gfx938,f8_w8a8_channel,torch.bfloat16,2,256,4096,512,10,0,0,asm,10011+20001,118.039
gfx938,f8_w8a8_channel,torch.bfloat16,3,256,4096,512,10,0,0,asm,10011+20000,135.8747
gfx938,f8_w8a8_channel,torch.bfloat16,4,256,4096,512,10,0,0,asm,10002+20001,172.7083
gfx938,f8_w8a8_channel,torch.bfloat16,5,256,4096,512,10,0,0,asm,10008+20001,185.7608
gfx938,f8_w8a8_channel,torch.bfloat16,6,256,4096,512,10,0,0,asm,10011+20001,206.0303
gfx938,f8_w8a8_channel,torch.bfloat16,7,256,4096,512,10,0,0,asm,10011+20000,225.2808
gfx938,f8_w8a8_channel,torch.bfloat16,8,256,4096,512,10,0,0,asm,10002+20000,267.5038
gfx938,f8_w8a8_channel,torch.bfloat16,9,256,4096,512,10,0,0,asm,10011+20000,286.0384
gfx938,f8_w8a8_channel,torch.bfloat16,10,256,4096,512,10,0,0,asm,10011+20000,299.1836
gfx938,f8_w8a8_channel,torch.bfloat16,11,256,4096,512,10,0,0,asm,10011+20000,317.5753
gfx938,f8_w8a8_channel,torch.bfloat16,12,256,4096,512,10,0,0,asm,10002+20000,358.7036
gfx938,f8_w8a8_channel,torch.bfloat16,13,256,4096,512,10,0,0,asm,10011+20000,376.0678
gfx938,f8_w8a8_channel,torch.bfloat16,14,256,4096,512,10,0,0,asm,10011+20000,385.3896
gfx938,f8_w8a8_channel,torch.bfloat16,15,256,4096,512,10,0,0,asm,10002+20000,434.7706
gfx938,f8_w8a8_channel,torch.bfloat16,16,256,4096,512,10,0,0,asm,10011+20000,452.497
gfx938,f8_w8a8_channel,torch.bfloat16,17,256,4096,512,10,0,0,asm,10011+20000,436.5192
gfx938,f8_w8a8_channel,torch.bfloat16,18,256,4096,512,10,0,0,asm,10011+20000,451.9129
gfx938,f8_w8a8_channel,torch.bfloat16,20,256,4096,512,10,0,0,asm,10011+20000,506.1359
gfx938,f8_w8a8_channel,torch.bfloat16,24,256,4096,512,10,0,0,asm,10011+20000,578.1441
gfx938,f8_w8a8_channel,torch.bfloat16,28,256,4096,512,10,0,0,asm,10011+20000,618.8681
gfx938,f8_w8a8_channel,torch.bfloat16,32,256,4096,512,10,0,0,asm,10011+20000,715.6595
gfx938,f8_w8a8_channel,torch.bfloat16,34,256,4096,512,10,0,0,asm,10011+20001,720.6531
gfx938,f8_w8a8_channel,torch.bfloat16,36,256,4096,512,10,0,0,asm,10011+20001,769.3266
gfx938,f8_w8a8_channel,torch.bfloat16,40,256,4096,512,10,0,0,asm,10011+20000,770.5728
gfx938,f8_w8a8_channel,torch.bfloat16,44,256,4096,512,10,0,0,asm,10011+20000,838.8926
gfx938,f8_w8a8_channel,torch.bfloat16,48,256,4096,512,10,0,0,asm,10011+20000,867.4567
gfx938,f8_w8a8_channel,torch.bfloat16,56,256,4096,512,10,0,0,asm,10011+20000,942.9175
gfx938,f8_w8a8_channel,torch.bfloat16,64,256,4096,512,10,0,0,asm,10011+20000,1019.0772
gfx938,f8_w8a8_channel,torch.bfloat16,68,256,4096,512,10,0,0,asm,10011+20000,1014.0247
gfx938,f8_w8a8_channel,torch.bfloat16,72,256,4096,512,10,0,0,asm,11005+21001,1107.2792
gfx938,f8_w8a8_channel,torch.bfloat16,80,256,4096,512,10,0,0,asm,10011+20000,1174.3611
gfx938,f8_w8a8_channel,torch.bfloat16,88,256,4096,512,10,0,0,asm,10011+20000,1141.0054
gfx938,f8_w8a8_channel,torch.bfloat16,96,256,4096,512,10,0,0,asm,10011+20000,1172.3738
gfx938,f8_w8a8_channel,torch.bfloat16,104,256,4096,512,10,0,0,asm,10011+20000,1203.7
gfx938,f8_w8a8_channel,torch.bfloat16,112,256,4096,512,10,0,0,asm,10012+20000,1230.1001
gfx938,f8_w8a8_channel,torch.bfloat16,128,256,4096,512,10,0,0,asm,10012+20000,1260.7946
gfx938,f8_w8a8_channel,torch.bfloat16,144,256,4096,512,10,0,0,asm,10011+20000,1281.3336
gfx938,f8_w8a8_channel,torch.bfloat16,160,256,4096,512,10,0,0,asm,10011+20000,1296.1208
gfx938,f8_w8a8_channel,torch.bfloat16,192,256,4096,512,10,0,0,asm,10011+20000,1331.9944
gfx938,f8_w8a8_channel,torch.bfloat16,224,256,4096,512,10,0,0,asm,10011+20001,1461.4509
gfx938,f8_w8a8_channel,torch.bfloat16,256,256,4096,512,10,0,0,asm,10012+20000,1374.63
gfx938,f8_w8a8_channel,torch.bfloat16,320,256,4096,512,10,0,0,asm,10011+20000,1409.8298
gfx938,f8_w8a8_channel,torch.bfloat16,384,256,4096,512,10,0,0,asm,10011+20000,1436.2382
gfx938,f8_w8a8_channel,torch.bfloat16,448,256,4096,512,10,0,0,asm,10011+20000,1479.8002
gfx938,f8_w8a8_channel,torch.bfloat16,512,256,4096,512,10,0,0,asm,10011+20000,1510.2592
gfx938,f8_w8a8_channel,torch.bfloat16,576,256,4096,512,10,0,0,asm,11005+21000,1584.1538
gfx938,f8_w8a8_channel,torch.bfloat16,640,256,4096,512,10,0,0,asm,11005+21000,1550.1751
gfx938,f8_w8a8_channel,torch.bfloat16,704,256,4096,512,10,0,0,asm,11005+21000,1570.1246
gfx938,f8_w8a8_channel,torch.bfloat16,768,256,4096,512,10,0,0,asm,11005+21000,1586.2341
gfx938,f8_w8a8_channel,torch.bfloat16,832,256,4096,512,10,0,0,asm,11005+21000,1601.8551
gfx938,f8_w8a8_channel,torch.bfloat16,896,256,4096,512,10,0,0,asm,11005+21001,1655.2444
gfx938,f8_w8a8_channel,torch.bfloat16,960,256,4096,512,10,0,0,asm,11005+21000,1640.3982
gfx938,f8_w8a8_channel,torch.bfloat16,1024,256,4096,512,10,0,0,asm,11005+21000,1671.8927
gfx938,f8_w8a8_channel,torch.bfloat16,1152,256,4096,512,10,0,0,asm,11005+21000,1730.5199
gfx938,f8_w8a8_channel,torch.bfloat16,1280,256,4096,512,10,0,0,asm,11005+21000,1781.442
gfx938,f8_w8a8_channel,torch.bfloat16,1408,256,4096,512,10,0,0,asm,11005+21001,1842.9829
gfx938,f8_w8a8_channel,torch.bfloat16,1536,256,4096,512,10,0,0,asm,11005+21001,1951.3363
gfx938,f8_w8a8_channel,torch.bfloat16,1664,256,4096,512,10,0,0,asm,12001+22001,1998.9403
gfx938,f8_w8a8_channel,torch.bfloat16,1792,256,4096,512,10,0,0,asm,12001+22001,2012.1022
gfx938,f8_w8a8_channel,torch.bfloat16,1920,256,4096,512,10,0,0,asm,12001+22001,2040.3715
gfx938,f8_w8a8_channel,torch.bfloat16,2048,256,4096,512,10,0,0,asm,12001+22001,2059.7652
gfx938,f8_w8a8_channel,torch.bfloat16,2304,256,4096,512,10,0,0,asm,12001+22001,2132.1608
gfx938,f8_w8a8_channel,torch.bfloat16,2560,256,4096,512,10,0,0,asm,12001+22001,2200.5735
gfx938,f8_w8a8_channel,torch.bfloat16,2816,256,4096,512,10,0,0,asm,12001+22001,2329.0953
gfx938,f8_w8a8_channel,torch.bfloat16,3072,256,4096,512,10,0,0,asm,12001+22001,2593.4905
gfx938,f8_w8a8_channel,torch.bfloat16,3328,256,4096,512,10,0,0,asm,12001+22001,2998.7442
gfx938,f8_w8a8_channel,torch.bfloat16,3584,256,4096,512,10,0,0,asm,13001+23001,3227.1983
gfx938,f8_w8a8_channel,torch.bfloat16,3840,256,4096,512,10,0,0,asm,13001+23001,3274.2464
gfx938,f8_w8a8_channel,torch.bfloat16,4096,256,4096,512,10,0,0,asm,13001+23001,3308.0736
gfx938,f8_w8a8_channel,torch.bfloat16,4608,256,4096,512,10,0,0,asm,13001+23001,3420.7888
gfx938,f8_w8a8_channel,torch.bfloat16,5120,256,4096,512,10,0,0,asm,13001+23001,3562.9356
gfx938,f8_w8a8_channel,torch.bfloat16,5632,256,4096,512,10,0,0,asm,13001+23001,3679.8195
gfx938,f8_w8a8_channel,torch.bfloat16,6144,256,4096,512,10,0,0,asm,13001+23001,4237.0553
gfx938,f8_w8a8_channel,torch.bfloat16,6656,256,4096,512,10,0,0,asm,13001+23001,5043.5704
gfx938,f8_w8a8_channel,torch.bfloat16,7168,256,4096,512,10,0,0,asm,12001+22001,5577.7081
gfx938,f8_w8a8_channel,torch.bfloat16,7680,256,4096,512,10,0,0,asm,12001+22001,5867.8889
gfx938,f8_w8a8_channel,torch.bfloat16,8192,256,4096,512,10,0,0,asm,12001+22001,6024.8825
gfx938,f8_w8a8_channel,torch.bfloat16,10240,256,4096,512,10,0,0,asm,13001+23001,6800.9394
gfx938,f8_w8a8_channel,torch.bfloat16,12288,256,4096,512,10,0,0,asm,13001+23001,7508.4403
gfx938,f8_w8a8_channel,torch.bfloat16,14336,256,4096,512,10,0,0,asm,13001+23001,9580.6614
gfx938,f8_w8a8_channel,torch.bfloat16,16384,256,4096,512,10,0,0,asm,13001+23001,10215.7416
gfx938,f8_w8a8_channel,torch.bfloat16,17408,256,4096,512,10,0,0,asm,13001+23001,10499.4128
gfx938,f8_w8a8_channel,torch.bfloat16,24576,256,4096,512,10,0,0,asm,13001+23001,14172.5893
gfx938,f8_w8a8_channel,torch.bfloat16,32768,256,4096,512,10,0,0,asm,13001+23001,18841.2993
gfx938,f8_w8a8_channel,torch.bfloat16,40960,256,4096,512,10,0,0,asm,13001+23001,23386.5547
gfx938,f8_w8a8_channel,torch.bfloat16,49152,256,4096,512,10,0,0,asm,13001+23001,27573.5355
gfx938,f8_w8a8_channel,torch.bfloat16,57344,256,4096,512,10,0,0,asm,13001+23001,31773.8919
gfx938,f8_w8a8_channel,torch.bfloat16,65536,256,4096,512,10,0,0,asm,13001+23001,36230.8804
gfx938,f8_w8a8_channel,torch.bfloat16,65536,256,4096,512,10,0,0,asm,13001+23001,36217.3488
gfx936,int8_w8a8_channel,torch.float16,1,512,2048,256,8,0,0,asm,10010+20000,57.5423
gfx936,int8_w8a8_channel,torch.float16,2,512,2048,256,8,0,0,asm,10013+20000,75.8832
gfx936,int8_w8a8_channel,torch.float16,3,512,2048,256,8,0,0,asm,10013+20000,103.3274
gfx936,int8_w8a8_channel,torch.float16,4,512,2048,256,8,0,0,asm,10013+20000,118.0053
gfx936,int8_w8a8_channel,torch.float16,5,512,2048,256,8,0,0,asm,10013+20000,140.1358
gfx936,int8_w8a8_channel,torch.float16,6,512,2048,256,8,0,0,asm,10013+20000,153.1881
gfx936,int8_w8a8_channel,torch.float16,7,512,2048,256,8,0,0,asm,10013+20000,181.3652
gfx936,int8_w8a8_channel,torch.float16,8,512,2048,256,8,0,0,asm,10013+20000,192.2788
gfx936,int8_w8a8_channel,torch.float16,9,512,2048,256,8,0,0,asm,10013+20000,208.2451
gfx936,int8_w8a8_channel,torch.float16,10,512,2048,256,8,0,0,asm,10008+20000,228.9861
gfx936,int8_w8a8_channel,torch.float16,11,512,2048,256,8,0,0,asm,10013+20000,240.826
gfx936,int8_w8a8_channel,torch.float16,12,512,2048,256,8,0,0,asm,10013+20000,251.5291
gfx936,int8_w8a8_channel,torch.float16,13,512,2048,256,8,0,0,asm,10011+20000,273.2555
gfx936,int8_w8a8_channel,torch.float16,14,512,2048,256,8,0,0,asm,10013+20000,285.9122
gfx936,int8_w8a8_channel,torch.float16,15,512,2048,256,8,0,0,asm,10013+20000,297.1289
gfx936,int8_w8a8_channel,torch.float16,16,512,2048,256,8,0,0,asm,10008+20000,309.1964
gfx936,int8_w8a8_channel,torch.float16,17,512,2048,256,8,0,0,asm,10009+20000,312.5196
gfx936,int8_w8a8_channel,torch.float16,18,512,2048,256,8,0,0,asm,10013+20000,320.166
gfx936,int8_w8a8_channel,torch.float16,20,512,2048,256,8,0,0,asm,10008+20000,349.8501
gfx936,int8_w8a8_channel,torch.float16,24,512,2048,256,8,0,0,asm,10009+20000,390.6669
gfx936,int8_w8a8_channel,torch.float16,28,512,2048,256,8,0,0,asm,10013+20000,454.9896
gfx936,int8_w8a8_channel,torch.float16,32,512,2048,256,8,0,0,asm,11005+20000,482.9222
gfx936,int8_w8a8_channel,torch.float16,34,512,2048,256,8,0,0,asm,11005+20000,468.7803
gfx936,int8_w8a8_channel,torch.float16,36,512,2048,256,8,0,0,asm,10011+20000,496.3086
gfx936,int8_w8a8_channel,torch.float16,40,512,2048,256,8,0,0,asm,10011+20000,516.0896
gfx936,int8_w8a8_channel,torch.float16,44,512,2048,256,8,0,0,asm,10011+20000,536.3675
gfx936,int8_w8a8_channel,torch.float16,48,512,2048,256,8,0,0,asm,10008+20000,550.9443
gfx936,int8_w8a8_channel,torch.float16,56,512,2048,256,8,0,0,asm,10011+20000,577.7821
gfx936,int8_w8a8_channel,torch.float16,64,512,2048,256,8,0,0,asm,10008+20000,597.9084
gfx936,int8_w8a8_channel,torch.float16,68,512,2048,256,8,0,0,asm,10008+20000,601.681
gfx936,int8_w8a8_channel,torch.float16,72,512,2048,256,8,0,0,asm,10008+20000,615.7609
gfx936,int8_w8a8_channel,torch.float16,80,512,2048,256,8,0,0,asm,10011+20000,636.763
gfx936,int8_w8a8_channel,torch.float16,88,512,2048,256,8,0,0,asm,10011+20000,650.9019
gfx936,int8_w8a8_channel,torch.float16,96,512,2048,256,8,0,0,asm,10011+20000,655.6177
gfx936,int8_w8a8_channel,torch.float16,104,512,2048,256,8,0,0,asm,10011+20000,665.5714
gfx936,int8_w8a8_channel,torch.float16,112,512,2048,256,8,0,0,asm,10011+20000,670.8683
gfx936,int8_w8a8_channel,torch.float16,128,512,2048,256,8,0,0,asm,10011+20000,685.1923
gfx936,int8_w8a8_channel,torch.float16,144,512,2048,256,8,0,0,asm,10008+20001,725.1081
gfx936,int8_w8a8_channel,torch.float16,160,512,2048,256,8,0,0,asm,10011+20000,696.4429
gfx936,int8_w8a8_channel,torch.float16,192,512,2048,256,8,0,0,asm,10011+20000,700.8724
gfx936,int8_w8a8_channel,torch.float16,224,512,2048,256,8,0,0,asm,10011+20000,711.4071
gfx936,int8_w8a8_channel,torch.float16,256,512,2048,256,8,0,0,asm,10011+20000,716.0387
gfx936,int8_w8a8_channel,torch.float16,320,512,2048,256,8,0,0,asm,11007+21000,774.5733
gfx936,int8_w8a8_channel,torch.float16,384,512,2048,256,8,0,0,asm,10011+20000,747.0113
gfx936,int8_w8a8_channel,torch.float16,448,512,2048,256,8,0,0,asm,11005+21000,773.7396
gfx936,int8_w8a8_channel,torch.float16,512,512,2048,256,8,0,0,asm,11005+21000,787.6848
gfx936,int8_w8a8_channel,torch.float16,576,512,2048,256,8,0,0,asm,12005+22000,861.8404
gfx936,int8_w8a8_channel,torch.float16,640,512,2048,256,8,0,0,asm,11005+21000,809.0491
gfx936,int8_w8a8_channel,torch.float16,704,512,2048,256,8,0,0,asm,11007+21000,826.4215
gfx936,int8_w8a8_channel,torch.float16,768,512,2048,256,8,0,0,asm,11005+21000,838.3794
gfx936,int8_w8a8_channel,torch.float16,832,512,2048,256,8,0,0,asm,11005+21000,849.7562
gfx936,int8_w8a8_channel,torch.float16,896,512,2048,256,8,0,0,asm,12005+22000,884.7455
gfx936,int8_w8a8_channel,torch.float16,960,512,2048,256,8,0,0,asm,12001+22000,867.4824
gfx936,int8_w8a8_channel,torch.float16,1024,512,2048,256,8,0,0,asm,12005+22000,888.8297
gfx936,int8_w8a8_channel,torch.float16,1152,512,2048,256,8,0,0,asm,12005+22000,941.4443
gfx936,int8_w8a8_channel,torch.float16,1280,512,2048,256,8,0,0,asm,12001+22000,928.9812
gfx936,int8_w8a8_channel,torch.float16,1408,512,2048,256,8,0,0,asm,12001+22000,947.9622
gfx936,int8_w8a8_channel,torch.float16,1536,512,2048,256,8,0,0,asm,12005+22000,980.9053
gfx936,int8_w8a8_channel,torch.float16,1664,512,2048,256,8,0,0,asm,12001+22000,999.9199
gfx936,int8_w8a8_channel,torch.float16,1792,512,2048,256,8,0,0,asm,12001+22000,1022.5051
gfx936,int8_w8a8_channel,torch.float16,1920,512,2048,256,8,0,0,asm,12001+22000,1070.6567
gfx936,int8_w8a8_channel,torch.float16,2048,512,2048,256,8,0,0,asm,12001+22001,1153.3089
gfx936,int8_w8a8_channel,torch.float16,2304,512,2048,256,8,0,0,asm,13001+23001,1182.4963
gfx936,int8_w8a8_channel,torch.float16,2560,512,2048,256,8,0,0,asm,13001+23001,1224.7614
gfx936,int8_w8a8_channel,torch.float16,2816,512,2048,256,8,0,0,asm,13001+23001,1245.3172
gfx936,int8_w8a8_channel,torch.float16,3072,512,2048,256,8,0,0,asm,13001+23001,1278.1086
gfx936,int8_w8a8_channel,torch.float16,3328,512,2048,256,8,0,0,asm,13001+23001,1336.2475
gfx936,int8_w8a8_channel,torch.float16,3584,512,2048,256,8,0,0,asm,13001+23001,1381.6115
gfx936,int8_w8a8_channel,torch.float16,3840,512,2048,256,8,0,0,asm,13001+23001,1493.1565
gfx936,int8_w8a8_channel,torch.float16,4096,512,2048,256,8,0,0,asm,13001+23001,1657.3499
gfx936,int8_w8a8_channel,torch.float16,4608,512,2048,256,8,0,0,asm,13001+23001,1993.45
gfx936,int8_w8a8_channel,torch.float16,5120,512,2048,256,8,0,0,asm,12001+22001,2101.3907
gfx936,int8_w8a8_channel,torch.float16,5632,512,2048,256,8,0,0,asm,13001+23001,2184.7083
gfx936,int8_w8a8_channel,torch.float16,6144,512,2048,256,8,0,0,asm,13001+23001,2237.3144
gfx936,int8_w8a8_channel,torch.float16,6656,512,2048,256,8,0,0,asm,13001+23001,2297.6341
gfx936,int8_w8a8_channel,torch.float16,7168,512,2048,256,8,0,0,asm,13001+23001,2372.7578
gfx936,int8_w8a8_channel,torch.float16,7680,512,2048,256,8,0,0,asm,13001+23001,2503.2248
gfx936,int8_w8a8_channel,torch.float16,8192,512,2048,256,8,0,0,asm,13001+23001,2796.6807
gfx936,int8_w8a8_channel,torch.float16,10240,512,2048,256,8,0,0,asm,13001+23001,3349.3024
gfx936,int8_w8a8_channel,torch.float16,12288,512,2048,256,8,0,0,asm,13001+23001,3896.5094
gfx936,int8_w8a8_channel,torch.float16,14336,512,2048,256,8,0,0,asm,13001+23001,4486.15
gfx936,int8_w8a8_channel,torch.float16,16384,512,2048,256,8,0,0,asm,13001+23001,5067.0073
gfx936,int8_w8a8_channel,torch.float16,17408,512,2048,256,8,0,0,asm,13001+23001,5469.187
gfx936,int8_w8a8_channel,torch.float16,24576,512,2048,256,8,0,0,asm,13001+23001,7372.5919
gfx936,int8_w8a8_channel,torch.float16,32768,512,2048,256,8,0,0,asm,13001+23001,11965.4224
gfx936,int8_w8a8_channel,torch.float16,40960,512,2048,256,8,0,0,asm,13001+23001,14939.3742
gfx936,int8_w8a8_channel,torch.float16,49152,512,2048,256,8,0,0,asm,13001+23001,17880.1629
gfx936,int8_w8a8_channel,torch.float16,57344,512,2048,256,8,0,0,asm,13001+23001,20746.1576
gfx936,int8_w8a8_channel,torch.float16,65536,512,2048,256,8,0,0,asm,13001+22001,24014.33
gfx936,int8_w8a8_channel,torch.float16,65536,512,2048,256,8,0,0,asm,13001+23001,23307.1407
gfx936,int8_w8a8_channel,torch.bfloat16,1,512,2048,256,8,0,0,asm,10010+20000,66.1234
gfx936,int8_w8a8_channel,torch.bfloat16,2,512,2048,256,8,0,0,asm,10013+20000,87.4538
gfx936,int8_w8a8_channel,torch.bfloat16,3,512,2048,256,8,0,0,asm,10010+20000,114.2326
gfx936,int8_w8a8_channel,torch.bfloat16,4,512,2048,256,8,0,0,asm,10013+20000,130.999
gfx936,int8_w8a8_channel,torch.bfloat16,5,512,2048,256,8,0,0,asm,10013+20000,155.5547
gfx936,int8_w8a8_channel,torch.bfloat16,6,512,2048,256,8,0,0,asm,10013+20000,167.4367
gfx936,int8_w8a8_channel,torch.bfloat16,7,512,2048,256,8,0,0,asm,10013+20000,202.2999
gfx936,int8_w8a8_channel,torch.bfloat16,8,512,2048,256,8,0,0,asm,10013+20000,208.5902
gfx936,int8_w8a8_channel,torch.bfloat16,9,512,2048,256,8,0,0,asm,10013+20000,226.6451
gfx936,int8_w8a8_channel,torch.bfloat16,10,512,2048,256,8,0,0,asm,10013+20000,253.2217
gfx936,int8_w8a8_channel,torch.bfloat16,11,512,2048,256,8,0,0,asm,10013+20000,260.186
gfx936,int8_w8a8_channel,torch.bfloat16,12,512,2048,256,8,0,0,asm,10013+20000,270.1901
gfx936,int8_w8a8_channel,torch.bfloat16,13,512,2048,256,8,0,0,asm,10013+20000,296.2028
gfx936,int8_w8a8_channel,torch.bfloat16,14,512,2048,256,8,0,0,asm,10013+20000,309.7185
gfx936,int8_w8a8_channel,torch.bfloat16,15,512,2048,256,8,0,0,asm,10013+20000,318.2238
gfx936,int8_w8a8_channel,torch.bfloat16,16,512,2048,256,8,0,0,asm,10013+20000,340.7668
gfx936,int8_w8a8_channel,torch.bfloat16,17,512,2048,256,8,0,0,asm,10013+20000,335.9133
gfx936,int8_w8a8_channel,torch.bfloat16,18,512,2048,256,8,0,0,asm,10013+20000,342.3722
gfx936,int8_w8a8_channel,torch.bfloat16,20,512,2048,256,8,0,0,asm,10011+20000,377.9258
gfx936,int8_w8a8_channel,torch.bfloat16,24,512,2048,256,8,0,0,asm,10011+20000,422.1447
gfx936,int8_w8a8_channel,torch.bfloat16,28,512,2048,256,8,0,0,asm,10013+20000,491.0148
gfx936,int8_w8a8_channel,torch.bfloat16,32,512,2048,256,8,0,0,asm,10011+20000,519.6043
gfx936,int8_w8a8_channel,torch.bfloat16,34,512,2048,256,8,0,0,asm,10011+20000,508.8813
gfx936,int8_w8a8_channel,torch.bfloat16,36,512,2048,256,8,0,0,asm,10011+20000,523.6266
gfx936,int8_w8a8_channel,torch.bfloat16,40,512,2048,256,8,0,0,asm,10011+20000,552.1233
gfx936,int8_w8a8_channel,torch.bfloat16,44,512,2048,256,8,0,0,asm,10011+20000,567.8369
gfx936,int8_w8a8_channel,torch.bfloat16,48,512,2048,256,8,0,0,asm,10011+20000,582.3801
gfx936,int8_w8a8_channel,torch.bfloat16,56,512,2048,256,8,0,0,asm,10011+20000,605.1421
gfx936,int8_w8a8_channel,torch.bfloat16,64,512,2048,256,8,0,0,asm,10011+20000,631.66
gfx936,int8_w8a8_channel,torch.bfloat16,68,512,2048,256,8,0,0,asm,10011+20000,638.2958
gfx936,int8_w8a8_channel,torch.bfloat16,72,512,2048,256,8,0,0,asm,10011+20000,648.8725
gfx936,int8_w8a8_channel,torch.bfloat16,80,512,2048,256,8,0,0,asm,10011+20000,670.4557
gfx936,int8_w8a8_channel,torch.bfloat16,88,512,2048,256,8,0,0,asm,10011+20000,685.4114
gfx936,int8_w8a8_channel,torch.bfloat16,96,512,2048,256,8,0,0,asm,10011+20000,690.6072
gfx936,int8_w8a8_channel,torch.bfloat16,104,512,2048,256,8,0,0,asm,10011+20000,682.2114
gfx936,int8_w8a8_channel,torch.bfloat16,112,512,2048,256,8,0,0,asm,10011+20000,707.9545
gfx936,int8_w8a8_channel,torch.bfloat16,128,512,2048,256,8,0,0,asm,10011+20000,720.4093
gfx936,int8_w8a8_channel,torch.bfloat16,144,512,2048,256,8,0,0,asm,10011+20000,711.2387
gfx936,int8_w8a8_channel,torch.bfloat16,160,512,2048,256,8,0,0,asm,10011+20000,730.3039
gfx936,int8_w8a8_channel,torch.bfloat16,192,512,2048,256,8,0,0,asm,10011+20000,739.9207
gfx936,int8_w8a8_channel,torch.bfloat16,224,512,2048,256,8,0,0,asm,10012+20000,746.9103
gfx936,int8_w8a8_channel,torch.bfloat16,256,512,2048,256,8,0,0,asm,10011+20000,755.8366
gfx936,int8_w8a8_channel,torch.bfloat16,320,512,2048,256,8,0,0,asm,10011+20000,780.4092
gfx936,int8_w8a8_channel,torch.bfloat16,384,512,2048,256,8,0,0,asm,10011+20000,794.2703
gfx936,int8_w8a8_channel,torch.bfloat16,448,512,2048,256,8,0,0,asm,11005+21000,800.1734
gfx936,int8_w8a8_channel,torch.bfloat16,512,512,2048,256,8,0,0,asm,11005+21000,841.2765
gfx936,int8_w8a8_channel,torch.bfloat16,576,512,2048,256,8,0,0,asm,11007+21000,863.8701
gfx936,int8_w8a8_channel,torch.bfloat16,640,512,2048,256,8,0,0,asm,11005+21000,836.1818
gfx936,int8_w8a8_channel,torch.bfloat16,704,512,2048,256,8,0,0,asm,11005+21000,858.7079
gfx936,int8_w8a8_channel,torch.bfloat16,768,512,2048,256,8,0,0,asm,11005+21000,897.6973
gfx936,int8_w8a8_channel,torch.bfloat16,832,512,2048,256,8,0,0,asm,11005+21000,929.8656
gfx936,int8_w8a8_channel,torch.bfloat16,896,512,2048,256,8,0,0,asm,12001+22000,944.9813
gfx936,int8_w8a8_channel,torch.bfloat16,960,512,2048,256,8,0,0,asm,12001+22000,955.5665
gfx936,int8_w8a8_channel,torch.bfloat16,1024,512,2048,256,8,0,0,asm,12001+22000,965.9664
gfx936,int8_w8a8_channel,torch.bfloat16,1152,512,2048,256,8,0,0,asm,12005+22000,1028.9894
gfx936,int8_w8a8_channel,torch.bfloat16,1280,512,2048,256,8,0,0,asm,12001+22000,999.2968
gfx936,int8_w8a8_channel,torch.bfloat16,1408,512,2048,256,8,0,0,asm,12001+22001,1032.0463
gfx936,int8_w8a8_channel,torch.bfloat16,1536,512,2048,256,8,0,0,asm,12001+22000,1052.8631
gfx936,int8_w8a8_channel,torch.bfloat16,1664,512,2048,256,8,0,0,asm,12001+22001,1086.3956
gfx936,int8_w8a8_channel,torch.bfloat16,1792,512,2048,256,8,0,0,asm,12001+22001,1132.8207
gfx936,int8_w8a8_channel,torch.bfloat16,1920,512,2048,256,8,0,0,asm,12001+22001,1190.7238
gfx936,int8_w8a8_channel,torch.bfloat16,2048,512,2048,256,8,0,0,asm,12005+22001,1308.5508
gfx936,int8_w8a8_channel,torch.bfloat16,2304,512,2048,256,8,0,0,asm,13001+23001,1372.2055
gfx936,int8_w8a8_channel,torch.bfloat16,2560,512,2048,256,8,0,0,asm,13001+23001,1401.258
gfx936,int8_w8a8_channel,torch.bfloat16,2816,512,2048,256,8,0,0,asm,13001+23001,1442.5548
gfx936,int8_w8a8_channel,torch.bfloat16,3072,512,2048,256,8,0,0,asm,13001+23001,1476.5842
gfx936,int8_w8a8_channel,torch.bfloat16,3328,512,2048,256,8,0,0,asm,13001+23001,1541.9145
gfx936,int8_w8a8_channel,torch.bfloat16,3584,512,2048,256,8,0,0,asm,13001+23001,1587.8681
gfx936,int8_w8a8_channel,torch.bfloat16,3840,512,2048,256,8,0,0,asm,13001+23001,1753.4172
gfx936,int8_w8a8_channel,torch.bfloat16,4096,512,2048,256,8,0,0,asm,13001+23001,2012.5745
gfx936,int8_w8a8_channel,torch.bfloat16,4608,512,2048,256,8,0,0,asm,12001+22001,2424.8344
gfx936,int8_w8a8_channel,torch.bfloat16,5120,512,2048,256,8,0,0,asm,12001+22001,2563.3436
gfx936,int8_w8a8_channel,torch.bfloat16,5632,512,2048,256,8,0,0,asm,12001+22001,2694.5769
gfx936,int8_w8a8_channel,torch.bfloat16,6144,512,2048,256,8,0,0,asm,13001+23001,2759.1072
gfx936,int8_w8a8_channel,torch.bfloat16,6656,512,2048,256,8,0,0,asm,13001+23001,2816.3026
gfx936,int8_w8a8_channel,torch.bfloat16,7168,512,2048,256,8,0,0,asm,13001+23001,2898.4665
gfx936,int8_w8a8_channel,torch.bfloat16,7680,512,2048,256,8,0,0,asm,13001+23001,3065.6827
gfx936,int8_w8a8_channel,torch.bfloat16,8192,512,2048,256,8,0,0,asm,13001+23001,3465.1172
gfx936,int8_w8a8_channel,torch.bfloat16,10240,512,2048,256,8,0,0,asm,13001+23001,4148.9045
gfx936,int8_w8a8_channel,torch.bfloat16,12288,512,2048,256,8,0,0,asm,13001+23001,4845.3656
gfx936,int8_w8a8_channel,torch.bfloat16,14336,512,2048,256,8,0,0,asm,13001+23001,5592.5893
gfx936,int8_w8a8_channel,torch.bfloat16,16384,512,2048,256,8,0,0,asm,13001+23001,6308.3012
gfx936,int8_w8a8_channel,torch.bfloat16,17408,512,2048,256,8,0,0,asm,13001+23001,6826.1859
gfx936,int8_w8a8_channel,torch.bfloat16,24576,512,2048,256,8,0,0,asm,13001+23001,9185.3035
gfx936,int8_w8a8_channel,torch.bfloat16,32768,512,2048,256,8,0,0,asm,13001+23001,12019.847
gfx936,int8_w8a8_channel,torch.bfloat16,40960,512,2048,256,8,0,0,asm,13001+23001,14983.3494
gfx936,int8_w8a8_channel,torch.bfloat16,49152,512,2048,256,8,0,0,asm,13001+23001,17938.1767
gfx936,int8_w8a8_channel,torch.bfloat16,57344,512,2048,256,8,0,0,asm,13001+23001,20809.5385
gfx936,int8_w8a8_channel,torch.bfloat16,65536,512,2048,256,8,0,0,asm,13001+23001,23354.4759
gfx936,int8_w8a8_channel,torch.bfloat16,65536,512,2048,256,8,0,0,asm,13001+23001,23370.3628
gfx938,int8_w8a8_channel,torch.bfloat16,1,512,4096,256,6,0,0,asm,10008+20000,78.0137
gfx938,int8_w8a8_channel,torch.bfloat16,2,512,4096,256,6,0,0,asm,10011+20000,104.7423
gfx938,int8_w8a8_channel,torch.bfloat16,3,512,4096,256,6,0,0,asm,10002+20000,148.4811
gfx938,int8_w8a8_channel,torch.bfloat16,4,512,4096,256,6,0,0,asm,10008+20000,174.1736
gfx938,int8_w8a8_channel,torch.bfloat16,5,512,4096,256,6,0,0,asm,10011+20000,193.5926
gfx938,int8_w8a8_channel,torch.bfloat16,6,512,4096,256,6,0,0,asm,10002+20000,246.7968
gfx938,int8_w8a8_channel,torch.bfloat16,7,512,4096,256,6,0,0,asm,10011+20000,268.0261
gfx938,int8_w8a8_channel,torch.bfloat16,8,512,4096,256,6,0,0,asm,10011+20000,281.0701
gfx938,int8_w8a8_channel,torch.bfloat16,9,512,4096,256,6,0,0,asm,10002+20000,336.7837
gfx938,int8_w8a8_channel,torch.bfloat16,10,512,4096,256,6,0,0,asm,10011+20000,349.3478
gfx938,int8_w8a8_channel,torch.bfloat16,11,512,4096,256,6,0,0,asm,10011+20000,362.3499
gfx938,int8_w8a8_channel,torch.bfloat16,12,512,4096,256,6,0,0,asm,10011+20000,368.5898
gfx938,int8_w8a8_channel,torch.bfloat16,13,512,4096,256,6,0,0,asm,10011+20000,384.8931
gfx938,int8_w8a8_channel,torch.bfloat16,14,512,4096,256,6,0,0,asm,10011+20000,435.6717
gfx938,int8_w8a8_channel,torch.bfloat16,15,512,4096,256,6,0,0,asm,10011+20000,443.6802
gfx938,int8_w8a8_channel,torch.bfloat16,16,512,4096,256,6,0,0,asm,10011+20000,449.9033
gfx938,int8_w8a8_channel,torch.bfloat16,17,512,4096,256,6,0,0,asm,10011+20000,456.8477
gfx938,int8_w8a8_channel,torch.bfloat16,18,512,4096,256,6,0,0,asm,10011+20000,500.16550000000007
gfx938,int8_w8a8_channel,torch.bfloat16,20,512,4096,256,6,0,0,asm,10011+20000,524.7801
gfx938,int8_w8a8_channel,torch.bfloat16,24,512,4096,256,6,0,0,asm,10011+20000,603.8881
gfx938,int8_w8a8_channel,torch.bfloat16,28,512,4096,256,6,0,0,asm,10011+20000,697.4143
gfx938,int8_w8a8_channel,torch.bfloat16,32,512,4096,256,6,0,0,asm,10011+20000,773.7342
gfx938,int8_w8a8_channel,torch.bfloat16,34,512,4096,256,6,0,0,asm,10011+20000,775.1206
gfx938,int8_w8a8_channel,torch.bfloat16,36,512,4096,256,6,0,0,asm,10011+20000,823.769
gfx938,int8_w8a8_channel,torch.bfloat16,40,512,4096,256,6,0,0,asm,10011+20000,865.4699
gfx938,int8_w8a8_channel,torch.bfloat16,44,512,4096,256,6,0,0,asm,10011+20000,937.0485
gfx938,int8_w8a8_channel,torch.bfloat16,48,512,4096,256,6,0,0,asm,10011+20000,988.0631
gfx938,int8_w8a8_channel,torch.bfloat16,56,512,4096,256,6,0,0,asm,10011+20000,1047.9872
gfx938,int8_w8a8_channel,torch.bfloat16,64,512,4096,256,6,0,0,asm,10011+20000,1105.1827
gfx938,int8_w8a8_channel,torch.bfloat16,68,512,4096,256,6,0,0,asm,10011+20000,1135.1615
gfx938,int8_w8a8_channel,torch.bfloat16,72,512,4096,256,6,0,0,asm,10011+20000,1172.1466
gfx938,int8_w8a8_channel,torch.bfloat16,80,512,4096,256,6,0,0,asm,10011+20000,1195.0182
gfx938,int8_w8a8_channel,torch.bfloat16,88,512,4096,256,6,0,0,asm,10011+20000,1236.5169
gfx938,int8_w8a8_channel,torch.bfloat16,96,512,4096,256,6,0,0,asm,10011+20000,1262.0663
gfx938,int8_w8a8_channel,torch.bfloat16,104,512,4096,256,6,0,0,asm,10011+20000,1281.8557
gfx938,int8_w8a8_channel,torch.bfloat16,112,512,4096,256,6,0,0,asm,10011+20000,1292.9798
gfx938,int8_w8a8_channel,torch.bfloat16,128,512,4096,256,6,0,0,asm,10011+20000,1330.4197
gfx938,int8_w8a8_channel,torch.bfloat16,144,512,4096,256,6,0,0,asm,10011+20000,1346.0662
gfx938,int8_w8a8_channel,torch.bfloat16,160,512,4096,256,6,0,0,asm,10011+20000,1386.0409
gfx938,int8_w8a8_channel,torch.bfloat16,192,512,4096,256,6,0,0,asm,10011+20000,1398.8493
gfx938,int8_w8a8_channel,torch.bfloat16,224,512,4096,256,6,0,0,asm,10011+20000,1416.8366
gfx938,int8_w8a8_channel,torch.bfloat16,256,512,4096,256,6,0,0,asm,10011+20000,1422.0661
gfx938,int8_w8a8_channel,torch.bfloat16,320,512,4096,256,6,0,0,asm,10011+20000,1439.3039
gfx938,int8_w8a8_channel,torch.bfloat16,384,512,4096,256,6,0,0,asm,11005+21000,1519.3457
gfx938,int8_w8a8_channel,torch.bfloat16,448,512,4096,256,6,0,0,asm,10011+20000,1480.4069
gfx938,int8_w8a8_channel,torch.bfloat16,512,512,4096,256,6,0,0,asm,11005+21000,1508.4069
gfx938,int8_w8a8_channel,torch.bfloat16,576,512,4096,256,6,0,0,asm,11005+21000,1582.9583
gfx938,int8_w8a8_channel,torch.bfloat16,640,512,4096,256,6,0,0,asm,11005+21000,1542.1839
gfx938,int8_w8a8_channel,torch.bfloat16,704,512,4096,256,6,0,0,asm,11005+21000,1553.5608
gfx938,int8_w8a8_channel,torch.bfloat16,768,512,4096,256,6,0,0,asm,11005+21000,1569.9736
gfx938,int8_w8a8_channel,torch.bfloat16,832,512,4096,256,6,0,0,asm,11005+21000,1596.6598
gfx938,int8_w8a8_channel,torch.bfloat16,896,512,4096,256,6,0,0,asm,11005+21000,1617.6449
gfx938,int8_w8a8_channel,torch.bfloat16,960,512,4096,256,6,0,0,asm,11005+21000,1632.1626
gfx938,int8_w8a8_channel,torch.bfloat16,1024,512,4096,256,6,0,0,asm,11005+21000,1645.7204
gfx938,int8_w8a8_channel,torch.bfloat16,1152,512,4096,256,6,0,0,asm,12001+22001,1750.0232
gfx938,int8_w8a8_channel,torch.bfloat16,1280,512,4096,256,6,0,0,asm,12001+22000,1721.5347
gfx938,int8_w8a8_channel,torch.bfloat16,1408,512,4096,256,6,0,0,asm,12001+22000,1741.7703
gfx938,int8_w8a8_channel,torch.bfloat16,1536,512,4096,256,6,0,0,asm,12001+22001,1789.3573
gfx938,int8_w8a8_channel,torch.bfloat16,1664,512,4096,256,6,0,0,asm,12001+22000,1804.4477
gfx938,int8_w8a8_channel,torch.bfloat16,1792,512,4096,256,6,0,0,asm,12001+22000,1817.0034
gfx938,int8_w8a8_channel,torch.bfloat16,1920,512,4096,256,6,0,0,asm,12001+22000,1861.1633
gfx938,int8_w8a8_channel,torch.bfloat16,2048,512,4096,256,6,0,0,asm,12001+22000,1889.8789
gfx938,int8_w8a8_channel,torch.bfloat16,2304,512,4096,256,6,0,0,asm,12001+22000,1970.5355
gfx938,int8_w8a8_channel,torch.bfloat16,2560,512,4096,256,6,0,0,asm,12001+22001,2170.8128
gfx938,int8_w8a8_channel,torch.bfloat16,2816,512,4096,256,6,0,0,asm,13001+23001,2504.1004
gfx938,int8_w8a8_channel,torch.bfloat16,3072,512,4096,256,6,0,0,asm,13001+23001,2511.8814
gfx938,int8_w8a8_channel,torch.bfloat16,3328,512,4096,256,6,0,0,asm,13001+23001,2566.197
gfx938,int8_w8a8_channel,torch.bfloat16,3584,512,4096,256,6,0,0,asm,13001+23001,2613.4642
gfx938,int8_w8a8_channel,torch.bfloat16,3840,512,4096,256,6,0,0,asm,13001+23001,2658.1883
gfx938,int8_w8a8_channel,torch.bfloat16,4096,512,4096,256,6,0,0,asm,13001+23001,2694.4411
gfx938,int8_w8a8_channel,torch.bfloat16,4608,512,4096,256,6,0,0,asm,13001+23001,2836.3946
gfx938,int8_w8a8_channel,torch.bfloat16,5120,512,4096,256,6,0,0,asm,13001+22001,3390.4479
gfx938,int8_w8a8_channel,torch.bfloat16,5632,512,4096,256,6,0,0,asm,13001+23001,4003.1115
gfx938,int8_w8a8_channel,torch.bfloat16,6144,512,4096,256,6,0,0,asm,12001+22001,4569.3499
gfx938,int8_w8a8_channel,torch.bfloat16,6656,512,4096,256,6,0,0,asm,12001+22001,4721.6274
gfx938,int8_w8a8_channel,torch.bfloat16,7168,512,4096,256,6,0,0,asm,12001+22001,4877.1131
gfx938,int8_w8a8_channel,torch.bfloat16,7680,512,4096,256,6,0,0,asm,12001+22001,5094.0808
gfx938,int8_w8a8_channel,torch.bfloat16,8192,512,4096,256,6,0,0,asm,13001+23001,5156.8006
gfx938,int8_w8a8_channel,torch.bfloat16,10240,512,4096,256,6,0,0,asm,13001+23001,5702.4324
gfx938,int8_w8a8_channel,torch.bfloat16,12288,512,4096,256,6,0,0,asm,13001+23001,7434.4938
gfx938,int8_w8a8_channel,torch.bfloat16,14336,512,4096,256,6,0,0,asm,13001+23001,7808.6131
gfx938,int8_w8a8_channel,torch.bfloat16,16384,512,4096,256,6,0,0,asm,13001+23001,8942.8737
gfx938,int8_w8a8_channel,torch.bfloat16,17408,512,4096,256,6,0,0,asm,13001+23001,9827.4874
gfx938,int8_w8a8_channel,torch.bfloat16,24576,512,4096,256,6,0,0,asm,13001+23001,12834.5617
gfx938,int8_w8a8_channel,torch.bfloat16,32768,512,4096,256,6,0,0,asm,13001+23001,16783.0803
gfx938,int8_w8a8_channel,torch.bfloat16,40960,512,4096,256,6,0,0,asm,13001+23001,20690.7507
gfx938,int8_w8a8_channel,torch.bfloat16,49152,512,4096,256,6,0,0,asm,13001+23001,24586.4703
gfx938,int8_w8a8_channel,torch.bfloat16,57344,512,4096,256,6,0,0,asm,13001+23001,28541.35
gfx938,int8_w8a8_channel,torch.bfloat16,65536,512,4096,256,6,0,0,asm,13001+23001,32417.998199999998
gfx938,int8_w8a8_channel,torch.bfloat16,1,256,4096,256,6,0,0,asm,10002+20001,59.4876
gfx938,int8_w8a8_channel,torch.bfloat16,2,256,4096,256,6,0,0,asm,10008+20000,79.9253
gfx938,int8_w8a8_channel,torch.bfloat16,3,256,4096,256,6,0,0,asm,10011+20000,102.9991
gfx938,int8_w8a8_channel,torch.bfloat16,4,256,4096,256,6,0,0,asm,10011+20000,109.1716
gfx938,int8_w8a8_channel,torch.bfloat16,5,256,4096,256,6,0,0,asm,10011+20001,121.6347
gfx938,int8_w8a8_channel,torch.bfloat16,6,256,4096,256,6,0,0,asm,10002+20001,154.6619
gfx938,int8_w8a8_channel,torch.bfloat16,7,256,4096,256,6,0,0,asm,10008+20000,164.1441
gfx938,int8_w8a8_channel,torch.bfloat16,8,256,4096,256,6,0,0,asm,10008+20001,171.8326
gfx938,int8_w8a8_channel,torch.bfloat16,9,256,4096,256,6,0,0,asm,10011+20001,189.1714
gfx938,int8_w8a8_channel,torch.bfloat16,10,256,4096,256,6,0,0,asm,10011+20000,194.6872
gfx938,int8_w8a8_channel,torch.bfloat16,11,256,4096,256,6,0,0,asm,10011+20001,200.6829
gfx938,int8_w8a8_channel,torch.bfloat16,12,256,4096,256,6,0,0,asm,10011+20001,208.1187
gfx938,int8_w8a8_channel,torch.bfloat16,13,256,4096,256,6,0,0,asm,10011+20000,215.2429
gfx938,int8_w8a8_channel,torch.bfloat16,14,256,4096,256,6,0,0,asm,10002+20000,256.8849
gfx938,int8_w8a8_channel,torch.bfloat16,15,256,4096,256,6,0,0,asm,10008+20000,262.7795
gfx938,int8_w8a8_channel,torch.bfloat16,16,256,4096,256,6,0,0,asm,10008+20000,264.8932
gfx938,int8_w8a8_channel,torch.bfloat16,17,256,4096,256,6,0,0,asm,10011+20000,259.7367
gfx938,int8_w8a8_channel,torch.bfloat16,18,256,4096,256,6,0,0,asm,10011+20000,260.9324
gfx938,int8_w8a8_channel,torch.bfloat16,20,256,4096,256,6,0,0,asm,10011+20000,276.4524
gfx938,int8_w8a8_channel,torch.bfloat16,24,256,4096,256,6,0,0,asm,10011+20000,338.6502
gfx938,int8_w8a8_channel,torch.bfloat16,28,256,4096,256,6,0,0,asm,10011+20000,374.6445
gfx938,int8_w8a8_channel,torch.bfloat16,32,256,4096,256,6,0,0,asm,10011+20000,434.6781
gfx938,int8_w8a8_channel,torch.bfloat16,34,256,4096,256,6,0,0,asm,10011+20000,419.3826
gfx938,int8_w8a8_channel,torch.bfloat16,36,256,4096,256,6,0,0,asm,10011+20000,429.2436
gfx938,int8_w8a8_channel,torch.bfloat16,40,256,4096,256,6,0,0,asm,10011+20000,451.4667
gfx938,int8_w8a8_channel,torch.bfloat16,44,256,4096,256,6,0,0,asm,10011+20000,508.71270000000004
gfx938,int8_w8a8_channel,torch.bfloat16,48,256,4096,256,6,0,0,asm,10011+20000,514.7422
gfx938,int8_w8a8_channel,torch.bfloat16,56,256,4096,256,6,0,0,asm,10011+20000,538.018
gfx938,int8_w8a8_channel,torch.bfloat16,64,256,4096,256,6,0,0,asm,10011+20000,586.3377
gfx938,int8_w8a8_channel,torch.bfloat16,68,256,4096,256,6,0,0,asm,10011+20000,592.6621
gfx938,int8_w8a8_channel,torch.bfloat16,72,256,4096,256,6,0,0,asm,10011+20000,598.0852
gfx938,int8_w8a8_channel,torch.bfloat16,80,256,4096,256,6,0,0,asm,10011+20000,606.6492
gfx938,int8_w8a8_channel,torch.bfloat16,88,256,4096,256,6,0,0,asm,10011+20000,653.2175
gfx938,int8_w8a8_channel,torch.bfloat16,96,256,4096,256,6,0,0,asm,10011+20000,659.6933
gfx938,int8_w8a8_channel,torch.bfloat16,104,256,4096,256,6,0,0,asm,10011+20000,666.8344
gfx938,int8_w8a8_channel,torch.bfloat16,112,256,4096,256,6,0,0,asm,10011+20000,670.4216
gfx938,int8_w8a8_channel,torch.bfloat16,128,256,4096,256,6,0,0,asm,10011+20000,679.7943
gfx938,int8_w8a8_channel,torch.bfloat16,144,256,4096,256,6,0,0,asm,10011+20000,686.0091
gfx938,int8_w8a8_channel,torch.bfloat16,160,256,4096,256,6,0,0,asm,10011+20001,731.4153
gfx938,int8_w8a8_channel,torch.bfloat16,192,256,4096,256,6,0,0,asm,10011+20000,713.9669
gfx938,int8_w8a8_channel,torch.bfloat16,224,256,4096,256,6,0,0,asm,10011+20000,721.7312
gfx938,int8_w8a8_channel,torch.bfloat16,256,256,4096,256,6,0,0,asm,10011+20000,729.8406
gfx938,int8_w8a8_channel,torch.bfloat16,320,256,4096,256,6,0,0,asm,10011+20000,749.0827
gfx938,int8_w8a8_channel,torch.bfloat16,384,256,4096,256,6,0,0,asm,10011+20000,765.891
gfx938,int8_w8a8_channel,torch.bfloat16,448,256,4096,256,6,0,0,asm,11005+21001,786.75
gfx938,int8_w8a8_channel,torch.bfloat16,512,256,4096,256,6,0,0,asm,10011+20001,804.5941
gfx938,int8_w8a8_channel,torch.bfloat16,576,256,4096,256,6,0,0,asm,11005+21001,882.0003
gfx938,int8_w8a8_channel,torch.bfloat16,640,256,4096,256,6,0,0,asm,11005+21001,832.0973
gfx938,int8_w8a8_channel,torch.bfloat16,704,256,4096,256,6,0,0,asm,11005+21001,843.4405
gfx938,int8_w8a8_channel,torch.bfloat16,768,256,4096,256,6,0,0,asm,11003+21001,908.7708
gfx938,int8_w8a8_channel,torch.bfloat16,832,256,4096,256,6,0,0,asm,11005+21001,868.4593
gfx938,int8_w8a8_channel,torch.bfloat16,896,256,4096,256,6,0,0,asm,11005+21001,914.3624
gfx938,int8_w8a8_channel,torch.bfloat16,960,256,4096,256,6,0,0,asm,11005+21001,924.1559
gfx938,int8_w8a8_channel,torch.bfloat16,1024,256,4096,256,6,0,0,asm,11005+21001,928.5264
gfx938,int8_w8a8_channel,torch.bfloat16,1152,256,4096,256,6,0,0,asm,11005+21000,1027.9198
gfx938,int8_w8a8_channel,torch.bfloat16,1280,256,4096,256,6,0,0,asm,12001+22001,1040.2229
gfx938,int8_w8a8_channel,torch.bfloat16,1408,256,4096,256,6,0,0,asm,12003+22001,1065.9996
gfx938,int8_w8a8_channel,torch.bfloat16,1536,256,4096,256,6,0,0,asm,12001+22001,1136.1046
gfx938,int8_w8a8_channel,torch.bfloat16,1664,256,4096,256,6,0,0,asm,12005+22001,1125.452
gfx938,int8_w8a8_channel,torch.bfloat16,1792,256,4096,256,6,0,0,asm,12001+22001,1115.6584
gfx938,int8_w8a8_channel,torch.bfloat16,1920,256,4096,256,6,0,0,asm,12001+22001,1177.1741
gfx938,int8_w8a8_channel,torch.bfloat16,2048,256,4096,256,6,0,0,asm,12005+22001,1201.3592
gfx938,int8_w8a8_channel,torch.bfloat16,2304,256,4096,256,6,0,0,asm,12001+22001,1261.3253
gfx938,int8_w8a8_channel,torch.bfloat16,2560,256,4096,256,6,0,0,asm,12001+22001,1404.8618
gfx938,int8_w8a8_channel,torch.bfloat16,2816,256,4096,256,6,0,0,asm,12001+22001,1625.1307
gfx938,int8_w8a8_channel,torch.bfloat16,3072,256,4096,256,6,0,0,asm,13001+23001,1689.2738
gfx938,int8_w8a8_channel,torch.bfloat16,3328,256,4096,256,6,0,0,asm,13001+23001,1716.6084
gfx938,int8_w8a8_channel,torch.bfloat16,3584,256,4096,256,6,0,0,asm,13001+23001,1742.6125
gfx938,int8_w8a8_channel,torch.bfloat16,3840,256,4096,256,6,0,0,asm,13001+23001,1771.8165
gfx938,int8_w8a8_channel,torch.bfloat16,4096,256,4096,256,6,0,0,asm,13001+23001,1793.0459
gfx938,int8_w8a8_channel,torch.bfloat16,4608,256,4096,256,6,0,0,asm,13001+23001,1943.1845
gfx938,int8_w8a8_channel,torch.bfloat16,5120,256,4096,256,6,0,0,asm,13001+23001,2196.4471
gfx938,int8_w8a8_channel,torch.bfloat16,5632,256,4096,256,6,0,0,asm,13001+23001,2693.1279
gfx938,int8_w8a8_channel,torch.bfloat16,6144,256,4096,256,6,0,0,asm,12001+22001,3018.0198
gfx938,int8_w8a8_channel,torch.bfloat16,6656,256,4096,256,6,0,0,asm,12001+22001,3114.0279
gfx938,int8_w8a8_channel,torch.bfloat16,7168,256,4096,256,6,0,0,asm,12001+22001,3249.5137
gfx938,int8_w8a8_channel,torch.bfloat16,7680,256,4096,256,6,0,0,asm,12001+22001,3395.9636
gfx938,int8_w8a8_channel,torch.bfloat16,8192,256,4096,256,6,0,0,asm,13001+23001,3485.6473
gfx938,int8_w8a8_channel,torch.bfloat16,10240,256,4096,256,6,0,0,asm,13001+23001,3930.8417
gfx938,int8_w8a8_channel,torch.bfloat16,12288,256,4096,256,6,0,0,asm,13001+23001,5137.4904
gfx938,int8_w8a8_channel,torch.bfloat16,14336,256,4096,256,6,0,0,asm,13001+23001,5479.5268
gfx938,int8_w8a8_channel,torch.bfloat16,16384,256,4096,256,6,0,0,asm,13001+23001,6239.061
gfx938,int8_w8a8_channel,torch.bfloat16,17408,256,4096,256,6,0,0,asm,13001+23001,6896.6919
gfx938,int8_w8a8_channel,torch.bfloat16,24576,256,4096,256,6,0,0,asm,13001+23001,8995.4132
gfx938,int8_w8a8_channel,torch.bfloat16,32768,256,4096,256,6,0,0,asm,13001+23001,11788.1793
gfx938,int8_w8a8_channel,torch.bfloat16,40960,256,4096,256,6,0,0,asm,13001+23000,14816.1534
gfx938,int8_w8a8_channel,torch.bfloat16,49152,256,4096,256,6,0,0,asm,13001+23001,17277.1915
gfx938,int8_w8a8_channel,torch.bfloat16,57344,256,4096,256,6,0,0,asm,13001+23001,20062.2133
gfx938,int8_w8a8_channel,torch.bfloat16,65536,256,4096,256,6,0,0,asm,13001+23001,22777.5632
gfx938,int8_w8a8_channel,torch.bfloat16,65536,256,4096,256,6,0,0,asm,13001+23001,22900.0209
gfx938,f8_w8a8_channel,torch.bfloat16,1,192,7168,384,6,0,0,asm,10002+20000,59.9679
gfx938,f8_w8a8_channel,torch.bfloat16,2,192,7168,384,6,0,0,asm,10008+20000,83.0415
gfx938,f8_w8a8_channel,torch.bfloat16,3,192,7168,384,6,0,0,asm,10008+20001,96.6416
gfx938,f8_w8a8_channel,torch.bfloat16,4,192,7168,384,6,0,0,asm,10011+20001,119.6731
gfx938,f8_w8a8_channel,torch.bfloat16,5,192,7168,384,6,0,0,asm,10002+20001,128.7258
gfx938,f8_w8a8_channel,torch.bfloat16,6,192,7168,384,6,0,0,asm,10009+20001,143.6648
gfx938,f8_w8a8_channel,torch.bfloat16,7,192,7168,384,6,0,0,asm,10008+20001,151.3447
gfx938,f8_w8a8_channel,torch.bfloat16,8,192,7168,384,6,0,0,asm,10006+20001,182.4944
gfx938,f8_w8a8_channel,torch.bfloat16,9,192,7168,384,6,0,0,asm,10002+20001,187.6903
gfx938,f8_w8a8_channel,torch.bfloat16,10,192,7168,384,6,0,0,asm,11004+21001,218.5115
gfx938,f8_w8a8_channel,torch.bfloat16,11,192,7168,384,6,0,0,asm,10008+20001,218.8061
gfx938,f8_w8a8_channel,torch.bfloat16,12,192,7168,384,6,0,0,asm,10008+20001,232.2544
gfx938,f8_w8a8_channel,torch.bfloat16,13,192,7168,384,6,0,0,asm,10002+20001,250.15769999999998
gfx938,f8_w8a8_channel,torch.bfloat16,14,192,7168,384,6,0,0,asm,10002+20001,263.4123
gfx938,f8_w8a8_channel,torch.bfloat16,15,192,7168,384,6,0,0,asm,10008+20001,279.4629
gfx938,f8_w8a8_channel,torch.bfloat16,16,192,7168,384,6,0,0,asm,10008+20001,291.8421
gfx938,f8_w8a8_channel,torch.bfloat16,17,192,7168,384,6,0,0,asm,10002+20001,301.2116
gfx938,f8_w8a8_channel,torch.bfloat16,18,192,7168,384,6,0,0,asm,10002+20001,319.4179
gfx938,f8_w8a8_channel,torch.bfloat16,20,192,7168,384,6,0,0,asm,10008+20001,340.1753
gfx938,f8_w8a8_channel,torch.bfloat16,24,192,7168,384,6,0,0,asm,10008+20001,398.9464
gfx938,f8_w8a8_channel,torch.bfloat16,28,192,7168,384,6,0,0,asm,10002+20001,442.3483
gfx938,f8_w8a8_channel,torch.bfloat16,32,192,7168,384,6,0,0,asm,10002+20001,479.4772
gfx938,f8_w8a8_channel,torch.bfloat16,34,192,7168,384,6,0,0,asm,10002+20001,505.8181000000001
gfx938,f8_w8a8_channel,torch.bfloat16,36,192,7168,384,6,0,0,asm,10002+20001,526.4331
gfx938,f8_w8a8_channel,torch.bfloat16,40,192,7168,384,6,0,0,asm,10002+20001,556.1931
gfx938,f8_w8a8_channel,torch.bfloat16,44,192,7168,384,6,0,0,asm,10002+20001,590.1805
gfx938,f8_w8a8_channel,torch.bfloat16,48,192,7168,384,6,0,0,asm,10002+20001,617.0606
gfx938,f8_w8a8_channel,torch.bfloat16,56,192,7168,384,6,0,0,asm,10002+20001,671.2333
gfx938,f8_w8a8_channel,torch.bfloat16,64,192,7168,384,6,0,0,asm,10002+20001,713.3471
gfx938,f8_w8a8_channel,torch.bfloat16,68,192,7168,384,6,0,0,asm,10002+20001,734.1049
gfx938,f8_w8a8_channel,torch.bfloat16,72,192,7168,384,6,0,0,asm,10002+20001,742.3492
gfx938,f8_w8a8_channel,torch.bfloat16,80,192,7168,384,6,0,0,asm,10002+20001,796.8672
gfx938,f8_w8a8_channel,torch.bfloat16,88,192,7168,384,6,0,0,asm,10002+20001,820.8083
gfx938,f8_w8a8_channel,torch.bfloat16,96,192,7168,384,6,0,0,asm,10002+20001,842.0041
gfx938,f8_w8a8_channel,torch.bfloat16,104,192,7168,384,6,0,0,asm,10002+20001,862.2988
gfx938,f8_w8a8_channel,torch.bfloat16,112,192,7168,384,6,0,0,asm,10002+20001,898.5937
gfx938,f8_w8a8_channel,torch.bfloat16,7168,192,7168,384,6,0,0,asm,13001+23001,3929.7911
gfx938,f8_w8a8_channel,torch.bfloat16,144,192,7168,384,6,0,0,asm,10002+20001,972.3033
gfx938,f8_w8a8_channel,torch.bfloat16,160,192,7168,384,6,0,0,asm,10002+20001,997.5245
gfx938,f8_w8a8_channel,torch.bfloat16,192,192,7168,384,6,0,0,asm,10002+20001,1033.1877
gfx938,f8_w8a8_channel,torch.bfloat16,224,192,7168,384,6,0,0,asm,10002+20001,1070.6194
gfx938,f8_w8a8_channel,torch.bfloat16,256,192,7168,384,6,0,0,asm,10002+20001,1085.9289
gfx938,f8_w8a8_channel,torch.bfloat16,320,192,7168,384,6,0,0,asm,10002+20001,1114.5101
gfx938,f8_w8a8_channel,torch.bfloat16,384,192,7168,384,6,0,0,asm,10002+20001,1145.5165
gfx938,f8_w8a8_channel,torch.bfloat16,448,192,7168,384,6,0,0,asm,10008+20001,1161.7692
gfx938,f8_w8a8_channel,torch.bfloat16,512,192,7168,384,6,0,0,asm,10008+20001,1186.0303
gfx938,f8_w8a8_channel,torch.bfloat16,576,192,7168,384,6,0,0,asm,10009+20001,1206.123
gfx938,f8_w8a8_channel,torch.bfloat16,640,192,7168,384,6,0,0,asm,10009+20001,1234.5441
gfx938,f8_w8a8_channel,torch.bfloat16,704,192,7168,384,6,0,0,asm,10008+20001,1257.5336
gfx938,f8_w8a8_channel,torch.bfloat16,768,192,7168,384,6,0,0,asm,11004+21001,1281.761
gfx938,f8_w8a8_channel,torch.bfloat16,832,192,7168,384,6,0,0,asm,11004+21001,1295.6389
gfx938,f8_w8a8_channel,torch.bfloat16,896,192,7168,384,6,0,0,asm,11004+21001,1314.0136
gfx938,f8_w8a8_channel,torch.bfloat16,960,192,7168,384,6,0,0,asm,11004+21001,1327.9757
gfx938,f8_w8a8_channel,torch.bfloat16,1024,192,7168,384,6,0,0,asm,11004+21001,1344.0347
gfx938,f8_w8a8_channel,torch.bfloat16,1152,192,7168,384,6,0,0,asm,11004+21001,1375.041
gfx938,f8_w8a8_channel,torch.bfloat16,71680,192,7168,384,6,0,0,asm,13001+23001,36965.7237
gfx938,f8_w8a8_channel,torch.bfloat16,1408,192,7168,384,6,0,0,asm,11004+21001,1456.1273
gfx938,f8_w8a8_channel,torch.bfloat16,1536,192,7168,384,6,0,0,asm,11002+21001,1506.1233
gfx938,f8_w8a8_channel,torch.bfloat16,1664,192,7168,384,6,0,0,asm,11004+21001,1551.3445
gfx938,f8_w8a8_channel,torch.bfloat16,1792,192,7168,384,6,0,0,asm,11004+21001,1660.5574
gfx938,f8_w8a8_channel,torch.bfloat16,1920,192,7168,384,6,0,0,asm,11004+21001,1774.9324
gfx938,f8_w8a8_channel,torch.bfloat16,2048,192,7168,384,6,0,0,asm,11004+21001,1904.2884
gfx938,f8_w8a8_channel,torch.bfloat16,2304,192,7168,384,6,0,0,asm,12000+22001,1964.1707
gfx938,f8_w8a8_channel,torch.bfloat16,3840,192,7168,384,6,0,0,asm,12000+22001,2600.7278
gfx938,f8_w8a8_channel,torch.bfloat16,2816,192,7168,384,6,0,0,asm,12000+22001,2076.8953
gfx938,f8_w8a8_channel,torch.bfloat16,3072,192,7168,384,6,0,0,asm,12002+22001,2146.0912
gfx938,f8_w8a8_channel,torch.bfloat16,3328,192,7168,384,6,0,0,asm,12000+22001,2231.0429
gfx938,f8_w8a8_channel,torch.bfloat16,3584,192,7168,384,6,0,0,asm,12000+22001,2393.2916
gfx938,f8_w8a8_channel,torch.bfloat16,3840,192,7168,384,6,0,0,asm,12000+22001,2595.8097
gfx938,f8_w8a8_channel,torch.bfloat16,4096,192,7168,384,6,0,0,asm,12000+22001,2934.5639
gfx938,f8_w8a8_channel,torch.bfloat16,4608,192,7168,384,6,0,0,asm,13001+23001,3339.6425
gfx938,f8_w8a8_channel,torch.bfloat16,5120,192,7168,384,6,0,0,asm,13001+23001,3420.8383
gfx938,f8_w8a8_channel,torch.bfloat16,5632,192,7168,384,6,0,0,asm,13001+23001,3512.333
gfx938,f8_w8a8_channel,torch.bfloat16,6144,192,7168,384,6,0,0,asm,13001+23001,3593.8741
gfx938,f8_w8a8_channel,torch.bfloat16,6656,192,7168,384,6,0,0,asm,13001+23001,3781.3436
gfx938,f8_w8a8_channel,torch.bfloat16,7168,192,7168,384,6,0,0,asm,13001+23001,3932.7037
gfx938,f8_w8a8_channel,torch.bfloat16,7680,192,7168,384,6,0,0,asm,13001+23001,4399.0288
gfx938,f8_w8a8_channel,torch.bfloat16,8192,192,7168,384,6,0,0,asm,13001+23001,5076.6891
gfx938,f8_w8a8_channel,torch.bfloat16,10240,192,7168,384,6,0,0,asm,12000+22001,6187.1668
gfx938,f8_w8a8_channel,torch.bfloat16,12288,192,7168,384,6,0,0,asm,13001+23001,7063.1857
gfx938,f8_w8a8_channel,torch.bfloat16,14336,192,7168,384,6,0,0,asm,13001+23001,7507.246
gfx938,f8_w8a8_channel,torch.bfloat16,16384,192,7168,384,6,0,0,asm,13001+23001,8832.8995
gfx938,f8_w8a8_channel,torch.bfloat16,17408,192,7168,384,6,0,0,asm,13001+23001,9858.9314
gfx938,f8_w8a8_channel,torch.bfloat16,24576,192,7168,384,6,0,0,asm,13001+23001,12600.1326
gfx938,f8_w8a8_channel,torch.bfloat16,32768,192,7168,384,6,0,0,asm,13001+23001,16413.2168
gfx938,f8_w8a8_channel,torch.bfloat16,40960,192,7168,384,6,0,0,asm,13001+23001,20098.1813
gfx938,f8_w8a8_channel,torch.bfloat16,49152,192,7168,384,6,0,0,asm,13001+23001,23818.2442
gfx938,f8_w8a8_channel,torch.bfloat16,57344,192,7168,384,6,0,0,asm,13001+23001,27626.3452
gfx938,f8_w8a8_channel,torch.bfloat16,65536,192,7168,384,6,0,0,asm,13001+23001,31335.4662
gfx938,int8_w8a8_channel,torch.bfloat16,1,256,4096,288,8,0,0,asm,10006+20000,51.0919
gfx938,int8_w8a8_channel,torch.bfloat16,2,256,4096,288,8,0,0,asm,10009+20001,73.2227
gfx938,int8_w8a8_channel,torch.bfloat16,3,256,4096,288,8,0,0,asm,10011+20000,87.2439
gfx938,int8_w8a8_channel,torch.bfloat16,4,256,4096,288,8,0,0,asm,10012+20001,102.6204
gfx938,int8_w8a8_channel,torch.bfloat16,5,256,4096,288,8,0,0,asm,10002+20001,123.1004
gfx938,int8_w8a8_channel,torch.bfloat16,6,256,4096,288,8,0,0,asm,10008+20001,139.2014
gfx938,int8_w8a8_channel,torch.bfloat16,7,256,4096,288,8,0,0,asm,10011+20001,149.1298
gfx938,int8_w8a8_channel,torch.bfloat16,8,256,4096,288,8,0,0,asm,10011+20001,155.0751
gfx938,int8_w8a8_channel,torch.bfloat16,9,256,4096,288,8,0,0,asm,10011+20001,171.4543
gfx938,int8_w8a8_channel,torch.bfloat16,10,256,4096,288,8,0,0,asm,10002+20001,197.4585
gfx938,int8_w8a8_channel,torch.bfloat16,11,256,4096,288,8,0,0,asm,10008+20001,206.1576
gfx938,int8_w8a8_channel,torch.bfloat16,12,256,4096,288,8,0,0,asm,10011+20001,217.9134
gfx938,int8_w8a8_channel,torch.bfloat16,13,256,4096,288,8,0,0,asm,10011+20001,223.7829
gfx938,int8_w8a8_channel,torch.bfloat16,14,256,4096,288,8,0,0,asm,10011+20001,235.1682
gfx938,int8_w8a8_channel,torch.bfloat16,15,256,4096,288,8,0,0,asm,10002+20001,266.7892
gfx938,int8_w8a8_channel,torch.bfloat16,16,256,4096,288,8,0,0,asm,10002+20001,274.3682
gfx938,int8_w8a8_channel,torch.bfloat16,17,256,4096,288,8,0,0,asm,10011+20001,274.7274
gfx938,int8_w8a8_channel,torch.bfloat16,18,256,4096,288,8,0,0,asm,10011+20001,280.2431
gfx938,int8_w8a8_channel,torch.bfloat16,20,256,4096,288,8,0,0,asm,10011+20001,295.4346
gfx938,int8_w8a8_channel,torch.bfloat16,24,256,4096,288,8,0,0,asm,10011+20001,342.4665
gfx938,int8_w8a8_channel,torch.bfloat16,28,256,4096,288,8,0,0,asm,10011+20001,382.1663
gfx938,int8_w8a8_channel,torch.bfloat16,32,256,4096,288,8,0,0,asm,10011+20001,423.8253
gfx938,int8_w8a8_channel,torch.bfloat16,34,256,4096,288,8,0,0,asm,10011+20001,408.4538
gfx938,int8_w8a8_channel,torch.bfloat16,36,256,4096,288,8,0,0,asm,10011+20001,410.1381
gfx938,int8_w8a8_channel,torch.bfloat16,40,256,4096,288,8,0,0,asm,10011+20001,461.2792
gfx938,int8_w8a8_channel,torch.bfloat16,44,256,4096,288,8,0,0,asm,10011+20001,468.4708
gfx938,int8_w8a8_channel,torch.bfloat16,48,256,4096,288,8,0,0,asm,10011+20001,478.6519
gfx938,int8_w8a8_channel,torch.bfloat16,56,256,4096,288,8,0,0,asm,10012+20001,528.5214
gfx938,int8_w8a8_channel,torch.bfloat16,64,256,4096,288,8,0,0,asm,10011+20001,538.3994
gfx938,int8_w8a8_channel,torch.bfloat16,68,256,4096,288,8,0,0,asm,10012+20001,539.9741
gfx938,int8_w8a8_channel,torch.bfloat16,72,256,4096,288,8,0,0,asm,10012+20001,550.9888
gfx938,int8_w8a8_channel,torch.bfloat16,80,256,4096,288,8,0,0,asm,10012+20001,551.452
gfx938,int8_w8a8_channel,torch.bfloat16,88,256,4096,288,8,0,0,asm,10012+20001,560.1004
gfx938,int8_w8a8_channel,torch.bfloat16,96,256,4096,288,8,0,0,asm,10012+20001,594.7363
gfx938,int8_w8a8_channel,torch.bfloat16,104,256,4096,288,8,0,0,asm,10012+20001,604.7995
gfx938,int8_w8a8_channel,torch.bfloat16,112,256,4096,288,8,0,0,asm,10011+20001,607.8564
gfx938,int8_w8a8_channel,torch.bfloat16,128,256,4096,288,8,0,0,asm,10011+20001,612.6732
gfx938,int8_w8a8_channel,torch.bfloat16,144,256,4096,288,8,0,0,asm,10011+20001,624.3701
gfx938,int8_w8a8_channel,torch.bfloat16,160,256,4096,288,8,0,0,asm,10012+20001,628.4037
gfx938,int8_w8a8_channel,torch.bfloat16,192,256,4096,288,8,0,0,asm,10011+20001,641.608
gfx938,int8_w8a8_channel,torch.bfloat16,224,256,4096,288,8,0,0,asm,10011+20001,649.7596
gfx938,int8_w8a8_channel,torch.bfloat16,256,256,4096,288,8,0,0,asm,10011+20001,657.2712
gfx938,int8_w8a8_channel,torch.bfloat16,320,256,4096,288,8,0,0,asm,11005+21001,684.5892
gfx938,int8_w8a8_channel,torch.bfloat16,384,256,4096,288,8,0,0,asm,11005+21001,694.2397
gfx938,int8_w8a8_channel,torch.bfloat16,448,256,4096,288,8,0,0,asm,11005+21001,711.8649
gfx938,int8_w8a8_channel,torch.bfloat16,512,256,4096,288,8,0,0,asm,11005+21001,725.6334
gfx938,int8_w8a8_channel,torch.bfloat16,576,256,4096,288,8,0,0,asm,11005+21001,786.2314
gfx938,int8_w8a8_channel,torch.bfloat16,640,256,4096,288,8,0,0,asm,11005+21001,750.5008
gfx938,int8_w8a8_channel,torch.bfloat16,704,256,4096,288,8,0,0,asm,11005+21001,762.5598
gfx938,int8_w8a8_channel,torch.bfloat16,768,256,4096,288,8,0,0,asm,11005+21001,774.484
gfx938,int8_w8a8_channel,torch.bfloat16,832,256,4096,288,8,0,0,asm,11005+21001,812.783
gfx938,int8_w8a8_channel,torch.bfloat16,896,256,4096,288,8,0,0,asm,11005+21001,817.6841
gfx938,int8_w8a8_channel,torch.bfloat16,960,256,4096,288,8,0,0,asm,11005+21001,826.0125
gfx938,int8_w8a8_channel,torch.bfloat16,1024,256,4096,288,8,0,0,asm,11005+21001,886.7957
gfx938,int8_w8a8_channel,torch.bfloat16,1152,256,4096,288,8,0,0,asm,12003+22001,978.4254
gfx938,int8_w8a8_channel,torch.bfloat16,1280,256,4096,288,8,0,0,asm,12001+22001,970.0801
gfx938,int8_w8a8_channel,torch.bfloat16,1408,256,4096,288,8,0,0,asm,12001+22001,991.3349
gfx938,int8_w8a8_channel,torch.bfloat16,1536,256,4096,288,8,0,0,asm,12001+22001,1019.4276
gfx938,int8_w8a8_channel,torch.bfloat16,1664,256,4096,288,8,0,0,asm,12005+22001,1047.8824
gfx938,int8_w8a8_channel,torch.bfloat16,1792,256,4096,288,8,0,0,asm,12001+22001,1090.8466
gfx938,int8_w8a8_channel,torch.bfloat16,1920,256,4096,288,8,0,0,asm,12001+22001,1111.2004
gfx938,int8_w8a8_channel,torch.bfloat16,2048,256,4096,288,8,0,0,asm,12001+22001,1188.7416
gfx938,int8_w8a8_channel,torch.bfloat16,2304,256,4096,288,8,0,0,asm,12001+22001,1397.1125
gfx938,int8_w8a8_channel,torch.bfloat16,3840,256,4096,288,8,0,0,asm,13001+23001,1738.9657
gfx938,int8_w8a8_channel,torch.bfloat16,2816,256,4096,288,8,0,0,asm,13001+23001,1546.5696
gfx938,int8_w8a8_channel,torch.bfloat16,3072,256,4096,288,8,0,0,asm,13001+23001,1573.2981
gfx938,int8_w8a8_channel,torch.bfloat16,3328,256,4096,288,8,0,0,asm,13001+23001,1610.376
gfx938,int8_w8a8_channel,torch.bfloat16,3584,256,4096,288,8,0,0,asm,13001+23001,1683.4962
gfx938,int8_w8a8_channel,torch.bfloat16,3840,256,4096,288,8,0,0,asm,13001+23001,1730.4941
gfx938,int8_w8a8_channel,torch.bfloat16,4096,256,4096,288,8,0,0,asm,13001+23001,1809.6353
gfx938,int8_w8a8_channel,torch.bfloat16,4608,256,4096,288,8,0,0,asm,13001+23001,2309.7961
gfx938,int8_w8a8_channel,torch.bfloat16,5120,256,4096,288,8,0,0,asm,12001+22001,2652.8788
gfx938,int8_w8a8_channel,torch.bfloat16,5632,256,4096,288,8,0,0,asm,12001+22001,2808.2306
gfx938,int8_w8a8_channel,torch.bfloat16,6144,256,4096,288,8,0,0,asm,12001+22001,2942.715
gfx938,int8_w8a8_channel,torch.bfloat16,6656,256,4096,288,8,0,0,asm,13001+23001,3123.8269
gfx938,int8_w8a8_channel,torch.bfloat16,7168,256,4096,288,8,0,0,asm,13001+23001,3201.8903
gfx938,int8_w8a8_channel,torch.bfloat16,7680,256,4096,288,8,0,0,asm,13001+23001,3270.1009
gfx938,int8_w8a8_channel,torch.bfloat16,8192,256,4096,288,8,0,0,asm,13001+23001,3396.2402
gfx938,int8_w8a8_channel,torch.bfloat16,10240,256,4096,288,8,0,0,asm,13001+23001,4613.7247
gfx938,int8_w8a8_channel,torch.bfloat16,12288,256,4096,288,8,0,0,asm,13001+23001,4998.5595
gfx938,int8_w8a8_channel,torch.bfloat16,14336,256,4096,288,8,0,0,asm,13001+23001,6034.6797
gfx938,int8_w8a8_channel,torch.bfloat16,16384,256,4096,288,8,0,0,asm,13001+23001,6648.9628
gfx938,int8_w8a8_channel,torch.bfloat16,17408,256,4096,288,8,0,0,asm,13001+23001,6826.8745
gfx938,int8_w8a8_channel,torch.bfloat16,24576,256,4096,288,8,0,0,asm,13001+23001,9704.8503
gfx938,int8_w8a8_channel,torch.bfloat16,32768,256,4096,288,8,0,0,asm,13001+23001,12623.1363
gfx938,int8_w8a8_channel,torch.bfloat16,40960,256,4096,288,8,0,0,asm,13001+23001,15431.0895
gfx938,int8_w8a8_channel,torch.bfloat16,49152,256,4096,288,8,0,0,asm,13001+23001,18511.2887
gfx938,int8_w8a8_channel,torch.bfloat16,57344,256,4096,288,8,0,0,asm,13001+23001,21448.8772
gfx938,int8_w8a8_channel,torch.bfloat16,65536,256,4096,288,8,0,0,asm,13001+23001,24456.6891
gfx938,f8_w8a8_channel,torch.float16,1,256,6144,384,8,0,0,asm,10002+20000,68.2035
gfx938,f8_w8a8_channel,torch.float16,2,256,6144,384,8,0,0,asm,10008+20001,92.7845
gfx938,f8_w8a8_channel,torch.float16,4,256,6144,384,8,0,0,asm,10012+20001,137.155
gfx938,f8_w8a8_channel,torch.float16,6,256,6144,384,8,0,0,asm,10008+20001,184.4055
gfx938,f8_w8a8_channel,torch.float16,8,256,6144,384,8,0,0,asm,10011+20001,212.4136
gfx938,f8_w8a8_channel,torch.float16,10,256,6144,384,8,0,0,asm,10002+20001,268.4136
gfx938,f8_w8a8_channel,torch.float16,12,256,6144,384,8,0,0,asm,10012+20001,308.9605
gfx938,f8_w8a8_channel,torch.float16,14,256,6144,384,8,0,0,asm,10012+20001,341.5246
gfx938,f8_w8a8_channel,torch.float16,16,256,6144,384,8,0,0,asm,10002+20000,393.3734
gfx938,f8_w8a8_channel,torch.float16,20,256,6144,384,8,0,0,asm,10002+20001,445.9599
gfx938,f8_w8a8_channel,torch.float16,24,256,6144,384,8,0,0,asm,10012+20001,520.6461
gfx938,f8_w8a8_channel,torch.float16,28,256,6144,384,8,0,0,asm,10008+20000,577.9259
gfx938,f8_w8a8_channel,torch.float16,32,256,6144,384,8,0,0,asm,10012+20001,601.7659
gfx938,f8_w8a8_channel,torch.float16,36,256,6144,384,8,0,0,asm,10012+20001,666.1725
gfx938,f8_w8a8_channel,torch.float16,40,256,6144,384,8,0,0,asm,10008+20001,717.6145
gfx938,f8_w8a8_channel,torch.float16,44,256,6144,384,8,0,0,asm,10008+20001,766.1366
gfx938,f8_w8a8_channel,torch.float16,48,256,6144,384,8,0,0,asm,10008+20001,791.3914
gfx938,f8_w8a8_channel,torch.float16,56,256,6144,384,8,0,0,asm,10008+20001,834.7261
gfx938,f8_w8a8_channel,torch.float16,64,256,6144,384,8,0,0,asm,10008+20001,883.9807
gfx938,f8_w8a8_channel,torch.float16,80,256,6144,384,8,0,0,asm,10012+20001,979.6522
gfx938,f8_w8a8_channel,torch.float16,96,256,6144,384,8,0,0,asm,10009+20001,1049.1173
gfx938,f8_w8a8_channel,torch.float16,112,256,6144,384,8,0,0,asm,10008+20001,1050.7174
gfx938,f8_w8a8_channel,torch.float16,128,256,6144,384,8,0,0,asm,10009+20001,1107.1721
gfx938,f8_w8a8_channel,torch.float16,160,256,6144,384,8,0,0,asm,10009+20001,1150.6583
gfx938,f8_w8a8_channel,torch.float16,192,256,6144,384,8,0,0,asm,11004+21001,1156.4351
gfx938,f8_w8a8_channel,torch.float16,224,256,6144,384,8,0,0,asm,10011+20001,1194.4986
gfx938,f8_w8a8_channel,torch.float16,256,256,6144,384,8,0,0,asm,10009+20001,1203.1972
gfx938,f8_w8a8_channel,torch.float16,320,256,6144,384,8,0,0,asm,10008+20001,1204.1825
gfx938,f8_w8a8_channel,torch.float16,384,256,6144,384,8,0,0,asm,10009+20001,1254.5908
gfx938,f8_w8a8_channel,torch.float16,448,256,6144,384,8,0,0,asm,10009+20001,1272.4097
gfx938,f8_w8a8_channel,torch.float16,512,256,6144,384,8,0,0,asm,10009+20001,1299.9971
gfx938,f8_w8a8_channel,torch.float16,576,256,6144,384,8,0,0,asm,11005+21001,1319.9383
gfx938,f8_w8a8_channel,torch.float16,640,256,6144,384,8,0,0,asm,11005+21001,1340.8901
gfx938,f8_w8a8_channel,torch.float16,704,256,6144,384,8,0,0,asm,11007+21001,1351.0708
gfx938,f8_w8a8_channel,torch.float16,768,256,6144,384,8,0,0,asm,11003+21001,1368.8728
gfx938,f8_w8a8_channel,torch.float16,832,256,6144,384,8,0,0,asm,11007+21001,1392.8308
gfx938,f8_w8a8_channel,torch.float16,896,256,6144,384,8,0,0,asm,11004+21001,1412.8728
gfx938,f8_w8a8_channel,torch.float16,960,256,6144,384,8,0,0,asm,11005+21001,1439.3827
gfx938,f8_w8a8_channel,torch.float16,1024,256,6144,384,8,0,0,asm,11004+21001,1458.2703
gfx938,f8_w8a8_channel,torch.float16,1152,256,6144,384,8,0,0,asm,11005+21001,1481.8136
gfx938,f8_w8a8_channel,torch.float16,1280,256,6144,384,8,0,0,asm,11005+21001,1571.5815
gfx938,f8_w8a8_channel,torch.float16,1408,256,6144,384,8,0,0,asm,11005+21001,1581.6387
gfx938,f8_w8a8_channel,torch.float16,1536,256,6144,384,8,0,0,asm,12001+22001,1696.7457
gfx938,f8_w8a8_channel,torch.float16,1664,256,6144,384,8,0,0,asm,12001+22001,1723.0362
gfx938,f8_w8a8_channel,torch.float16,1792,256,6144,384,8,0,0,asm,12001+22001,1773.2597
gfx938,f8_w8a8_channel,torch.float16,1920,256,6144,384,8,0,0,asm,12001+22001,1805.7567
gfx938,f8_w8a8_channel,torch.float16,2048,256,6144,384,8,0,0,asm,12005+22001,1842.9611
gfx938,f8_w8a8_channel,torch.float16,2304,256,6144,384,8,0,0,asm,12001+22001,1944.5944
gfx938,f8_w8a8_channel,torch.float16,2560,256,6144,384,8,0,0,asm,12001+22001,2004.8562
gfx938,f8_w8a8_channel,torch.float16,2816,256,6144,384,8,0,0,asm,12001+22001,2171.7441
gfx938,f8_w8a8_channel,torch.float16,3072,256,6144,384,8,0,0,asm,12001+22001,2475.1291
gfx938,f8_w8a8_channel,torch.float16,3328,256,6144,384,8,0,0,asm,13001+23001,2671.6761
gfx938,f8_w8a8_channel,torch.float16,3584,256,6144,384,8,0,0,asm,13001+23001,2716.5095
gfx938,f8_w8a8_channel,torch.float16,3840,256,6144,384,8,0,0,asm,13001+23001,2771.5409
gfx938,f8_w8a8_channel,torch.float16,4096,256,6144,384,8,0,0,asm,13001+23001,2810.9183
gfx938,f8_w8a8_channel,torch.float16,4608,256,6144,384,8,0,0,asm,13001+23001,2914.3374
gfx938,f8_w8a8_channel,torch.float16,5120,256,6144,384,8,0,0,asm,13001+23001,3078.851
gfx938,f8_w8a8_channel,torch.float16,5632,256,6144,384,8,0,0,asm,13001+23001,3357.7972
gfx938,f8_w8a8_channel,torch.float16,6144,256,6144,384,8,0,0,asm,13001+23001,4063.5831
gfx938,f8_w8a8_channel,torch.float16,6656,256,6144,384,8,0,0,asm,12001+22001,4648.5842
gfx938,f8_w8a8_channel,torch.float16,7168,256,6144,384,8,0,0,asm,12001+22001,4938.0654
gfx938,f8_w8a8_channel,torch.float16,7680,256,6144,384,8,0,0,asm,12001+22001,5099.7322
gfx938,f8_w8a8_channel,torch.float16,8192,256,6144,384,8,0,0,asm,12001+22001,5235.6145
gfx938,f8_w8a8_channel,torch.float16,10240,256,6144,384,8,0,0,asm,13001+23001,5869.896
gfx938,f8_w8a8_channel,torch.float16,12288,256,6144,384,8,0,0,asm,13001+23001,7119.0832
gfx938,f8_w8a8_channel,torch.float16,14336,256,6144,384,8,0,0,asm,13001+23001,8339.5211
gfx938,f8_w8a8_channel,torch.float16,16384,256,6144,384,8,0,0,asm,13001+23001,8808.0746
gfx938,f8_w8a8_channel,torch.float16,17408,256,6144,384,8,0,0,asm,13001+23001,9184.8424
gfx938,f8_w8a8_channel,torch.float16,24576,256,6144,384,8,0,0,asm,13001+23001,12945.5444
gfx938,f8_w8a8_channel,torch.float16,32768,256,6144,384,8,0,0,asm,13001+23000,17564.8948
gfx938,f8_w8a8_channel,torch.float16,1,128,6144,384,8,0,0,asm,10000+20000,61.3655
gfx938,f8_w8a8_channel,torch.float16,2,128,6144,384,8,0,0,asm,10002+20001,74.8136
gfx938,f8_w8a8_channel,torch.float16,4,128,6144,384,8,0,0,asm,10002+20102,99.5551
gfx938,f8_w8a8_channel,torch.float16,6,128,6144,384,8,0,0,asm,10002+20001,124.4139
gfx938,f8_w8a8_channel,torch.float16,8,128,6144,384,8,0,0,asm,10012+20102,140.6919
gfx938,f8_w8a8_channel,torch.float16,10,128,6144,384,8,0,0,asm,10002+20001,179.1172
gfx938,f8_w8a8_channel,torch.float16,12,128,6144,384,8,0,0,asm,10008+20102,198.2747
gfx938,f8_w8a8_channel,torch.float16,14,128,6144,384,8,0,0,asm,10008+20102,215.3782
gfx938,f8_w8a8_channel,torch.float16,16,128,6144,384,8,0,0,asm,10012+20102,239.0917
gfx938,f8_w8a8_channel,torch.float16,20,128,6144,384,8,0,0,asm,10002+20101,276.4782
gfx938,f8_w8a8_channel,torch.float16,24,128,6144,384,8,0,0,asm,10008+20101,307.0719
gfx938,f8_w8a8_channel,torch.float16,28,128,6144,384,8,0,0,asm,10011+20101,325.4382
gfx938,f8_w8a8_channel,torch.float16,32,128,6144,384,8,0,0,asm,10011+20101,338.3055
gfx938,f8_w8a8_channel,torch.float16,36,128,6144,384,8,0,0,asm,10002+20101,387.7202
gfx938,f8_w8a8_channel,torch.float16,40,128,6144,384,8,0,0,asm,10002+20101,406.5076
gfx938,f8_w8a8_channel,torch.float16,44,128,6144,384,8,0,0,asm,10011+20101,416.2338
gfx938,f8_w8a8_channel,torch.float16,48,128,6144,384,8,0,0,asm,10009+20101,440.0907
gfx938,f8_w8a8_channel,torch.float16,56,128,6144,384,8,0,0,asm,10002+20101,472.8653
gfx938,f8_w8a8_channel,torch.float16,64,128,6144,384,8,0,0,asm,10008+20101,498.9116
gfx938,f8_w8a8_channel,torch.float16,80,128,6144,384,8,0,0,asm,10011+20101,537.1009
gfx938,f8_w8a8_channel,torch.float16,96,128,6144,384,8,0,0,asm,10008+20101,586.1619
gfx938,f8_w8a8_channel,torch.float16,112,128,6144,384,8,0,0,asm,10009+20101,596.4275
gfx938,f8_w8a8_channel,torch.float16,128,128,6144,384,8,0,0,asm,10002+20101,598.8694
gfx938,f8_w8a8_channel,torch.float16,160,128,6144,384,8,0,0,asm,10002+20101,626.7684
gfx938,f8_w8a8_channel,torch.float16,192,128,6144,384,8,0,0,asm,10011+20101,646.7516
gfx938,f8_w8a8_channel,torch.float16,224,128,6144,384,8,0,0,asm,10002+20101,653.8842
gfx938,f8_w8a8_channel,torch.float16,256,128,6144,384,8,0,0,asm,10011+20101,665.3872
gfx938,f8_w8a8_channel,torch.float16,320,128,6144,384,8,0,0,asm,10011+20101,683.0968
gfx938,f8_w8a8_channel,torch.float16,384,128,6144,384,8,0,0,asm,10011+20101,695.164
gfx938,f8_w8a8_channel,torch.float16,448,128,6144,384,8,0,0,asm,11005+21101,724.284
gfx938,f8_w8a8_channel,torch.float16,512,128,6144,384,8,0,0,asm,10002+20101,729.3364
gfx938,f8_w8a8_channel,torch.float16,576,128,6144,384,8,0,0,asm,11005+21101,760.3934
gfx938,f8_w8a8_channel,torch.float16,640,128,6144,384,8,0,0,asm,11003+21101,769.7897
gfx938,f8_w8a8_channel,torch.float16,704,128,6144,384,8,0,0,asm,11005+21101,802.9281
gfx938,f8_w8a8_channel,torch.float16,768,128,6144,384,8,0,0,asm,11007+21101,793.7829
gfx938,f8_w8a8_channel,torch.float16,832,128,6144,384,8,0,0,asm,11005+21101,807.0459
gfx938,f8_w8a8_channel,torch.float16,896,128,6144,384,8,0,0,asm,11002+21101,851.2057
gfx938,f8_w8a8_channel,torch.float16,960,128,6144,384,8,0,0,asm,11005+21101,863.3321
gfx938,f8_w8a8_channel,torch.float16,1024,128,6144,384,8,0,0,asm,11005+21101,872.5868
gfx938,f8_w8a8_channel,torch.float16,1152,128,6144,384,8,0,0,asm,11005+21101,911.326
gfx938,f8_w8a8_channel,torch.float16,1280,128,6144,384,8,0,0,asm,11003+21101,919.0459
gfx938,f8_w8a8_channel,torch.float16,1408,128,6144,384,8,0,0,asm,11003+21101,981.7743
gfx938,f8_w8a8_channel,torch.float16,1536,128,6144,384,8,0,0,asm,11003+21101,1066.2964
gfx938,f8_w8a8_channel,torch.float16,1664,128,6144,384,8,0,0,asm,12005+21102,1150.4058
gfx938,f8_w8a8_channel,torch.float16,1792,128,6144,384,8,0,0,asm,12005+21102,1187.4921
gfx938,f8_w8a8_channel,torch.float16,1920,128,6144,384,8,0,0,asm,12005+21101,1198.7089
gfx938,f8_w8a8_channel,torch.float16,2048,128,6144,384,8,0,0,asm,12003+21101,1218.6836
gfx938,f8_w8a8_channel,torch.float16,2304,128,6144,384,8,0,0,asm,12001+21101,1332.0728
gfx938,f8_w8a8_channel,torch.float16,2560,128,6144,384,8,0,0,asm,12001+21101,1378.9361
gfx938,f8_w8a8_channel,torch.float16,2816,128,6144,384,8,0,0,asm,12001+21101,1491.7781
gfx938,f8_w8a8_channel,torch.float16,3072,128,6144,384,8,0,0,asm,12001+21101,1678.6245
gfx938,f8_w8a8_channel,torch.float16,3328,128,6144,384,8,0,0,asm,12001+22101,1859.3565
gfx938,f8_w8a8_channel,torch.float16,3584,128,6144,384,8,0,0,asm,13001+22101,1880.3335
gfx938,f8_w8a8_channel,torch.float16,3840,128,6144,384,8,0,0,asm,13001+22101,1910.2619
gfx938,f8_w8a8_channel,torch.float16,4096,128,6144,384,8,0,0,asm,13001+22101,1999.6498
gfx938,f8_w8a8_channel,torch.float16,4608,128,6144,384,8,0,0,asm,13001+22101,2054.3102
gfx938,f8_w8a8_channel,torch.float16,5120,128,6144,384,8,0,0,asm,13001+22101,2209.4741
gfx938,f8_w8a8_channel,torch.float16,5632,128,6144,384,8,0,0,asm,13001+22101,2370.1351
gfx938,f8_w8a8_channel,torch.float16,6144,128,6144,384,8,0,0,asm,12001+22101,2842.6737
gfx938,f8_w8a8_channel,torch.float16,6656,128,6144,384,8,0,0,asm,12001+22101,3102.4206
gfx938,f8_w8a8_channel,torch.float16,7168,128,6144,384,8,0,0,asm,12003+22101,3307.2119
gfx938,f8_w8a8_channel,torch.float16,7680,128,6144,384,8,0,0,asm,12001+22101,3472.5421
gfx938,f8_w8a8_channel,torch.float16,8192,128,6144,384,8,0,0,asm,12001+22101,3566.4621
gfx938,f8_w8a8_channel,torch.float16,10240,128,6144,384,8,0,0,asm,13001+22101,4150.1911
gfx938,f8_w8a8_channel,torch.float16,12288,128,6144,384,8,0,0,asm,13001+22101,5054.4093
gfx938,f8_w8a8_channel,torch.float16,14336,128,6144,384,8,0,0,asm,13001+22101,5852.9098
gfx938,f8_w8a8_channel,torch.float16,16384,128,6144,384,8,0,0,asm,13001+22101,6207.4455
gfx938,f8_w8a8_channel,torch.float16,17408,128,6144,384,8,0,0,asm,13001+23101,6507.1416
gfx938,f8_w8a8_channel,torch.float16,24576,128,6144,384,8,0,0,asm,13001+23101,9039.2166
gfx938,f8_w8a8_channel,torch.float16,32768,128,6144,384,8,0,0,asm,13001+23101,11668.8454
gfx938,f8_w8a8_channel,torch.bfloat16,1,1536,4096,192,8,0,0,asm,10008+20000,130.3848
gfx938,f8_w8a8_channel,torch.bfloat16,2,1536,4096,192,8,0,0,asm,10011+20000,215.7408
gfx938,f8_w8a8_channel,torch.bfloat16,3,1536,4096,192,8,0,0,asm,10011+20000,336.3727
gfx938,f8_w8a8_channel,torch.bfloat16,4,1536,4096,192,8,0,0,asm,10011+20000,413.8886
gfx938,f8_w8a8_channel,torch.bfloat16,5,1536,4096,192,8,0,0,asm,10011+20000,498.7561
gfx938,f8_w8a8_channel,torch.bfloat16,6,1536,4096,192,8,0,0,asm,10011+20000,596.811
gfx938,f8_w8a8_channel,torch.bfloat16,7,1536,4096,192,8,0,0,asm,10011+20000,666.8658
gfx938,f8_w8a8_channel,torch.bfloat16,8,1536,4096,192,8,0,0,asm,10011+20000,740.8365
gfx938,f8_w8a8_channel,torch.bfloat16,9,1536,4096,192,8,0,0,asm,10011+20000,817.9398
gfx938,f8_w8a8_channel,torch.bfloat16,10,1536,4096,192,8,0,0,asm,10011+20000,891.2957
gfx938,f8_w8a8_channel,torch.bfloat16,11,1536,4096,192,8,0,0,asm,10011+20000,965.1654
gfx938,f8_w8a8_channel,torch.bfloat16,12,1536,4096,192,8,0,0,asm,10011+20000,998.1676
gfx938,f8_w8a8_channel,torch.bfloat16,13,1536,4096,192,8,0,0,asm,10011+20000,1060.7698
gfx938,f8_w8a8_channel,torch.bfloat16,14,1536,4096,192,8,0,0,asm,10011+20000,1098.9173
gfx938,f8_w8a8_channel,torch.bfloat16,15,1536,4096,192,8,0,0,asm,10011+20000,1130.4373
gfx938,f8_w8a8_channel,torch.bfloat16,16,1536,4096,192,8,0,0,asm,10011+20000,1179.6669
gfx938,f8_w8a8_channel,torch.bfloat16,17,1536,4096,192,8,0,0,asm,10011+20000,1247.4366
gfx938,f8_w8a8_channel,torch.bfloat16,18,1536,4096,192,8,0,0,asm,10011+20000,1302.0726
gfx938,f8_w8a8_channel,torch.bfloat16,20,1536,4096,192,8,0,0,asm,10011+20000,1387.1506
gfx938,f8_w8a8_channel,torch.bfloat16,24,1536,4096,192,8,0,0,asm,10011+20000,1564.9868
gfx938,f8_w8a8_channel,torch.bfloat16,28,1536,4096,192,8,0,0,asm,10011+20000,1673.4111
gfx938,f8_w8a8_channel,torch.bfloat16,32,1536,4096,192,8,0,0,asm,10011+20000,1820.9228
gfx938,f8_w8a8_channel,torch.bfloat16,34,1536,4096,192,8,0,0,asm,10011+20000,1858.6883
gfx938,f8_w8a8_channel,torch.bfloat16,36,1536,4096,192,8,0,0,asm,10011+20000,1887.1598
gfx938,f8_w8a8_channel,torch.bfloat16,40,1536,4096,192,8,0,0,asm,10012+20000,1978.124
gfx938,f8_w8a8_channel,torch.bfloat16,44,1536,4096,192,8,0,0,asm,10011+20000,2050.4189
gfx938,f8_w8a8_channel,torch.bfloat16,48,1536,4096,192,8,0,0,asm,10011+20000,2120.9873
gfx938,f8_w8a8_channel,torch.bfloat16,56,1536,4096,192,8,0,0,asm,10011+20000,2178.2759
gfx938,f8_w8a8_channel,torch.bfloat16,64,1536,4096,192,8,0,0,asm,10011+20000,2215.2528
gfx938,f8_w8a8_channel,torch.bfloat16,68,1536,4096,192,8,0,0,asm,10012+20000,2240.4234
gfx938,f8_w8a8_channel,torch.bfloat16,72,1536,4096,192,8,0,0,asm,11005+21000,2298.5036
gfx938,f8_w8a8_channel,torch.bfloat16,80,1536,4096,192,8,0,0,asm,10011+20000,2301.1562
gfx938,f8_w8a8_channel,torch.bfloat16,88,1536,4096,192,8,0,0,asm,10011+20000,2302.3688
gfx938,f8_w8a8_channel,torch.bfloat16,96,1536,4096,192,8,0,0,asm,10011+20000,2306.2847
gfx938,f8_w8a8_channel,torch.bfloat16,104,1536,4096,192,8,0,0,asm,10011+20000,2340.0532
gfx938,f8_w8a8_channel,torch.bfloat16,112,1536,4096,192,8,0,0,asm,10011+20000,2357.3754
gfx938,f8_w8a8_channel,torch.bfloat16,128,1536,4096,192,8,0,0,asm,10011+20000,2371.0428
gfx938,f8_w8a8_channel,torch.bfloat16,144,1536,4096,192,8,0,0,asm,10011+20000,2378.2006
gfx938,f8_w8a8_channel,torch.bfloat16,160,1536,4096,192,8,0,0,asm,10011+20000,2376.8194
gfx938,f8_w8a8_channel,torch.bfloat16,192,1536,4096,192,8,0,0,asm,10011+20000,2393.6867
gfx938,f8_w8a8_channel,torch.bfloat16,224,1536,4096,192,8,0,0,asm,11005+21000,2403.1099
gfx938,f8_w8a8_channel,torch.bfloat16,256,1536,4096,192,8,0,0,asm,11005+21000,2409.9141
gfx938,f8_w8a8_channel,torch.bfloat16,320,1536,4096,192,8,0,0,asm,11005+21000,2429.3246
gfx938,f8_w8a8_channel,torch.bfloat16,384,1536,4096,192,8,0,0,asm,11005+21000,2431.0594
gfx938,f8_w8a8_channel,torch.bfloat16,448,1536,4096,192,8,0,0,asm,11005+21000,2454.0322
gfx938,f8_w8a8_channel,torch.bfloat16,512,1536,4096,192,8,0,0,asm,11005+21000,2504.1461
gfx938,f8_w8a8_channel,torch.bfloat16,576,1536,4096,192,8,0,0,asm,11005+21000,2602.7399
gfx938,f8_w8a8_channel,torch.bfloat16,640,1536,4096,192,8,0,0,asm,12001+22000,2633.5359
gfx938,f8_w8a8_channel,torch.bfloat16,704,1536,4096,192,8,0,0,asm,12001+22000,2660.2224
gfx938,f8_w8a8_channel,torch.bfloat16,768,1536,4096,192,8,0,0,asm,12001+22000,2671.3466
gfx938,f8_w8a8_channel,torch.bfloat16,832,1536,4096,192,8,0,0,asm,12001+22000,2677.9993
gfx938,f8_w8a8_channel,torch.bfloat16,896,1536,4096,192,8,0,0,asm,12001+22000,2707.2456
gfx938,f8_w8a8_channel,torch.bfloat16,960,1536,4096,192,8,0,0,asm,12001+22000,2714.9341
gfx938,f8_w8a8_channel,torch.bfloat16,1024,1536,4096,192,8,0,0,asm,12001+22000,2754.2015
gfx938,f8_w8a8_channel,torch.bfloat16,1152,1536,4096,192,8,0,0,asm,12001+22000,2802.4291
gfx938,f8_w8a8_channel,torch.bfloat16,1280,1536,4096,192,8,0,0,asm,12001+22000,2921.3092
gfx938,f8_w8a8_channel,torch.bfloat16,1408,1536,4096,192,8,0,0,asm,12001+22000,3123.3726
gfx938,f8_w8a8_channel,torch.bfloat16,1536,1536,4096,192,8,0,0,asm,13001+23001,3359.2972
gfx938,f8_w8a8_channel,torch.bfloat16,1664,1536,4096,192,8,0,0,asm,13001+23001,3436.7288
gfx938,f8_w8a8_channel,torch.bfloat16,1792,1536,4096,192,8,0,0,asm,13001+23001,3460.8045
gfx938,f8_w8a8_channel,torch.bfloat16,1920,1536,4096,192,8,0,0,asm,13001+23001,3491.8781
gfx938,f8_w8a8_channel,torch.bfloat16,2048,1536,4096,192,8,0,0,asm,13001+23001,3470.6232
gfx938,f8_w8a8_channel,torch.bfloat16,2304,1536,4096,192,8,0,0,asm,13001+23001,3504.4843
gfx938,f8_w8a8_channel,torch.bfloat16,3840,1536,4096,192,8,0,0,asm,13001+23001,6357.1628
gfx938,f8_w8a8_channel,torch.bfloat16,2816,1536,4096,192,8,0,0,asm,13001+23001,3842.8933
gfx938,f8_w8a8_channel,torch.bfloat16,3072,1536,4096,192,8,0,0,asm,13001+23001,4813.7498
gfx938,f8_w8a8_channel,torch.bfloat16,3328,1536,4096,192,8,0,0,asm,13001+23001,5775.0402
gfx938,f8_w8a8_channel,torch.bfloat16,3584,1536,4096,192,8,0,0,asm,13001+23001,6199.3613
gfx938,f8_w8a8_channel,torch.bfloat16,3840,1536,4096,192,8,0,0,asm,13001+23001,6360.1027
gfx938,f8_w8a8_channel,torch.bfloat16,4096,1536,4096,192,8,0,0,asm,13001+23001,6414.3341
gfx938,f8_w8a8_channel,torch.bfloat16,4608,1536,4096,192,8,0,0,asm,13001+23001,6522.3255
gfx938,f8_w8a8_channel,torch.bfloat16,5120,1536,4096,192,8,0,0,asm,13001+23001,6638.9064
gfx938,f8_w8a8_channel,torch.bfloat16,5632,1536,4096,192,8,0,0,asm,13001+23001,6964.7934
gfx938,f8_w8a8_channel,torch.bfloat16,6144,1536,4096,192,8,0,0,asm,13001+23001,8043.1367
gfx938,f8_w8a8_channel,torch.bfloat16,6656,1536,4096,192,8,0,0,asm,13001+23001,9358.8195
gfx938,f8_w8a8_channel,torch.bfloat16,7168,1536,4096,192,8,0,0,asm,13001+23001,9717.6076
gfx938,f8_w8a8_channel,torch.bfloat16,7680,1536,4096,192,8,0,0,asm,13001+23001,9866.3316
gfx938,f8_w8a8_channel,torch.bfloat16,8192,1536,4096,192,8,0,0,asm,13001+23001,10041.5651
gfx938,f8_w8a8_channel,torch.bfloat16,10240,1536,4096,192,8,0,0,asm,13001+23001,13055.4889
gfx938,f8_w8a8_channel,torch.bfloat16,12288,1536,4096,192,8,0,0,asm,13001+23001,14844.806
gfx938,f8_w8a8_channel,torch.bfloat16,14336,1536,4096,192,8,0,0,asm,13001+23001,16679.9932
gfx938,f8_w8a8_channel,torch.bfloat16,16384,1536,4096,192,8,0,0,asm,13001+23001,19659.5597
gfx936,int8_w8a8_channel,torch.bfloat16,1,256,4096,288,8,0,0,asm,10002+20000,52.4898
gfx936,int8_w8a8_channel,torch.bfloat16,2,256,4096,288,8,0,0,asm,10002+20000,79.3109
gfx936,int8_w8a8_channel,torch.bfloat16,4,256,4096,288,8,0,0,asm,10001+20000,116.0183
gfx936,int8_w8a8_channel,torch.bfloat16,6,256,4096,288,8,0,0,asm,10001+20000,155.1341
gfx936,int8_w8a8_channel,torch.bfloat16,8,256,4096,288,8,0,0,asm,10001+20000,183.5467
gfx936,int8_w8a8_channel,torch.bfloat16,12,256,4096,288,8,0,0,asm,10001+20000,251.8834
gfx936,int8_w8a8_channel,torch.bfloat16,16,256,4096,288,8,0,0,asm,10001+20000,314.7803
gfx936,int8_w8a8_channel,torch.bfloat16,24,256,4096,288,8,0,0,asm,10001+20000,405.0087
gfx936,int8_w8a8_channel,torch.bfloat16,32,256,4096,288,8,0,0,asm,10001+20000,504.3297
gfx936,int8_w8a8_channel,torch.bfloat16,48,256,4096,288,8,0,0,asm,10001+20000,600.7898
gfx936,int8_w8a8_channel,torch.bfloat16,64,256,4096,288,8,0,0,asm,10001+20000,665.354
gfx936,int8_w8a8_channel,torch.bfloat16,96,256,4096,288,8,0,0,asm,10001+20000,735.3162
gfx936,int8_w8a8_channel,torch.bfloat16,128,256,4096,288,8,0,0,asm,10001+20000,796.1582
gfx936,int8_w8a8_channel,torch.bfloat16,256,256,4096,288,8,0,0,asm,10001+20001,894.1792
gfx936,int8_w8a8_channel,torch.bfloat16,512,256,4096,288,8,0,0,asm,10002+20001,990.5244
gfx936,int8_w8a8_channel,torch.bfloat16,768,256,4096,288,8,0,0,asm,11006+21000,1079.7707
gfx936,int8_w8a8_channel,torch.bfloat16,1024,256,4096,288,8,0,0,asm,11007+21001,1128.6295
gfx936,int8_w8a8_channel,torch.bfloat16,1536,256,4096,288,8,0,0,asm,12004+22001,1310.0866
gfx936,int8_w8a8_channel,torch.bfloat16,2048,256,4096,288,8,0,0,asm,11005+21001,1435.1141
gfx936,int8_w8a8_channel,torch.bfloat16,3072,256,4096,288,8,0,0,asm,12005+22001,1743.4516
gfx936,int8_w8a8_channel,torch.bfloat16,4096,256,4096,288,8,0,0,asm,12005+22001,1964.5547
gfx936,int8_w8a8_channel,torch.bfloat16,5120,256,4096,288,8,0,0,asm,12001+22001,2363.7705
gfx936,int8_w8a8_channel,torch.bfloat16,6144,256,4096,288,8,0,0,asm,12001+22001,2624.1503
gfx936,int8_w8a8_channel,torch.bfloat16,8192,256,4096,288,8,0,0,asm,13001+23001,3087.3342
gfx938,f8_w8a8_channel,torch.bfloat16,1,192,3072,256,8,0,0,asm,10006+20000,47.3276
gfx938,f8_w8a8_channel,torch.bfloat16,2,192,3072,256,8,0,0,asm,10008+20000,59.2941
gfx938,f8_w8a8_channel,torch.bfloat16,4,192,3072,256,8,0,0,asm,10011+20000,83.1169
gfx938,f8_w8a8_channel,torch.bfloat16,6,192,3072,256,8,0,0,asm,10008+20001,98.7128
gfx938,f8_w8a8_channel,torch.bfloat16,8,192,3072,256,8,0,0,asm,10002+20001,117.3738
gfx938,f8_w8a8_channel,torch.bfloat16,10,192,3072,256,8,0,0,asm,10008+20001,135.6813
gfx938,f8_w8a8_channel,torch.bfloat16,12,192,3072,256,8,0,0,asm,10002+20001,154.2749
gfx938,f8_w8a8_channel,torch.bfloat16,16,192,3072,256,8,0,0,asm,10002+20001,178.443
gfx938,f8_w8a8_channel,torch.bfloat16,20,192,3072,256,8,0,0,asm,10002+20001,196.3269
gfx938,f8_w8a8_channel,torch.bfloat16,24,192,3072,256,8,0,0,asm,10011+20001,218.4237
gfx938,f8_w8a8_channel,torch.bfloat16,28,192,3072,256,8,0,0,asm,10002+20001,259.8159
gfx938,f8_w8a8_channel,torch.bfloat16,32,192,3072,256,8,0,0,asm,10008+20001,268.2623
gfx938,f8_w8a8_channel,torch.bfloat16,36,192,3072,256,8,0,0,asm,10011+20001,269.7836
gfx938,f8_w8a8_channel,torch.bfloat16,40,192,3072,256,8,0,0,asm,10009+20001,277.556
gfx938,f8_w8a8_channel,torch.bfloat16,48,192,3072,256,8,0,0,asm,10002+20001,296.2594
gfx938,f8_w8a8_channel,torch.bfloat16,56,192,3072,256,8,0,0,asm,10009+20001,307.5686
gfx938,f8_w8a8_channel,torch.bfloat16,72,192,3072,256,8,0,0,asm,10009+20001,326.3645
gfx938,f8_w8a8_channel,torch.bfloat16,80,192,3072,256,8,0,0,asm,10009+20001,335.4763
gfx938,f8_w8a8_channel,torch.bfloat16,96,192,3072,256,8,0,0,asm,10009+20001,350.4992
gfx938,f8_w8a8_channel,torch.bfloat16,112,192,3072,256,8,0,0,asm,10009+20001,356.4867
gfx938,f8_w8a8_channel,torch.bfloat16,128,192,3072,256,8,0,0,asm,10008+20001,364.0571
gfx938,f8_w8a8_channel,torch.bfloat16,192,192,3072,256,8,0,0,asm,10008+20001,381.1772
gfx938,f8_w8a8_channel,torch.bfloat16,224,192,3072,256,8,0,0,asm,10009+20001,390.4823
gfx938,f8_w8a8_channel,torch.bfloat16,256,192,3072,256,8,0,0,asm,10008+20001,394.5244
gfx938,f8_w8a8_channel,torch.bfloat16,384,192,3072,256,8,0,0,asm,10008+20001,428.0489
gfx938,f8_w8a8_channel,torch.bfloat16,448,192,3072,256,8,0,0,asm,11002+21001,439.8045
gfx938,f8_w8a8_channel,torch.bfloat16,512,192,3072,256,8,0,0,asm,11004+21001,456.2422
gfx938,f8_w8a8_channel,torch.bfloat16,640,192,3072,256,8,0,0,asm,11002+21001,518.7258
gfx938,f8_w8a8_channel,torch.bfloat16,768,192,3072,256,8,0,0,asm,11004+21001,515.7707
gfx938,f8_w8a8_channel,torch.bfloat16,896,192,3072,256,8,0,0,asm,11004+21001,546.6089
gfx938,f8_w8a8_channel,torch.bfloat16,1024,192,3072,256,8,0,0,asm,12000+22001,613.2806
gfx938,f8_w8a8_channel,torch.bfloat16,1280,192,3072,256,8,0,0,asm,12000+22001,652.8396
gfx938,f8_w8a8_channel,torch.bfloat16,1536,192,3072,256,8,0,0,asm,12000+22001,683.8473
gfx938,f8_w8a8_channel,torch.bfloat16,1792,192,3072,256,8,0,0,asm,12000+22001,762.9449
gfx938,f8_w8a8_channel,torch.bfloat16,1920,192,3072,256,8,0,0,asm,12001+22001,815.5264
gfx938,f8_w8a8_channel,torch.bfloat16,2048,192,3072,256,8,0,0,asm,12000+22001,898.8197
gfx938,f8_w8a8_channel,torch.bfloat16,4096,192,3072,256,8,0,0,asm,13001+23001,1546.0436
gfx938,f8_w8a8_channel,torch.bfloat16,8192,192,3072,256,8,0,0,asm,13001+23001,2642.7613
gfx938,f8_w8a8_channel,torch.bfloat16,16384,192,3072,256,8,0,0,asm,13001+23001,4917.797
gfx938,f8_w8a8_channel,torch.bfloat16,1,128,2048,256,8,0,0,asm,10001+20001,41.3739
gfx938,f8_w8a8_channel,torch.bfloat16,2,128,2048,256,8,0,0,asm,10002+20100,48.1024
gfx938,f8_w8a8_channel,torch.bfloat16,4,128,2048,256,8,0,0,asm,10010+20100,62.9065
gfx938,f8_w8a8_channel,torch.bfloat16,8,128,2048,256,8,0,0,asm,11005+21101,81.0035
gfx938,f8_w8a8_channel,torch.bfloat16,12,128,2048,256,8,0,0,asm,10008+20001,100.2538
gfx938,f8_w8a8_channel,torch.bfloat16,16,128,2048,256,8,0,0,asm,10011+20001,109.1972
gfx938,f8_w8a8_channel,torch.bfloat16,20,128,2048,256,8,0,0,asm,10011+20100,110.8531
gfx938,f8_w8a8_channel,torch.bfloat16,24,128,2048,256,8,0,0,asm,10013+20001,119.2909
gfx938,f8_w8a8_channel,torch.bfloat16,28,128,2048,256,8,0,0,asm,10008+20001,150.9318
gfx938,f8_w8a8_channel,torch.bfloat16,32,128,2048,256,8,0,0,asm,10011+20101,155.9169
gfx938,f8_w8a8_channel,torch.bfloat16,36,128,2048,256,8,0,0,asm,10011+20102,141.3119
gfx938,f8_w8a8_channel,torch.bfloat16,40,128,2048,256,8,0,0,asm,10012+20101,143.4172
gfx938,f8_w8a8_channel,torch.bfloat16,48,128,2048,256,8,0,0,asm,11007+21101,151.2319
gfx938,f8_w8a8_channel,torch.bfloat16,56,128,2048,256,8,0,0,asm,10013+20101,153.8172
gfx938,f8_w8a8_channel,torch.bfloat16,64,128,2048,256,8,0,0,asm,10008+20101,166.4993
gfx938,f8_w8a8_channel,torch.bfloat16,72,128,2048,256,8,0,0,asm,10008+20001,171.6614
gfx938,f8_w8a8_channel,torch.bfloat16,84,128,2048,256,8,0,0,asm,10008+20102,177.9014
gfx938,f8_w8a8_channel,torch.bfloat16,96,128,2048,256,8,0,0,asm,10009+20001,183.8721
gfx938,f8_w8a8_channel,torch.bfloat16,128,128,2048,256,8,0,0,asm,10013+20001,189.7834
gfx938,f8_w8a8_channel,torch.bfloat16,256,128,2048,256,8,0,0,asm,10013+20001,204.3185
gfx938,f8_w8a8_channel,torch.bfloat16,512,128,2048,256,8,0,0,asm,11007+21102,242.3227
gfx938,f8_w8a8_channel,torch.bfloat16,1024,128,2048,256,8,0,0,asm,11007+21102,315.4594
gfx938,f8_w8a8_channel,torch.bfloat16,2048,128,2048,256,8,0,0,asm,12005+21101,463.3503
gfx938,f8_w8a8_channel,torch.bfloat16,4096,128,2048,256,8,0,0,asm,13001+22101,769.5219
gfx938,f8_w8a8_channel,torch.bfloat16,8192,128,2048,256,8,0,0,asm,13001+23101,1321.7488
gfx938,f8_w8a8_channel,torch.bfloat16,1,256,2048,256,8,0,0,asm,10002+20001,45.3656
gfx938,f8_w8a8_channel,torch.bfloat16,2,256,2048,256,8,0,0,asm,10010+20000,55.5299
gfx938,f8_w8a8_channel,torch.bfloat16,4,256,2048,256,8,0,0,asm,10013+20000,74.8984
gfx938,f8_w8a8_channel,torch.bfloat16,8,256,2048,256,8,0,0,asm,10013+20001,103.5888
gfx938,f8_w8a8_channel,torch.bfloat16,12,256,2048,256,8,0,0,asm,10008+20001,136.4223
gfx938,f8_w8a8_channel,torch.bfloat16,16,256,2048,256,8,0,0,asm,10013+20000,151.1341
gfx938,f8_w8a8_channel,torch.bfloat16,20,256,2048,256,8,0,0,asm,10013+20001,167.0046
gfx938,f8_w8a8_channel,torch.bfloat16,24,256,2048,256,8,0,0,asm,10013+20000,178.6342
gfx938,f8_w8a8_channel,torch.bfloat16,28,256,2048,256,8,0,0,asm,10011+20000,216.9022
gfx938,f8_w8a8_channel,torch.bfloat16,32,256,2048,256,8,0,0,asm,10013+20001,225.3068
gfx938,f8_w8a8_channel,torch.bfloat16,36,256,2048,256,8,0,0,asm,10013+20000,215.5774
gfx938,f8_w8a8_channel,torch.bfloat16,40,256,2048,256,8,0,0,asm,10012+20000,229.5481
gfx938,f8_w8a8_channel,torch.bfloat16,48,256,2048,256,8,0,0,asm,10011+20000,241.2701
gfx938,f8_w8a8_channel,torch.bfloat16,56,256,2048,256,8,0,0,asm,10013+20000,247.2316
gfx938,f8_w8a8_channel,torch.bfloat16,64,256,2048,256,8,0,0,asm,10011+20000,260.9467
gfx938,f8_w8a8_channel,torch.bfloat16,72,256,2048,256,8,0,0,asm,10011+20000,269.3195
gfx938,f8_w8a8_channel,torch.bfloat16,84,256,2048,256,8,0,0,asm,10011+20000,278.4738
gfx938,f8_w8a8_channel,torch.bfloat16,96,256,2048,256,8,0,0,asm,10011+20000,285.1854
gfx938,f8_w8a8_channel,torch.bfloat16,128,256,2048,256,8,0,0,asm,10011+20000,296.5451
gfx938,f8_w8a8_channel,torch.bfloat16,256,256,2048,256,8,0,0,asm,10011+20000,323.2658
gfx938,f8_w8a8_channel,torch.bfloat16,512,256,2048,256,8,0,0,asm,11003+21001,370.5243
gfx938,f8_w8a8_channel,torch.bfloat16,1024,256,2048,256,8,0,0,asm,11005+21001,493.6567
gfx938,f8_w8a8_channel,torch.bfloat16,2048,256,2048,256,8,0,0,asm,12005+22001,701.5217
gfx938,f8_w8a8_channel,torch.bfloat16,4096,256,2048,256,8,0,0,asm,13001+23001,1114.2034
gfx938,f8_w8a8_channel,torch.bfloat16,8192,256,2048,256,8,0,0,asm,13001+23001,1941.7732
gfx938,f8_w8a8_channel,torch.bfloat16,1,512,2048,256,8,0,0,asm,10010+20000,54.8814
gfx938,f8_w8a8_channel,torch.bfloat16,2,512,2048,256,8,0,0,asm,10013+20000,70.4603
gfx938,f8_w8a8_channel,torch.bfloat16,4,512,2048,256,8,0,0,asm,10013+20000,105.1972
gfx938,f8_w8a8_channel,torch.bfloat16,8,512,2048,256,8,0,0,asm,10009+20000,164.8183
gfx938,f8_w8a8_channel,torch.bfloat16,12,512,2048,256,8,0,0,asm,10012+20000,208.0941
gfx938,f8_w8a8_channel,torch.bfloat16,16,512,2048,256,8,0,0,asm,10011+20000,251.64730000000003
gfx938,f8_w8a8_channel,torch.bfloat16,20,512,2048,256,8,0,0,asm,10013+20000,279.5267
gfx938,f8_w8a8_channel,torch.bfloat16,24,512,2048,256,8,0,0,asm,10012+20000,305.3961
gfx938,f8_w8a8_channel,torch.bfloat16,28,512,2048,256,8,0,0,asm,10012+20000,361.8788
gfx938,f8_w8a8_channel,torch.bfloat16,32,512,2048,256,8,0,0,asm,10012+20000,380.8515
gfx938,f8_w8a8_channel,torch.bfloat16,36,512,2048,256,8,0,0,asm,10012+20000,389.6738
gfx938,f8_w8a8_channel,torch.bfloat16,40,512,2048,256,8,0,0,asm,10012+20000,398.0781
gfx938,f8_w8a8_channel,torch.bfloat16,48,512,2048,256,8,0,0,asm,10012+20000,430.0198
gfx938,f8_w8a8_channel,torch.bfloat16,56,512,2048,256,8,0,0,asm,10013+20000,448.8065
gfx938,f8_w8a8_channel,torch.bfloat16,64,512,2048,256,8,0,0,asm,10012+20000,464.3266
gfx938,f8_w8a8_channel,torch.bfloat16,72,512,2048,256,8,0,0,asm,10012+20000,475.1222
gfx938,f8_w8a8_channel,torch.bfloat16,84,512,2048,256,8,0,0,asm,10012+20000,495.8213
gfx938,f8_w8a8_channel,torch.bfloat16,96,512,2048,256,8,0,0,asm,10012+20000,512.3264
gfx938,f8_w8a8_channel,torch.bfloat16,128,512,2048,256,8,0,0,asm,10013+20000,531.0043
gfx938,f8_w8a8_channel,torch.bfloat16,256,512,2048,256,8,0,0,asm,10012+20000,554.8523
gfx938,f8_w8a8_channel,torch.bfloat16,512,512,2048,256,8,0,0,asm,11003+21000,622.448
gfx938,f8_w8a8_channel,torch.bfloat16,1024,512,2048,256,8,0,0,asm,12003+22001,740.4944
gfx938,f8_w8a8_channel,torch.bfloat16,2048,512,2048,256,8,0,0,asm,12001+22001,989.1678
gfx938,f8_w8a8_channel,torch.bfloat16,4096,512,2048,256,8,0,0,asm,13001+23001,1495.7696
gfx938,f8_w8a8_channel,torch.bfloat16,8192,512,2048,256,8,0,0,asm,13001+23001,2566.2538
gfx936,int8_w8a8_channel,torch.bfloat16,1,128,6144,256,14,0,0,asm,10002+20000,61.2898
gfx936,int8_w8a8_channel,torch.bfloat16,2,128,6144,256,14,0,0,asm,10008+20000,93.0624
gfx936,int8_w8a8_channel,torch.bfloat16,4,128,6144,256,14,0,0,asm,10013+20001,144.2793
gfx936,int8_w8a8_channel,torch.bfloat16,6,128,6144,256,14,0,0,asm,10001+20001,192.4561
gfx936,int8_w8a8_channel,torch.bfloat16,8,128,6144,256,14,0,0,asm,10001+20001,231.3025
gfx936,int8_w8a8_channel,torch.bfloat16,12,128,6144,256,14,0,0,asm,10001+20001,300.9783
gfx936,int8_w8a8_channel,torch.bfloat16,16,128,6144,256,14,0,0,asm,10001+20001,346.7635
gfx936,int8_w8a8_channel,torch.bfloat16,24,128,6144,256,14,0,0,asm,10001+20001,437.0088
gfx936,int8_w8a8_channel,torch.bfloat16,32,128,6144,256,14,0,0,asm,10001+20001,506.4014
gfx936,int8_w8a8_channel,torch.bfloat16,48,128,6144,256,14,0,0,asm,10001+20001,534.5499
gfx936,int8_w8a8_channel,torch.bfloat16,64,128,6144,256,14,0,0,asm,10001+20001,569.3793
gfx936,int8_w8a8_channel,torch.bfloat16,96,128,6144,256,14,0,0,asm,10001+20001,598.8445
gfx936,int8_w8a8_channel,torch.bfloat16,128,128,6144,256,14,0,0,asm,10001+20001,627.6614
gfx936,int8_w8a8_channel,torch.bfloat16,256,128,6144,256,14,0,0,asm,10013+20001,717.7077
gfx936,int8_w8a8_channel,torch.bfloat16,384,128,6144,256,14,0,0,asm,11000+21001,795.0367
gfx936,int8_w8a8_channel,torch.bfloat16,512,128,6144,256,14,0,0,asm,11007+21001,850.2381
gfx936,int8_w8a8_channel,torch.bfloat16,768,128,6144,256,14,0,0,asm,12004+22001,1034.3053
gfx936,int8_w8a8_channel,torch.bfloat16,1024,128,6144,256,14,0,0,asm,12005+22001,1140.7731
gfx936,int8_w8a8_channel,torch.bfloat16,1536,128,6144,256,14,0,0,asm,12001+21101,1542.9711
gfx936,int8_w8a8_channel,torch.bfloat16,2048,128,6144,256,14,0,0,asm,12001+22001,1758.2886
gfx936,int8_w8a8_channel,torch.bfloat16,3072,128,6144,256,14,0,0,asm,12001+22001,2495.8459
gfx936,int8_w8a8_channel,torch.bfloat16,4096,128,6144,256,14,0,0,asm,13001+23001,3008.121
gfx936,int8_w8a8_channel,torch.bfloat16,6144,128,6144,256,14,0,0,asm,13001+23001,4375.0904
gfx936,int8_w8a8_channel,torch.bfloat16,8192,128,6144,256,14,0,0,asm,13001+23001,5762.104
gfx936,int8_w8a8_channel,torch.bfloat16,1,64,6144,256,14,0,0,asm,10000+20000,50.654
gfx936,int8_w8a8_channel,torch.bfloat16,2,64,6144,256,14,0,0,asm,10002+20001,68.7172
gfx936,int8_w8a8_channel,torch.bfloat16,4,64,6144,256,14,0,0,asm,10001+20001,102.1319
gfx936,int8_w8a8_channel,torch.bfloat16,8,64,6144,256,14,0,0,asm,10001+20001,149.9298
gfx936,int8_w8a8_channel,torch.bfloat16,12,64,6144,256,14,0,0,asm,10000+20001,198.957
gfx936,int8_w8a8_channel,torch.bfloat16,16,64,6144,256,14,0,0,asm,10001+20001,222.1147
gfx936,int8_w8a8_channel,torch.bfloat16,20,64,6144,256,14,0,0,asm,10001+20001,246.4151
gfx936,int8_w8a8_channel,torch.bfloat16,24,64,6144,256,14,0,0,asm,10001+20001,274.8614
gfx936,int8_w8a8_channel,torch.bfloat16,28,64,6144,256,14,0,0,asm,10001+20001,307.2685
gfx936,int8_w8a8_channel,torch.bfloat16,32,64,6144,256,14,0,0,asm,10001+20001,319.0243
gfx936,int8_w8a8_channel,torch.bfloat16,36,64,6144,256,14,0,0,asm,10001+20001,313.4468
gfx936,int8_w8a8_channel,torch.bfloat16,40,64,6144,256,14,0,0,asm,10001+20001,322.2467
gfx936,int8_w8a8_channel,torch.bfloat16,48,64,6144,256,14,0,0,asm,10001+20001,331.6953
gfx936,int8_w8a8_channel,torch.bfloat16,56,64,6144,256,14,0,0,asm,10001+20001,339.0719
gfx936,int8_w8a8_channel,torch.bfloat16,64,64,6144,256,14,0,0,asm,10001+20001,348.1667
gfx936,int8_w8a8_channel,torch.bfloat16,72,64,6144,256,14,0,0,asm,10001+20001,352.3182
gfx936,int8_w8a8_channel,torch.bfloat16,84,64,6144,256,14,0,0,asm,10001+20001,370.9876
gfx936,int8_w8a8_channel,torch.bfloat16,96,64,6144,256,14,0,0,asm,10001+20001,374.6169
gfx936,int8_w8a8_channel,torch.bfloat16,128,64,6144,256,14,0,0,asm,10001+20001,395.5013
gfx936,int8_w8a8_channel,torch.bfloat16,196,64,6144,256,14,0,0,asm,10001+20001,426.5073
gfx936,int8_w8a8_channel,torch.bfloat16,256,64,6144,256,14,0,0,asm,10002+20001,472.9749
gfx936,int8_w8a8_channel,torch.bfloat16,512,64,6144,256,14,0,0,asm,11006+21001,614.4989
gfx936,int8_w8a8_channel,torch.bfloat16,1024,64,6144,256,14,0,0,asm,12000+22001,924.4439
gfx936,int8_w8a8_channel,torch.bfloat16,2048,64,6144,256,14,0,0,asm,13000+23001,1546.5574
gfx936,int8_w8a8_channel,torch.bfloat16,4096,64,6144,256,14,0,0,asm,13000+23001,2825.1922
gfx936,int8_w8a8_channel,torch.bfloat16,8192,64,6144,256,14,0,0,asm,13000+23001,5480.1453
gfx938,f8_w8a8_channel,torch.float16,1,512,4096,257,7,0,0,asm,10008+20000,68.7339
gfx938,f8_w8a8_channel,torch.float16,2,512,4096,257,7,0,0,asm,10012+20000,94.2245
gfx938,f8_w8a8_channel,torch.float16,4,512,4096,257,7,0,0,asm,10011+20000,151.6645
gfx938,f8_w8a8_channel,torch.float16,8,512,4096,257,7,0,0,asm,10011+20000,237.1971
gfx938,f8_w8a8_channel,torch.float16,16,512,4096,257,7,0,0,asm,10011+20000,437.0894
gfx938,f8_w8a8_channel,torch.float16,32,512,4096,257,7,0,0,asm,10011+20000,652.8029
gfx938,f8_w8a8_channel,torch.float16,64,512,4096,257,7,0,0,asm,10012+20000,865.0675
gfx938,f8_w8a8_channel,torch.float16,128,512,4096,257,7,0,0,asm,10011+20000,1011.3345
gfx938,f8_w8a8_channel,torch.float16,256,512,4096,257,7,0,0,asm,10011+20000,1087.2665
gfx938,f8_w8a8_channel,torch.float16,512,512,4096,257,7,0,0,asm,11005+21000,1155.0628
gfx938,f8_w8a8_channel,torch.float16,1024,512,4096,257,7,0,0,asm,12005+22001,1299.6955
gfx938,f8_w8a8_channel,torch.float16,2048,512,4096,257,7,0,0,asm,12001+22001,1489.8261
gfx938,f8_w8a8_channel,torch.float16,4096,512,4096,257,7,0,0,asm,13001+23001,2090.9377
gfx938,f8_w8a8_channel,torch.float16,8192,512,4096,257,7,0,0,asm,13001+23001,3745.4473
gfx938,f8_w8a8_channel,torch.float16,1,384,4096,128,8,0,0,asm,10008+20000,55.2688
gfx938,f8_w8a8_channel,torch.float16,2,384,4096,128,8,0,0,asm,10011+20001,79.9846
gfx938,f8_w8a8_channel,torch.float16,3,384,4096,128,8,0,0,asm,10002+20000,113.8372
gfx938,f8_w8a8_channel,torch.float16,4,384,4096,128,8,0,0,asm,10008+20000,131.8414
gfx938,f8_w8a8_channel,torch.float16,5,384,4096,128,8,0,0,asm,10011+20000,145.8035
gfx938,f8_w8a8_channel,torch.float16,6,384,4096,128,8,0,0,asm,10002+20001,183.5213
gfx938,f8_w8a8_channel,torch.float16,7,384,4096,128,8,0,0,asm,10008+20000,192.6666
gfx938,f8_w8a8_channel,torch.float16,8,384,4096,128,8,0,0,asm,10011+20000,201.4161
gfx938,f8_w8a8_channel,torch.float16,9,384,4096,128,8,0,0,asm,10011+20000,217.8368
gfx938,f8_w8a8_channel,torch.float16,10,384,4096,128,8,0,0,asm,10002+20000,255.3694
gfx938,f8_w8a8_channel,torch.float16,11,384,4096,128,8,0,0,asm,10008+20000,262.8306
gfx938,f8_w8a8_channel,torch.float16,12,384,4096,128,8,0,0,asm,10011+20000,271.6306
gfx938,f8_w8a8_channel,torch.float16,13,384,4096,128,8,0,0,asm,10011+20000,276.7169
gfx938,f8_w8a8_channel,torch.float16,14,384,4096,128,8,0,0,asm,10011+20000,283.1843
gfx938,f8_w8a8_channel,torch.float16,15,384,4096,128,8,0,0,asm,10011+20000,293.0201
gfx938,f8_w8a8_channel,torch.float16,16,384,4096,128,8,0,0,asm,10011+20000,321.0705
gfx938,f8_w8a8_channel,torch.float16,17,384,4096,128,8,0,0,asm,10011+20000,323.6444
gfx938,f8_w8a8_channel,torch.float16,18,384,4096,128,8,0,0,asm,10011+20000,337.1096
gfx938,f8_w8a8_channel,torch.float16,20,384,4096,128,8,0,0,asm,10011+20000,342.3222
gfx938,f8_w8a8_channel,torch.float16,24,384,4096,128,8,0,0,asm,10011+20000,354.7012
gfx938,f8_w8a8_channel,torch.float16,28,384,4096,128,8,0,0,asm,10011+20000,385.4663
gfx938,f8_w8a8_channel,torch.float16,32,384,4096,128,8,0,0,asm,10011+20000,385.2978
gfx938,f8_w8a8_channel,torch.float16,34,384,4096,128,8,0,0,asm,10011+20000,395.8717
gfx938,f8_w8a8_channel,torch.float16,36,384,4096,128,8,0,0,asm,10011+20000,399.2064
gfx938,f8_w8a8_channel,torch.float16,40,384,4096,128,8,0,0,asm,10011+20000,402.2127
gfx938,f8_w8a8_channel,torch.float16,44,384,4096,128,8,0,0,asm,10011+20000,409.4717
gfx938,f8_w8a8_channel,torch.float16,48,384,4096,128,8,0,0,asm,10011+20000,415.9138
gfx938,f8_w8a8_channel,torch.float16,56,384,4096,128,8,0,0,asm,10011+20000,418.5159
gfx938,f8_w8a8_channel,torch.float16,64,384,4096,128,8,0,0,asm,10011+20000,433.7188
gfx938,f8_w8a8_channel,torch.float16,68,384,4096,128,8,0,0,asm,10011+20000,418.5917
gfx938,f8_w8a8_channel,torch.float16,72,384,4096,128,8,0,0,asm,10011+20000,420.478
gfx938,f8_w8a8_channel,torch.float16,80,384,4096,128,8,0,0,asm,10011+20000,421.5643
gfx938,f8_w8a8_channel,torch.float16,88,384,4096,128,8,0,0,asm,10011+20000,426.1369
gfx938,f8_w8a8_channel,torch.float16,96,384,4096,128,8,0,0,asm,10011+20000,427.8801
gfx938,f8_w8a8_channel,torch.float16,104,384,4096,128,8,0,0,asm,10011+20000,428.7054
gfx938,f8_w8a8_channel,torch.float16,112,384,4096,128,8,0,0,asm,10011+20000,429.4043
gfx938,f8_w8a8_channel,torch.float16,128,384,4096,128,8,0,0,asm,10011+20000,423.1812
gfx938,f8_w8a8_channel,torch.float16,144,384,4096,128,8,0,0,asm,11005+21000,442.7937
gfx938,f8_w8a8_channel,torch.float16,160,384,4096,128,8,0,0,asm,11005+21000,452.9158
gfx938,f8_w8a8_channel,torch.float16,192,384,4096,128,8,0,0,asm,11005+21000,444.8569
gfx938,f8_w8a8_channel,torch.float16,224,384,4096,128,8,0,0,asm,11005+21000,475.5432
gfx938,f8_w8a8_channel,torch.float16,256,384,4096,128,8,0,0,asm,11005+21000,471.8968
gfx938,f8_w8a8_channel,torch.float16,320,384,4096,128,8,0,0,asm,11005+21000,508.94950000000006
gfx938,f8_w8a8_channel,torch.float16,384,384,4096,128,8,0,0,asm,11005+21000,516.36
gfx938,f8_w8a8_channel,torch.float16,448,384,4096,128,8,0,0,asm,11005+21000,545.4884
gfx938,f8_w8a8_channel,torch.float16,512,384,4096,128,8,0,0,asm,12001+22001,571.3999
gfx938,f8_w8a8_channel,torch.float16,576,384,4096,128,8,0,0,asm,12005+22001,580.6126
gfx938,f8_w8a8_channel,torch.float16,640,384,4096,128,8,0,0,asm,12005+22001,589.8841
gfx938,f8_w8a8_channel,torch.float16,704,384,4096,128,8,0,0,asm,12001+22001,596.8315
gfx938,f8_w8a8_channel,torch.float16,768,384,4096,128,8,0,0,asm,12001+22001,613.3367
gfx938,f8_w8a8_channel,torch.float16,832,384,4096,128,8,0,0,asm,12001+22001,619.5936
gfx938,f8_w8a8_channel,torch.float16,896,384,4096,128,8,0,0,asm,12001+22001,660.6293
gfx938,f8_w8a8_channel,torch.float16,960,384,4096,128,8,0,0,asm,12001+22001,713.2439
gfx938,f8_w8a8_channel,torch.float16,1024,384,4096,128,8,0,0,asm,12001+22001,765.7492
gfx938,f8_w8a8_channel,torch.float16,1152,384,4096,128,8,0,0,asm,13001+23001,812.4944
gfx938,f8_w8a8_channel,torch.float16,1280,384,4096,128,8,0,0,asm,13001+23001,835.6775
gfx938,f8_w8a8_channel,torch.float16,1408,384,4096,128,8,0,0,asm,13001+23001,849.8334
gfx938,f8_w8a8_channel,torch.float16,1536,384,4096,128,8,0,0,asm,13001+23001,869.4461
gfx938,f8_w8a8_channel,torch.float16,1664,384,4096,128,8,0,0,asm,13001+23001,933.5218
gfx938,f8_w8a8_channel,torch.float16,1792,384,4096,128,8,0,0,asm,13001+23001,917.1772
gfx938,f8_w8a8_channel,torch.float16,1920,384,4096,128,8,0,0,asm,13001+23001,995.0971
gfx938,f8_w8a8_channel,torch.float16,2048,384,4096,128,8,0,0,asm,13001+23001,1111.8717
gfx938,f8_w8a8_channel,torch.float16,2304,384,4096,128,8,0,0,asm,12001+22001,1461.1508
gfx938,f8_w8a8_channel,torch.float16,2560,384,4096,128,8,0,0,asm,12001+22001,1510.2455
gfx938,f8_w8a8_channel,torch.float16,2816,384,4096,128,8,0,0,asm,13001+23001,1561.7571
gfx938,f8_w8a8_channel,torch.float16,3072,384,4096,128,8,0,0,asm,13001+23001,1589.7402
gfx938,f8_w8a8_channel,torch.float16,3328,384,4096,128,8,0,0,asm,13001+23001,1627.0454
gfx938,f8_w8a8_channel,torch.float16,3584,384,4096,128,8,0,0,asm,13001+23001,1710.9864
gfx938,f8_w8a8_channel,torch.float16,3840,384,4096,128,8,0,0,asm,13001+23001,1792.6704
gfx938,f8_w8a8_channel,torch.float16,4096,384,4096,128,8,0,0,asm,13001+23001,2003.5165999999997
gfx938,f8_w8a8_channel,torch.float16,4608,384,4096,128,8,0,0,asm,13001+23001,2356.1815
gfx938,f8_w8a8_channel,torch.float16,5120,384,4096,128,8,0,0,asm,13001+23001,2424.6361
gfx938,f8_w8a8_channel,torch.float16,5632,384,4096,128,8,0,0,asm,13001+23001,2556.0549
gfx938,f8_w8a8_channel,torch.float16,6144,384,4096,128,8,0,0,asm,13001+23001,2874.4883
gfx938,f8_w8a8_channel,torch.float16,6656,384,4096,128,8,0,0,asm,13001+23001,3166.0502
gfx938,f8_w8a8_channel,torch.float16,7168,384,4096,128,8,0,0,asm,13001+23001,3247.5154
gfx938,f8_w8a8_channel,torch.float16,7680,384,4096,128,8,0,0,asm,13001+23001,3383.431
gfx938,f8_w8a8_channel,torch.float16,8192,384,4096,128,8,0,0,asm,13001+23001,3674.075
gfx938,f8_w8a8_channel,torch.float16,10240,384,4096,128,8,0,0,asm,13001+23001,4497.6364
gfx938,f8_w8a8_channel,torch.float16,12288,384,4096,128,8,0,0,asm,13001+23001,5318.7134
gfx938,f8_w8a8_channel,torch.float16,14336,384,4096,128,8,0,0,asm,13001+23001,6162.4852
gfx938,f8_w8a8_channel,torch.float16,16384,384,4096,128,8,0,0,asm,13001+23001,6971.4189
gfx938,f8_w8a8_channel,torch.float16,17408,384,4096,128,8,0,0,asm,13001+23001,7418.787
gfx938,f8_w8a8_channel,torch.float16,24576,384,4096,128,8,0,0,asm,13001+23001,10284.2411
gfx938,f8_w8a8_channel,torch.float16,32768,384,4096,128,8,0,0,asm,13001+23001,13583.8167
gfx938,f8_w8a8_channel,torch.float16,40960,384,4096,128,8,0,0,asm,13001+23001,16872.3694
gfx938,f8_w8a8_channel,torch.float16,49152,384,4096,128,8,0,0,asm,13001+23001,20203.1205
gfx938,f8_w8a8_channel,torch.float16,57344,384,4096,128,8,0,0,asm,13001+23001,23652.754
gfx938,f8_w8a8_channel,torch.float16,65536,384,4096,128,8,0,0,asm,13001+23001,26812.3433
gfx938,f8_w8a8_channel,torch.bfloat16,1,160,2560,512,10,0,0,asm,10002+20000,55.5888
gfx938,f8_w8a8_channel,torch.bfloat16,2,160,2560,512,10,0,0,asm,10008+20000,69.4919
gfx938,f8_w8a8_channel,torch.bfloat16,3,160,2560,512,10,0,0,asm,10011+20001,80.0519
gfx938,f8_w8a8_channel,torch.bfloat16,4,160,2560,512,10,0,0,asm,10008+20001,90.0225
gfx938,f8_w8a8_channel,torch.bfloat16,5,160,2560,512,10,0,0,asm,10002+20001,102.0814
gfx938,f8_w8a8_channel,torch.bfloat16,6,160,2560,512,10,0,0,asm,10008+20001,109.9298
gfx938,f8_w8a8_channel,torch.bfloat16,7,160,2560,512,10,0,0,asm,10008+20001,115.5802
gfx938,f8_w8a8_channel,torch.bfloat16,8,160,2560,512,10,0,0,asm,10002+20001,130.8224
gfx938,f8_w8a8_channel,torch.bfloat16,9,160,2560,512,10,0,0,asm,10002+20001,144.4139
gfx938,f8_w8a8_channel,torch.bfloat16,10,160,2560,512,10,0,0,asm,10002+20001,151.7993
gfx938,f8_w8a8_channel,torch.bfloat16,11,160,2560,512,10,0,0,asm,10002+20001,160.9866
gfx938,f8_w8a8_channel,torch.bfloat16,12,160,2560,512,10,0,0,asm,10008+20001,166.3339
gfx938,f8_w8a8_channel,torch.bfloat16,13,160,2560,512,10,0,0,asm,10002+20001,180.9781
gfx938,f8_w8a8_channel,torch.bfloat16,14,160,2560,512,10,0,0,asm,10008+20001,185.1214
gfx938,f8_w8a8_channel,torch.bfloat16,15,160,2560,512,10,0,0,asm,10009+20001,201.1972
gfx938,f8_w8a8_channel,torch.bfloat16,16,160,2560,512,10,0,0,asm,10008+20001,208.8097
gfx938,f8_w8a8_channel,torch.bfloat16,17,160,2560,512,10,0,0,asm,10008+20001,195.0805
gfx938,f8_w8a8_channel,torch.bfloat16,18,160,2560,512,10,0,0,asm,10002+20001,209.7667
gfx938,f8_w8a8_channel,torch.bfloat16,20,160,2560,512,10,0,0,asm,10009+20001,218.1036
gfx938,f8_w8a8_channel,torch.bfloat16,24,160,2560,512,10,0,0,asm,10008+20001,250.3141
gfx938,f8_w8a8_channel,torch.bfloat16,28,160,2560,512,10,0,0,asm,10009+20001,275.1056
gfx938,f8_w8a8_channel,torch.bfloat16,32,160,2560,512,10,0,0,asm,10008+20001,294.6425
gfx938,f8_w8a8_channel,torch.bfloat16,34,160,2560,512,10,0,0,asm,10008+20001,297.4633
gfx938,f8_w8a8_channel,torch.bfloat16,36,160,2560,512,10,0,0,asm,10008+20001,315.0633
gfx938,f8_w8a8_channel,torch.bfloat16,40,160,2560,512,10,0,0,asm,10008+20001,330.7603
gfx938,f8_w8a8_channel,torch.bfloat16,44,160,2560,512,10,0,0,asm,10008+20001,346.0277
gfx938,f8_w8a8_channel,torch.bfloat16,48,160,2560,512,10,0,0,asm,10008+20001,366.112
gfx938,f8_w8a8_channel,torch.bfloat16,56,160,2560,512,10,0,0,asm,10009+20001,395.6021
gfx938,f8_w8a8_channel,torch.bfloat16,64,160,2560,512,10,0,0,asm,10009+20001,418.5076
gfx938,f8_w8a8_channel,torch.bfloat16,68,160,2560,512,10,0,0,asm,10008+20001,424.4025
gfx938,f8_w8a8_channel,torch.bfloat16,72,160,2560,512,10,0,0,asm,10008+20001,438.8868
gfx938,f8_w8a8_channel,torch.bfloat16,80,160,2560,512,10,0,0,asm,10008+20001,453.0593
gfx938,f8_w8a8_channel,torch.bfloat16,88,160,2560,512,10,0,0,asm,10008+20001,468.8486
gfx938,f8_w8a8_channel,torch.bfloat16,96,160,2560,512,10,0,0,asm,10008+20001,485.1013
gfx938,f8_w8a8_channel,torch.bfloat16,104,160,2560,512,10,0,0,asm,10008+20001,506.17080000000004
gfx938,f8_w8a8_channel,torch.bfloat16,112,160,2560,512,10,0,0,asm,10008+20001,509.39579999999995
gfx938,f8_w8a8_channel,torch.bfloat16,128,160,2560,512,10,0,0,asm,10008+20001,528.7729
gfx938,f8_w8a8_channel,torch.bfloat16,144,160,2560,512,10,0,0,asm,10008+20001,536.7981
gfx938,f8_w8a8_channel,torch.bfloat16,160,160,2560,512,10,0,0,asm,10008+20001,550.0276
gfx938,f8_w8a8_channel,torch.bfloat16,192,160,2560,512,10,0,0,asm,10002+20001,568.0824
gfx938,f8_w8a8_channel,torch.bfloat16,224,160,2560,512,10,0,0,asm,10008+20001,577.9941
gfx938,f8_w8a8_channel,torch.bfloat16,256,160,2560,512,10,0,0,asm,10008+20001,582.0621
gfx938,f8_w8a8_channel,torch.bfloat16,320,160,2560,512,10,0,0,asm,10002+20001,607.089
gfx938,f8_w8a8_channel,torch.bfloat16,384,160,2560,512,10,0,0,asm,10008+20001,610.0531
gfx938,f8_w8a8_channel,torch.bfloat16,448,160,2560,512,10,0,0,asm,10009+20001,636.672
gfx938,f8_w8a8_channel,torch.bfloat16,512,160,2560,512,10,0,0,asm,10008+20001,654.4065
gfx938,f8_w8a8_channel,torch.bfloat16,576,160,2560,512,10,0,0,asm,10008+20001,668.1244
gfx938,f8_w8a8_channel,torch.bfloat16,640,160,2560,512,10,0,0,asm,11004+21001,692.4196
gfx938,f8_w8a8_channel,torch.bfloat16,704,160,2560,512,10,0,0,asm,11004+21001,705.5053
gfx938,f8_w8a8_channel,torch.bfloat16,768,160,2560,512,10,0,0,asm,11004+21001,716.8232
gfx938,f8_w8a8_channel,torch.bfloat16,832,160,2560,512,10,0,0,asm,11004+21001,727.5519
gfx938,f8_w8a8_channel,torch.bfloat16,896,160,2560,512,10,0,0,asm,11004+21001,740.5537
gfx938,f8_w8a8_channel,torch.bfloat16,960,160,2560,512,10,0,0,asm,11004+21001,752.3769
gfx938,f8_w8a8_channel,torch.bfloat16,1024,160,2560,512,10,0,0,asm,11004+21001,765.3035
gfx938,f8_w8a8_channel,torch.bfloat16,1152,160,2560,512,10,0,0,asm,11004+21001,796.0569
gfx938,f8_w8a8_channel,torch.bfloat16,1280,160,2560,512,10,0,0,asm,11004+21001,837.9427
gfx938,f8_w8a8_channel,torch.bfloat16,1408,160,2560,512,10,0,0,asm,11004+21001,901.9433
gfx938,f8_w8a8_channel,torch.bfloat16,1536,160,2560,512,10,0,0,asm,11004+21001,976.4189
gfx938,f8_w8a8_channel,torch.bfloat16,1664,160,2560,512,10,0,0,asm,12000+22001,1032.1325
gfx938,f8_w8a8_channel,torch.bfloat16,1792,160,2560,512,10,0,0,asm,12000+22001,1061.8758
gfx938,f8_w8a8_channel,torch.bfloat16,1920,160,2560,512,10,0,0,asm,12000+22001,1081.7072
gfx938,f8_w8a8_channel,torch.bfloat16,2048,160,2560,512,10,0,0,asm,12000+22001,1100.0231
gfx938,f8_w8a8_channel,torch.bfloat16,2304,160,2560,512,10,0,0,asm,12000+22001,1136.6208
gfx938,f8_w8a8_channel,torch.bfloat16,2560,160,2560,512,10,0,0,asm,12000+22001,1201.6567
gfx938,f8_w8a8_channel,torch.bfloat16,2816,160,2560,512,10,0,0,asm,12000+22001,1282.3302
gfx938,f8_w8a8_channel,torch.bfloat16,3072,160,2560,512,10,0,0,asm,12000+22001,1433.3619
gfx938,f8_w8a8_channel,torch.bfloat16,3328,160,2560,512,10,0,0,asm,12000+22001,1655.4503
gfx938,f8_w8a8_channel,torch.bfloat16,3584,160,2560,512,10,0,0,asm,13001+23001,1755.2396
gfx938,f8_w8a8_channel,torch.bfloat16,3840,160,2560,512,10,0,0,asm,13001+23001,1798.1025
gfx938,f8_w8a8_channel,torch.bfloat16,4096,160,2560,512,10,0,0,asm,13001+23001,1827.9467
gfx938,f8_w8a8_channel,torch.bfloat16,4608,160,2560,512,10,0,0,asm,13001+23001,1914.0359
gfx938,f8_w8a8_channel,torch.bfloat16,5120,160,2560,512,10,0,0,asm,13001+23001,2008.7298000000003
gfx938,f8_w8a8_channel,torch.bfloat16,5632,160,2560,512,10,0,0,asm,13001+23001,2120.2843
gfx938,f8_w8a8_channel,torch.bfloat16,6144,160,2560,512,10,0,0,asm,13001+23001,2406.2864
gfx938,f8_w8a8_channel,torch.bfloat16,6656,160,2560,512,10,0,0,asm,13001+23001,2824.7808
gfx938,f8_w8a8_channel,torch.bfloat16,7168,160,2560,512,10,0,0,asm,12004+22001,3160.2152
gfx938,f8_w8a8_channel,torch.bfloat16,7680,160,2560,512,10,0,0,asm,12000+22001,3294.7083
gfx938,f8_w8a8_channel,torch.bfloat16,8192,160,2560,512,10,0,0,asm,12000+22001,3388.191
gfx938,f8_w8a8_channel,torch.bfloat16,10240,160,2560,512,10,0,0,asm,13001+23001,3869.2519
gfx938,f8_w8a8_channel,torch.bfloat16,12288,160,2560,512,10,0,0,asm,13001+23001,4301.7984
gfx938,f8_w8a8_channel,torch.bfloat16,14336,160,2560,512,10,0,0,asm,13001+23001,5496.7782
gfx938,f8_w8a8_channel,torch.bfloat16,16384,160,2560,512,10,0,0,asm,13001+23001,5882.2852
gfx938,f8_w8a8_channel,torch.bfloat16,17408,160,2560,512,10,0,0,asm,13001+23000,6152.7701
gfx938,f8_w8a8_channel,torch.bfloat16,24576,160,2560,512,10,0,0,asm,13001+23001,8283.7273
gfx938,f8_w8a8_channel,torch.bfloat16,32768,160,2560,512,10,0,0,asm,13001+23001,11101.9047
gfx938,f8_w8a8_channel,torch.bfloat16,40960,160,2560,512,10,0,0,asm,13001+23001,13798.6253
gfx938,f8_w8a8_channel,torch.bfloat16,49152,160,2560,512,10,0,0,asm,13001+23001,16304.0375
gfx938,f8_w8a8_channel,torch.bfloat16,57344,160,2560,512,10,0,0,asm,13001+23001,18799.5012
gfx938,f8_w8a8_channel,torch.bfloat16,65536,160,2560,512,10,0,0,asm,13001+23001,21494.3738
gfx938,f8_w8a8_channel,torch.bfloat16,1,80,2560,512,10,0,0,asm,10001+20000,50.3509
gfx938,f8_w8a8_channel,torch.bfloat16,2,80,2560,512,10,0,0,asm,10002+20000,59.8246
gfx938,f8_w8a8_channel,torch.bfloat16,3,80,2560,512,10,0,0,asm,10008+20001,64.5739
gfx938,f8_w8a8_channel,torch.bfloat16,4,80,2560,512,10,0,0,asm,10002+20001,73.1298
gfx938,f8_w8a8_channel,torch.bfloat16,5,80,2560,512,10,0,0,asm,10011+20001,77.9719
gfx938,f8_w8a8_channel,torch.bfloat16,6,80,2560,512,10,0,0,asm,10011+20001,81.214
gfx938,f8_w8a8_channel,torch.bfloat16,7,80,2560,512,10,0,0,asm,10011+20001,86.7466
gfx938,f8_w8a8_channel,torch.bfloat16,8,80,2560,512,10,0,0,asm,10002+20001,99.6307
gfx938,f8_w8a8_channel,torch.bfloat16,9,80,2560,512,10,0,0,asm,10006+20001,109.2308
gfx938,f8_w8a8_channel,torch.bfloat16,10,80,2560,512,10,0,0,asm,10008+20001,115.1677
gfx938,f8_w8a8_channel,torch.bfloat16,11,80,2560,512,10,0,0,asm,10008+20001,118.7045
gfx938,f8_w8a8_channel,torch.bfloat16,12,80,2560,512,10,0,0,asm,10011+20001,122.9741
gfx938,f8_w8a8_channel,torch.bfloat16,13,80,2560,512,10,0,0,asm,10011+20001,128.3466
gfx938,f8_w8a8_channel,torch.bfloat16,14,80,2560,512,10,0,0,asm,10012+20001,133.3487
gfx938,f8_w8a8_channel,torch.bfloat16,15,80,2560,512,10,0,0,asm,10006+20001,150.0813
gfx938,f8_w8a8_channel,torch.bfloat16,16,80,2560,512,10,0,0,asm,10002+20001,151.4791
gfx938,f8_w8a8_channel,torch.bfloat16,17,80,2560,512,10,0,0,asm,10002+20001,137.9773
gfx938,f8_w8a8_channel,torch.bfloat16,18,80,2560,512,10,0,0,asm,10011+20001,144.0236
gfx938,f8_w8a8_channel,torch.bfloat16,20,80,2560,512,10,0,0,asm,10011+20001,147.3921
gfx938,f8_w8a8_channel,torch.bfloat16,24,80,2560,512,10,0,0,asm,10002+20001,171.9563
gfx938,f8_w8a8_channel,torch.bfloat16,28,80,2560,512,10,0,0,asm,10011+20001,179.7541
gfx938,f8_w8a8_channel,torch.bfloat16,32,80,2560,512,10,0,0,asm,10011+20001,189.6657
gfx938,f8_w8a8_channel,torch.bfloat16,34,80,2560,512,10,0,0,asm,10011+20001,195.2825
gfx938,f8_w8a8_channel,torch.bfloat16,36,80,2560,512,10,0,0,asm,10011+20001,215.2488
gfx938,f8_w8a8_channel,torch.bfloat16,40,80,2560,512,10,0,0,asm,10011+20001,220.4362
gfx938,f8_w8a8_channel,torch.bfloat16,44,80,2560,512,10,0,0,asm,10011+20001,227.5939
gfx938,f8_w8a8_channel,torch.bfloat16,48,80,2560,512,10,0,0,asm,10011+20001,234.4909
gfx938,f8_w8a8_channel,torch.bfloat16,56,80,2560,512,10,0,0,asm,10011+20001,260.1919
gfx938,f8_w8a8_channel,torch.bfloat16,64,80,2560,512,10,0,0,asm,10011+20001,267.8382
gfx938,f8_w8a8_channel,torch.bfloat16,68,80,2560,512,10,0,0,asm,10011+20001,270.3476
gfx938,f8_w8a8_channel,torch.bfloat16,72,80,2560,512,10,0,0,asm,10011+20001,288.2257
gfx938,f8_w8a8_channel,torch.bfloat16,80,80,2560,512,10,0,0,asm,10011+20001,296.6887
gfx938,f8_w8a8_channel,torch.bfloat16,88,80,2560,512,10,0,0,asm,10011+20001,298.0361
gfx938,f8_w8a8_channel,torch.bfloat16,96,80,2560,512,10,0,0,asm,10011+20001,307.0902
gfx938,f8_w8a8_channel,torch.bfloat16,104,80,2560,512,10,0,0,asm,10011+20001,328.4201
gfx938,f8_w8a8_channel,torch.bfloat16,112,80,2560,512,10,0,0,asm,10011+20001,331.0045
gfx938,f8_w8a8_channel,torch.bfloat16,128,80,2560,512,10,0,0,asm,10011+20001,339.5181
gfx938,f8_w8a8_channel,torch.bfloat16,144,80,2560,512,10,0,0,asm,10011+20001,343.7119
gfx938,f8_w8a8_channel,torch.bfloat16,160,80,2560,512,10,0,0,asm,10011+20001,349.8761
gfx938,f8_w8a8_channel,torch.bfloat16,192,80,2560,512,10,0,0,asm,10011+20001,358.2718
gfx938,f8_w8a8_channel,torch.bfloat16,224,80,2560,512,10,0,0,asm,10011+20001,363.5771
gfx938,f8_w8a8_channel,torch.bfloat16,256,80,2560,512,10,0,0,asm,10011+20001,374.4066
gfx938,f8_w8a8_channel,torch.bfloat16,320,80,2560,512,10,0,0,asm,10011+20001,385.7835
gfx938,f8_w8a8_channel,torch.bfloat16,384,80,2560,512,10,0,0,asm,10011+20001,403.2662
gfx938,f8_w8a8_channel,torch.bfloat16,448,80,2560,512,10,0,0,asm,10011+20001,417.1097
gfx938,f8_w8a8_channel,torch.bfloat16,512,80,2560,512,10,0,0,asm,10011+20001,435.9223
gfx938,f8_w8a8_channel,torch.bfloat16,576,80,2560,512,10,0,0,asm,10011+20001,443.9897
gfx938,f8_w8a8_channel,torch.bfloat16,640,80,2560,512,10,0,0,asm,11005+21001,471.9983
gfx938,f8_w8a8_channel,torch.bfloat16,704,80,2560,512,10,0,0,asm,11005+21001,478.7602
gfx938,f8_w8a8_channel,torch.bfloat16,768,80,2560,512,10,0,0,asm,11005+21001,487.3918
gfx938,f8_w8a8_channel,torch.bfloat16,832,80,2560,512,10,0,0,asm,11005+21001,501.49710000000005
gfx938,f8_w8a8_channel,torch.bfloat16,896,80,2560,512,10,0,0,asm,11005+21001,507.2654999999999
gfx938,f8_w8a8_channel,torch.bfloat16,960,80,2560,512,10,0,0,asm,11005+21001,529.4969
gfx938,f8_w8a8_channel,torch.bfloat16,1024,80,2560,512,10,0,0,asm,11005+21001,547.9054
gfx938,f8_w8a8_channel,torch.bfloat16,1152,80,2560,512,10,0,0,asm,11005+21001,569.9603
gfx938,f8_w8a8_channel,torch.bfloat16,1280,80,2560,512,10,0,0,asm,11005+21001,592.1749
gfx938,f8_w8a8_channel,torch.bfloat16,1408,80,2560,512,10,0,0,asm,11005+21001,643.9391
gfx938,f8_w8a8_channel,torch.bfloat16,1536,80,2560,512,10,0,0,asm,11005+21001,697.3284
gfx938,f8_w8a8_channel,torch.bfloat16,1664,80,2560,512,10,0,0,asm,11005+21001,757.6228
gfx938,f8_w8a8_channel,torch.bfloat16,1792,80,2560,512,10,0,0,asm,12001+22001,784.4793
gfx938,f8_w8a8_channel,torch.bfloat16,1920,80,2560,512,10,0,0,asm,12001+22001,802.3652
gfx938,f8_w8a8_channel,torch.bfloat16,2048,80,2560,512,10,0,0,asm,12001+22001,822.0277
gfx938,f8_w8a8_channel,torch.bfloat16,2304,80,2560,512,10,0,0,asm,12001+22001,855.5772
gfx938,f8_w8a8_channel,torch.bfloat16,2560,80,2560,512,10,0,0,asm,12001+22001,916.8991
gfx938,f8_w8a8_channel,torch.bfloat16,2816,80,2560,512,10,0,0,asm,12001+22001,967.0378
gfx938,f8_w8a8_channel,torch.bfloat16,3072,80,2560,512,10,0,0,asm,12001+22001,1084.3852
gfx938,f8_w8a8_channel,torch.bfloat16,3328,80,2560,512,10,0,0,asm,12001+22001,1239.6611
gfx938,f8_w8a8_channel,torch.bfloat16,3584,80,2560,512,10,0,0,asm,12005+22001,1343.2146
gfx938,f8_w8a8_channel,torch.bfloat16,3840,80,2560,512,10,0,0,asm,13001+23001,1386.4399
gfx938,f8_w8a8_channel,torch.bfloat16,4096,80,2560,512,10,0,0,asm,13001+23001,1420.7216
gfx938,f8_w8a8_channel,torch.bfloat16,4608,80,2560,512,10,0,0,asm,13001+23001,1500.2334
gfx938,f8_w8a8_channel,torch.bfloat16,5120,80,2560,512,10,0,0,asm,13001+23000,1596.4946
gfx938,f8_w8a8_channel,torch.bfloat16,5632,80,2560,512,10,0,0,asm,13001+23001,1700.9659
gfx938,f8_w8a8_channel,torch.bfloat16,6144,80,2560,512,10,0,0,asm,13001+23001,1894.2201
gfx938,f8_w8a8_channel,torch.bfloat16,6656,80,2560,512,10,0,0,asm,12005+22001,2143.5172
gfx938,f8_w8a8_channel,torch.bfloat16,7168,80,2560,512,10,0,0,asm,12005+22001,2334.9024
gfx938,f8_w8a8_channel,torch.bfloat16,7680,80,2560,512,10,0,0,asm,12005+22001,2460.2579
gfx938,f8_w8a8_channel,torch.bfloat16,8192,80,2560,512,10,0,0,asm,12005+22001,2557.6728
gfx938,f8_w8a8_channel,torch.bfloat16,10240,80,2560,512,10,0,0,asm,13001+23001,3044.8894
gfx938,f8_w8a8_channel,torch.bfloat16,12288,80,2560,512,10,0,0,asm,13001+23001,3429.6804
gfx938,f8_w8a8_channel,torch.bfloat16,14336,80,2560,512,10,0,0,asm,12005+22001,4259.0608
gfx938,f8_w8a8_channel,torch.bfloat16,16384,80,2560,512,10,0,0,asm,13001+23001,4652.7721
gfx938,f8_w8a8_channel,torch.bfloat16,17408,80,2560,512,10,0,0,asm,13001+23001,4840.2454
gfx938,f8_w8a8_channel,torch.bfloat16,24576,80,2560,512,10,0,0,asm,13001+23001,6630.2437
gfx938,f8_w8a8_channel,torch.bfloat16,32768,80,2560,512,10,0,0,asm,13001+23001,8870.637
gfx938,f8_w8a8_channel,torch.bfloat16,40960,80,2560,512,10,0,0,asm,13001+23001,11016.4061
gfx938,f8_w8a8_channel,torch.bfloat16,49152,80,2560,512,10,0,0,asm,13001+23001,13071.7947
gfx938,f8_w8a8_channel,torch.bfloat16,57344,80,2560,512,10,0,0,asm,13001+23001,15096.6377
gfx938,f8_w8a8_channel,torch.bfloat16,65536,80,2560,512,10,0,0,asm,13001+23001,17236.8041
gfx938,f8_w8a8_channel,torch.float16,1,256,6144,257,8,0,0,asm,10002+20001,64.2792
gfx938,f8_w8a8_channel,torch.float16,2,256,6144,257,8,0,0,asm,10008+20000,87.8077
gfx938,f8_w8a8_channel,torch.float16,3,256,6144,257,8,0,0,asm,10006+20001,126.56970000000001
gfx938,f8_w8a8_channel,torch.float16,4,256,6144,257,8,0,0,asm,10012+20001,138.6708
gfx938,f8_w8a8_channel,torch.float16,5,256,6144,257,8,0,0,asm,10006+20001,173.1213
gfx938,f8_w8a8_channel,torch.float16,6,256,6144,257,8,0,0,asm,10008+20000,186.0392
gfx938,f8_w8a8_channel,torch.float16,7,256,6144,257,8,0,0,asm,10012+20001,208.3128
gfx938,f8_w8a8_channel,torch.float16,8,256,6144,257,8,0,0,asm,10011+20001,224.2455
gfx938,f8_w8a8_channel,torch.float16,9,256,6144,257,8,0,0,asm,10002+20001,254.29180000000002
gfx938,f8_w8a8_channel,torch.float16,10,256,6144,257,8,0,0,asm,10002+20000,268.2792
gfx938,f8_w8a8_channel,torch.float16,11,256,6144,257,8,0,0,asm,10002+20000,299.2349
gfx938,f8_w8a8_channel,torch.float16,12,256,6144,257,8,0,0,asm,10011+20000,300.7759
gfx938,f8_w8a8_channel,torch.float16,13,256,6144,257,8,0,0,asm,10012+20001,307.8748
gfx938,f8_w8a8_channel,torch.float16,14,256,6144,257,8,0,0,asm,10012+20000,348.9948
gfx938,f8_w8a8_channel,torch.float16,15,256,6144,257,8,0,0,asm,10002+20001,356.1022
gfx938,f8_w8a8_channel,torch.float16,16,256,6144,257,8,0,0,asm,10002+20000,373.8371
gfx938,f8_w8a8_channel,torch.float16,17,256,6144,257,8,0,0,asm,10002+20000,413.8593
gfx938,f8_w8a8_channel,torch.float16,18,256,6144,257,8,0,0,asm,10011+20001,402.7266
gfx938,f8_w8a8_channel,torch.float16,20,256,6144,257,8,0,0,asm,10012+20001,410.7433
gfx938,f8_w8a8_channel,torch.float16,24,256,6144,257,8,0,0,asm,11004+21001,460.2423
gfx938,f8_w8a8_channel,torch.float16,28,256,6144,257,8,0,0,asm,10011+20001,485.7948
gfx938,f8_w8a8_channel,torch.float16,32,256,6144,257,8,0,0,asm,10011+20001,505.6433
gfx938,f8_w8a8_channel,torch.float16,34,256,6144,257,8,0,0,asm,10009+20001,540.5453
gfx938,f8_w8a8_channel,torch.float16,36,256,6144,257,8,0,0,asm,10002+20001,574.3728
gfx938,f8_w8a8_channel,torch.float16,40,256,6144,257,8,0,0,asm,11005+21001,596.8907
gfx938,f8_w8a8_channel,torch.float16,44,256,6144,257,8,0,0,asm,10012+20001,600.7896
gfx938,f8_w8a8_channel,torch.float16,48,256,6144,257,8,0,0,asm,10008+20000,651.9476
gfx938,f8_w8a8_channel,torch.float16,56,256,6144,257,8,0,0,asm,10011+20001,680.1581
gfx938,f8_w8a8_channel,torch.float16,64,256,6144,257,8,0,0,asm,10011+20001,698.8276
gfx938,f8_w8a8_channel,torch.float16,68,256,6144,257,8,0,0,asm,10008+20001,725.6147
gfx938,f8_w8a8_channel,torch.float16,72,256,6144,257,8,0,0,asm,10008+20001,730.5494
gfx938,f8_w8a8_channel,torch.float16,80,256,6144,257,8,0,0,asm,10012+20001,747.5936
gfx938,f8_w8a8_channel,torch.float16,88,256,6144,257,8,0,0,asm,10012+20001,767.762
gfx938,f8_w8a8_channel,torch.float16,96,256,6144,257,8,0,0,asm,10011+20001,769.9938
gfx938,f8_w8a8_channel,torch.float16,104,256,6144,257,8,0,0,asm,10011+20001,777.6148
gfx938,f8_w8a8_channel,torch.float16,112,256,6144,257,8,0,0,asm,10011+20001,783.5096
gfx938,f8_w8a8_channel,torch.float16,128,256,6144,257,8,0,0,asm,10011+20001,793.2527
gfx938,f8_w8a8_channel,torch.float16,144,256,6144,257,8,0,0,asm,10011+20001,802.2885
gfx938,f8_w8a8_channel,torch.float16,160,256,6144,257,8,0,0,asm,10012+20001,806.1956
gfx938,f8_w8a8_channel,torch.float16,192,256,6144,257,8,0,0,asm,10011+20001,768.899
gfx938,f8_w8a8_channel,torch.float16,224,256,6144,257,8,0,0,asm,10012+20001,872.8566
gfx938,f8_w8a8_channel,torch.float16,256,256,6144,257,8,0,0,asm,10008+20001,862.7847
gfx938,f8_w8a8_channel,torch.float16,320,256,6144,257,8,0,0,asm,10008+20001,895.7115
gfx938,f8_w8a8_channel,torch.float16,384,256,6144,257,8,0,0,asm,10012+20001,901.9005
gfx938,f8_w8a8_channel,torch.float16,448,256,6144,257,8,0,0,asm,11004+21001,937.6147
gfx938,f8_w8a8_channel,torch.float16,512,256,6144,257,8,0,0,asm,11004+21001,964.309
gfx938,f8_w8a8_channel,torch.float16,576,256,6144,257,8,0,0,asm,11004+21001,975.7452
gfx938,f8_w8a8_channel,torch.float16,640,256,6144,257,8,0,0,asm,11004+21001,1001.5805
gfx938,f8_w8a8_channel,torch.float16,704,256,6144,257,8,0,0,asm,11004+21001,1023.8377
gfx938,f8_w8a8_channel,torch.float16,768,256,6144,257,8,0,0,asm,11004+21001,1036.6717
gfx938,f8_w8a8_channel,torch.float16,832,256,6144,257,8,0,0,asm,11005+21001,1039.3489
gfx938,f8_w8a8_channel,torch.float16,896,256,6144,257,8,0,0,asm,11005+21001,1078.1364
gfx938,f8_w8a8_channel,torch.float16,960,256,6144,257,8,0,0,asm,11005+21001,1124.2078
gfx938,f8_w8a8_channel,torch.float16,1024,256,6144,257,8,0,0,asm,11005+21001,1176.5114
gfx938,f8_w8a8_channel,torch.float16,1152,256,6144,257,8,0,0,asm,12003+22001,1231.4414
gfx938,f8_w8a8_channel,torch.float16,1280,256,6144,257,8,0,0,asm,12003+22001,1256.1488
gfx938,f8_w8a8_channel,torch.float16,1408,256,6144,257,8,0,0,asm,12005+22001,1296.4608
gfx938,f8_w8a8_channel,torch.float16,1536,256,6144,257,8,0,0,asm,12003+22001,1318.4983
gfx938,f8_w8a8_channel,torch.float16,1664,256,6144,257,8,0,0,asm,12001+22001,1345.6483
gfx938,f8_w8a8_channel,torch.float16,1792,256,6144,257,8,0,0,asm,12001+22001,1439.0792
gfx938,f8_w8a8_channel,torch.float16,1920,256,6144,257,8,0,0,asm,12003+22001,1519.736
gfx938,f8_w8a8_channel,torch.float16,2048,256,6144,257,8,0,0,asm,12001+22001,1635.0796
gfx938,f8_w8a8_channel,torch.float16,2304,256,6144,257,8,0,0,asm,13001+23001,1839.2728
gfx938,f8_w8a8_channel,torch.float16,2560,256,6144,257,8,0,0,asm,13001+23001,1894.3969
gfx938,f8_w8a8_channel,torch.float16,2816,256,6144,257,8,0,0,asm,13001+23001,1927.1892
gfx938,f8_w8a8_channel,torch.float16,3072,256,6144,257,8,0,0,asm,13001+23001,1985.6221
gfx938,f8_w8a8_channel,torch.float16,3328,256,6144,257,8,0,0,asm,13001+23001,2043.6011999999998
gfx938,f8_w8a8_channel,torch.float16,3584,256,6144,257,8,0,0,asm,13001+23001,2092.4017
gfx938,f8_w8a8_channel,torch.float16,3840,256,6144,257,8,0,0,asm,13001+23001,2311.7444
gfx938,f8_w8a8_channel,torch.float16,4096,256,6144,257,8,0,0,asm,13001+23001,2673.7228
gfx938,f8_w8a8_channel,torch.float16,4608,256,6144,257,8,0,0,asm,12001+22001,3234.1773
gfx938,f8_w8a8_channel,torch.float16,5120,256,6144,257,8,0,0,asm,12001+22001,3382.5476
gfx938,f8_w8a8_channel,torch.float16,5632,256,6144,257,8,0,0,asm,12003+22001,3569.2335
gfx938,f8_w8a8_channel,torch.float16,6144,256,6144,257,8,0,0,asm,13001+23001,3758.9341
gfx938,f8_w8a8_channel,torch.float16,6656,256,6144,257,8,0,0,asm,13001+23001,3845.0985
gfx938,f8_w8a8_channel,torch.float16,7168,256,6144,257,8,0,0,asm,13001+23001,3930.4966
gfx938,f8_w8a8_channel,torch.float16,7680,256,6144,257,8,0,0,asm,13001+23001,4110.8001
gfx938,f8_w8a8_channel,torch.float16,8192,256,6144,257,8,0,0,asm,13001+23001,4623.5411
gfx938,f8_w8a8_channel,torch.float16,10240,256,6144,257,8,0,0,asm,13001+23001,5701.6456
gfx938,f8_w8a8_channel,torch.float16,12288,256,6144,257,8,0,0,asm,13001+23001,6543.6588
gfx938,f8_w8a8_channel,torch.float16,14336,256,6144,257,8,0,0,asm,13001+23001,7664.9712
gfx938,f8_w8a8_channel,torch.float16,16384,256,6144,257,8,0,0,asm,13001+23001,8544.54
gfx938,f8_w8a8_channel,torch.float16,17408,256,6144,257,8,0,0,asm,13001+23001,9225.7954
gfx938,f8_w8a8_channel,torch.float16,24576,256,6144,257,8,0,0,asm,13001+23001,12426.1702
gfx938,f8_w8a8_channel,torch.float16,32768,256,6144,257,8,0,0,asm,13001+23001,16334.7712
gfx938,f8_w8a8_channel,torch.float16,40960,256,6144,257,8,0,0,asm,13001+23001,20260.4926
gfx938,f8_w8a8_channel,torch.float16,49152,256,6144,257,8,0,0,asm,13001+23001,24146.6801
gfx938,f8_w8a8_channel,torch.float16,57344,256,6144,257,8,0,0,asm,13001+23001,28089.2391
gfx938,f8_w8a8_channel,torch.float16,65536,256,6144,257,8,0,0,asm,13001+23001,31963.3106
gfx938,int8_w8a8_channel,torch.bfloat16,1,160,2560,512,10,0,0,asm,10007+20000,55.0582
gfx938,int8_w8a8_channel,torch.bfloat16,8,160,2560,512,10,0,0,asm,10008+20001,129.1802
gfx938,int8_w8a8_channel,torch.bfloat16,48,160,2560,512,10,0,0,asm,10008+20001,360.8992
gfx938,int8_w8a8_channel,torch.bfloat16,64,160,2560,512,10,0,0,asm,10008+20001,408.4947
gfx938,int8_w8a8_channel,torch.bfloat16,192,160,2560,512,10,0,0,asm,10008+20001,553.8337
gfx938,int8_w8a8_channel,torch.bfloat16,256,160,2560,512,10,0,0,asm,10008+20001,570.2967
gfx938,int8_w8a8_channel,torch.bfloat16,1024,160,2560,512,10,0,0,asm,11004+21001,755.2227
gfx938,int8_w8a8_channel,torch.bfloat16,4096,160,2560,512,10,0,0,asm,13001+23001,1863.0954
gfx938,int8_w8a8_channel,torch.bfloat16,2,160,2560,512,10,0,0,asm,10009+20000,69.3235
gfx938,int8_w8a8_channel,torch.bfloat16,3,160,2560,512,10,0,0,asm,10011+20001,79.5214
gfx938,int8_w8a8_channel,torch.bfloat16,4,160,2560,512,10,0,0,asm,10008+20001,88.9277
gfx938,int8_w8a8_channel,torch.bfloat16,5,160,2560,512,10,0,0,asm,10002+20001,100.2287
gfx938,int8_w8a8_channel,torch.bfloat16,6,160,2560,512,10,0,0,asm,10008+20001,108.0519
gfx938,int8_w8a8_channel,torch.bfloat16,7,160,2560,512,10,0,0,asm,10008+20001,112.8855
gfx938,int8_w8a8_channel,torch.bfloat16,9,160,2560,512,10,0,0,asm,10002+20001,144.1192
gfx938,int8_w8a8_channel,torch.bfloat16,10,160,2560,512,10,0,0,asm,10002+20001,149.0541
gfx938,int8_w8a8_channel,torch.bfloat16,11,160,2560,512,10,0,0,asm,10008+20001,159.4117
gfx938,int8_w8a8_channel,torch.bfloat16,12,160,2560,512,10,0,0,asm,10002+20001,165.6264
gfx938,int8_w8a8_channel,torch.bfloat16,13,160,2560,512,10,0,0,asm,10002+20001,175.7741
gfx938,int8_w8a8_channel,torch.bfloat16,14,160,2560,512,10,0,0,asm,10008+20001,183.5298
gfx938,int8_w8a8_channel,torch.bfloat16,15,160,2560,512,10,0,0,asm,10008+20001,196.995
gfx938,int8_w8a8_channel,torch.bfloat16,16,160,2560,512,10,0,0,asm,10008+20001,203.1929
gfx938,int8_w8a8_channel,torch.bfloat16,17,160,2560,512,10,0,0,asm,10008+20001,190.6087
gfx938,int8_w8a8_channel,torch.bfloat16,18,160,2560,512,10,0,0,asm,10011+20001,210.6511
gfx938,int8_w8a8_channel,torch.bfloat16,20,160,2560,512,10,0,0,asm,10008+20001,215.0971
gfx938,int8_w8a8_channel,torch.bfloat16,24,160,2560,512,10,0,0,asm,10002+20001,249.0086
gfx938,int8_w8a8_channel,torch.bfloat16,28,160,2560,512,10,0,0,asm,10009+20001,272.596
gfx938,int8_w8a8_channel,torch.bfloat16,32,160,2560,512,10,0,0,asm,10008+20001,287.6697
gfx938,int8_w8a8_channel,torch.bfloat16,34,160,2560,512,10,0,0,asm,10008+20001,291.9226
gfx938,int8_w8a8_channel,torch.bfloat16,36,160,2560,512,10,0,0,asm,10008+20001,309.4553
gfx938,int8_w8a8_channel,torch.bfloat16,40,160,2560,512,10,0,0,asm,10008+20001,327.131
gfx938,int8_w8a8_channel,torch.bfloat16,44,160,2560,512,10,0,0,asm,10008+20001,340.9833
gfx938,int8_w8a8_channel,torch.bfloat16,56,160,2560,512,10,0,0,asm,10008+20001,388.6128
gfx938,int8_w8a8_channel,torch.bfloat16,68,160,2560,512,10,0,0,asm,10008+20001,416.2511
gfx938,int8_w8a8_channel,torch.bfloat16,72,160,2560,512,10,0,0,asm,10008+20001,432.9667
gfx938,int8_w8a8_channel,torch.bfloat16,80,160,2560,512,10,0,0,asm,10008+20001,451.7201
gfx938,int8_w8a8_channel,torch.bfloat16,88,160,2560,512,10,0,0,asm,10009+20001,464.2674
gfx938,int8_w8a8_channel,torch.bfloat16,96,160,2560,512,10,0,0,asm,10002+20001,477.3369
gfx938,int8_w8a8_channel,torch.bfloat16,104,160,2560,512,10,0,0,asm,10002+20001,508.6714999999999
gfx938,int8_w8a8_channel,torch.bfloat16,112,160,2560,512,10,0,0,asm,10008+20001,504.8821
gfx938,int8_w8a8_channel,torch.bfloat16,128,160,2560,512,10,0,0,asm,10008+20001,513.4968
gfx938,int8_w8a8_channel,torch.bfloat16,144,160,2560,512,10,0,0,asm,10008+20001,533.1768
gfx938,int8_w8a8_channel,torch.bfloat16,160,160,2560,512,10,0,0,asm,10008+20001,542.2718
gfx938,int8_w8a8_channel,torch.bfloat16,224,160,2560,512,10,0,0,asm,10002+20001,579.3239
gfx938,int8_w8a8_channel,torch.bfloat16,320,160,2560,512,10,0,0,asm,10008+20001,588.3852
gfx938,int8_w8a8_channel,torch.bfloat16,384,160,2560,512,10,0,0,asm,10008+20001,602.1536
gfx938,int8_w8a8_channel,torch.bfloat16,448,160,2560,512,10,0,0,asm,10008+20001,616.4863
gfx938,int8_w8a8_channel,torch.bfloat16,512,160,2560,512,10,0,0,asm,10008+20001,644.2841
gfx938,int8_w8a8_channel,torch.bfloat16,576,160,2560,512,10,0,0,asm,11004+21001,679.7198
gfx938,int8_w8a8_channel,torch.bfloat16,640,160,2560,512,10,0,0,asm,11004+21001,694.5913
gfx938,int8_w8a8_channel,torch.bfloat16,704,160,2560,512,10,0,0,asm,11004+21001,703.2656
gfx938,int8_w8a8_channel,torch.bfloat16,768,160,2560,512,10,0,0,asm,11004+21001,711.0713
gfx938,int8_w8a8_channel,torch.bfloat16,832,160,2560,512,10,0,0,asm,11004+21001,721.9934
gfx938,int8_w8a8_channel,torch.bfloat16,896,160,2560,512,10,0,0,asm,11004+21001,733.8082
gfx938,int8_w8a8_channel,torch.bfloat16,960,160,2560,512,10,0,0,asm,11004+21001,747.9133
gfx938,int8_w8a8_channel,torch.bfloat16,1152,160,2560,512,10,0,0,asm,11002+21001,790.5079
gfx938,int8_w8a8_channel,torch.bfloat16,1280,160,2560,512,10,0,0,asm,11004+21001,834.1365
gfx938,int8_w8a8_channel,torch.bfloat16,1408,160,2560,512,10,0,0,asm,11004+21001,895.2739
gfx938,int8_w8a8_channel,torch.bfloat16,1536,160,2560,512,10,0,0,asm,11004+21001,980.9574
gfx938,int8_w8a8_channel,torch.bfloat16,1664,160,2560,512,10,0,0,asm,12000+22001,1043.7952
gfx938,int8_w8a8_channel,torch.bfloat16,1792,160,2560,512,10,0,0,asm,12000+22001,1064.7973
gfx938,int8_w8a8_channel,torch.bfloat16,1920,160,2560,512,10,0,0,asm,12000+22001,1086.5068
gfx938,int8_w8a8_channel,torch.bfloat16,2048,160,2560,512,10,0,0,asm,12000+22001,1107.1888
gfx938,int8_w8a8_channel,torch.bfloat16,2304,160,2560,512,10,0,0,asm,12000+22001,1146.8529
gfx938,int8_w8a8_channel,torch.bfloat16,2560,160,2560,512,10,0,0,asm,12000+22001,1207.4255
gfx938,int8_w8a8_channel,torch.bfloat16,2816,160,2560,512,10,0,0,asm,12000+22001,1287.5348
gfx938,int8_w8a8_channel,torch.bfloat16,3072,160,2560,512,10,0,0,asm,12000+22001,1446.2291
gfx938,int8_w8a8_channel,torch.bfloat16,3328,160,2560,512,10,0,0,asm,12000+22001,1680.3754
gfx938,int8_w8a8_channel,torch.bfloat16,3584,160,2560,512,10,0,0,asm,13001+23001,1784.9987
gfx938,int8_w8a8_channel,torch.bfloat16,3840,160,2560,512,10,0,0,asm,13001+23001,1821.4452
gfx938,int8_w8a8_channel,torch.bfloat16,4608,160,2560,512,10,0,0,asm,13001+23001,1937.4703
gfx938,int8_w8a8_channel,torch.bfloat16,5120,160,2560,512,10,0,0,asm,13001+23001,2038.0596999999998
gfx938,int8_w8a8_channel,torch.bfloat16,5632,160,2560,512,10,0,0,asm,13001+23001,2141.9186
gfx938,int8_w8a8_channel,torch.bfloat16,6144,160,2560,512,10,0,0,asm,13001+23001,2437.8068
gfx938,int8_w8a8_channel,torch.bfloat16,6656,160,2560,512,10,0,0,asm,13001+23001,2876.9389
gfx938,int8_w8a8_channel,torch.bfloat16,7168,160,2560,512,10,0,0,asm,12004+22001,3207.0097
gfx938,int8_w8a8_channel,torch.bfloat16,7680,160,2560,512,10,0,0,asm,12000+22001,3338.8585
gfx938,int8_w8a8_channel,torch.bfloat16,8192,160,2560,512,10,0,0,asm,12000+22001,3438.1763
gfx938,int8_w8a8_channel,torch.bfloat16,10240,160,2560,512,10,0,0,asm,13000+23001,4012.9541
gfx938,int8_w8a8_channel,torch.bfloat16,12288,160,2560,512,10,0,0,asm,13001+23001,4387.5007
gfx938,int8_w8a8_channel,torch.bfloat16,14336,160,2560,512,10,0,0,asm,13001+23001,5621.2099
gfx938,int8_w8a8_channel,torch.bfloat16,16384,160,2560,512,10,0,0,asm,13001+23001,5997.8779
gfx938,int8_w8a8_channel,torch.bfloat16,17408,160,2560,512,10,0,0,asm,13001+23001,6163.4453
gfx938,int8_w8a8_channel,torch.bfloat16,24576,160,2560,512,10,0,0,asm,13001+23001,8470.38
gfx938,int8_w8a8_channel,torch.bfloat16,32768,160,2560,512,10,0,0,asm,13001+23001,11332.6869
gfx938,int8_w8a8_channel,torch.bfloat16,40960,160,2560,512,10,0,0,asm,13001+23001,14097.4739
gfx938,int8_w8a8_channel,torch.bfloat16,49152,160,2560,512,10,0,0,asm,13001+23001,16680.3763
gfx938,int8_w8a8_channel,torch.bfloat16,57344,160,2560,512,10,0,0,asm,13001+23000,19494.5657
gfx938,int8_w8a8_channel,torch.bfloat16,65536,160,2560,512,10,0,0,asm,13001+23001,21953.9622
gfx936,int8_w8a8_channel,torch.bfloat16,1,80,2560,512,10,0,0,asm,10001+20001,47.4035
gfx936,int8_w8a8_channel,torch.bfloat16,8,80,2560,512,10,0,0,asm,10013+20001,89.6097
gfx936,int8_w8a8_channel,torch.bfloat16,48,80,2560,512,10,0,0,asm,10002+20001,227.0974
gfx936,int8_w8a8_channel,torch.bfloat16,192,80,2560,512,10,0,0,asm,10001+20001,363.1138
gfx936,int8_w8a8_channel,torch.bfloat16,2,80,2560,512,10,0,0,asm,10007+20000,55.9088
gfx936,int8_w8a8_channel,torch.bfloat16,3,80,2560,512,10,0,0,asm,10009+20000,63.1846
gfx936,int8_w8a8_channel,torch.bfloat16,4,80,2560,512,10,0,0,asm,10009+20001,67.9593
gfx936,int8_w8a8_channel,torch.bfloat16,5,80,2560,512,10,0,0,asm,10002+20001,74.0898
gfx936,int8_w8a8_channel,torch.bfloat16,6,80,2560,512,10,0,0,asm,10006+20001,78.0392
gfx936,int8_w8a8_channel,torch.bfloat16,7,80,2560,512,10,0,0,asm,10011+20001,86.2161
gfx936,int8_w8a8_channel,torch.bfloat16,9,80,2560,512,10,0,0,asm,10013+20001,97.5004
gfx936,int8_w8a8_channel,torch.bfloat16,10,80,2560,512,10,0,0,asm,10006+20001,105.7445
gfx936,int8_w8a8_channel,torch.bfloat16,11,80,2560,512,10,0,0,asm,10002+20001,111.4961
gfx936,int8_w8a8_channel,torch.bfloat16,12,80,2560,512,10,0,0,asm,10006+20001,114.3003
gfx936,int8_w8a8_channel,torch.bfloat16,13,80,2560,512,10,0,0,asm,10006+20001,122.7634
gfx936,int8_w8a8_channel,torch.bfloat16,14,80,2560,512,10,0,0,asm,10001+20001,128.9023
gfx936,int8_w8a8_channel,torch.bfloat16,15,80,2560,512,10,0,0,asm,10007+20001,132.2708
gfx936,int8_w8a8_channel,torch.bfloat16,16,80,2560,512,10,0,0,asm,10011+20001,139.8581
gfx936,int8_w8a8_channel,torch.bfloat16,17,80,2560,512,10,0,0,asm,10002+20001,127.1898
gfx936,int8_w8a8_channel,torch.bfloat16,18,80,2560,512,10,0,0,asm,10007+20001,135.4341
gfx936,int8_w8a8_channel,torch.bfloat16,20,80,2560,512,10,0,0,asm,10001+20001,144.5372
gfx936,int8_w8a8_channel,torch.bfloat16,24,80,2560,512,10,0,0,asm,10002+20001,155.4508
gfx936,int8_w8a8_channel,torch.bfloat16,28,80,2560,512,10,0,0,asm,10002+20001,173.3539
gfx936,int8_w8a8_channel,torch.bfloat16,32,80,2560,512,10,0,0,asm,10013+20001,183.3413
gfx936,int8_w8a8_channel,torch.bfloat16,34,80,2560,512,10,0,0,asm,10002+20001,192.3603
gfx936,int8_w8a8_channel,torch.bfloat16,36,80,2560,512,10,0,0,asm,10001+20001,199.9982
gfx936,int8_w8a8_channel,torch.bfloat16,40,80,2560,512,10,0,0,asm,10001+20001,206.9541
gfx936,int8_w8a8_channel,torch.bfloat16,44,80,2560,512,10,0,0,asm,10002+20001,214.2888
gfx936,int8_w8a8_channel,torch.bfloat16,56,80,2560,512,10,0,0,asm,10002+20001,245.2445
gfx936,int8_w8a8_channel,torch.bfloat16,64,80,2560,512,10,0,0,asm,10002+20001,259.2991
gfx936,int8_w8a8_channel,torch.bfloat16,68,80,2560,512,10,0,0,asm,10002+20001,266.8445
gfx936,int8_w8a8_channel,torch.bfloat16,72,80,2560,512,10,0,0,asm,10002+20001,274.4654
gfx936,int8_w8a8_channel,torch.bfloat16,80,80,2560,512,10,0,0,asm,10002+20001,285.295
gfx936,int8_w8a8_channel,torch.bfloat16,88,80,2560,512,10,0,0,asm,10001+20001,295.1312
gfx936,int8_w8a8_channel,torch.bfloat16,96,80,2560,512,10,0,0,asm,10002+20001,305.1186
gfx936,int8_w8a8_channel,torch.bfloat16,104,80,2560,512,10,0,0,asm,10001+20001,320.1757
gfx936,int8_w8a8_channel,torch.bfloat16,112,80,2560,512,10,0,0,asm,10002+20001,322.1295
gfx936,int8_w8a8_channel,torch.bfloat16,128,80,2560,512,10,0,0,asm,10002+20001,335.5013
gfx936,int8_w8a8_channel,torch.bfloat16,144,80,2560,512,10,0,0,asm,10001+20001,344.2844
gfx936,int8_w8a8_channel,torch.bfloat16,160,80,2560,512,10,0,0,asm,10001+20001,349.9775
gfx936,int8_w8a8_channel,torch.bfloat16,224,80,2560,512,10,0,0,asm,10001+20001,374.9541
gfx936,int8_w8a8_channel,torch.bfloat16,256,80,2560,512,10,0,0,asm,10001+20001,381.4298
gfx936,int8_w8a8_channel,torch.bfloat16,320,80,2560,512,10,0,0,asm,10001+20001,396.2929
gfx936,int8_w8a8_channel,torch.bfloat16,384,80,2560,512,10,0,0,asm,10002+20001,406.446
gfx936,int8_w8a8_channel,torch.bfloat16,448,80,2560,512,10,0,0,asm,10006+20001,428.562
gfx936,int8_w8a8_channel,torch.bfloat16,512,80,2560,512,10,0,0,asm,10002+20001,446.3895
gfx936,int8_w8a8_channel,torch.bfloat16,576,80,2560,512,10,0,0,asm,10002+20001,455.1138
gfx936,int8_w8a8_channel,torch.bfloat16,640,80,2560,512,10,0,0,asm,10002+20001,479.5181
gfx936,int8_w8a8_channel,torch.bfloat16,704,80,2560,512,10,0,0,asm,10011+20001,496.5706
gfx936,int8_w8a8_channel,torch.bfloat16,768,80,2560,512,10,0,0,asm,11007+21001,522.4146
gfx936,int8_w8a8_channel,torch.bfloat16,832,80,2560,512,10,0,0,asm,11005+21001,531.3411
gfx936,int8_w8a8_channel,torch.bfloat16,896,80,2560,512,10,0,0,asm,11003+21001,545.6904
gfx936,int8_w8a8_channel,torch.bfloat16,960,80,2560,512,10,0,0,asm,11007+21001,556.5365
gfx936,int8_w8a8_channel,torch.bfloat16,1024,80,2560,512,10,0,0,asm,11007+21001,567.4335
gfx936,int8_w8a8_channel,torch.bfloat16,1152,80,2560,512,10,0,0,asm,11005+21001,595.4166
gfx936,int8_w8a8_channel,torch.bfloat16,1280,80,2560,512,10,0,0,asm,11005+21001,618.7429
gfx936,int8_w8a8_channel,torch.bfloat16,1408,80,2560,512,10,0,0,asm,11005+21001,654.7265
gfx936,int8_w8a8_channel,torch.bfloat16,1536,80,2560,512,10,0,0,asm,11005+21001,694.2376
gfx936,int8_w8a8_channel,torch.bfloat16,1664,80,2560,512,10,0,0,asm,11005+21001,736.4273
gfx936,int8_w8a8_channel,torch.bfloat16,1792,80,2560,512,10,0,0,asm,11005+21001,782.9033
gfx936,int8_w8a8_channel,torch.bfloat16,1920,80,2560,512,10,0,0,asm,12005+22001,803.4417
gfx936,int8_w8a8_channel,torch.bfloat16,2048,80,2560,512,10,0,0,asm,12005+22001,830.8603
gfx936,int8_w8a8_channel,torch.bfloat16,2304,80,2560,512,10,0,0,asm,12005+22001,868.0654
gfx936,int8_w8a8_channel,torch.bfloat16,2560,80,2560,512,10,0,0,asm,12005+22001,919.9377
gfx936,int8_w8a8_channel,torch.bfloat16,2816,80,2560,512,10,0,0,asm,12005+22001,971.6267
gfx936,int8_w8a8_channel,torch.bfloat16,3072,80,2560,512,10,0,0,asm,12005+22001,1060.2927
gfx936,int8_w8a8_channel,torch.bfloat16,3328,80,2560,512,10,0,0,asm,12003+22001,1179.4844
gfx936,int8_w8a8_channel,torch.bfloat16,3584,80,2560,512,10,0,0,asm,12001+22001,1275.0037
gfx936,int8_w8a8_channel,torch.bfloat16,3840,80,2560,512,10,0,0,asm,11005+21001,1353.6315
gfx936,int8_w8a8_channel,torch.bfloat16,4096,80,2560,512,10,0,0,asm,11005+21001,1420.9592
gfx936,int8_w8a8_channel,torch.bfloat16,4608,80,2560,512,10,0,0,asm,13001+23001,1492.1581
gfx936,int8_w8a8_channel,torch.bfloat16,5120,80,2560,512,10,0,0,asm,13001+23001,1567.9886
gfx936,int8_w8a8_channel,torch.bfloat16,5632,80,2560,512,10,0,0,asm,13001+23001,1660.1824
gfx936,int8_w8a8_channel,torch.bfloat16,6144,80,2560,512,10,0,0,asm,12005+22001,1818.4053
gfx936,int8_w8a8_channel,torch.bfloat16,6656,80,2560,512,10,0,0,asm,12005+22001,2003.4071
gfx936,int8_w8a8_channel,torch.bfloat16,7168,80,2560,512,10,0,0,asm,12005+22001,2182.7079
gfx936,int8_w8a8_channel,torch.bfloat16,7680,80,2560,512,10,0,0,asm,12005+22001,2307.9476
gfx936,int8_w8a8_channel,torch.bfloat16,8192,80,2560,512,10,0,0,asm,12005+22001,2398.2782
gfx936,int8_w8a8_channel,torch.bfloat16,10240,80,2560,512,10,0,0,asm,13001+23001,2921.9572
gfx936,int8_w8a8_channel,torch.bfloat16,12288,80,2560,512,10,0,0,asm,13001+23001,3314.261
gfx936,int8_w8a8_channel,torch.bfloat16,14336,80,2560,512,10,0,0,asm,12005+22001,3983.9348
gfx936,int8_w8a8_channel,torch.bfloat16,16384,80,2560,512,10,0,0,asm,13001+23000,4500.2884
gfx936,int8_w8a8_channel,torch.bfloat16,17408,80,2560,512,10,0,0,asm,13001+23001,4637.4953
gfx936,int8_w8a8_channel,torch.bfloat16,24576,80,2560,512,10,0,0,asm,13001+23001,6373.5344
gfx936,int8_w8a8_channel,torch.bfloat16,32768,80,2560,512,10,0,0,asm,13001+23001,8441.4737
gfx936,int8_w8a8_channel,torch.bfloat16,40960,80,2560,512,10,0,0,asm,13001+23001,10507.7913
gfx936,int8_w8a8_channel,torch.bfloat16,49152,80,2560,512,10,0,0,asm,13001+23001,12534.0646
gfx936,int8_w8a8_channel,torch.bfloat16,57344,80,2560,512,10,0,0,asm,13001+23001,14425.928
gfx936,int8_w8a8_channel,torch.bfloat16,65536,80,2560,512,10,0,0,asm,13001+23001,16475.7522
gfx936,int8_w8a8_channel,torch.float16,112,1536,1280,392,1,0,0,asm,11004+20000,543.5685
gfx936,int8_w8a8_channel,torch.float16,2800,1536,1280,392,1,0,0,asm,11004+20000,2237.1014
gfx936,int8_w8a8_channel,torch.float16,4480,1536,1280,392,1,0,0,asm,11007+20000,2360.1821
gfx936,int8_w8a8_channel,torch.float16,8960,1536,1280,392,1,0,0,asm,13001+23002,2652.0216
gfx936,int8_w8a8_channel,torch.float16,11424,1536,1280,392,1,0,0,asm,13001+23002,2793.1266
gfx936,int8_w8a8_channel,torch.float16,13104,1536,1280,392,1,0,0,asm,13001+23002,2884.155
gfx936,int8_w8a8_channel,torch.float16,28672,1536,1280,392,1,0,0,asm,13001+23001,3686.1246
gfx936,int8_w8a8_channel,torch.float16,57344,1536,1280,392,1,0,0,asm,13001+23002,5600.8514
gfx936,int8_w8a8_channel,torch.bfloat16,1,160,2560,512,10,0,0,asm,10007+20000,52.4056
gfx936,int8_w8a8_channel,torch.bfloat16,8,160,2560,512,10,0,0,asm,10008+20000,124.8183
gfx936,int8_w8a8_channel,torch.bfloat16,48,160,2560,512,10,0,0,asm,10002+20001,377.1268
gfx936,int8_w8a8_channel,torch.bfloat16,192,160,2560,512,10,0,0,asm,10002+20001,606.1876
gfx936,int8_w8a8_channel,torch.bfloat16,2,160,2560,512,10,0,0,asm,10008+20000,67.0919
gfx936,int8_w8a8_channel,torch.bfloat16,3,160,2560,512,10,0,0,asm,10011+20000,77.4751
gfx936,int8_w8a8_channel,torch.bfloat16,4,160,2560,512,10,0,0,asm,10011+20001,85.8119
gfx936,int8_w8a8_channel,torch.bfloat16,5,160,2560,512,10,0,0,asm,10002+20001,96.2541
gfx936,int8_w8a8_channel,torch.bfloat16,6,160,2560,512,10,0,0,asm,10009+20001,103.5804
gfx936,int8_w8a8_channel,torch.bfloat16,7,160,2560,512,10,0,0,asm,10002+20000,115.7488
gfx936,int8_w8a8_channel,torch.bfloat16,9,160,2560,512,10,0,0,asm,10009+20001,136.4561
gfx936,int8_w8a8_channel,torch.bfloat16,10,160,2560,512,10,0,0,asm,10002+20001,145.9886
gfx936,int8_w8a8_channel,torch.bfloat16,11,160,2560,512,10,0,0,asm,10006+20001,155.1677
gfx936,int8_w8a8_channel,torch.bfloat16,12,160,2560,512,10,0,0,asm,10002+20000,163.4871
gfx936,int8_w8a8_channel,torch.bfloat16,13,160,2560,512,10,0,0,asm,10002+20000,174.0393
gfx936,int8_w8a8_channel,torch.bfloat16,14,160,2560,512,10,0,0,asm,10002+20001,183.9255
gfx936,int8_w8a8_channel,torch.bfloat16,15,160,2560,512,10,0,0,asm,10002+20001,193.4244
gfx936,int8_w8a8_channel,torch.bfloat16,16,160,2560,512,10,0,0,asm,10002+20000,206.1907
gfx936,int8_w8a8_channel,torch.bfloat16,17,160,2560,512,10,0,0,asm,10002+20000,197.7918
gfx936,int8_w8a8_channel,torch.bfloat16,18,160,2560,512,10,0,0,asm,10002+20000,209.7583
gfx936,int8_w8a8_channel,torch.bfloat16,20,160,2560,512,10,0,0,asm,10002+20000,220.3865
gfx936,int8_w8a8_channel,torch.bfloat16,24,160,2560,512,10,0,0,asm,10002+20001,250.8448
gfx936,int8_w8a8_channel,torch.bfloat16,28,160,2560,512,10,0,0,asm,10002+20000,276.049
gfx936,int8_w8a8_channel,torch.bfloat16,32,160,2560,512,10,0,0,asm,10002+20000,296.1918
gfx936,int8_w8a8_channel,torch.bfloat16,34,160,2560,512,10,0,0,asm,10002+20000,306.7602
gfx936,int8_w8a8_channel,torch.bfloat16,36,160,2560,512,10,0,0,asm,10002+20001,321.8006
gfx936,int8_w8a8_channel,torch.bfloat16,40,160,2560,512,10,0,0,asm,10002+20001,334.6423
gfx936,int8_w8a8_channel,torch.bfloat16,44,160,2560,512,10,0,0,asm,10002+20001,355.3751
gfx936,int8_w8a8_channel,torch.bfloat16,56,160,2560,512,10,0,0,asm,10002+20001,408.0572
gfx936,int8_w8a8_channel,torch.bfloat16,64,160,2560,512,10,0,0,asm,10002+20001,431.8972
gfx936,int8_w8a8_channel,torch.bfloat16,68,160,2560,512,10,0,0,asm,10002+20001,443.7289
gfx936,int8_w8a8_channel,torch.bfloat16,72,160,2560,512,10,0,0,asm,10002+20001,455.1818
gfx936,int8_w8a8_channel,torch.bfloat16,80,160,2560,512,10,0,0,asm,10002+20000,479.0129
gfx936,int8_w8a8_channel,torch.bfloat16,88,160,2560,512,10,0,0,asm,10002+20001,491.3417
gfx936,int8_w8a8_channel,torch.bfloat16,96,160,2560,512,10,0,0,asm,10002+20001,511.6108
gfx936,int8_w8a8_channel,torch.bfloat16,104,160,2560,512,10,0,0,asm,10002+20001,531.0799
gfx936,int8_w8a8_channel,torch.bfloat16,112,160,2560,512,10,0,0,asm,10002+20000,544.2256
gfx936,int8_w8a8_channel,torch.bfloat16,128,160,2560,512,10,0,0,asm,10002+20000,562.2214
gfx936,int8_w8a8_channel,torch.bfloat16,144,160,2560,512,10,0,0,asm,10002+20000,582.4066
gfx936,int8_w8a8_channel,torch.bfloat16,160,160,2560,512,10,0,0,asm,10002+20001,585.8509
gfx936,int8_w8a8_channel,torch.bfloat16,224,160,2560,512,10,0,0,asm,10002+20001,629.8848
gfx936,int8_w8a8_channel,torch.bfloat16,256,160,2560,512,10,0,0,asm,10002+20001,641.4131
gfx936,int8_w8a8_channel,torch.bfloat16,320,160,2560,512,10,0,0,asm,10002+20001,658.7773
gfx936,int8_w8a8_channel,torch.bfloat16,384,160,2560,512,10,0,0,asm,10002+20001,669.6745
gfx936,int8_w8a8_channel,torch.bfloat16,448,160,2560,512,10,0,0,asm,10002+20001,690.6341
gfx936,int8_w8a8_channel,torch.bfloat16,512,160,2560,512,10,0,0,asm,10002+20001,716.0403
gfx936,int8_w8a8_channel,torch.bfloat16,576,160,2560,512,10,0,0,asm,10002+20001,731.3582
gfx936,int8_w8a8_channel,torch.bfloat16,640,160,2560,512,10,0,0,asm,10002+20001,746.4575
gfx936,int8_w8a8_channel,torch.bfloat16,704,160,2560,512,10,0,0,asm,10002+20001,771.4171
gfx936,int8_w8a8_channel,torch.bfloat16,768,160,2560,512,10,0,0,asm,11004+21001,794.3135
gfx936,int8_w8a8_channel,torch.bfloat16,832,160,2560,512,10,0,0,asm,11002+21001,803.1903
gfx936,int8_w8a8_channel,torch.bfloat16,896,160,2560,512,10,0,0,asm,11004+21001,820.0318
gfx936,int8_w8a8_channel,torch.bfloat16,960,160,2560,512,10,0,0,asm,11004+21001,838.2888
gfx936,int8_w8a8_channel,torch.bfloat16,1024,160,2560,512,10,0,0,asm,11002+21001,851.8805
gfx936,int8_w8a8_channel,torch.bfloat16,1152,160,2560,512,10,0,0,asm,11002+21001,884.5287
gfx936,int8_w8a8_channel,torch.bfloat16,1280,160,2560,512,10,0,0,asm,11004+21001,911.0386
gfx936,int8_w8a8_channel,torch.bfloat16,1408,160,2560,512,10,0,0,asm,11004+21001,948.7807
gfx936,int8_w8a8_channel,torch.bfloat16,1536,160,2560,512,10,0,0,asm,11004+21001,986.8274
gfx936,int8_w8a8_channel,torch.bfloat16,1664,160,2560,512,10,0,0,asm,12004+22001,1030.0521
gfx936,int8_w8a8_channel,torch.bfloat16,1792,160,2560,512,10,0,0,asm,12004+22001,1062.0951
gfx936,int8_w8a8_channel,torch.bfloat16,1920,160,2560,512,10,0,0,asm,12004+22001,1076.6554
gfx936,int8_w8a8_channel,torch.bfloat16,2048,160,2560,512,10,0,0,asm,12004+22001,1105.3039
gfx936,int8_w8a8_channel,torch.bfloat16,2304,160,2560,512,10,0,0,asm,12004+22001,1161.5389
gfx936,int8_w8a8_channel,torch.bfloat16,2560,160,2560,512,10,0,0,asm,12004+22001,1219.9811
gfx936,int8_w8a8_channel,torch.bfloat16,2816,160,2560,512,10,0,0,asm,12005+22001,1287.9986
gfx936,int8_w8a8_channel,torch.bfloat16,3072,160,2560,512,10,0,0,asm,12000+22001,1386.9956
gfx936,int8_w8a8_channel,torch.bfloat16,3328,160,2560,512,10,0,0,asm,12001+22001,1522.1283
gfx936,int8_w8a8_channel,torch.bfloat16,3584,160,2560,512,10,0,0,asm,12000+22001,1643.6175
gfx936,int8_w8a8_channel,torch.bfloat16,3840,160,2560,512,10,0,0,asm,13001+23001,1701.0905
gfx936,int8_w8a8_channel,torch.bfloat16,4096,160,2560,512,10,0,0,asm,13001+23001,1746.3955
gfx936,int8_w8a8_channel,torch.bfloat16,4608,160,2560,512,10,0,0,asm,13001+23001,1844.7486
gfx936,int8_w8a8_channel,torch.bfloat16,5120,160,2560,512,10,0,0,asm,13001+23001,1927.5346
gfx936,int8_w8a8_channel,torch.bfloat16,5632,160,2560,512,10,0,0,asm,13000+23001,2057.0499
gfx936,int8_w8a8_channel,torch.bfloat16,6144,160,2560,512,10,0,0,asm,13001+23001,2242.5415
gfx936,int8_w8a8_channel,torch.bfloat16,6656,160,2560,512,10,0,0,asm,12000+22001,2505.5668
gfx936,int8_w8a8_channel,torch.bfloat16,7168,160,2560,512,10,0,0,asm,12000+22001,2733.5381
gfx936,int8_w8a8_channel,torch.bfloat16,7680,160,2560,512,10,0,0,asm,12000+22001,2882.4309
gfx936,int8_w8a8_channel,torch.bfloat16,8192,160,2560,512,10,0,0,asm,12000+22001,2978.1295
gfx936,int8_w8a8_channel,torch.bfloat16,10240,160,2560,512,10,0,0,asm,13001+23001,3515.9209
gfx936,int8_w8a8_channel,torch.bfloat16,12288,160,2560,512,10,0,0,asm,13001+23001,3981.2455
gfx936,int8_w8a8_channel,torch.bfloat16,14336,160,2560,512,10,0,0,asm,13001+23001,4939.8648
gfx936,int8_w8a8_channel,torch.bfloat16,16384,160,2560,512,10,0,0,asm,13001+23001,5316.7489
gfx936,int8_w8a8_channel,torch.bfloat16,17408,160,2560,512,10,0,0,asm,13001+23001,5502.3114
gfx936,int8_w8a8_channel,torch.bfloat16,24576,160,2560,512,10,0,0,asm,13001+23001,7535.0366
gfx936,int8_w8a8_channel,torch.bfloat16,32768,160,2560,512,10,0,0,asm,13001+23001,10017.1576
gfx936,int8_w8a8_channel,torch.bfloat16,40960,160,2560,512,10,0,0,asm,13001+23001,12467.5128
gfx936,int8_w8a8_channel,torch.bfloat16,49152,160,2560,512,10,0,0,asm,13001+23001,14768.8266
gfx936,int8_w8a8_channel,torch.bfloat16,57344,160,2560,512,10,0,0,asm,13001+23001,17054.0018
gfx936,int8_w8a8_channel,torch.bfloat16,65536,160,2560,512,10,0,0,asm,13001+23000,19678.1584
gfx938,f8_w8a8_channel,torch.float16,1,192,4096,128,8,0,0,asm,10002+20000,45.2898
gfx938,f8_w8a8_channel,torch.float16,2,192,4096,128,8,0,0,asm,10009+20001,61.0035
gfx938,f8_w8a8_channel,torch.float16,3,192,4096,128,8,0,0,asm,10011+20000,81.8793
gfx938,f8_w8a8_channel,torch.float16,4,192,4096,128,8,0,0,asm,10011+20001,85.0708
gfx938,f8_w8a8_channel,torch.float16,5,192,4096,128,8,0,0,asm,10008+20001,97.6772
gfx938,f8_w8a8_channel,torch.float16,6,192,4096,128,8,0,0,asm,10002+20001,118.2751
gfx938,f8_w8a8_channel,torch.float16,7,192,4096,128,8,0,0,asm,10002+20001,121.9298
gfx938,f8_w8a8_channel,torch.float16,8,192,4096,128,8,0,0,asm,10008+20001,130.1235
gfx938,f8_w8a8_channel,torch.float16,9,192,4096,128,8,0,0,asm,10008+20001,137.9382
gfx938,f8_w8a8_channel,torch.float16,10,192,4096,128,8,0,0,asm,10002+20001,160.9024
gfx938,f8_w8a8_channel,torch.float16,11,192,4096,128,8,0,0,asm,10002+20001,161.6182
gfx938,f8_w8a8_channel,torch.float16,12,192,4096,128,8,0,0,asm,10002+20001,169.8624
gfx938,f8_w8a8_channel,torch.float16,13,192,4096,128,8,0,0,asm,10008+20001,174.9486
gfx938,f8_w8a8_channel,torch.float16,14,192,4096,128,8,0,0,asm,10002+20001,183.9843
gfx938,f8_w8a8_channel,torch.float16,15,192,4096,128,8,0,0,asm,10008+20001,180.4055
gfx938,f8_w8a8_channel,torch.float16,16,192,4096,128,8,0,0,asm,10011+20001,191.1339
gfx938,f8_w8a8_channel,torch.float16,17,192,4096,128,8,0,0,asm,10011+20001,193.6151
gfx938,f8_w8a8_channel,torch.float16,18,192,4096,128,8,0,0,asm,10011+20001,199.3497
gfx938,f8_w8a8_channel,torch.float16,20,192,4096,128,8,0,0,asm,10008+20001,209.5981
gfx938,f8_w8a8_channel,torch.float16,24,192,4096,128,8,0,0,asm,10008+20001,212.8908
gfx938,f8_w8a8_channel,torch.float16,28,192,4096,128,8,0,0,asm,10002+20001,235.7402
gfx938,f8_w8a8_channel,torch.float16,32,192,4096,128,8,0,0,asm,10002+20001,238.6454
gfx938,f8_w8a8_channel,torch.float16,34,192,4096,128,8,0,0,asm,10002+20001,239.7791
gfx938,f8_w8a8_channel,torch.float16,36,192,4096,128,8,0,0,asm,10002+20001,238.9202
gfx938,f8_w8a8_channel,torch.float16,40,192,4096,128,8,0,0,asm,10011+20001,246.676
gfx938,f8_w8a8_channel,torch.float16,44,192,4096,128,8,0,0,asm,10011+20001,251.0032
gfx938,f8_w8a8_channel,torch.float16,48,192,4096,128,8,0,0,asm,10008+20001,252.64369999999997
gfx938,f8_w8a8_channel,torch.float16,56,192,4096,128,8,0,0,asm,10011+20001,254.27159999999998
gfx938,f8_w8a8_channel,torch.float16,64,192,4096,128,8,0,0,asm,10011+20001,269.037
gfx938,f8_w8a8_channel,torch.float16,68,192,4096,128,8,0,0,asm,10011+20001,256.5958
gfx938,f8_w8a8_channel,torch.float16,72,192,4096,128,8,0,0,asm,10011+20001,257.3538
gfx938,f8_w8a8_channel,torch.float16,80,192,4096,128,8,0,0,asm,10011+20001,257.7245
gfx938,f8_w8a8_channel,torch.float16,88,192,4096,128,8,0,0,asm,10011+20001,262.1371
gfx938,f8_w8a8_channel,torch.float16,96,192,4096,128,8,0,0,asm,10011+20001,263.6948
gfx938,f8_w8a8_channel,torch.float16,104,192,4096,128,8,0,0,asm,10011+20001,265.5643
gfx938,f8_w8a8_channel,torch.float16,112,192,4096,128,8,0,0,asm,10011+20001,267.2655
gfx938,f8_w8a8_channel,torch.float16,128,192,4096,128,8,0,0,asm,10011+20001,271.3496
gfx938,f8_w8a8_channel,torch.float16,144,192,4096,128,8,0,0,asm,10002+20001,284.7223
gfx938,f8_w8a8_channel,torch.float16,160,192,4096,128,8,0,0,asm,10002+20001,291.8044
gfx938,f8_w8a8_channel,torch.float16,192,192,4096,128,8,0,0,asm,11004+21001,296.798
gfx938,f8_w8a8_channel,torch.float16,224,192,4096,128,8,0,0,asm,11004+21001,300.0233
gfx938,f8_w8a8_channel,torch.float16,256,192,4096,128,8,0,0,asm,11004+21001,305.5138
gfx938,f8_w8a8_channel,torch.float16,320,192,4096,128,8,0,0,asm,11004+21001,332.1243
gfx938,f8_w8a8_channel,torch.float16,384,192,4096,128,8,0,0,asm,11004+21001,340.5959
gfx938,f8_w8a8_channel,torch.float16,448,192,4096,128,8,0,0,asm,11004+21001,370.8948
gfx938,f8_w8a8_channel,torch.float16,512,192,4096,128,8,0,0,asm,12000+22001,414.0443
gfx938,f8_w8a8_channel,torch.float16,576,192,4096,128,8,0,0,asm,12002+22001,427.9979
gfx938,f8_w8a8_channel,torch.float16,640,192,4096,128,8,0,0,asm,12000+22001,429.6232
gfx938,f8_w8a8_channel,torch.float16,704,192,4096,128,8,0,0,asm,12002+22001,447.9811
gfx938,f8_w8a8_channel,torch.float16,768,192,4096,128,8,0,0,asm,12000+22001,451.7368
gfx938,f8_w8a8_channel,torch.float16,832,192,4096,128,8,0,0,asm,12000+22001,464.0399
gfx938,f8_w8a8_channel,torch.float16,896,192,4096,128,8,0,0,asm,12000+22001,499.1726
gfx938,f8_w8a8_channel,torch.float16,960,192,4096,128,8,0,0,asm,12000+22001,558.1788
gfx938,f8_w8a8_channel,torch.float16,1024,192,4096,128,8,0,0,asm,12000+22001,598.4819
gfx938,f8_w8a8_channel,torch.float16,1152,192,4096,128,8,0,0,asm,13001+23001,681.1935
gfx938,f8_w8a8_channel,torch.float16,1280,192,4096,128,8,0,0,asm,13001+23001,699.7533
gfx938,f8_w8a8_channel,torch.float16,1408,192,4096,128,8,0,0,asm,13001+23001,713.3871
gfx938,f8_w8a8_channel,torch.float16,1536,192,4096,128,8,0,0,asm,13001+23001,729.7154
gfx938,f8_w8a8_channel,torch.float16,1664,192,4096,128,8,0,0,asm,13000+23001,791.9385
gfx938,f8_w8a8_channel,torch.float16,1792,192,4096,128,8,0,0,asm,13001+23001,829.9258
gfx938,f8_w8a8_channel,torch.float16,1920,192,4096,128,8,0,0,asm,13001+23001,883.2057
gfx938,f8_w8a8_channel,torch.float16,2048,192,4096,128,8,0,0,asm,13001+23001,1009.0582000000002
gfx938,f8_w8a8_channel,torch.float16,2304,192,4096,128,8,0,0,asm,12000+22001,1171.8539
gfx938,f8_w8a8_channel,torch.float16,2560,192,4096,128,8,0,0,asm,12000+22001,1219.0202
gfx938,f8_w8a8_channel,torch.float16,2816,192,4096,128,8,0,0,asm,12000+22001,1282.7761
gfx938,f8_w8a8_channel,torch.float16,3072,192,4096,128,8,0,0,asm,13001+23001,1378.5568
gfx938,f8_w8a8_channel,torch.float16,3328,192,4096,128,8,0,0,asm,13001+23001,1414.9105
gfx938,f8_w8a8_channel,torch.float16,3584,192,4096,128,8,0,0,asm,13001+23001,1495.9293
gfx938,f8_w8a8_channel,torch.float16,3840,192,4096,128,8,0,0,asm,13001+23001,1557.3444
gfx938,f8_w8a8_channel,torch.float16,4096,192,4096,128,8,0,0,asm,13001+23000,1747.1636
gfx938,f8_w8a8_channel,torch.float16,4608,192,4096,128,8,0,0,asm,13001+23001,2030.7863999999997
gfx938,f8_w8a8_channel,torch.float16,5120,192,4096,128,8,0,0,asm,13001+23001,2099.2555
gfx938,f8_w8a8_channel,torch.float16,5632,192,4096,128,8,0,0,asm,13001+23001,2212.139
gfx938,f8_w8a8_channel,torch.float16,6144,192,4096,128,8,0,0,asm,13001+23001,2503.4229
gfx938,f8_w8a8_channel,torch.float16,6656,192,4096,128,8,0,0,asm,13001+23001,2739.3917
gfx938,f8_w8a8_channel,torch.float16,7168,192,4096,128,8,0,0,asm,13001+23001,2843.9889
gfx938,f8_w8a8_channel,torch.float16,7680,192,4096,128,8,0,0,asm,13001+23001,2940.7122
gfx938,f8_w8a8_channel,torch.float16,8192,192,4096,128,8,0,0,asm,13001+23001,3168.1552
gfx938,f8_w8a8_channel,torch.float16,10240,192,4096,128,8,0,0,asm,13001+23001,3916.1536
gfx938,f8_w8a8_channel,torch.float16,12288,192,4096,128,8,0,0,asm,13001+23001,4632.0171
gfx938,f8_w8a8_channel,torch.float16,14336,192,4096,128,8,0,0,asm,13001+23001,5351.6647
gfx938,f8_w8a8_channel,torch.float16,16384,192,4096,128,8,0,0,asm,13001+23001,6080.7512
gfx938,f8_w8a8_channel,torch.float16,17408,192,4096,128,8,0,0,asm,13001+23001,6461.5579
gfx938,f8_w8a8_channel,torch.float16,24576,192,4096,128,8,0,0,asm,13001+23001,8933.7649
gfx938,f8_w8a8_channel,torch.float16,32768,192,4096,128,8,0,0,asm,13001+23001,11807.8057
gfx938,f8_w8a8_channel,torch.float16,1,288,5120,384,6,0,0,asm,10002+20001,61.8456
gfx938,f8_w8a8_channel,torch.float16,2,288,5120,384,6,0,0,asm,10008+20000,79.9087
gfx938,f8_w8a8_channel,torch.float16,3,288,5120,384,6,0,0,asm,10011+20001,102.4856
gfx938,f8_w8a8_channel,torch.float16,4,288,5120,384,6,0,0,asm,10011+20000,113.5424
gfx938,f8_w8a8_channel,torch.float16,8,288,5120,384,6,0,0,asm,10011+20000,179.8665
gfx938,f8_w8a8_channel,torch.float16,12,288,5120,384,6,0,0,asm,10002+20000,246.6119
gfx938,f8_w8a8_channel,torch.float16,16,288,5120,384,6,0,0,asm,10002+20000,310.5695
gfx938,f8_w8a8_channel,torch.float16,24,288,5120,384,6,0,0,asm,10002+20000,416.6466
gfx938,f8_w8a8_channel,torch.float16,32,288,5120,384,6,0,0,asm,10011+20000,503.7288
gfx938,f8_w8a8_channel,torch.float16,64,288,5120,384,6,0,0,asm,10011+20001,731.4169
gfx938,f8_w8a8_channel,torch.float16,128,288,5120,384,6,0,0,asm,10002+20001,955.3384
gfx938,f8_w8a8_channel,torch.float16,256,288,5120,384,6,0,0,asm,10002+20001,1098.785
gfx938,f8_w8a8_channel,torch.float16,512,288,5120,384,6,0,0,asm,10002+20001,1178.3791
gfx938,f8_w8a8_channel,torch.float16,1024,288,5120,384,6,0,0,asm,11005+21000,1330.724
gfx938,f8_w8a8_channel,torch.float16,2048,288,5120,384,6,0,0,asm,12001+22001,1678.6985
gfx938,f8_w8a8_channel,torch.float16,4096,288,5120,384,6,0,0,asm,12001+22001,2541.3944
gfx938,f8_w8a8_channel,torch.float16,6144,288,5120,384,6,0,0,asm,13001+23001,2934.4821
gfx938,f8_w8a8_channel,torch.float16,8192,288,5120,384,6,0,0,asm,13001+23001,4160.9731
gfx938,f8_w8a8_channel,torch.float16,16384,288,5120,384,6,0,0,asm,13001+23001,7162.4103
gfx938,f8_w8a8_channel,torch.float16,32768,288,5120,384,6,0,0,asm,13001+23001,13349.798
gfx938,f8_w8a8_channel,torch.float16,65536,288,5120,384,6,0,0,asm,13001+23001,25667.6897


